item_id,item_id_hex,name,name_category,name_slot,name_group,slot,row_index,graph_role,selected_row_id,selected_row_id_hex,selected_slot,cross_slot_alternate,rarity,level,plus,stage,flags,flags_hex,stage_cap,effective_plus,mode,mode_name,weight_coefficient,requirement_coefficient,selected_base_weight_raw,weight_delta_raw,weight_raw,weight,requirement_base_source_id,requirement_base_byte,requirement_delta_nonzero,selected_base_toughness,toughness,cold_lookup_key,cold_table_index,cold_candidate,verification,verification_method,requirement_body,requirement_heart,requirement_stamina,requirement_strength,requirement_skill,requirement_index5,requirement_index6,live_matched_fields,unverified_branches
217,0x00D9,邪马台国轻铠　腿甲,防具,足部,忍者防具,feet,688,alternate_source,49723,0xC23B,feet,False,4,180,20,3,0,0x00000000,30,20,0/0,unmodified,9,15,18,0,18,1.8,217,low,0,28,28,16,,,computed-only,computed-only,0,0,13,0,18,0,0,,
217,0x00D9,邪马台国轻铠　腿甲,防具,足部,忍者防具,feet,688,alternate_source,49723,0xC23B,feet,False,4,180,20,3,0,0x00000000,30,20,1/0,strengthened,9,15,18,0,18,1.8,217,low,7,28,28,16,,,computed-only,computed-only,0,0,20,0,25,0,0,,
217,0x00D9,邪马台国轻铠　腿甲,防具,足部,忍者防具,feet,688,alternate_source,49723,0xC23B,feet,False,4,180,20,3,0,0x00000000,30,20,2/0,thickened,9,15,18,4,22,2.2,217,low,0,28,28,16,,,computed-only,computed-only,0,0,13,0,18,0,0,,
217,0x00D9,邪马台国轻铠　腿甲,防具,足部,忍者防具,feet,688,alternate_source,49723,0xC23B,feet,False,4,180,20,3,0,0x00000000,30,20,1/1,extreme_strengthened,9,15,18,0,18,1.8,217,low,15,28,28,16,,,computed-only,computed-only,0,0,28,0,33,0,0,,
217,0x00D9,邪马台国轻铠　腿甲,防具,足部,忍者防具,feet,688,alternate_source,49723,0xC23B,feet,False,4,180,20,3,0,0x00000000,30,20,2/2,extreme_thickened,9,15,18,9,27,2.7,217,low,0,28,28,16,,,computed-only,computed-only,0,0,13,0,18,0,0,,
217,0x00D9,邪马台国轻铠　腿甲,防具,足部,忍者防具,feet,688,alternate_source,49723,0xC23B,feet,False,4,180,20,3,0,0x00000000,30,20,1/2,strengthened_plus_thickened,9,15,18,4,22,2.2,217,low,7,28,28,16,,,computed-only,computed-only,0,0,20,0,25,0,0,,
309,0x0135,无缘人之铠　胸甲,防具,身体,忍者防具,chest,1050,alternate_source,5102,0x13EE,chest,False,4,180,20,3,0,0x00000000,30,20,0/0,unmodified,9,15,32,0,32,3.2,309,low,0,56,56,16,,,computed-only,computed-only,5,0,0,5,0,0,0,,
309,0x0135,无缘人之铠　胸甲,防具,身体,忍者防具,chest,1050,alternate_source,5102,0x13EE,chest,False,4,180,20,3,0,0x00000000,30,20,1/0,strengthened,9,15,32,0,32,3.2,309,low,7,56,56,16,,,computed-only,computed-only,12,0,0,12,0,0,0,,
309,0x0135,无缘人之铠　胸甲,防具,身体,忍者防具,chest,1050,alternate_source,5102,0x13EE,chest,False,4,180,20,3,0,0x00000000,30,20,2/0,thickened,9,15,32,4,36,3.6,309,low,0,56,56,16,,,computed-only,computed-only,5,0,0,5,0,0,0,,
309,0x0135,无缘人之铠　胸甲,防具,身体,忍者防具,chest,1050,alternate_source,5102,0x13EE,chest,False,4,180,20,3,0,0x00000000,30,20,1/1,extreme_strengthened,9,15,32,0,32,3.2,309,low,15,56,56,16,,,computed-only,computed-only,20,0,0,20,0,0,0,,
309,0x0135,无缘人之铠　胸甲,防具,身体,忍者防具,chest,1050,alternate_source,5102,0x13EE,chest,False,4,180,20,3,0,0x00000000,30,20,2/2,extreme_thickened,9,15,32,9,41,4.1,309,low,0,56,56,16,,,computed-only,computed-only,5,0,0,5,0,0,0,,
309,0x0135,无缘人之铠　胸甲,防具,身体,忍者防具,chest,1050,alternate_source,5102,0x13EE,chest,False,4,180,20,3,0,0x00000000,30,20,1/2,strengthened_plus_thickened,9,15,32,4,36,3.6,309,low,7,56,56,16,,,computed-only,computed-only,12,0,0,12,0,0,0,,
342,0x0156,邪马台国之铠　头盔,防具,头部,武士防具,head,691,alternate_source,26615,0x67F7,head,False,4,180,20,3,0,0x00000000,30,20,0/0,unmodified,9,15,51,0,51,5.1,342,low,0,50,50,17,,,computed-only,computed-only,0,0,12,10,0,0,0,,
342,0x0156,邪马台国之铠　头盔,防具,头部,武士防具,head,691,alternate_source,26615,0x67F7,head,False,4,180,20,3,0,0x00000000,30,20,1/0,strengthened,9,15,51,0,51,5.1,342,low,7,50,50,17,,,computed-only,computed-only,0,0,19,17,0,0,0,,
342,0x0156,邪马台国之铠　头盔,防具,头部,武士防具,head,691,alternate_source,26615,0x67F7,head,False,4,180,20,3,0,0x00000000,30,20,2/0,thickened,9,15,51,4,55,5.5,342,low,0,50,50,17,,,computed-only,computed-only,0,0,12,10,0,0,0,,
342,0x0156,邪马台国之铠　头盔,防具,头部,武士防具,head,691,alternate_source,26615,0x67F7,head,False,4,180,20,3,0,0x00000000,30,20,1/1,extreme_strengthened,9,15,51,0,51,5.1,342,low,15,50,50,17,,,computed-only,computed-only,0,0,27,25,0,0,0,,
342,0x0156,邪马台国之铠　头盔,防具,头部,武士防具,head,691,alternate_source,26615,0x67F7,head,False,4,180,20,3,0,0x00000000,30,20,2/2,extreme_thickened,9,15,51,9,60,6.0,342,low,0,50,50,17,,,computed-only,computed-only,0,0,12,10,0,0,0,,
342,0x0156,邪马台国之铠　头盔,防具,头部,武士防具,head,691,alternate_source,26615,0x67F7,head,False,4,180,20,3,0,0x00000000,30,20,1/2,strengthened_plus_thickened,9,15,51,4,55,5.5,342,low,7,50,50,17,,,computed-only,computed-only,0,0,19,17,0,0,0,,
364,0x016C,一玄居士之衣　足履,防具,足部,武士防具,feet,1236,alternate_source,26227,0x6673,feet,False,4,180,20,3,0,0x00000000,30,20,0/0,unmodified,9,15,34,0,34,3.4,364,low,0,31,31,16,,,computed-only,computed-only,22,0,0,0,23,0,0,,
364,0x016C,一玄居士之衣　足履,防具,足部,武士防具,feet,1236,alternate_source,26227,0x6673,feet,False,4,180,20,3,0,0x00000000,30,20,1/0,strengthened,9,15,34,0,34,3.4,364,low,7,31,31,16,,,computed-only,computed-only,29,0,0,0,30,0,0,,
364,0x016C,一玄居士之衣　足履,防具,足部,武士防具,feet,1236,alternate_source,26227,0x6673,feet,False,4,180,20,3,0,0x00000000,30,20,2/0,thickened,9,15,34,4,38,3.8,364,low,0,31,31,16,,,computed-only,computed-only,22,0,0,0,23,0,0,,
364,0x016C,一玄居士之衣　足履,防具,足部,武士防具,feet,1236,alternate_source,26227,0x6673,feet,False,4,180,20,3,0,0x00000000,30,20,1/1,extreme_strengthened,9,15,34,0,34,3.4,364,low,15,31,31,16,,,computed-only,computed-only,37,0,0,0,38,0,0,,
364,0x016C,一玄居士之衣　足履,防具,足部,武士防具,feet,1236,alternate_source,26227,0x6673,feet,False,4,180,20,3,0,0x00000000,30,20,2/2,extreme_thickened,9,15,34,9,43,4.3,364,low,0,31,31,16,,,computed-only,computed-only,22,0,0,0,23,0,0,,
364,0x016C,一玄居士之衣　足履,防具,足部,武士防具,feet,1236,alternate_source,26227,0x6673,feet,False,4,180,20,3,0,0x00000000,30,20,1/2,strengthened_plus_thickened,9,15,34,4,38,3.8,364,low,7,31,31,16,,,computed-only,computed-only,29,0,0,0,30,0,0,,
478,0x01DE,,防具或饰品,,装备,legs,1215,alternate_source,6486,0x1956,arms,True,4,180,20,3,0,0x00000000,30,20,0/0,unmodified,9,15,33,0,33,3.3,478,low,0,31,31,16,,,computed-only,computed-only,21,0,0,21,0,0,0,,
478,0x01DE,,防具或饰品,,装备,legs,1215,alternate_source,6486,0x1956,arms,True,4,180,20,3,0,0x00000000,30,20,1/0,strengthened,9,15,33,0,33,3.3,478,low,7,31,31,16,,,computed-only,computed-only,28,0,0,28,0,0,0,,
478,0x01DE,,防具或饰品,,装备,legs,1215,alternate_source,6486,0x1956,arms,True,4,180,20,3,0,0x00000000,30,20,2/0,thickened,9,15,33,4,37,3.7,478,low,0,31,31,16,,,computed-only,computed-only,21,0,0,21,0,0,0,,
478,0x01DE,,防具或饰品,,装备,legs,1215,alternate_source,6486,0x1956,arms,True,4,180,20,3,0,0x00000000,30,20,1/1,extreme_strengthened,9,15,33,0,33,3.3,478,low,15,31,31,16,,,computed-only,computed-only,36,0,0,36,0,0,0,,
478,0x01DE,,防具或饰品,,装备,legs,1215,alternate_source,6486,0x1956,arms,True,4,180,20,3,0,0x00000000,30,20,2/2,extreme_thickened,9,15,33,9,42,4.2,478,low,0,31,31,16,,,computed-only,computed-only,21,0,0,21,0,0,0,,
478,0x01DE,,防具或饰品,,装备,legs,1215,alternate_source,6486,0x1956,arms,True,4,180,20,3,0,0x00000000,30,20,1/2,strengthened_plus_thickened,9,15,33,4,37,3.7,478,low,7,31,31,16,,,computed-only,computed-only,28,0,0,28,0,0,0,,
646,0x0286,旗本之衣　肩衣,防具,身体,武士防具,chest,682,alternate_source,24343,0x5F17,chest,False,4,180,20,3,0,0x00000000,30,20,0/0,unmodified,9,15,32,0,32,3.2,646,low,0,38,38,15,,,computed-only,computed-only,14,0,0,0,15,0,0,,
646,0x0286,旗本之衣　肩衣,防具,身体,武士防具,chest,682,alternate_source,24343,0x5F17,chest,False,4,180,20,3,0,0x00000000,30,20,1/0,strengthened,9,15,32,0,32,3.2,646,low,7,38,38,15,,,computed-only,computed-only,21,0,0,0,22,0,0,,
646,0x0286,旗本之衣　肩衣,防具,身体,武士防具,chest,682,alternate_source,24343,0x5F17,chest,False,4,180,20,3,0,0x00000000,30,20,2/0,thickened,9,15,32,4,36,3.6,646,low,0,38,38,15,,,computed-only,computed-only,14,0,0,0,15,0,0,,
646,0x0286,旗本之衣　肩衣,防具,身体,武士防具,chest,682,alternate_source,24343,0x5F17,chest,False,4,180,20,3,0,0x00000000,30,20,1/1,extreme_strengthened,9,15,32,0,32,3.2,646,low,15,38,38,15,,,computed-only,computed-only,29,0,0,0,30,0,0,,
646,0x0286,旗本之衣　肩衣,防具,身体,武士防具,chest,682,alternate_source,24343,0x5F17,chest,False,4,180,20,3,0,0x00000000,30,20,2/2,extreme_thickened,9,15,32,9,41,4.1,646,low,0,38,38,15,,,computed-only,computed-only,14,0,0,0,15,0,0,,
646,0x0286,旗本之衣　肩衣,防具,身体,武士防具,chest,682,alternate_source,24343,0x5F17,chest,False,4,180,20,3,0,0x00000000,30,20,1/2,strengthened_plus_thickened,9,15,32,4,36,3.6,646,low,7,38,38,15,,,computed-only,computed-only,21,0,0,0,22,0,0,,
886,0x0376,盾无　膝甲,防具,腿部,武士防具,legs,1177,alternate_source,48666,0xBE1A,legs,False,4,180,20,3,0,0x00000000,30,20,0/0,unmodified,9,15,78,0,78,7.8,886,low,0,75,75,17,,,computed-only,computed-only,0,0,12,13,0,0,0,,
886,0x0376,盾无　膝甲,防具,腿部,武士防具,legs,1177,alternate_source,48666,0xBE1A,legs,False,4,180,20,3,0,0x00000000,30,20,1/0,strengthened,9,15,78,0,78,7.8,886,low,7,75,75,17,,,computed-only,computed-only,0,0,19,20,0,0,0,,
886,0x0376,盾无　膝甲,防具,腿部,武士防具,legs,1177,alternate_source,48666,0xBE1A,legs,False,4,180,20,3,0,0x00000000,30,20,2/0,thickened,9,15,78,4,82,8.2,886,low,0,75,75,17,,,computed-only,computed-only,0,0,12,13,0,0,0,,
886,0x0376,盾无　膝甲,防具,腿部,武士防具,legs,1177,alternate_source,48666,0xBE1A,legs,False,4,180,20,3,0,0x00000000,30,20,1/1,extreme_strengthened,9,15,78,0,78,7.8,886,low,15,75,75,17,,,computed-only,computed-only,0,0,27,28,0,0,0,,
886,0x0376,盾无　膝甲,防具,腿部,武士防具,legs,1177,alternate_source,48666,0xBE1A,legs,False,4,180,20,3,0,0x00000000,30,20,2/2,extreme_thickened,9,15,78,9,87,8.7,886,low,0,75,75,17,,,computed-only,computed-only,0,0,12,13,0,0,0,,
886,0x0376,盾无　膝甲,防具,腿部,武士防具,legs,1177,alternate_source,48666,0xBE1A,legs,False,4,180,20,3,0,0x00000000,30,20,1/2,strengthened_plus_thickened,9,15,78,4,82,8.2,886,low,7,75,75,17,,,computed-only,computed-only,0,0,19,20,0,0,0,,
1028,0x0404,善擦帽子,防具,头部,忍者防具,head,1382,alternate_source,37269,0x9195,head,False,4,180,20,3,0,0x00000000,30,20,0/0,unmodified,9,15,16,0,16,1.6,1028,low,0,28,28,16,,,computed-only,computed-only,0,0,5,0,5,0,0,,
1028,0x0404,善擦帽子,防具,头部,忍者防具,head,1382,alternate_source,37269,0x9195,head,False,4,180,20,3,0,0x00000000,30,20,1/0,strengthened,9,15,16,0,16,1.6,1028,low,7,28,28,16,,,computed-only,computed-only,0,0,12,0,12,0,0,,
1028,0x0404,善擦帽子,防具,头部,忍者防具,head,1382,alternate_source,37269,0x9195,head,False,4,180,20,3,0,0x00000000,30,20,2/0,thickened,9,15,16,4,20,2.0,1028,low,0,28,28,16,,,computed-only,computed-only,0,0,5,0,5,0,0,,
1028,0x0404,善擦帽子,防具,头部,忍者防具,head,1382,alternate_source,37269,0x9195,head,False,4,180,20,3,0,0x00000000,30,20,1/1,extreme_strengthened,9,15,16,0,16,1.6,1028,low,15,28,28,16,,,computed-only,computed-only,0,0,20,0,20,0,0,,
1028,0x0404,善擦帽子,防具,头部,忍者防具,head,1382,alternate_source,37269,0x9195,head,False,4,180,20,3,0,0x00000000,30,20,2/2,extreme_thickened,9,15,16,9,25,2.5,1028,low,0,28,28,16,,,computed-only,computed-only,0,0,5,0,5,0,0,,
1028,0x0404,善擦帽子,防具,头部,忍者防具,head,1382,alternate_source,37269,0x9195,head,False,4,180,20,3,0,0x00000000,30,20,1/2,strengthened_plus_thickened,9,15,16,4,20,2.0,1028,low,7,28,28,16,,,computed-only,computed-only,0,0,12,0,12,0,0,,
1048,0x0418,又右卫门之衣　胸甲,防具,身体,武士防具,chest,1268,alternate_source,24343,0x5F17,chest,False,4,180,20,3,0,0x00000000,30,20,0/0,unmodified,9,15,32,0,32,3.2,1048,low,0,38,38,15,,,computed-only,computed-only,22,0,0,22,0,0,0,,
1048,0x0418,又右卫门之衣　胸甲,防具,身体,武士防具,chest,1268,alternate_source,24343,0x5F17,chest,False,4,180,20,3,0,0x00000000,30,20,1/0,strengthened,9,15,32,0,32,3.2,1048,low,7,38,38,15,,,computed-only,computed-only,29,0,0,29,0,0,0,,
1048,0x0418,又右卫门之衣　胸甲,防具,身体,武士防具,chest,1268,alternate_source,24343,0x5F17,chest,False,4,180,20,3,0,0x00000000,30,20,2/0,thickened,9,15,32,4,36,3.6,1048,low,0,38,38,15,,,computed-only,computed-only,22,0,0,22,0,0,0,,
1048,0x0418,又右卫门之衣　胸甲,防具,身体,武士防具,chest,1268,alternate_source,24343,0x5F17,chest,False,4,180,20,3,0,0x00000000,30,20,1/1,extreme_strengthened,9,15,32,0,32,3.2,1048,low,15,38,38,15,,,computed-only,computed-only,37,0,0,37,0,0,0,,
1048,0x0418,又右卫门之衣　胸甲,防具,身体,武士防具,chest,1268,alternate_source,24343,0x5F17,chest,False,4,180,20,3,0,0x00000000,30,20,2/2,extreme_thickened,9,15,32,9,41,4.1,1048,low,0,38,38,15,,,computed-only,computed-only,22,0,0,22,0,0,0,,
1048,0x0418,又右卫门之衣　胸甲,防具,身体,武士防具,chest,1268,alternate_source,24343,0x5F17,chest,False,4,180,20,3,0,0x00000000,30,20,1/2,strengthened_plus_thickened,9,15,32,4,36,3.6,1048,low,7,38,38,15,,,computed-only,computed-only,29,0,0,29,0,0,0,,
1078,0x0436,冰狱武者之铠　胸甲,防具,身体,武士防具,chest,836,alternate_source,41288,0xA148,chest,False,4,180,20,3,0,0x00000000,30,20,0/0,unmodified,9,15,68,0,68,6.8,1078,low,0,62,62,16,,,computed-only,computed-only,0,0,5,0,5,0,0,,
1078,0x0436,冰狱武者之铠　胸甲,防具,身体,武士防具,chest,836,alternate_source,41288,0xA148,chest,False,4,180,20,3,0,0x00000000,30,20,1/0,strengthened,9,15,68,0,68,6.8,1078,low,7,62,62,16,,,computed-only,computed-only,0,0,12,0,12,0,0,,
1078,0x0436,冰狱武者之铠　胸甲,防具,身体,武士防具,chest,836,alternate_source,41288,0xA148,chest,False,4,180,20,3,0,0x00000000,30,20,2/0,thickened,9,15,68,4,72,7.2,1078,low,0,62,62,16,,,computed-only,computed-only,0,0,5,0,5,0,0,,
1078,0x0436,冰狱武者之铠　胸甲,防具,身体,武士防具,chest,836,alternate_source,41288,0xA148,chest,False,4,180,20,3,0,0x00000000,30,20,1/1,extreme_strengthened,9,15,68,0,68,6.8,1078,low,15,62,62,16,,,computed-only,computed-only,0,0,20,0,20,0,0,,
1078,0x0436,冰狱武者之铠　胸甲,防具,身体,武士防具,chest,836,alternate_source,41288,0xA148,chest,False,4,180,20,3,0,0x00000000,30,20,2/2,extreme_thickened,9,15,68,9,77,7.7,1078,low,0,62,62,16,,,computed-only,computed-only,0,0,5,0,5,0,0,,
1078,0x0436,冰狱武者之铠　胸甲,防具,身体,武士防具,chest,836,alternate_source,41288,0xA148,chest,False,4,180,20,3,0,0x00000000,30,20,1/2,strengthened_plus_thickened,9,15,68,4,72,7.2,1078,low,7,62,62,16,,,computed-only,computed-only,0,0,12,0,12,0,0,,
1139,0x0473,冰狱忍者装束　膝甲,防具,腿部,忍者防具,legs,843,alternate_source,19992,0x4E18,legs,False,4,180,20,3,0,0x00000000,30,20,0/0,unmodified,9,15,24,0,24,2.4,1139,low,0,42,42,16,,,computed-only,computed-only,5,0,0,5,0,0,0,,
1139,0x0473,冰狱忍者装束　膝甲,防具,腿部,忍者防具,legs,843,alternate_source,19992,0x4E18,legs,False,4,180,20,3,0,0x00000000,30,20,1/0,strengthened,9,15,24,0,24,2.4,1139,low,7,42,42,16,,,computed-only,computed-only,12,0,0,12,0,0,0,,
1139,0x0473,冰狱忍者装束　膝甲,防具,腿部,忍者防具,legs,843,alternate_source,19992,0x4E18,legs,False,4,180,20,3,0,0x00000000,30,20,2/0,thickened,9,15,24,4,28,2.8,1139,low,0,42,42,16,,,computed-only,computed-only,5,0,0,5,0,0,0,,
1139,0x0473,冰狱忍者装束　膝甲,防具,腿部,忍者防具,legs,843,alternate_source,19992,0x4E18,legs,False,4,180,20,3,0,0x00000000,30,20,1/1,extreme_strengthened,9,15,24,0,24,2.4,1139,low,15,42,42,16,,,computed-only,computed-only,20,0,0,20,0,0,0,,
1139,0x0473,冰狱忍者装束　膝甲,防具,腿部,忍者防具,legs,843,alternate_source,19992,0x4E18,legs,False,4,180,20,3,0,0x00000000,30,20,2/2,extreme_thickened,9,15,24,9,33,3.3,1139,low,0,42,42,16,,,computed-only,computed-only,5,0,0,5,0,0,0,,
1139,0x0473,冰狱忍者装束　膝甲,防具,腿部,忍者防具,legs,843,alternate_source,19992,0x4E18,legs,False,4,180,20,3,0,0x00000000,30,20,1/2,strengthened_plus_thickened,9,15,24,4,28,2.8,1139,low,7,42,42,16,,,computed-only,computed-only,12,0,0,12,0,0,0,,
1191,0x04A7,讨鬼勇猛之铠　膝甲,防具,腿部,武士防具,legs,1067,alternate_source,16049,0x3EB1,legs,False,4,180,20,3,0,0x00000000,30,20,0/0,unmodified,9,15,56,0,56,5.6,1191,low,0,47,47,16,,,computed-only,computed-only,8,0,0,11,0,0,0,,
1191,0x04A7,讨鬼勇猛之铠　膝甲,防具,腿部,武士防具,legs,1067,alternate_source,16049,0x3EB1,legs,False,4,180,20,3,0,0x00000000,30,20,1/0,strengthened,9,15,56,0,56,5.6,1191,low,7,47,47,16,,,computed-only,computed-only,15,0,0,18,0,0,0,,
1191,0x04A7,讨鬼勇猛之铠　膝甲,防具,腿部,武士防具,legs,1067,alternate_source,16049,0x3EB1,legs,False,4,180,20,3,0,0x00000000,30,20,2/0,thickened,9,15,56,4,60,6.0,1191,low,0,47,47,16,,,computed-only,computed-only,8,0,0,11,0,0,0,,
1191,0x04A7,讨鬼勇猛之铠　膝甲,防具,腿部,武士防具,legs,1067,alternate_source,16049,0x3EB1,legs,False,4,180,20,3,0,0x00000000,30,20,1/1,extreme_strengthened,9,15,56,0,56,5.6,1191,low,15,47,47,16,,,computed-only,computed-only,23,0,0,26,0,0,0,,
1191,0x04A7,讨鬼勇猛之铠　膝甲,防具,腿部,武士防具,legs,1067,alternate_source,16049,0x3EB1,legs,False,4,180,20,3,0,0x00000000,30,20,2/2,extreme_thickened,9,15,56,9,65,6.5,1191,low,0,47,47,16,,,computed-only,computed-only,8,0,0,11,0,0,0,,
1191,0x04A7,讨鬼勇猛之铠　膝甲,防具,腿部,武士防具,legs,1067,alternate_source,16049,0x3EB1,legs,False,4,180,20,3,0,0x00000000,30,20,1/2,strengthened_plus_thickened,9,15,56,4,60,6.0,1191,low,7,47,47,16,,,computed-only,computed-only,15,0,0,18,0,0,0,,
1296,0x0510,传家大铠　膝甲,防具,腿部,武士防具,legs,1162,alternate_source,8995,0x2323,legs,False,4,180,20,3,0,0x00000000,30,20,0/0,unmodified,9,15,68,0,68,6.8,1296,low,0,75,75,17,,,computed-only,computed-only,0,0,5,5,0,0,0,,
1296,0x0510,传家大铠　膝甲,防具,腿部,武士防具,legs,1162,alternate_source,8995,0x2323,legs,False,4,180,20,3,0,0x00000000,30,20,1/0,strengthened,9,15,68,0,68,6.8,1296,low,7,75,75,17,,,computed-only,computed-only,0,0,12,12,0,0,0,,
1296,0x0510,传家大铠　膝甲,防具,腿部,武士防具,legs,1162,alternate_source,8995,0x2323,legs,False,4,180,20,3,0,0x00000000,30,20,2/0,thickened,9,15,68,4,72,7.2,1296,low,0,75,75,17,,,computed-only,computed-only,0,0,5,5,0,0,0,,
1296,0x0510,传家大铠　膝甲,防具,腿部,武士防具,legs,1162,alternate_source,8995,0x2323,legs,False,4,180,20,3,0,0x00000000,30,20,1/1,extreme_strengthened,9,15,68,0,68,6.8,1296,low,15,75,75,17,,,computed-only,computed-only,0,0,20,20,0,0,0,,
1296,0x0510,传家大铠　膝甲,防具,腿部,武士防具,legs,1162,alternate_source,8995,0x2323,legs,False,4,180,20,3,0,0x00000000,30,20,2/2,extreme_thickened,9,15,68,9,77,7.7,1296,low,0,75,75,17,,,computed-only,computed-only,0,0,5,5,0,0,0,,
1296,0x0510,传家大铠　膝甲,防具,腿部,武士防具,legs,1162,alternate_source,8995,0x2323,legs,False,4,180,20,3,0,0x00000000,30,20,1/2,strengthened_plus_thickened,9,15,68,4,72,7.2,1296,low,7,75,75,17,,,computed-only,computed-only,0,0,12,12,0,0,0,,
1310,0x051E,,防具,,忍者防具,head,985,standalone,1310,0x051E,head,False,4,180,20,3,0,0x00000000,30,20,0/0,unmodified,9,15,12,0,12,1.2,1310,low,0,18,18,15,,,computed-only,computed-only,0,0,0,0,12,0,0,,
1310,0x051E,,防具,,忍者防具,head,985,standalone,1310,0x051E,head,False,4,180,20,3,0,0x00000000,30,20,1/0,strengthened,9,15,12,0,12,1.2,1310,low,7,18,18,15,,,computed-only,computed-only,0,0,0,0,19,0,0,,
1310,0x051E,,防具,,忍者防具,head,985,standalone,1310,0x051E,head,False,4,180,20,3,0,0x00000000,30,20,2/0,thickened,9,15,12,4,16,1.6,1310,low,0,18,18,15,,,computed-only,computed-only,0,0,0,0,12,0,0,,
1310,0x051E,,防具,,忍者防具,head,985,standalone,1310,0x051E,head,False,4,180,20,3,0,0x00000000,30,20,1/1,extreme_strengthened,9,15,12,0,12,1.2,1310,low,15,18,18,15,,,computed-only,computed-only,0,0,0,0,27,0,0,,
1310,0x051E,,防具,,忍者防具,head,985,standalone,1310,0x051E,head,False,4,180,20,3,0,0x00000000,30,20,2/2,extreme_thickened,9,15,12,9,21,2.1,1310,low,0,18,18,15,,,computed-only,computed-only,0,0,0,0,12,0,0,,
1310,0x051E,,防具,,忍者防具,head,985,standalone,1310,0x051E,head,False,4,180,20,3,0,0x00000000,30,20,1/2,strengthened_plus_thickened,9,15,12,4,16,1.6,1310,low,7,18,18,15,,,computed-only,computed-only,0,0,0,0,19,0,0,,
1477,0x05C5,善擦帽子,防具,头部,忍者防具,head,1384,alternate_source,37269,0x9195,head,False,4,180,20,3,0,0x00000000,30,20,0/0,unmodified,9,15,16,0,16,1.6,1477,low,0,28,28,16,,,computed-only,computed-only,0,0,5,0,5,0,0,,
1477,0x05C5,善擦帽子,防具,头部,忍者防具,head,1384,alternate_source,37269,0x9195,head,False,4,180,20,3,0,0x00000000,30,20,1/0,strengthened,9,15,16,0,16,1.6,1477,low,7,28,28,16,,,computed-only,computed-only,0,0,12,0,12,0,0,,
1477,0x05C5,善擦帽子,防具,头部,忍者防具,head,1384,alternate_source,37269,0x9195,head,False,4,180,20,3,0,0x00000000,30,20,2/0,thickened,9,15,16,4,20,2.0,1477,low,0,28,28,16,,,computed-only,computed-only,0,0,5,0,5,0,0,,
1477,0x05C5,善擦帽子,防具,头部,忍者防具,head,1384,alternate_source,37269,0x9195,head,False,4,180,20,3,0,0x00000000,30,20,1/1,extreme_strengthened,9,15,16,0,16,1.6,1477,low,15,28,28,16,,,computed-only,computed-only,0,0,20,0,20,0,0,,
1477,0x05C5,善擦帽子,防具,头部,忍者防具,head,1384,alternate_source,37269,0x9195,head,False,4,180,20,3,0,0x00000000,30,20,2/2,extreme_thickened,9,15,16,9,25,2.5,1477,low,0,28,28,16,,,computed-only,computed-only,0,0,5,0,5,0,0,,
1477,0x05C5,善擦帽子,防具,头部,忍者防具,head,1384,alternate_source,37269,0x9195,head,False,4,180,20,3,0,0x00000000,30,20,1/2,strengthened_plus_thickened,9,15,16,4,20,2.0,1477,low,7,28,28,16,,,computed-only,computed-only,0,0,12,0,12,0,0,,
1547,0x060B,护国禅师的袈裟　袖套,防具,手臂,武士防具,arms,700,alternate_source,58324,0xE3D4,arms,False,4,180,20,3,0,0x00000000,30,20,0/0,unmodified,9,15,34,0,34,3.4,1547,low,0,31,31,16,,,computed-only,computed-only,6,0,0,5,0,0,0,,
1547,0x060B,护国禅师的袈裟　袖套,防具,手臂,武士防具,arms,700,alternate_source,58324,0xE3D4,arms,False,4,180,20,3,0,0x00000000,30,20,1/0,strengthened,9,15,34,0,34,3.4,1547,low,7,31,31,16,,,computed-only,computed-only,13,0,0,12,0,0,0,,
1547,0x060B,护国禅师的袈裟　袖套,防具,手臂,武士防具,arms,700,alternate_source,58324,0xE3D4,arms,False,4,180,20,3,0,0x00000000,30,20,2/0,thickened,9,15,34,4,38,3.8,1547,low,0,31,31,16,,,computed-only,computed-only,6,0,0,5,0,0,0,,
1547,0x060B,护国禅师的袈裟　袖套,防具,手臂,武士防具,arms,700,alternate_source,58324,0xE3D4,arms,False,4,180,20,3,0,0x00000000,30,20,1/1,extreme_strengthened,9,15,34,0,34,3.4,1547,low,15,31,31,16,,,computed-only,computed-only,21,0,0,20,0,0,0,,
1547,0x060B,护国禅师的袈裟　袖套,防具,手臂,武士防具,arms,700,alternate_source,58324,0xE3D4,arms,False,4,180,20,3,0,0x00000000,30,20,2/2,extreme_thickened,9,15,34,9,43,4.3,1547,low,0,31,31,16,,,computed-only,computed-only,6,0,0,5,0,0,0,,
1547,0x060B,护国禅师的袈裟　袖套,防具,手臂,武士防具,arms,700,alternate_source,58324,0xE3D4,arms,False,4,180,20,3,0,0x00000000,30,20,1/2,strengthened_plus_thickened,9,15,34,4,38,3.8,1547,low,7,31,31,16,,,computed-only,computed-only,13,0,0,12,0,0,0,,
1814,0x0716,翁面,防具,头部,忍者防具,head,1345,alternate_source,12081,0x2F31,head,False,4,180,20,3,0,0x00000000,30,20,0/0,unmodified,9,15,6,0,6,0.6,1814,low,0,18,18,15,,,computed-only,computed-only,8,0,0,0,8,0,0,,
1814,0x0716,翁面,防具,头部,忍者防具,head,1345,alternate_source,12081,0x2F31,head,False,4,180,20,3,0,0x00000000,30,20,1/0,strengthened,9,15,6,0,6,0.6,1814,low,7,18,18,15,,,computed-only,computed-only,15,0,0,0,15,0,0,,
1814,0x0716,翁面,防具,头部,忍者防具,head,1345,alternate_source,12081,0x2F31,head,False,4,180,20,3,0,0x00000000,30,20,2/0,thickened,9,15,6,4,10,1.0,1814,low,0,18,18,15,,,computed-only,computed-only,8,0,0,0,8,0,0,,
1814,0x0716,翁面,防具,头部,忍者防具,head,1345,alternate_source,12081,0x2F31,head,False,4,180,20,3,0,0x00000000,30,20,1/1,extreme_strengthened,9,15,6,0,6,0.6,1814,low,15,18,18,15,,,computed-only,computed-only,23,0,0,0,23,0,0,,
1814,0x0716,翁面,防具,头部,忍者防具,head,1345,alternate_source,12081,0x2F31,head,False,4,180,20,3,0,0x00000000,30,20,2/2,extreme_thickened,9,15,6,9,15,1.5,1814,low,0,18,18,15,,,computed-only,computed-only,8,0,0,0,8,0,0,,
1814,0x0716,翁面,防具,头部,忍者防具,head,1345,alternate_source,12081,0x2F31,head,False,4,180,20,3,0,0x00000000,30,20,1/2,strengthened_plus_thickened,9,15,6,4,10,1.0,1814,low,7,18,18,15,,,computed-only,computed-only,15,0,0,0,15,0,0,,
1921,0x0781,万两义贼之铠　臂甲,防具,手臂,忍者防具,arms,727,alternate_source,222,0x00DE,arms,False,4,180,20,3,0,0x00000000,30,20,0/0,unmodified,9,15,26,0,26,2.6,1921,low,0,49,49,16,,,computed-only,computed-only,0,0,21,0,15,0,0,,
1921,0x0781,万两义贼之铠　臂甲,防具,手臂,忍者防具,arms,727,alternate_source,222,0x00DE,arms,False,4,180,20,3,0,0x00000000,30,20,1/0,strengthened,9,15,26,0,26,2.6,1921,low,7,49,49,16,,,computed-only,computed-only,0,0,28,0,22,0,0,,
1921,0x0781,万两义贼之铠　臂甲,防具,手臂,忍者防具,arms,727,alternate_source,222,0x00DE,arms,False,4,180,20,3,0,0x00000000,30,20,2/0,thickened,9,15,26,4,30,3.0,1921,low,0,49,49,16,,,computed-only,computed-only,0,0,21,0,15,0,0,,
1921,0x0781,万两义贼之铠　臂甲,防具,手臂,忍者防具,arms,727,alternate_source,222,0x00DE,arms,False,4,180,20,3,0,0x00000000,30,20,1/1,extreme_strengthened,9,15,26,0,26,2.6,1921,low,15,49,49,16,,,computed-only,computed-only,0,0,36,0,30,0,0,,
1921,0x0781,万两义贼之铠　臂甲,防具,手臂,忍者防具,arms,727,alternate_source,222,0x00DE,arms,False,4,180,20,3,0,0x00000000,30,20,2/2,extreme_thickened,9,15,26,9,35,3.5,1921,low,0,49,49,16,,,computed-only,computed-only,0,0,21,0,15,0,0,,
1921,0x0781,万两义贼之铠　臂甲,防具,手臂,忍者防具,arms,727,alternate_source,222,0x00DE,arms,False,4,180,20,3,0,0x00000000,30,20,1/2,strengthened_plus_thickened,9,15,26,4,30,3.0,1921,low,7,49,49,16,,,computed-only,computed-only,0,0,28,0,22,0,0,,
2105,0x0839,百鬼之铠　腿甲,防具,足部,忍者防具,feet,1198,alternate_source,38297,0x9599,feet,False,4,180,20,3,0,0x00000000,30,20,0/0,unmodified,9,15,25,0,25,2.5,2105,low,0,49,49,16,,,computed-only,computed-only,0,0,20,0,13,0,0,,
2105,0x0839,百鬼之铠　腿甲,防具,足部,忍者防具,feet,1198,alternate_source,38297,0x9599,feet,False,4,180,20,3,0,0x00000000,30,20,1/0,strengthened,9,15,25,0,25,2.5,2105,low,7,49,49,16,,,computed-only,computed-only,0,0,27,0,20,0,0,,
2105,0x0839,百鬼之铠　腿甲,防具,足部,忍者防具,feet,1198,alternate_source,38297,0x9599,feet,False,4,180,20,3,0,0x00000000,30,20,2/0,thickened,9,15,25,4,29,2.9,2105,low,0,49,49,16,,,computed-only,computed-only,0,0,20,0,13,0,0,,
2105,0x0839,百鬼之铠　腿甲,防具,足部,忍者防具,feet,1198,alternate_source,38297,0x9599,feet,False,4,180,20,3,0,0x00000000,30,20,1/1,extreme_strengthened,9,15,25,0,25,2.5,2105,low,15,49,49,16,,,computed-only,computed-only,0,0,35,0,28,0,0,,
2105,0x0839,百鬼之铠　腿甲,防具,足部,忍者防具,feet,1198,alternate_source,38297,0x9599,feet,False,4,180,20,3,0,0x00000000,30,20,2/2,extreme_thickened,9,15,25,9,34,3.4,2105,low,0,49,49,16,,,computed-only,computed-only,0,0,20,0,13,0,0,,
2105,0x0839,百鬼之铠　腿甲,防具,足部,忍者防具,feet,1198,alternate_source,38297,0x9599,feet,False,4,180,20,3,0,0x00000000,30,20,1/2,strengthened_plus_thickened,9,15,25,4,29,2.9,2105,low,7,49,49,16,,,computed-only,computed-only,0,0,27,0,20,0,0,,
2189,0x088D,楚叶矢众铠　腿甲,防具,足部,忍者防具,feet,1028,alternate_source,49723,0xC23B,feet,False,4,180,20,3,0,0x00000000,30,20,0/0,unmodified,9,15,18,0,18,1.8,2189,low,0,28,28,16,,,computed-only,computed-only,0,0,20,0,14,0,0,,
2189,0x088D,楚叶矢众铠　腿甲,防具,足部,忍者防具,feet,1028,alternate_source,49723,0xC23B,feet,False,4,180,20,3,0,0x00000000,30,20,1/0,strengthened,9,15,18,0,18,1.8,2189,low,7,28,28,16,,,computed-only,computed-only,0,0,27,0,21,0,0,,
2189,0x088D,楚叶矢众铠　腿甲,防具,足部,忍者防具,feet,1028,alternate_source,49723,0xC23B,feet,False,4,180,20,3,0,0x00000000,30,20,2/0,thickened,9,15,18,4,22,2.2,2189,low,0,28,28,16,,,computed-only,computed-only,0,0,20,0,14,0,0,,
2189,0x088D,楚叶矢众铠　腿甲,防具,足部,忍者防具,feet,1028,alternate_source,49723,0xC23B,feet,False,4,180,20,3,0,0x00000000,30,20,1/1,extreme_strengthened,9,15,18,0,18,1.8,2189,low,15,28,28,16,,,computed-only,computed-only,0,0,35,0,29,0,0,,
2189,0x088D,楚叶矢众铠　腿甲,防具,足部,忍者防具,feet,1028,alternate_source,49723,0xC23B,feet,False,4,180,20,3,0,0x00000000,30,20,2/2,extreme_thickened,9,15,18,9,27,2.7,2189,low,0,28,28,16,,,computed-only,computed-only,0,0,20,0,14,0,0,,
2189,0x088D,楚叶矢众铠　腿甲,防具,足部,忍者防具,feet,1028,alternate_source,49723,0xC23B,feet,False,4,180,20,3,0,0x00000000,30,20,1/2,strengthened_plus_thickened,9,15,18,4,22,2.2,2189,low,7,28,28,16,,,computed-only,computed-only,0,0,27,0,21,0,0,,
2211,0x08A3,,防具或饰品,,装备,feet,1267,alternate_source,1540,0x0604,feet,False,4,180,20,3,0,0x00000000,30,20,0/0,unmodified,9,15,15,0,15,1.5,2211,low,0,19,19,15,,,computed-only,computed-only,0,0,0,22,22,0,0,,
2211,0x08A3,,防具或饰品,,装备,feet,1267,alternate_source,1540,0x0604,feet,False,4,180,20,3,0,0x00000000,30,20,1/0,strengthened,9,15,15,0,15,1.5,2211,low,7,19,19,15,,,computed-only,computed-only,0,0,0,29,29,0,0,,
2211,0x08A3,,防具或饰品,,装备,feet,1267,alternate_source,1540,0x0604,feet,False,4,180,20,3,0,0x00000000,30,20,2/0,thickened,9,15,15,4,19,1.9,2211,low,0,19,19,15,,,computed-only,computed-only,0,0,0,22,22,0,0,,
2211,0x08A3,,防具或饰品,,装备,feet,1267,alternate_source,1540,0x0604,feet,False,4,180,20,3,0,0x00000000,30,20,1/1,extreme_strengthened,9,15,15,0,15,1.5,2211,low,15,19,19,15,,,computed-only,computed-only,0,0,0,37,37,0,0,,
2211,0x08A3,,防具或饰品,,装备,feet,1267,alternate_source,1540,0x0604,feet,False,4,180,20,3,0,0x00000000,30,20,2/2,extreme_thickened,9,15,15,9,24,2.4,2211,low,0,19,19,15,,,computed-only,computed-only,0,0,0,22,22,0,0,,
2211,0x08A3,,防具或饰品,,装备,feet,1267,alternate_source,1540,0x0604,feet,False,4,180,20,3,0,0x00000000,30,20,1/2,strengthened_plus_thickened,9,15,15,4,19,1.9,2211,low,7,19,19,15,,,computed-only,computed-only,0,0,0,29,29,0,0,,
2240,0x08C0,御庭番忍者装束　臂甲,防具,手臂,忍者防具,arms,745,alternate_source,58519,0xE497,arms,False,4,180,20,3,0,0x00000000,30,20,0/0,unmodified,9,15,8,0,8,0.8,2240,low,0,18,18,15,,,computed-only,computed-only,14,0,0,0,15,0,0,,
2240,0x08C0,御庭番忍者装束　臂甲,防具,手臂,忍者防具,arms,745,alternate_source,58519,0xE497,arms,False,4,180,20,3,0,0x00000000,30,20,1/0,strengthened,9,15,8,0,8,0.8,2240,low,7,18,18,15,,,computed-only,computed-only,21,0,0,0,22,0,0,,
2240,0x08C0,御庭番忍者装束　臂甲,防具,手臂,忍者防具,arms,745,alternate_source,58519,0xE497,arms,False,4,180,20,3,0,0x00000000,30,20,2/0,thickened,9,15,8,4,12,1.2,2240,low,0,18,18,15,,,computed-only,computed-only,14,0,0,0,15,0,0,,
2240,0x08C0,御庭番忍者装束　臂甲,防具,手臂,忍者防具,arms,745,alternate_source,58519,0xE497,arms,False,4,180,20,3,0,0x00000000,30,20,1/1,extreme_strengthened,9,15,8,0,8,0.8,2240,low,15,18,18,15,,,computed-only,computed-only,29,0,0,0,30,0,0,,
2240,0x08C0,御庭番忍者装束　臂甲,防具,手臂,忍者防具,arms,745,alternate_source,58519,0xE497,arms,False,4,180,20,3,0,0x00000000,30,20,2/2,extreme_thickened,9,15,8,9,17,1.7,2240,low,0,18,18,15,,,computed-only,computed-only,14,0,0,0,15,0,0,,
2240,0x08C0,御庭番忍者装束　臂甲,防具,手臂,忍者防具,arms,745,alternate_source,58519,0xE497,arms,False,4,180,20,3,0,0x00000000,30,20,1/2,strengthened_plus_thickened,9,15,8,4,12,1.2,2240,low,7,18,18,15,,,computed-only,computed-only,21,0,0,0,22,0,0,,
2296,0x08F8,不请自来者之铠　腿甲,防具,足部,武士防具,feet,869,alternate_source,1540,0x0604,feet,False,4,180,20,3,0,0x00000000,30,20,0/0,unmodified,9,15,15,0,15,1.5,2296,low,0,19,19,15,,,computed-only,computed-only,5,0,0,0,6,0,0,,
2296,0x08F8,不请自来者之铠　腿甲,防具,足部,武士防具,feet,869,alternate_source,1540,0x0604,feet,False,4,180,20,3,0,0x00000000,30,20,1/0,strengthened,9,15,15,0,15,1.5,2296,low,7,19,19,15,,,computed-only,computed-only,12,0,0,0,13,0,0,,
2296,0x08F8,不请自来者之铠　腿甲,防具,足部,武士防具,feet,869,alternate_source,1540,0x0604,feet,False,4,180,20,3,0,0x00000000,30,20,2/0,thickened,9,15,15,4,19,1.9,2296,low,0,19,19,15,,,computed-only,computed-only,5,0,0,0,6,0,0,,
2296,0x08F8,不请自来者之铠　腿甲,防具,足部,武士防具,feet,869,alternate_source,1540,0x0604,feet,False,4,180,20,3,0,0x00000000,30,20,1/1,extreme_strengthened,9,15,15,0,15,1.5,2296,low,15,19,19,15,,,computed-only,computed-only,20,0,0,0,21,0,0,,
2296,0x08F8,不请自来者之铠　腿甲,防具,足部,武士防具,feet,869,alternate_source,1540,0x0604,feet,False,4,180,20,3,0,0x00000000,30,20,2/2,extreme_thickened,9,15,15,9,24,2.4,2296,low,0,19,19,15,,,computed-only,computed-only,5,0,0,0,6,0,0,,
2296,0x08F8,不请自来者之铠　腿甲,防具,足部,武士防具,feet,869,alternate_source,1540,0x0604,feet,False,4,180,20,3,0,0x00000000,30,20,1/2,strengthened_plus_thickened,9,15,15,4,19,1.9,2296,low,7,19,19,15,,,computed-only,computed-only,12,0,0,0,13,0,0,,
2537,0x09E9,天狗面,防具,头部,忍者防具,head,1347,alternate_source,37269,0x9195,head,False,4,180,20,3,0,0x00000000,30,20,0/0,unmodified,9,15,16,0,16,1.6,2537,low,0,28,28,16,,,computed-only,computed-only,0,0,8,0,8,0,0,,
2537,0x09E9,天狗面,防具,头部,忍者防具,head,1347,alternate_source,37269,0x9195,head,False,4,180,20,3,0,0x00000000,30,20,1/0,strengthened,9,15,16,0,16,1.6,2537,low,7,28,28,16,,,computed-only,computed-only,0,0,15,0,15,0,0,,
2537,0x09E9,天狗面,防具,头部,忍者防具,head,1347,alternate_source,37269,0x9195,head,False,4,180,20,3,0,0x00000000,30,20,2/0,thickened,9,15,16,4,20,2.0,2537,low,0,28,28,16,,,computed-only,computed-only,0,0,8,0,8,0,0,,
2537,0x09E9,天狗面,防具,头部,忍者防具,head,1347,alternate_source,37269,0x9195,head,False,4,180,20,3,0,0x00000000,30,20,1/1,extreme_strengthened,9,15,16,0,16,1.6,2537,low,15,28,28,16,,,computed-only,computed-only,0,0,23,0,23,0,0,,
2537,0x09E9,天狗面,防具,头部,忍者防具,head,1347,alternate_source,37269,0x9195,head,False,4,180,20,3,0,0x00000000,30,20,2/2,extreme_thickened,9,15,16,9,25,2.5,2537,low,0,28,28,16,,,computed-only,computed-only,0,0,8,0,8,0,0,,
2537,0x09E9,天狗面,防具,头部,忍者防具,head,1347,alternate_source,37269,0x9195,head,False,4,180,20,3,0,0x00000000,30,20,1/2,strengthened_plus_thickened,9,15,16,4,20,2.0,2537,low,7,28,28,16,,,computed-only,computed-only,0,0,15,0,15,0,0,,
2551,0x09F7,神符八日月前立头盔,防具,头部,武士防具,head,1375,alternate_source,24733,0x609D,head,False,4,180,20,3,0,0x00000000,30,20,0/0,unmodified,9,15,15,0,15,1.5,2551,low,0,19,19,15,,,computed-only,computed-only,8,0,0,0,8,0,0,,
2551,0x09F7,神符八日月前立头盔,防具,头部,武士防具,head,1375,alternate_source,24733,0x609D,head,False,4,180,20,3,0,0x00000000,30,20,1/0,strengthened,9,15,15,0,15,1.5,2551,low,7,19,19,15,,,computed-only,computed-only,15,0,0,0,15,0,0,,
2551,0x09F7,神符八日月前立头盔,防具,头部,武士防具,head,1375,alternate_source,24733,0x609D,head,False,4,180,20,3,0,0x00000000,30,20,2/0,thickened,9,15,15,4,19,1.9,2551,low,0,19,19,15,,,computed-only,computed-only,8,0,0,0,8,0,0,,
2551,0x09F7,神符八日月前立头盔,防具,头部,武士防具,head,1375,alternate_source,24733,0x609D,head,False,4,180,20,3,0,0x00000000,30,20,1/1,extreme_strengthened,9,15,15,0,15,1.5,2551,low,15,19,19,15,,,computed-only,computed-only,23,0,0,0,23,0,0,,
2551,0x09F7,神符八日月前立头盔,防具,头部,武士防具,head,1375,alternate_source,24733,0x609D,head,False,4,180,20,3,0,0x00000000,30,20,2/2,extreme_thickened,9,15,15,9,24,2.4,2551,low,0,19,19,15,,,computed-only,computed-only,8,0,0,0,8,0,0,,
2551,0x09F7,神符八日月前立头盔,防具,头部,武士防具,head,1375,alternate_source,24733,0x609D,head,False,4,180,20,3,0,0x00000000,30,20,1/2,strengthened_plus_thickened,9,15,15,4,19,1.9,2551,low,7,19,19,15,,,computed-only,computed-only,15,0,0,0,15,0,0,,
2649,0x0A59,最后的忍者装束　膝甲,防具,腿部,忍者防具,legs,734,alternate_source,23653,0x5C65,legs,False,4,180,20,3,0,0x00000000,30,20,0/0,unmodified,9,15,29,0,29,2.9,2649,low,0,42,42,16,,,computed-only,computed-only,0,0,15,0,19,0,0,,
2649,0x0A59,最后的忍者装束　膝甲,防具,腿部,忍者防具,legs,734,alternate_source,23653,0x5C65,legs,False,4,180,20,3,0,0x00000000,30,20,1/0,strengthened,9,15,29,0,29,2.9,2649,low,7,42,42,16,,,computed-only,computed-only,0,0,22,0,26,0,0,,
2649,0x0A59,最后的忍者装束　膝甲,防具,腿部,忍者防具,legs,734,alternate_source,23653,0x5C65,legs,False,4,180,20,3,0,0x00000000,30,20,2/0,thickened,9,15,29,4,33,3.3,2649,low,0,42,42,16,,,computed-only,computed-only,0,0,15,0,19,0,0,,
2649,0x0A59,最后的忍者装束　膝甲,防具,腿部,忍者防具,legs,734,alternate_source,23653,0x5C65,legs,False,4,180,20,3,0,0x00000000,30,20,1/1,extreme_strengthened,9,15,29,0,29,2.9,2649,low,15,42,42,16,,,computed-only,computed-only,0,0,30,0,34,0,0,,
2649,0x0A59,最后的忍者装束　膝甲,防具,腿部,忍者防具,legs,734,alternate_source,23653,0x5C65,legs,False,4,180,20,3,0,0x00000000,30,20,2/2,extreme_thickened,9,15,29,9,38,3.8,2649,low,0,42,42,16,,,computed-only,computed-only,0,0,15,0,19,0,0,,
2649,0x0A59,最后的忍者装束　膝甲,防具,腿部,忍者防具,legs,734,alternate_source,23653,0x5C65,legs,False,4,180,20,3,0,0x00000000,30,20,1/2,strengthened_plus_thickened,9,15,29,4,33,3.3,2649,low,7,42,42,16,,,computed-only,computed-only,0,0,22,0,26,0,0,,
2665,0x0A69,水军装束　臂甲,防具,手臂,忍者防具,arms,765,alternate_source,58519,0xE497,arms,False,4,180,20,3,0,0x00000000,30,20,0/0,unmodified,9,15,8,0,8,0.8,2665,low,0,18,18,15,,,computed-only,computed-only,12,0,0,0,13,0,0,,
2665,0x0A69,水军装束　臂甲,防具,手臂,忍者防具,arms,765,alternate_source,58519,0xE497,arms,False,4,180,20,3,0,0x00000000,30,20,1/0,strengthened,9,15,8,0,8,0.8,2665,low,7,18,18,15,,,computed-only,computed-only,19,0,0,0,20,0,0,,
2665,0x0A69,水军装束　臂甲,防具,手臂,忍者防具,arms,765,alternate_source,58519,0xE497,arms,False,4,180,20,3,0,0x00000000,30,20,2/0,thickened,9,15,8,4,12,1.2,2665,low,0,18,18,15,,,computed-only,computed-only,12,0,0,0,13,0,0,,
2665,0x0A69,水军装束　臂甲,防具,手臂,忍者防具,arms,765,alternate_source,58519,0xE497,arms,False,4,180,20,3,0,0x00000000,30,20,1/1,extreme_strengthened,9,15,8,0,8,0.8,2665,low,15,18,18,15,,,computed-only,computed-only,27,0,0,0,28,0,0,,
2665,0x0A69,水军装束　臂甲,防具,手臂,忍者防具,arms,765,alternate_source,58519,0xE497,arms,False,4,180,20,3,0,0x00000000,30,20,2/2,extreme_thickened,9,15,8,9,17,1.7,2665,low,0,18,18,15,,,computed-only,computed-only,12,0,0,0,13,0,0,,
2665,0x0A69,水军装束　臂甲,防具,手臂,忍者防具,arms,765,alternate_source,58519,0xE497,arms,False,4,180,20,3,0,0x00000000,30,20,1/2,strengthened_plus_thickened,9,15,8,4,12,1.2,2665,low,7,18,18,15,,,computed-only,computed-only,19,0,0,0,20,0,0,,
3154,0x0C52,风魔忍者装束　裤裙,防具,腿部,忍者防具,legs,888,alternate_source,7238,0x1C46,legs,False,4,180,20,3,0,0x00000000,30,20,0/0,unmodified,9,15,11,0,11,1.1,3154,low,0,27,27,15,,,computed-only,computed-only,8,0,0,0,7,0,0,,
3154,0x0C52,风魔忍者装束　裤裙,防具,腿部,忍者防具,legs,888,alternate_source,7238,0x1C46,legs,False,4,180,20,3,0,0x00000000,30,20,1/0,strengthened,9,15,11,0,11,1.1,3154,low,7,27,27,15,,,computed-only,computed-only,15,0,0,0,14,0,0,,
3154,0x0C52,风魔忍者装束　裤裙,防具,腿部,忍者防具,legs,888,alternate_source,7238,0x1C46,legs,False,4,180,20,3,0,0x00000000,30,20,2/0,thickened,9,15,11,4,15,1.5,3154,low,0,27,27,15,,,computed-only,computed-only,8,0,0,0,7,0,0,,
3154,0x0C52,风魔忍者装束　裤裙,防具,腿部,忍者防具,legs,888,alternate_source,7238,0x1C46,legs,False,4,180,20,3,0,0x00000000,30,20,1/1,extreme_strengthened,9,15,11,0,11,1.1,3154,low,15,27,27,15,,,computed-only,computed-only,23,0,0,0,22,0,0,,
3154,0x0C52,风魔忍者装束　裤裙,防具,腿部,忍者防具,legs,888,alternate_source,7238,0x1C46,legs,False,4,180,20,3,0,0x00000000,30,20,2/2,extreme_thickened,9,15,11,9,20,2.0,3154,low,0,27,27,15,,,computed-only,computed-only,8,0,0,0,7,0,0,,
3154,0x0C52,风魔忍者装束　裤裙,防具,腿部,忍者防具,legs,888,alternate_source,7238,0x1C46,legs,False,4,180,20,3,0,0x00000000,30,20,1/2,strengthened_plus_thickened,9,15,11,4,15,1.5,3154,low,7,27,27,15,,,computed-only,computed-only,15,0,0,0,14,0,0,,
3294,0x0CDE,葵纹之铠　臂甲,防具,手臂,武士防具,arms,658,alternate_source,34745,0x87B9,arms,False,4,180,20,3,0,0x00000000,30,20,0/0,unmodified,9,15,40,0,40,4.0,3294,low,0,31,31,16,,,computed-only,computed-only,14,0,0,19,0,0,0,,
3294,0x0CDE,葵纹之铠　臂甲,防具,手臂,武士防具,arms,658,alternate_source,34745,0x87B9,arms,False,4,180,20,3,0,0x00000000,30,20,1/0,strengthened,9,15,40,0,40,4.0,3294,low,7,31,31,16,,,computed-only,computed-only,21,0,0,26,0,0,0,,
3294,0x0CDE,葵纹之铠　臂甲,防具,手臂,武士防具,arms,658,alternate_source,34745,0x87B9,arms,False,4,180,20,3,0,0x00000000,30,20,2/0,thickened,9,15,40,4,44,4.4,3294,low,0,31,31,16,,,computed-only,computed-only,14,0,0,19,0,0,0,,
3294,0x0CDE,葵纹之铠　臂甲,防具,手臂,武士防具,arms,658,alternate_source,34745,0x87B9,arms,False,4,180,20,3,0,0x00000000,30,20,1/1,extreme_strengthened,9,15,40,0,40,4.0,3294,low,15,31,31,16,,,computed-only,computed-only,29,0,0,34,0,0,0,,
3294,0x0CDE,葵纹之铠　臂甲,防具,手臂,武士防具,arms,658,alternate_source,34745,0x87B9,arms,False,4,180,20,3,0,0x00000000,30,20,2/2,extreme_thickened,9,15,40,9,49,4.9,3294,low,0,31,31,16,,,computed-only,computed-only,14,0,0,19,0,0,0,,
3294,0x0CDE,葵纹之铠　臂甲,防具,手臂,武士防具,arms,658,alternate_source,34745,0x87B9,arms,False,4,180,20,3,0,0x00000000,30,20,1/2,strengthened_plus_thickened,9,15,40,4,44,4.4,3294,low,7,31,31,16,,,computed-only,computed-only,21,0,0,26,0,0,0,,
3416,0x0D58,,防具或饰品,,装备,head,1287,alternate_source,24733,0x609D,head,False,4,180,20,3,0,0x00000000,30,20,0/0,unmodified,9,15,15,0,15,1.5,3416,low,0,19,19,15,,,computed-only,computed-only,21,0,21,21,0,0,0,,
3416,0x0D58,,防具或饰品,,装备,head,1287,alternate_source,24733,0x609D,head,False,4,180,20,3,0,0x00000000,30,20,1/0,strengthened,9,15,15,0,15,1.5,3416,low,7,19,19,15,,,computed-only,computed-only,28,0,28,28,0,0,0,,
3416,0x0D58,,防具或饰品,,装备,head,1287,alternate_source,24733,0x609D,head,False,4,180,20,3,0,0x00000000,30,20,2/0,thickened,9,15,15,4,19,1.9,3416,low,0,19,19,15,,,computed-only,computed-only,21,0,21,21,0,0,0,,
3416,0x0D58,,防具或饰品,,装备,head,1287,alternate_source,24733,0x609D,head,False,4,180,20,3,0,0x00000000,30,20,1/1,extreme_strengthened,9,15,15,0,15,1.5,3416,low,15,19,19,15,,,computed-only,computed-only,36,0,36,36,0,0,0,,
3416,0x0D58,,防具或饰品,,装备,head,1287,alternate_source,24733,0x609D,head,False,4,180,20,3,0,0x00000000,30,20,2/2,extreme_thickened,9,15,15,9,24,2.4,3416,low,0,19,19,15,,,computed-only,computed-only,21,0,21,21,0,0,0,,
3416,0x0D58,,防具或饰品,,装备,head,1287,alternate_source,24733,0x609D,head,False,4,180,20,3,0,0x00000000,30,20,1/2,strengthened_plus_thickened,9,15,15,4,19,1.9,3416,low,7,19,19,15,,,computed-only,computed-only,28,0,28,28,0,0,0,,
3676,0x0E5C,柳生众装束　臂甲,防具,手臂,忍者防具,arms,1239,alternate_source,13877,0x3635,arms,False,4,180,20,3,0,0x00000000,30,20,0/0,unmodified,9,15,16,0,16,1.6,3676,low,0,28,28,16,,,computed-only,computed-only,0,21,0,0,21,0,0,,
3676,0x0E5C,柳生众装束　臂甲,防具,手臂,忍者防具,arms,1239,alternate_source,13877,0x3635,arms,False,4,180,20,3,0,0x00000000,30,20,1/0,strengthened,9,15,16,0,16,1.6,3676,low,7,28,28,16,,,computed-only,computed-only,0,28,0,0,28,0,0,,
3676,0x0E5C,柳生众装束　臂甲,防具,手臂,忍者防具,arms,1239,alternate_source,13877,0x3635,arms,False,4,180,20,3,0,0x00000000,30,20,2/0,thickened,9,15,16,4,20,2.0,3676,low,0,28,28,16,,,computed-only,computed-only,0,21,0,0,21,0,0,,
3676,0x0E5C,柳生众装束　臂甲,防具,手臂,忍者防具,arms,1239,alternate_source,13877,0x3635,arms,False,4,180,20,3,0,0x00000000,30,20,1/1,extreme_strengthened,9,15,16,0,16,1.6,3676,low,15,28,28,16,,,computed-only,computed-only,0,36,0,0,36,0,0,,
3676,0x0E5C,柳生众装束　臂甲,防具,手臂,忍者防具,arms,1239,alternate_source,13877,0x3635,arms,False,4,180,20,3,0,0x00000000,30,20,2/2,extreme_thickened,9,15,16,9,25,2.5,3676,low,0,28,28,16,,,computed-only,computed-only,0,21,0,0,21,0,0,,
3676,0x0E5C,柳生众装束　臂甲,防具,手臂,忍者防具,arms,1239,alternate_source,13877,0x3635,arms,False,4,180,20,3,0,0x00000000,30,20,1/2,strengthened_plus_thickened,9,15,16,4,20,2.0,3676,low,7,28,28,16,,,computed-only,computed-only,0,28,0,0,28,0,0,,
3772,0x0EBC,百鬼之铠　膝甲,防具,腿部,忍者防具,legs,1197,alternate_source,37141,0x9115,legs,False,4,180,20,3,0,0x00000000,30,20,0/0,unmodified,9,15,38,0,38,3.8,3772,low,0,74,74,16,,,computed-only,computed-only,0,0,20,0,13,0,0,,
3772,0x0EBC,百鬼之铠　膝甲,防具,腿部,忍者防具,legs,1197,alternate_source,37141,0x9115,legs,False,4,180,20,3,0,0x00000000,30,20,1/0,strengthened,9,15,38,0,38,3.8,3772,low,7,74,74,16,,,computed-only,computed-only,0,0,27,0,20,0,0,,
3772,0x0EBC,百鬼之铠　膝甲,防具,腿部,忍者防具,legs,1197,alternate_source,37141,0x9115,legs,False,4,180,20,3,0,0x00000000,30,20,2/0,thickened,9,15,38,4,42,4.2,3772,low,0,74,74,16,,,computed-only,computed-only,0,0,20,0,13,0,0,,
3772,0x0EBC,百鬼之铠　膝甲,防具,腿部,忍者防具,legs,1197,alternate_source,37141,0x9115,legs,False,4,180,20,3,0,0x00000000,30,20,1/1,extreme_strengthened,9,15,38,0,38,3.8,3772,low,15,74,74,16,,,computed-only,computed-only,0,0,35,0,28,0,0,,
3772,0x0EBC,百鬼之铠　膝甲,防具,腿部,忍者防具,legs,1197,alternate_source,37141,0x9115,legs,False,4,180,20,3,0,0x00000000,30,20,2/2,extreme_thickened,9,15,38,9,47,4.7,3772,low,0,74,74,16,,,computed-only,computed-only,0,0,20,0,13,0,0,,
3772,0x0EBC,百鬼之铠　膝甲,防具,腿部,忍者防具,legs,1197,alternate_source,37141,0x9115,legs,False,4,180,20,3,0,0x00000000,30,20,1/2,strengthened_plus_thickened,9,15,38,4,42,4.2,3772,low,7,74,74,16,,,computed-only,computed-only,0,0,27,0,20,0,0,,
3867,0x0F1B,弟君锦衣　裤裙,防具,腿部,武士防具,legs,619,alternate_source,16049,0x3EB1,legs,False,4,180,20,3,0,0x00000000,30,20,0/0,unmodified,9,15,56,0,56,5.6,3867,low,0,47,47,16,,,computed-only,computed-only,13,0,0,12,0,0,0,,
3867,0x0F1B,弟君锦衣　裤裙,防具,腿部,武士防具,legs,619,alternate_source,16049,0x3EB1,legs,False,4,180,20,3,0,0x00000000,30,20,1/0,strengthened,9,15,56,0,56,5.6,3867,low,7,47,47,16,,,computed-only,computed-only,20,0,0,19,0,0,0,,
3867,0x0F1B,弟君锦衣　裤裙,防具,腿部,武士防具,legs,619,alternate_source,16049,0x3EB1,legs,False,4,180,20,3,0,0x00000000,30,20,2/0,thickened,9,15,56,4,60,6.0,3867,low,0,47,47,16,,,computed-only,computed-only,13,0,0,12,0,0,0,,
3867,0x0F1B,弟君锦衣　裤裙,防具,腿部,武士防具,legs,619,alternate_source,16049,0x3EB1,legs,False,4,180,20,3,0,0x00000000,30,20,1/1,extreme_strengthened,9,15,56,0,56,5.6,3867,low,15,47,47,16,,,computed-only,computed-only,28,0,0,27,0,0,0,,
3867,0x0F1B,弟君锦衣　裤裙,防具,腿部,武士防具,legs,619,alternate_source,16049,0x3EB1,legs,False,4,180,20,3,0,0x00000000,30,20,2/2,extreme_thickened,9,15,56,9,65,6.5,3867,low,0,47,47,16,,,computed-only,computed-only,13,0,0,12,0,0,0,,
3867,0x0F1B,弟君锦衣　裤裙,防具,腿部,武士防具,legs,619,alternate_source,16049,0x3EB1,legs,False,4,180,20,3,0,0x00000000,30,20,1/2,strengthened_plus_thickened,9,15,56,4,60,6.0,3867,low,7,47,47,16,,,computed-only,computed-only,20,0,0,19,0,0,0,,
4023,0x0FB7,稿编笠形盔,防具,头部,武士防具,head,1358,alternate_source,59856,0xE9D0,head,False,4,180,20,3,0,0x00000000,30,20,0/0,unmodified,9,15,17,0,17,1.7,4023,low,0,19,19,15,,,computed-only,computed-only,18,0,0,0,18,0,0,,
4023,0x0FB7,稿编笠形盔,防具,头部,武士防具,head,1358,alternate_source,59856,0xE9D0,head,False,4,180,20,3,0,0x00000000,30,20,1/0,strengthened,9,15,17,0,17,1.7,4023,low,7,19,19,15,,,computed-only,computed-only,25,0,0,0,25,0,0,,
4023,0x0FB7,稿编笠形盔,防具,头部,武士防具,head,1358,alternate_source,59856,0xE9D0,head,False,4,180,20,3,0,0x00000000,30,20,2/0,thickened,9,15,17,4,21,2.1,4023,low,0,19,19,15,,,computed-only,computed-only,18,0,0,0,18,0,0,,
4023,0x0FB7,稿编笠形盔,防具,头部,武士防具,head,1358,alternate_source,59856,0xE9D0,head,False,4,180,20,3,0,0x00000000,30,20,1/1,extreme_strengthened,9,15,17,0,17,1.7,4023,low,15,19,19,15,,,computed-only,computed-only,33,0,0,0,33,0,0,,
4023,0x0FB7,稿编笠形盔,防具,头部,武士防具,head,1358,alternate_source,59856,0xE9D0,head,False,4,180,20,3,0,0x00000000,30,20,2/2,extreme_thickened,9,15,17,9,26,2.6,4023,low,0,19,19,15,,,computed-only,computed-only,18,0,0,0,18,0,0,,
4023,0x0FB7,稿编笠形盔,防具,头部,武士防具,head,1358,alternate_source,59856,0xE9D0,head,False,4,180,20,3,0,0x00000000,30,20,1/2,strengthened_plus_thickened,9,15,17,4,21,2.1,4023,low,7,19,19,15,,,computed-only,computed-only,25,0,0,0,25,0,0,,
4050,0x0FD2,摆渡者装束　臂甲,防具,手臂,忍者防具,arms,897,alternate_source,21484,0x53EC,arms,False,4,180,20,3,0,0x00000000,30,20,0/0,unmodified,9,15,7,0,7,0.7,4050,low,0,18,18,15,,,computed-only,computed-only,7,0,0,0,8,0,0,,
4050,0x0FD2,摆渡者装束　臂甲,防具,手臂,忍者防具,arms,897,alternate_source,21484,0x53EC,arms,False,4,180,20,3,0,0x00000000,30,20,1/0,strengthened,9,15,7,0,7,0.7,4050,low,7,18,18,15,,,computed-only,computed-only,14,0,0,0,15,0,0,,
4050,0x0FD2,摆渡者装束　臂甲,防具,手臂,忍者防具,arms,897,alternate_source,21484,0x53EC,arms,False,4,180,20,3,0,0x00000000,30,20,2/0,thickened,9,15,7,4,11,1.1,4050,low,0,18,18,15,,,computed-only,computed-only,7,0,0,0,8,0,0,,
4050,0x0FD2,摆渡者装束　臂甲,防具,手臂,忍者防具,arms,897,alternate_source,21484,0x53EC,arms,False,4,180,20,3,0,0x00000000,30,20,1/1,extreme_strengthened,9,15,7,0,7,0.7,4050,low,15,18,18,15,,,computed-only,computed-only,22,0,0,0,23,0,0,,
4050,0x0FD2,摆渡者装束　臂甲,防具,手臂,忍者防具,arms,897,alternate_source,21484,0x53EC,arms,False,4,180,20,3,0,0x00000000,30,20,2/2,extreme_thickened,9,15,7,9,16,1.6,4050,low,0,18,18,15,,,computed-only,computed-only,7,0,0,0,8,0,0,,
4050,0x0FD2,摆渡者装束　臂甲,防具,手臂,忍者防具,arms,897,alternate_source,21484,0x53EC,arms,False,4,180,20,3,0,0x00000000,30,20,1/2,strengthened_plus_thickened,9,15,7,4,11,1.1,4050,low,7,18,18,15,,,computed-only,computed-only,14,0,0,0,15,0,0,,
4069,0x0FE5,邪马台国之铠　胸甲,防具,身体,武士防具,chest,692,alternate_source,27067,0x69BB,chest,False,4,180,20,3,0,0x00000000,30,20,0/0,unmodified,9,15,102,0,102,10.2,4069,low,0,100,100,17,,,computed-only,computed-only,0,0,12,10,0,0,0,,
4069,0x0FE5,邪马台国之铠　胸甲,防具,身体,武士防具,chest,692,alternate_source,27067,0x69BB,chest,False,4,180,20,3,0,0x00000000,30,20,1/0,strengthened,9,15,102,0,102,10.2,4069,low,7,100,100,17,,,computed-only,computed-only,0,0,19,17,0,0,0,,
4069,0x0FE5,邪马台国之铠　胸甲,防具,身体,武士防具,chest,692,alternate_source,27067,0x69BB,chest,False,4,180,20,3,0,0x00000000,30,20,2/0,thickened,9,15,102,4,106,10.6,4069,low,0,100,100,17,,,computed-only,computed-only,0,0,12,10,0,0,0,,
4069,0x0FE5,邪马台国之铠　胸甲,防具,身体,武士防具,chest,692,alternate_source,27067,0x69BB,chest,False,4,180,20,3,0,0x00000000,30,20,1/1,extreme_strengthened,9,15,102,0,102,10.2,4069,low,15,100,100,17,,,computed-only,computed-only,0,0,27,25,0,0,0,,
4069,0x0FE5,邪马台国之铠　胸甲,防具,身体,武士防具,chest,692,alternate_source,27067,0x69BB,chest,False,4,180,20,3,0,0x00000000,30,20,2/2,extreme_thickened,9,15,102,9,111,11.1,4069,low,0,100,100,17,,,computed-only,computed-only,0,0,12,10,0,0,0,,
4069,0x0FE5,邪马台国之铠　胸甲,防具,身体,武士防具,chest,692,alternate_source,27067,0x69BB,chest,False,4,180,20,3,0,0x00000000,30,20,1/2,strengthened_plus_thickened,9,15,102,4,106,10.6,4069,low,7,100,100,17,,,computed-only,computed-only,0,0,19,17,0,0,0,,
4257,0x10A1,般若面,防具,头部,忍者防具,head,1348,alternate_source,37269,0x9195,head,False,4,180,20,3,0,0x00000000,30,20,0/0,unmodified,9,15,16,0,16,1.6,4257,low,0,28,28,16,,,computed-only,computed-only,0,0,8,0,8,0,0,,
4257,0x10A1,般若面,防具,头部,忍者防具,head,1348,alternate_source,37269,0x9195,head,False,4,180,20,3,0,0x00000000,30,20,1/0,strengthened,9,15,16,0,16,1.6,4257,low,7,28,28,16,,,computed-only,computed-only,0,0,15,0,15,0,0,,
4257,0x10A1,般若面,防具,头部,忍者防具,head,1348,alternate_source,37269,0x9195,head,False,4,180,20,3,0,0x00000000,30,20,2/0,thickened,9,15,16,4,20,2.0,4257,low,0,28,28,16,,,computed-only,computed-only,0,0,8,0,8,0,0,,
4257,0x10A1,般若面,防具,头部,忍者防具,head,1348,alternate_source,37269,0x9195,head,False,4,180,20,3,0,0x00000000,30,20,1/1,extreme_strengthened,9,15,16,0,16,1.6,4257,low,15,28,28,16,,,computed-only,computed-only,0,0,23,0,23,0,0,,
4257,0x10A1,般若面,防具,头部,忍者防具,head,1348,alternate_source,37269,0x9195,head,False,4,180,20,3,0,0x00000000,30,20,2/2,extreme_thickened,9,15,16,9,25,2.5,4257,low,0,28,28,16,,,computed-only,computed-only,0,0,8,0,8,0,0,,
4257,0x10A1,般若面,防具,头部,忍者防具,head,1348,alternate_source,37269,0x9195,head,False,4,180,20,3,0,0x00000000,30,20,1/2,strengthened_plus_thickened,9,15,16,4,20,2.0,4257,low,7,28,28,16,,,computed-only,computed-only,0,0,15,0,15,0,0,,
4341,0x10F5,六字名号头盔,防具,头部,武士防具,head,1357,alternate_source,2028,0x07EC,head,False,4,180,20,3,0,0x00000000,30,20,0/0,unmodified,9,15,33,0,33,3.3,4341,low,0,31,31,16,,,computed-only,computed-only,8,0,0,8,0,0,0,,
4341,0x10F5,六字名号头盔,防具,头部,武士防具,head,1357,alternate_source,2028,0x07EC,head,False,4,180,20,3,0,0x00000000,30,20,1/0,strengthened,9,15,33,0,33,3.3,4341,low,7,31,31,16,,,computed-only,computed-only,15,0,0,15,0,0,0,,
4341,0x10F5,六字名号头盔,防具,头部,武士防具,head,1357,alternate_source,2028,0x07EC,head,False,4,180,20,3,0,0x00000000,30,20,2/0,thickened,9,15,33,4,37,3.7,4341,low,0,31,31,16,,,computed-only,computed-only,8,0,0,8,0,0,0,,
4341,0x10F5,六字名号头盔,防具,头部,武士防具,head,1357,alternate_source,2028,0x07EC,head,False,4,180,20,3,0,0x00000000,30,20,1/1,extreme_strengthened,9,15,33,0,33,3.3,4341,low,15,31,31,16,,,computed-only,computed-only,23,0,0,23,0,0,0,,
4341,0x10F5,六字名号头盔,防具,头部,武士防具,head,1357,alternate_source,2028,0x07EC,head,False,4,180,20,3,0,0x00000000,30,20,2/2,extreme_thickened,9,15,33,9,42,4.2,4341,low,0,31,31,16,,,computed-only,computed-only,8,0,0,8,0,0,0,,
4341,0x10F5,六字名号头盔,防具,头部,武士防具,head,1357,alternate_source,2028,0x07EC,head,False,4,180,20,3,0,0x00000000,30,20,1/2,strengthened_plus_thickened,9,15,33,4,37,3.7,4341,low,7,31,31,16,,,computed-only,computed-only,15,0,0,15,0,0,0,,
4694,0x1256,山伏装束　臂甲,防具,手臂,忍者防具,arms,902,alternate_source,58519,0xE497,arms,False,4,180,20,3,0,0x00000000,30,20,0/0,unmodified,9,15,8,0,8,0.8,4694,low,0,18,18,15,,,computed-only,computed-only,10,0,0,0,11,0,0,,
4694,0x1256,山伏装束　臂甲,防具,手臂,忍者防具,arms,902,alternate_source,58519,0xE497,arms,False,4,180,20,3,0,0x00000000,30,20,1/0,strengthened,9,15,8,0,8,0.8,4694,low,7,18,18,15,,,computed-only,computed-only,17,0,0,0,18,0,0,,
4694,0x1256,山伏装束　臂甲,防具,手臂,忍者防具,arms,902,alternate_source,58519,0xE497,arms,False,4,180,20,3,0,0x00000000,30,20,2/0,thickened,9,15,8,4,12,1.2,4694,low,0,18,18,15,,,computed-only,computed-only,10,0,0,0,11,0,0,,
4694,0x1256,山伏装束　臂甲,防具,手臂,忍者防具,arms,902,alternate_source,58519,0xE497,arms,False,4,180,20,3,0,0x00000000,30,20,1/1,extreme_strengthened,9,15,8,0,8,0.8,4694,low,15,18,18,15,,,computed-only,computed-only,25,0,0,0,26,0,0,,
4694,0x1256,山伏装束　臂甲,防具,手臂,忍者防具,arms,902,alternate_source,58519,0xE497,arms,False,4,180,20,3,0,0x00000000,30,20,2/2,extreme_thickened,9,15,8,9,17,1.7,4694,low,0,18,18,15,,,computed-only,computed-only,10,0,0,0,11,0,0,,
4694,0x1256,山伏装束　臂甲,防具,手臂,忍者防具,arms,902,alternate_source,58519,0xE497,arms,False,4,180,20,3,0,0x00000000,30,20,1/2,strengthened_plus_thickened,9,15,8,4,12,1.2,4694,low,7,18,18,15,,,computed-only,computed-only,17,0,0,0,18,0,0,,
4863,0x12FF,柳生众装束　斗笠,防具,头部,忍者防具,head,1237,alternate_source,37269,0x9195,head,False,4,180,20,3,0,0x00000000,30,20,0/0,unmodified,9,15,16,0,16,1.6,4863,low,0,28,28,16,,,computed-only,computed-only,0,21,0,0,21,0,0,,
4863,0x12FF,柳生众装束　斗笠,防具,头部,忍者防具,head,1237,alternate_source,37269,0x9195,head,False,4,180,20,3,0,0x00000000,30,20,1/0,strengthened,9,15,16,0,16,1.6,4863,low,7,28,28,16,,,computed-only,computed-only,0,28,0,0,28,0,0,,
4863,0x12FF,柳生众装束　斗笠,防具,头部,忍者防具,head,1237,alternate_source,37269,0x9195,head,False,4,180,20,3,0,0x00000000,30,20,2/0,thickened,9,15,16,4,20,2.0,4863,low,0,28,28,16,,,computed-only,computed-only,0,21,0,0,21,0,0,,
4863,0x12FF,柳生众装束　斗笠,防具,头部,忍者防具,head,1237,alternate_source,37269,0x9195,head,False,4,180,20,3,0,0x00000000,30,20,1/1,extreme_strengthened,9,15,16,0,16,1.6,4863,low,15,28,28,16,,,computed-only,computed-only,0,36,0,0,36,0,0,,
4863,0x12FF,柳生众装束　斗笠,防具,头部,忍者防具,head,1237,alternate_source,37269,0x9195,head,False,4,180,20,3,0,0x00000000,30,20,2/2,extreme_thickened,9,15,16,9,25,2.5,4863,low,0,28,28,16,,,computed-only,computed-only,0,21,0,0,21,0,0,,
4863,0x12FF,柳生众装束　斗笠,防具,头部,忍者防具,head,1237,alternate_source,37269,0x9195,head,False,4,180,20,3,0,0x00000000,30,20,1/2,strengthened_plus_thickened,9,15,16,4,20,2.0,4863,low,7,28,28,16,,,computed-only,computed-only,0,28,0,0,28,0,0,,
4864,0x1300,旗本之衣　阵笠,防具,头部,武士防具,head,681,alternate_source,52695,0xCDD7,head,False,4,180,20,3,0,0x00000000,30,20,0/0,unmodified,9,15,16,0,16,1.6,4864,low,0,19,19,15,,,computed-only,computed-only,14,0,0,0,15,0,0,,
4864,0x1300,旗本之衣　阵笠,防具,头部,武士防具,head,681,alternate_source,52695,0xCDD7,head,False,4,180,20,3,0,0x00000000,30,20,1/0,strengthened,9,15,16,0,16,1.6,4864,low,7,19,19,15,,,computed-only,computed-only,21,0,0,0,22,0,0,,
4864,0x1300,旗本之衣　阵笠,防具,头部,武士防具,head,681,alternate_source,52695,0xCDD7,head,False,4,180,20,3,0,0x00000000,30,20,2/0,thickened,9,15,16,4,20,2.0,4864,low,0,19,19,15,,,computed-only,computed-only,14,0,0,0,15,0,0,,
4864,0x1300,旗本之衣　阵笠,防具,头部,武士防具,head,681,alternate_source,52695,0xCDD7,head,False,4,180,20,3,0,0x00000000,30,20,1/1,extreme_strengthened,9,15,16,0,16,1.6,4864,low,15,19,19,15,,,computed-only,computed-only,29,0,0,0,30,0,0,,
4864,0x1300,旗本之衣　阵笠,防具,头部,武士防具,head,681,alternate_source,52695,0xCDD7,head,False,4,180,20,3,0,0x00000000,30,20,2/2,extreme_thickened,9,15,16,9,25,2.5,4864,low,0,19,19,15,,,computed-only,computed-only,14,0,0,0,15,0,0,,
4864,0x1300,旗本之衣　阵笠,防具,头部,武士防具,head,681,alternate_source,52695,0xCDD7,head,False,4,180,20,3,0,0x00000000,30,20,1/2,strengthened_plus_thickened,9,15,16,4,20,2.0,4864,low,7,19,19,15,,,computed-only,computed-only,21,0,0,0,22,0,0,,
4873,0x1309,,防具或饰品,,装备,feet,1291,alternate_source,1540,0x0604,feet,False,4,180,20,3,0,0x00000000,30,20,0/0,unmodified,9,15,15,0,15,1.5,4873,low,0,19,19,15,,,computed-only,computed-only,21,0,21,21,0,0,0,,
4873,0x1309,,防具或饰品,,装备,feet,1291,alternate_source,1540,0x0604,feet,False,4,180,20,3,0,0x00000000,30,20,1/0,strengthened,9,15,15,0,15,1.5,4873,low,7,19,19,15,,,computed-only,computed-only,28,0,28,28,0,0,0,,
4873,0x1309,,防具或饰品,,装备,feet,1291,alternate_source,1540,0x0604,feet,False,4,180,20,3,0,0x00000000,30,20,2/0,thickened,9,15,15,4,19,1.9,4873,low,0,19,19,15,,,computed-only,computed-only,21,0,21,21,0,0,0,,
4873,0x1309,,防具或饰品,,装备,feet,1291,alternate_source,1540,0x0604,feet,False,4,180,20,3,0,0x00000000,30,20,1/1,extreme_strengthened,9,15,15,0,15,1.5,4873,low,15,19,19,15,,,computed-only,computed-only,36,0,36,36,0,0,0,,
4873,0x1309,,防具或饰品,,装备,feet,1291,alternate_source,1540,0x0604,feet,False,4,180,20,3,0,0x00000000,30,20,2/2,extreme_thickened,9,15,15,9,24,2.4,4873,low,0,19,19,15,,,computed-only,computed-only,21,0,21,21,0,0,0,,
4873,0x1309,,防具或饰品,,装备,feet,1291,alternate_source,1540,0x0604,feet,False,4,180,20,3,0,0x00000000,30,20,1/2,strengthened_plus_thickened,9,15,15,4,19,1.9,4873,low,7,19,19,15,,,computed-only,computed-only,28,0,28,28,0,0,0,,
4950,0x1356,,防具或饰品,,装备,chest,1283,alternate_source,43208,0xA8C8,chest,False,4,180,20,3,0,0x00000000,30,20,0/0,unmodified,9,15,36,0,36,3.6,4950,low,0,56,56,16,,,computed-only,computed-only,0,0,10,0,11,0,0,,
4950,0x1356,,防具或饰品,,装备,chest,1283,alternate_source,43208,0xA8C8,chest,False,4,180,20,3,0,0x00000000,30,20,1/0,strengthened,9,15,36,0,36,3.6,4950,low,7,56,56,16,,,computed-only,computed-only,0,0,17,0,18,0,0,,
4950,0x1356,,防具或饰品,,装备,chest,1283,alternate_source,43208,0xA8C8,chest,False,4,180,20,3,0,0x00000000,30,20,2/0,thickened,9,15,36,4,40,4.0,4950,low,0,56,56,16,,,computed-only,computed-only,0,0,10,0,11,0,0,,
4950,0x1356,,防具或饰品,,装备,chest,1283,alternate_source,43208,0xA8C8,chest,False,4,180,20,3,0,0x00000000,30,20,1/1,extreme_strengthened,9,15,36,0,36,3.6,4950,low,15,56,56,16,,,computed-only,computed-only,0,0,25,0,26,0,0,,
4950,0x1356,,防具或饰品,,装备,chest,1283,alternate_source,43208,0xA8C8,chest,False,4,180,20,3,0,0x00000000,30,20,2/2,extreme_thickened,9,15,36,9,45,4.5,4950,low,0,56,56,16,,,computed-only,computed-only,0,0,10,0,11,0,0,,
4950,0x1356,,防具或饰品,,装备,chest,1283,alternate_source,43208,0xA8C8,chest,False,4,180,20,3,0,0x00000000,30,20,1/2,strengthened_plus_thickened,9,15,36,4,40,4.0,4950,low,7,56,56,16,,,computed-only,computed-only,0,0,17,0,18,0,0,,
5078,0x13D6,足轻中铠　胸甲,防具,身体,武士防具,chest,25,standalone,5078,0x13D6,chest,False,4,180,20,3,0,0x00000000,30,20,0/0,unmodified,9,15,44,0,44,4.4,5078,low,0,38,38,16,,,computed-only,computed-only,6,0,0,5,0,0,0,,
5078,0x13D6,足轻中铠　胸甲,防具,身体,武士防具,chest,25,standalone,5078,0x13D6,chest,False,4,180,20,3,0,0x00000000,30,20,1/0,strengthened,9,15,44,0,44,4.4,5078,low,7,38,38,16,,,computed-only,computed-only,13,0,0,12,0,0,0,,
5078,0x13D6,足轻中铠　胸甲,防具,身体,武士防具,chest,25,standalone,5078,0x13D6,chest,False,4,180,20,3,0,0x00000000,30,20,2/0,thickened,9,15,44,4,48,4.8,5078,low,0,38,38,16,,,computed-only,computed-only,6,0,0,5,0,0,0,,
5078,0x13D6,足轻中铠　胸甲,防具,身体,武士防具,chest,25,standalone,5078,0x13D6,chest,False,4,180,20,3,0,0x00000000,30,20,1/1,extreme_strengthened,9,15,44,0,44,4.4,5078,low,15,38,38,16,,,computed-only,computed-only,21,0,0,20,0,0,0,,
5078,0x13D6,足轻中铠　胸甲,防具,身体,武士防具,chest,25,standalone,5078,0x13D6,chest,False,4,180,20,3,0,0x00000000,30,20,2/2,extreme_thickened,9,15,44,9,53,5.3,5078,low,0,38,38,16,,,computed-only,computed-only,6,0,0,5,0,0,0,,
5078,0x13D6,足轻中铠　胸甲,防具,身体,武士防具,chest,25,standalone,5078,0x13D6,chest,False,4,180,20,3,0,0x00000000,30,20,1/2,strengthened_plus_thickened,9,15,44,4,48,4.8,5078,low,7,38,38,16,,,computed-only,computed-only,13,0,0,12,0,0,0,,
5126,0x1406,叛军浪士之铠　腿甲,防具,足部,武士防具,feet,1226,alternate_source,61193,0xEF09,feet,False,4,180,20,3,0,0x00000000,30,20,0/0,unmodified,9,15,33,0,33,3.3,5126,low,0,31,31,16,,,computed-only,computed-only,21,0,0,21,0,0,0,,
5126,0x1406,叛军浪士之铠　腿甲,防具,足部,武士防具,feet,1226,alternate_source,61193,0xEF09,feet,False,4,180,20,3,0,0x00000000,30,20,1/0,strengthened,9,15,33,0,33,3.3,5126,low,7,31,31,16,,,computed-only,computed-only,28,0,0,28,0,0,0,,
5126,0x1406,叛军浪士之铠　腿甲,防具,足部,武士防具,feet,1226,alternate_source,61193,0xEF09,feet,False,4,180,20,3,0,0x00000000,30,20,2/0,thickened,9,15,33,4,37,3.7,5126,low,0,31,31,16,,,computed-only,computed-only,21,0,0,21,0,0,0,,
5126,0x1406,叛军浪士之铠　腿甲,防具,足部,武士防具,feet,1226,alternate_source,61193,0xEF09,feet,False,4,180,20,3,0,0x00000000,30,20,1/1,extreme_strengthened,9,15,33,0,33,3.3,5126,low,15,31,31,16,,,computed-only,computed-only,36,0,0,36,0,0,0,,
5126,0x1406,叛军浪士之铠　腿甲,防具,足部,武士防具,feet,1226,alternate_source,61193,0xEF09,feet,False,4,180,20,3,0,0x00000000,30,20,2/2,extreme_thickened,9,15,33,9,42,4.2,5126,low,0,31,31,16,,,computed-only,computed-only,21,0,0,21,0,0,0,,
5126,0x1406,叛军浪士之铠　腿甲,防具,足部,武士防具,feet,1226,alternate_source,61193,0xEF09,feet,False,4,180,20,3,0,0x00000000,30,20,1/2,strengthened_plus_thickened,9,15,33,4,37,3.7,5126,low,7,31,31,16,,,computed-only,computed-only,28,0,0,28,0,0,0,,
5213,0x145D,第一队队长队服　羽织,防具,身体,武士防具,chest,637,alternate_source,52428,0xCCCC,chest,False,4,180,20,3,0,0x00000000,30,20,0/0,unmodified,9,15,36,0,36,3.6,5213,low,0,38,38,15,,,computed-only,computed-only,18,0,0,0,17,0,0,,
5213,0x145D,第一队队长队服　羽织,防具,身体,武士防具,chest,637,alternate_source,52428,0xCCCC,chest,False,4,180,20,3,0,0x00000000,30,20,1/0,strengthened,9,15,36,0,36,3.6,5213,low,7,38,38,15,,,computed-only,computed-only,25,0,0,0,24,0,0,,
5213,0x145D,第一队队长队服　羽织,防具,身体,武士防具,chest,637,alternate_source,52428,0xCCCC,chest,False,4,180,20,3,0,0x00000000,30,20,2/0,thickened,9,15,36,4,40,4.0,5213,low,0,38,38,15,,,computed-only,computed-only,18,0,0,0,17,0,0,,
5213,0x145D,第一队队长队服　羽织,防具,身体,武士防具,chest,637,alternate_source,52428,0xCCCC,chest,False,4,180,20,3,0,0x00000000,30,20,1/1,extreme_strengthened,9,15,36,0,36,3.6,5213,low,15,38,38,15,,,computed-only,computed-only,33,0,0,0,32,0,0,,
5213,0x145D,第一队队长队服　羽织,防具,身体,武士防具,chest,637,alternate_source,52428,0xCCCC,chest,False,4,180,20,3,0,0x00000000,30,20,2/2,extreme_thickened,9,15,36,9,45,4.5,5213,low,0,38,38,15,,,computed-only,computed-only,18,0,0,0,17,0,0,,
5213,0x145D,第一队队长队服　羽织,防具,身体,武士防具,chest,637,alternate_source,52428,0xCCCC,chest,False,4,180,20,3,0,0x00000000,30,20,1/2,strengthened_plus_thickened,9,15,36,4,40,4.0,5213,low,7,38,38,15,,,computed-only,computed-only,25,0,0,0,24,0,0,,
5357,0x14ED,百战武者中铠　胸甲,防具,身体,武士防具,chest,1045,alternate_source,24047,0x5DEF,chest,False,4,180,20,3,0,0x00000000,30,20,0/0,unmodified,9,15,78,0,78,7.8,5357,low,0,62,62,16,,,computed-only,computed-only,16,0,0,12,0,0,0,,
5357,0x14ED,百战武者中铠　胸甲,防具,身体,武士防具,chest,1045,alternate_source,24047,0x5DEF,chest,False,4,180,20,3,0,0x00000000,30,20,1/0,strengthened,9,15,78,0,78,7.8,5357,low,7,62,62,16,,,computed-only,computed-only,23,0,0,19,0,0,0,,
5357,0x14ED,百战武者中铠　胸甲,防具,身体,武士防具,chest,1045,alternate_source,24047,0x5DEF,chest,False,4,180,20,3,0,0x00000000,30,20,2/0,thickened,9,15,78,4,82,8.2,5357,low,0,62,62,16,,,computed-only,computed-only,16,0,0,12,0,0,0,,
5357,0x14ED,百战武者中铠　胸甲,防具,身体,武士防具,chest,1045,alternate_source,24047,0x5DEF,chest,False,4,180,20,3,0,0x00000000,30,20,1/1,extreme_strengthened,9,15,78,0,78,7.8,5357,low,15,62,62,16,,,computed-only,computed-only,31,0,0,27,0,0,0,,
5357,0x14ED,百战武者中铠　胸甲,防具,身体,武士防具,chest,1045,alternate_source,24047,0x5DEF,chest,False,4,180,20,3,0,0x00000000,30,20,2/2,extreme_thickened,9,15,78,9,87,8.7,5357,low,0,62,62,16,,,computed-only,computed-only,16,0,0,12,0,0,0,,
5357,0x14ED,百战武者中铠　胸甲,防具,身体,武士防具,chest,1045,alternate_source,24047,0x5DEF,chest,False,4,180,20,3,0,0x00000000,30,20,1/2,strengthened_plus_thickened,9,15,78,4,82,8.2,5357,low,7,62,62,16,,,computed-only,computed-only,23,0,0,19,0,0,0,,
5387,0x150B,道服裤裙,防具,腿部,忍者防具,legs,864,alternate_source,39639,0x9AD7,legs,False,4,180,20,3,0,0x00000000,30,20,0/0,unmodified,9,15,9,0,9,0.9,5387,low,0,27,27,15,,,computed-only,computed-only,5,0,0,0,5,0,0,,
5387,0x150B,道服裤裙,防具,腿部,忍者防具,legs,864,alternate_source,39639,0x9AD7,legs,False,4,180,20,3,0,0x00000000,30,20,1/0,strengthened,9,15,9,0,9,0.9,5387,low,7,27,27,15,,,computed-only,computed-only,12,0,0,0,12,0,0,,
5387,0x150B,道服裤裙,防具,腿部,忍者防具,legs,864,alternate_source,39639,0x9AD7,legs,False,4,180,20,3,0,0x00000000,30,20,2/0,thickened,9,15,9,4,13,1.3,5387,low,0,27,27,15,,,computed-only,computed-only,5,0,0,0,5,0,0,,
5387,0x150B,道服裤裙,防具,腿部,忍者防具,legs,864,alternate_source,39639,0x9AD7,legs,False,4,180,20,3,0,0x00000000,30,20,1/1,extreme_strengthened,9,15,9,0,9,0.9,5387,low,15,27,27,15,,,computed-only,computed-only,20,0,0,0,20,0,0,,
5387,0x150B,道服裤裙,防具,腿部,忍者防具,legs,864,alternate_source,39639,0x9AD7,legs,False,4,180,20,3,0,0x00000000,30,20,2/2,extreme_thickened,9,15,9,9,18,1.8,5387,low,0,27,27,15,,,computed-only,computed-only,5,0,0,0,5,0,0,,
5387,0x150B,道服裤裙,防具,腿部,忍者防具,legs,864,alternate_source,39639,0x9AD7,legs,False,4,180,20,3,0,0x00000000,30,20,1/2,strengthened_plus_thickened,9,15,9,4,13,1.3,5387,low,7,27,27,15,,,computed-only,computed-only,12,0,0,0,12,0,0,,
5517,0x158D,大目付忍装束　腿甲,防具,足部,忍者防具,feet,1252,alternate_source,24404,0x5F54,feet,False,4,180,20,3,0,0x00000000,30,20,0/0,unmodified,9,15,8,0,8,0.8,5517,low,0,18,18,15,,,computed-only,computed-only,22,0,0,22,0,0,0,,
5517,0x158D,大目付忍装束　腿甲,防具,足部,忍者防具,feet,1252,alternate_source,24404,0x5F54,feet,False,4,180,20,3,0,0x00000000,30,20,1/0,strengthened,9,15,8,0,8,0.8,5517,low,7,18,18,15,,,computed-only,computed-only,29,0,0,29,0,0,0,,
5517,0x158D,大目付忍装束　腿甲,防具,足部,忍者防具,feet,1252,alternate_source,24404,0x5F54,feet,False,4,180,20,3,0,0x00000000,30,20,2/0,thickened,9,15,8,4,12,1.2,5517,low,0,18,18,15,,,computed-only,computed-only,22,0,0,22,0,0,0,,
5517,0x158D,大目付忍装束　腿甲,防具,足部,忍者防具,feet,1252,alternate_source,24404,0x5F54,feet,False,4,180,20,3,0,0x00000000,30,20,1/1,extreme_strengthened,9,15,8,0,8,0.8,5517,low,15,18,18,15,,,computed-only,computed-only,37,0,0,37,0,0,0,,
5517,0x158D,大目付忍装束　腿甲,防具,足部,忍者防具,feet,1252,alternate_source,24404,0x5F54,feet,False,4,180,20,3,0,0x00000000,30,20,2/2,extreme_thickened,9,15,8,9,17,1.7,5517,low,0,18,18,15,,,computed-only,computed-only,22,0,0,22,0,0,0,,
5517,0x158D,大目付忍装束　腿甲,防具,足部,忍者防具,feet,1252,alternate_source,24404,0x5F54,feet,False,4,180,20,3,0,0x00000000,30,20,1/2,strengthened_plus_thickened,9,15,8,4,12,1.2,5517,low,7,18,18,15,,,computed-only,computed-only,29,0,0,29,0,0,0,,
5697,0x1641,百万石之铠　膝甲,防具,腿部,武士防具,legs,1230,alternate_source,53701,0xD1C5,legs,False,4,180,20,3,0,0x00000000,30,20,0/0,unmodified,9,15,80,0,80,8.0,5697,low,0,75,75,17,,,computed-only,computed-only,22,0,0,0,23,0,0,,
5697,0x1641,百万石之铠　膝甲,防具,腿部,武士防具,legs,1230,alternate_source,53701,0xD1C5,legs,False,4,180,20,3,0,0x00000000,30,20,1/0,strengthened,9,15,80,0,80,8.0,5697,low,7,75,75,17,,,computed-only,computed-only,29,0,0,0,30,0,0,,
5697,0x1641,百万石之铠　膝甲,防具,腿部,武士防具,legs,1230,alternate_source,53701,0xD1C5,legs,False,4,180,20,3,0,0x00000000,30,20,2/0,thickened,9,15,80,4,84,8.4,5697,low,0,75,75,17,,,computed-only,computed-only,22,0,0,0,23,0,0,,
5697,0x1641,百万石之铠　膝甲,防具,腿部,武士防具,legs,1230,alternate_source,53701,0xD1C5,legs,False,4,180,20,3,0,0x00000000,30,20,1/1,extreme_strengthened,9,15,80,0,80,8.0,5697,low,15,75,75,17,,,computed-only,computed-only,37,0,0,0,38,0,0,,
5697,0x1641,百万石之铠　膝甲,防具,腿部,武士防具,legs,1230,alternate_source,53701,0xD1C5,legs,False,4,180,20,3,0,0x00000000,30,20,2/2,extreme_thickened,9,15,80,9,89,8.9,5697,low,0,75,75,17,,,computed-only,computed-only,22,0,0,0,23,0,0,,
5697,0x1641,百万石之铠　膝甲,防具,腿部,武士防具,legs,1230,alternate_source,53701,0xD1C5,legs,False,4,180,20,3,0,0x00000000,30,20,1/2,strengthened_plus_thickened,9,15,80,4,84,8.4,5697,low,7,75,75,17,,,computed-only,computed-only,29,0,0,0,30,0,0,,
5739,0x166B,三者忍者装束　腿甲,防具,足部,忍者防具,feet,757,alternate_source,49723,0xC23B,feet,False,4,180,20,3,0,0x00000000,30,20,0/0,unmodified,9,15,18,0,18,1.8,5739,low,0,28,28,16,,,computed-only,computed-only,0,0,9,0,8,0,0,,
5739,0x166B,三者忍者装束　腿甲,防具,足部,忍者防具,feet,757,alternate_source,49723,0xC23B,feet,False,4,180,20,3,0,0x00000000,30,20,1/0,strengthened,9,15,18,0,18,1.8,5739,low,7,28,28,16,,,computed-only,computed-only,0,0,16,0,15,0,0,,
5739,0x166B,三者忍者装束　腿甲,防具,足部,忍者防具,feet,757,alternate_source,49723,0xC23B,feet,False,4,180,20,3,0,0x00000000,30,20,2/0,thickened,9,15,18,4,22,2.2,5739,low,0,28,28,16,,,computed-only,computed-only,0,0,9,0,8,0,0,,
5739,0x166B,三者忍者装束　腿甲,防具,足部,忍者防具,feet,757,alternate_source,49723,0xC23B,feet,False,4,180,20,3,0,0x00000000,30,20,1/1,extreme_strengthened,9,15,18,0,18,1.8,5739,low,15,28,28,16,,,computed-only,computed-only,0,0,24,0,23,0,0,,
5739,0x166B,三者忍者装束　腿甲,防具,足部,忍者防具,feet,757,alternate_source,49723,0xC23B,feet,False,4,180,20,3,0,0x00000000,30,20,2/2,extreme_thickened,9,15,18,9,27,2.7,5739,low,0,28,28,16,,,computed-only,computed-only,0,0,9,0,8,0,0,,
5739,0x166B,三者忍者装束　腿甲,防具,足部,忍者防具,feet,757,alternate_source,49723,0xC23B,feet,False,4,180,20,3,0,0x00000000,30,20,1/2,strengthened_plus_thickened,9,15,18,4,22,2.2,5739,low,7,28,28,16,,,computed-only,computed-only,0,0,16,0,15,0,0,,
5741,0x166D,万雷武士之铠　胸甲,防具,身体,武士防具,chest,846,alternate_source,41288,0xA148,chest,False,4,180,20,3,0,0x00000000,30,20,0/0,unmodified,9,15,68,0,68,6.8,5741,low,0,62,62,16,,,computed-only,computed-only,5,0,0,5,0,0,0,,
5741,0x166D,万雷武士之铠　胸甲,防具,身体,武士防具,chest,846,alternate_source,41288,0xA148,chest,False,4,180,20,3,0,0x00000000,30,20,1/0,strengthened,9,15,68,0,68,6.8,5741,low,7,62,62,16,,,computed-only,computed-only,12,0,0,12,0,0,0,,
5741,0x166D,万雷武士之铠　胸甲,防具,身体,武士防具,chest,846,alternate_source,41288,0xA148,chest,False,4,180,20,3,0,0x00000000,30,20,2/0,thickened,9,15,68,4,72,7.2,5741,low,0,62,62,16,,,computed-only,computed-only,5,0,0,5,0,0,0,,
5741,0x166D,万雷武士之铠　胸甲,防具,身体,武士防具,chest,846,alternate_source,41288,0xA148,chest,False,4,180,20,3,0,0x00000000,30,20,1/1,extreme_strengthened,9,15,68,0,68,6.8,5741,low,15,62,62,16,,,computed-only,computed-only,20,0,0,20,0,0,0,,
5741,0x166D,万雷武士之铠　胸甲,防具,身体,武士防具,chest,846,alternate_source,41288,0xA148,chest,False,4,180,20,3,0,0x00000000,30,20,2/2,extreme_thickened,9,15,68,9,77,7.7,5741,low,0,62,62,16,,,computed-only,computed-only,5,0,0,5,0,0,0,,
5741,0x166D,万雷武士之铠　胸甲,防具,身体,武士防具,chest,846,alternate_source,41288,0xA148,chest,False,4,180,20,3,0,0x00000000,30,20,1/2,strengthened_plus_thickened,9,15,68,4,72,7.2,5741,low,7,62,62,16,,,computed-only,computed-only,12,0,0,12,0,0,0,,
5800,0x16A8,平三之铠　胸甲,防具,身体,忍者防具,chest,793,alternate_source,53297,0xD031,chest,False,4,180,20,3,0,0x00000000,30,20,0/0,unmodified,9,15,50,0,50,5.0,5800,low,0,98,98,16,,,computed-only,computed-only,0,0,17,0,11,0,0,,
5800,0x16A8,平三之铠　胸甲,防具,身体,忍者防具,chest,793,alternate_source,53297,0xD031,chest,False,4,180,20,3,0,0x00000000,30,20,1/0,strengthened,9,15,50,0,50,5.0,5800,low,7,98,98,16,,,computed-only,computed-only,0,0,24,0,18,0,0,,
5800,0x16A8,平三之铠　胸甲,防具,身体,忍者防具,chest,793,alternate_source,53297,0xD031,chest,False,4,180,20,3,0,0x00000000,30,20,2/0,thickened,9,15,50,4,54,5.4,5800,low,0,98,98,16,,,computed-only,computed-only,0,0,17,0,11,0,0,,
5800,0x16A8,平三之铠　胸甲,防具,身体,忍者防具,chest,793,alternate_source,53297,0xD031,chest,False,4,180,20,3,0,0x00000000,30,20,1/1,extreme_strengthened,9,15,50,0,50,5.0,5800,low,15,98,98,16,,,computed-only,computed-only,0,0,32,0,26,0,0,,
5800,0x16A8,平三之铠　胸甲,防具,身体,忍者防具,chest,793,alternate_source,53297,0xD031,chest,False,4,180,20,3,0,0x00000000,30,20,2/2,extreme_thickened,9,15,50,9,59,5.9,5800,low,0,98,98,16,,,computed-only,computed-only,0,0,17,0,11,0,0,,
5800,0x16A8,平三之铠　胸甲,防具,身体,忍者防具,chest,793,alternate_source,53297,0xD031,chest,False,4,180,20,3,0,0x00000000,30,20,1/2,strengthened_plus_thickened,9,15,50,4,54,5.4,5800,low,7,98,98,16,,,computed-only,computed-only,0,0,24,0,18,0,0,,
5852,0x16DC,霸王狙击装束　膝甲,防具,腿部,忍者防具,legs,791,alternate_source,21992,0x55E8,legs,False,4,180,20,3,0,0x00000000,30,20,0/0,unmodified,9,15,26,0,26,2.6,5852,low,0,42,42,16,,,computed-only,computed-only,0,0,7,0,6,0,0,,
5852,0x16DC,霸王狙击装束　膝甲,防具,腿部,忍者防具,legs,791,alternate_source,21992,0x55E8,legs,False,4,180,20,3,0,0x00000000,30,20,1/0,strengthened,9,15,26,0,26,2.6,5852,low,7,42,42,16,,,computed-only,computed-only,0,0,14,0,13,0,0,,
5852,0x16DC,霸王狙击装束　膝甲,防具,腿部,忍者防具,legs,791,alternate_source,21992,0x55E8,legs,False,4,180,20,3,0,0x00000000,30,20,2/0,thickened,9,15,26,4,30,3.0,5852,low,0,42,42,16,,,computed-only,computed-only,0,0,7,0,6,0,0,,
5852,0x16DC,霸王狙击装束　膝甲,防具,腿部,忍者防具,legs,791,alternate_source,21992,0x55E8,legs,False,4,180,20,3,0,0x00000000,30,20,1/1,extreme_strengthened,9,15,26,0,26,2.6,5852,low,15,42,42,16,,,computed-only,computed-only,0,0,22,0,21,0,0,,
5852,0x16DC,霸王狙击装束　膝甲,防具,腿部,忍者防具,legs,791,alternate_source,21992,0x55E8,legs,False,4,180,20,3,0,0x00000000,30,20,2/2,extreme_thickened,9,15,26,9,35,3.5,5852,low,0,42,42,16,,,computed-only,computed-only,0,0,7,0,6,0,0,,
5852,0x16DC,霸王狙击装束　膝甲,防具,腿部,忍者防具,legs,791,alternate_source,21992,0x55E8,legs,False,4,180,20,3,0,0x00000000,30,20,1/2,strengthened_plus_thickened,9,15,26,4,30,3.0,5852,low,7,42,42,16,,,computed-only,computed-only,0,0,14,0,13,0,0,,
6047,0x179F,退魔师战甲　乌帽子,防具,头部,忍者防具,head,1019,alternate_source,23309,0x5B0D,head,False,4,180,20,3,0,0x00000000,30,20,0/0,unmodified,9,15,24,0,24,2.4,6047,low,0,49,49,16,,,computed-only,computed-only,0,0,10,0,9,0,0,,
6047,0x179F,退魔师战甲　乌帽子,防具,头部,忍者防具,head,1019,alternate_source,23309,0x5B0D,head,False,4,180,20,3,0,0x00000000,30,20,1/0,strengthened,9,15,24,0,24,2.4,6047,low,7,49,49,16,,,computed-only,computed-only,0,0,17,0,16,0,0,,
6047,0x179F,退魔师战甲　乌帽子,防具,头部,忍者防具,head,1019,alternate_source,23309,0x5B0D,head,False,4,180,20,3,0,0x00000000,30,20,2/0,thickened,9,15,24,4,28,2.8,6047,low,0,49,49,16,,,computed-only,computed-only,0,0,10,0,9,0,0,,
6047,0x179F,退魔师战甲　乌帽子,防具,头部,忍者防具,head,1019,alternate_source,23309,0x5B0D,head,False,4,180,20,3,0,0x00000000,30,20,1/1,extreme_strengthened,9,15,24,0,24,2.4,6047,low,15,49,49,16,,,computed-only,computed-only,0,0,25,0,24,0,0,,
6047,0x179F,退魔师战甲　乌帽子,防具,头部,忍者防具,head,1019,alternate_source,23309,0x5B0D,head,False,4,180,20,3,0,0x00000000,30,20,2/2,extreme_thickened,9,15,24,9,33,3.3,6047,low,0,49,49,16,,,computed-only,computed-only,0,0,10,0,9,0,0,,
6047,0x179F,退魔师战甲　乌帽子,防具,头部,忍者防具,head,1019,alternate_source,23309,0x5B0D,head,False,4,180,20,3,0,0x00000000,30,20,1/2,strengthened_plus_thickened,9,15,24,4,28,2.8,6047,low,7,49,49,16,,,computed-only,computed-only,0,0,17,0,16,0,0,,
6237,0x185D,冰狱忍者装束　腿甲,防具,足部,忍者防具,feet,844,alternate_source,15871,0x3DFF,feet,False,4,180,20,3,0,0x00000000,30,20,0/0,unmodified,9,15,16,0,16,1.6,6237,low,0,28,28,16,,,computed-only,computed-only,5,0,0,5,0,0,0,,
6237,0x185D,冰狱忍者装束　腿甲,防具,足部,忍者防具,feet,844,alternate_source,15871,0x3DFF,feet,False,4,180,20,3,0,0x00000000,30,20,1/0,strengthened,9,15,16,0,16,1.6,6237,low,7,28,28,16,,,computed-only,computed-only,12,0,0,12,0,0,0,,
6237,0x185D,冰狱忍者装束　腿甲,防具,足部,忍者防具,feet,844,alternate_source,15871,0x3DFF,feet,False,4,180,20,3,0,0x00000000,30,20,2/0,thickened,9,15,16,4,20,2.0,6237,low,0,28,28,16,,,computed-only,computed-only,5,0,0,5,0,0,0,,
6237,0x185D,冰狱忍者装束　腿甲,防具,足部,忍者防具,feet,844,alternate_source,15871,0x3DFF,feet,False,4,180,20,3,0,0x00000000,30,20,1/1,extreme_strengthened,9,15,16,0,16,1.6,6237,low,15,28,28,16,,,computed-only,computed-only,20,0,0,20,0,0,0,,
6237,0x185D,冰狱忍者装束　腿甲,防具,足部,忍者防具,feet,844,alternate_source,15871,0x3DFF,feet,False,4,180,20,3,0,0x00000000,30,20,2/2,extreme_thickened,9,15,16,9,25,2.5,6237,low,0,28,28,16,,,computed-only,computed-only,5,0,0,5,0,0,0,,
6237,0x185D,冰狱忍者装束　腿甲,防具,足部,忍者防具,feet,844,alternate_source,15871,0x3DFF,feet,False,4,180,20,3,0,0x00000000,30,20,1/2,strengthened_plus_thickened,9,15,16,4,20,2.0,6237,low,7,28,28,16,,,computed-only,computed-only,12,0,0,12,0,0,0,,
6254,0x186E,又右卫门之衣　腿甲,防具,足部,武士防具,feet,1271,alternate_source,4335,0x10EF,feet,False,4,180,20,3,0,0x00000000,30,20,0/0,unmodified,9,15,16,0,16,1.6,6254,low,0,19,19,15,,,computed-only,computed-only,22,0,0,22,0,0,0,,
6254,0x186E,又右卫门之衣　腿甲,防具,足部,武士防具,feet,1271,alternate_source,4335,0x10EF,feet,False,4,180,20,3,0,0x00000000,30,20,1/0,strengthened,9,15,16,0,16,1.6,6254,low,7,19,19,15,,,computed-only,computed-only,29,0,0,29,0,0,0,,
6254,0x186E,又右卫门之衣　腿甲,防具,足部,武士防具,feet,1271,alternate_source,4335,0x10EF,feet,False,4,180,20,3,0,0x00000000,30,20,2/0,thickened,9,15,16,4,20,2.0,6254,low,0,19,19,15,,,computed-only,computed-only,22,0,0,22,0,0,0,,
6254,0x186E,又右卫门之衣　腿甲,防具,足部,武士防具,feet,1271,alternate_source,4335,0x10EF,feet,False,4,180,20,3,0,0x00000000,30,20,1/1,extreme_strengthened,9,15,16,0,16,1.6,6254,low,15,19,19,15,,,computed-only,computed-only,37,0,0,37,0,0,0,,
6254,0x186E,又右卫门之衣　腿甲,防具,足部,武士防具,feet,1271,alternate_source,4335,0x10EF,feet,False,4,180,20,3,0,0x00000000,30,20,2/2,extreme_thickened,9,15,16,9,25,2.5,6254,low,0,19,19,15,,,computed-only,computed-only,22,0,0,22,0,0,0,,
6254,0x186E,又右卫门之衣　腿甲,防具,足部,武士防具,feet,1271,alternate_source,4335,0x10EF,feet,False,4,180,20,3,0,0x00000000,30,20,1/2,strengthened_plus_thickened,9,15,16,4,20,2.0,6254,low,7,19,19,15,,,computed-only,computed-only,29,0,0,29,0,0,0,,
6304,0x18A0,,防具或饰品,,装备,head,1277,alternate_source,42512,0xA610,head,False,4,180,20,3,0,0x00000000,30,20,0/0,unmodified,9,15,34,0,34,3.4,6304,low,0,31,31,16,,,computed-only,computed-only,21,0,0,21,0,0,0,,
6304,0x18A0,,防具或饰品,,装备,head,1277,alternate_source,42512,0xA610,head,False,4,180,20,3,0,0x00000000,30,20,1/0,strengthened,9,15,34,0,34,3.4,6304,low,7,31,31,16,,,computed-only,computed-only,28,0,0,28,0,0,0,,
6304,0x18A0,,防具或饰品,,装备,head,1277,alternate_source,42512,0xA610,head,False,4,180,20,3,0,0x00000000,30,20,2/0,thickened,9,15,34,4,38,3.8,6304,low,0,31,31,16,,,computed-only,computed-only,21,0,0,21,0,0,0,,
6304,0x18A0,,防具或饰品,,装备,head,1277,alternate_source,42512,0xA610,head,False,4,180,20,3,0,0x00000000,30,20,1/1,extreme_strengthened,9,15,34,0,34,3.4,6304,low,15,31,31,16,,,computed-only,computed-only,36,0,0,36,0,0,0,,
6304,0x18A0,,防具或饰品,,装备,head,1277,alternate_source,42512,0xA610,head,False,4,180,20,3,0,0x00000000,30,20,2/2,extreme_thickened,9,15,34,9,43,4.3,6304,low,0,31,31,16,,,computed-only,computed-only,21,0,0,21,0,0,0,,
6304,0x18A0,,防具或饰品,,装备,head,1277,alternate_source,42512,0xA610,head,False,4,180,20,3,0,0x00000000,30,20,1/2,strengthened_plus_thickened,9,15,34,4,38,3.8,6304,low,7,31,31,16,,,computed-only,computed-only,28,0,0,28,0,0,0,,
6519,0x1977,讨鬼勇猛之铠　胸甲,防具,身体,武士防具,chest,1065,alternate_source,7240,0x1C48,chest,False,4,180,20,3,0,0x00000000,30,20,0/0,unmodified,9,15,74,0,74,7.4,6519,low,0,62,62,16,,,computed-only,computed-only,8,0,0,11,0,0,0,,
6519,0x1977,讨鬼勇猛之铠　胸甲,防具,身体,武士防具,chest,1065,alternate_source,7240,0x1C48,chest,False,4,180,20,3,0,0x00000000,30,20,1/0,strengthened,9,15,74,0,74,7.4,6519,low,7,62,62,16,,,computed-only,computed-only,15,0,0,18,0,0,0,,
6519,0x1977,讨鬼勇猛之铠　胸甲,防具,身体,武士防具,chest,1065,alternate_source,7240,0x1C48,chest,False,4,180,20,3,0,0x00000000,30,20,2/0,thickened,9,15,74,4,78,7.8,6519,low,0,62,62,16,,,computed-only,computed-only,8,0,0,11,0,0,0,,
6519,0x1977,讨鬼勇猛之铠　胸甲,防具,身体,武士防具,chest,1065,alternate_source,7240,0x1C48,chest,False,4,180,20,3,0,0x00000000,30,20,1/1,extreme_strengthened,9,15,74,0,74,7.4,6519,low,15,62,62,16,,,computed-only,computed-only,23,0,0,26,0,0,0,,
6519,0x1977,讨鬼勇猛之铠　胸甲,防具,身体,武士防具,chest,1065,alternate_source,7240,0x1C48,chest,False,4,180,20,3,0,0x00000000,30,20,2/2,extreme_thickened,9,15,74,9,83,8.3,6519,low,0,62,62,16,,,computed-only,computed-only,8,0,0,11,0,0,0,,
6519,0x1977,讨鬼勇猛之铠　胸甲,防具,身体,武士防具,chest,1065,alternate_source,7240,0x1C48,chest,False,4,180,20,3,0,0x00000000,30,20,1/2,strengthened_plus_thickened,9,15,74,4,78,7.8,6519,low,7,62,62,16,,,computed-only,computed-only,15,0,0,18,0,0,0,,
6588,0x19BC,修理亮之铠　膝甲,防具,腿部,武士防具,legs,714,alternate_source,23645,0x5C5D,legs,False,4,180,20,3,0,0x00000000,30,20,0/0,unmodified,9,15,74,0,74,7.4,6588,low,0,75,75,17,,,computed-only,computed-only,0,0,9,8,0,0,0,,
6588,0x19BC,修理亮之铠　膝甲,防具,腿部,武士防具,legs,714,alternate_source,23645,0x5C5D,legs,False,4,180,20,3,0,0x00000000,30,20,1/0,strengthened,9,15,74,0,74,7.4,6588,low,7,75,75,17,,,computed-only,computed-only,0,0,16,15,0,0,0,,
6588,0x19BC,修理亮之铠　膝甲,防具,腿部,武士防具,legs,714,alternate_source,23645,0x5C5D,legs,False,4,180,20,3,0,0x00000000,30,20,2/0,thickened,9,15,74,4,78,7.8,6588,low,0,75,75,17,,,computed-only,computed-only,0,0,9,8,0,0,0,,
6588,0x19BC,修理亮之铠　膝甲,防具,腿部,武士防具,legs,714,alternate_source,23645,0x5C5D,legs,False,4,180,20,3,0,0x00000000,30,20,1/1,extreme_strengthened,9,15,74,0,74,7.4,6588,low,15,75,75,17,,,computed-only,computed-only,0,0,24,23,0,0,0,,
6588,0x19BC,修理亮之铠　膝甲,防具,腿部,武士防具,legs,714,alternate_source,23645,0x5C5D,legs,False,4,180,20,3,0,0x00000000,30,20,2/2,extreme_thickened,9,15,74,9,83,8.3,6588,low,0,75,75,17,,,computed-only,computed-only,0,0,9,8,0,0,0,,
6588,0x19BC,修理亮之铠　膝甲,防具,腿部,武士防具,legs,714,alternate_source,23645,0x5C5D,legs,False,4,180,20,3,0,0x00000000,30,20,1/2,strengthened_plus_thickened,9,15,74,4,78,7.8,6588,low,7,75,75,17,,,computed-only,computed-only,0,0,16,15,0,0,0,,
6610,0x19D2,新选组队服　护额,防具,头部,武士防具,head,672,alternate_source,59856,0xE9D0,head,False,4,180,20,3,0,0x00000000,30,20,0/0,unmodified,9,15,17,0,17,1.7,6610,low,0,19,19,15,,,computed-only,computed-only,17,0,0,0,17,0,0,,
6610,0x19D2,新选组队服　护额,防具,头部,武士防具,head,672,alternate_source,59856,0xE9D0,head,False,4,180,20,3,0,0x00000000,30,20,1/0,strengthened,9,15,17,0,17,1.7,6610,low,7,19,19,15,,,computed-only,computed-only,24,0,0,0,24,0,0,,
6610,0x19D2,新选组队服　护额,防具,头部,武士防具,head,672,alternate_source,59856,0xE9D0,head,False,4,180,20,3,0,0x00000000,30,20,2/0,thickened,9,15,17,4,21,2.1,6610,low,0,19,19,15,,,computed-only,computed-only,17,0,0,0,17,0,0,,
6610,0x19D2,新选组队服　护额,防具,头部,武士防具,head,672,alternate_source,59856,0xE9D0,head,False,4,180,20,3,0,0x00000000,30,20,1/1,extreme_strengthened,9,15,17,0,17,1.7,6610,low,15,19,19,15,,,computed-only,computed-only,32,0,0,0,32,0,0,,
6610,0x19D2,新选组队服　护额,防具,头部,武士防具,head,672,alternate_source,59856,0xE9D0,head,False,4,180,20,3,0,0x00000000,30,20,2/2,extreme_thickened,9,15,17,9,26,2.6,6610,low,0,19,19,15,,,computed-only,computed-only,17,0,0,0,17,0,0,,
6610,0x19D2,新选组队服　护额,防具,头部,武士防具,head,672,alternate_source,59856,0xE9D0,head,False,4,180,20,3,0,0x00000000,30,20,1/2,strengthened_plus_thickened,9,15,17,4,21,2.1,6610,low,7,19,19,15,,,computed-only,computed-only,24,0,0,0,24,0,0,,
6646,0x19F6,足轻中铠　臂甲,防具,手臂,武士防具,arms,26,standalone,6646,0x19F6,arms,False,4,180,20,3,0,0x00000000,30,20,0/0,unmodified,9,15,22,0,22,2.2,6646,low,0,19,19,16,,,computed-only,computed-only,6,0,0,5,0,0,0,,
6646,0x19F6,足轻中铠　臂甲,防具,手臂,武士防具,arms,26,standalone,6646,0x19F6,arms,False,4,180,20,3,0,0x00000000,30,20,1/0,strengthened,9,15,22,0,22,2.2,6646,low,7,19,19,16,,,computed-only,computed-only,13,0,0,12,0,0,0,,
6646,0x19F6,足轻中铠　臂甲,防具,手臂,武士防具,arms,26,standalone,6646,0x19F6,arms,False,4,180,20,3,0,0x00000000,30,20,2/0,thickened,9,15,22,4,26,2.6,6646,low,0,19,19,16,,,computed-only,computed-only,6,0,0,5,0,0,0,,
6646,0x19F6,足轻中铠　臂甲,防具,手臂,武士防具,arms,26,standalone,6646,0x19F6,arms,False,4,180,20,3,0,0x00000000,30,20,1/1,extreme_strengthened,9,15,22,0,22,2.2,6646,low,15,19,19,16,,,computed-only,computed-only,21,0,0,20,0,0,0,,
6646,0x19F6,足轻中铠　臂甲,防具,手臂,武士防具,arms,26,standalone,6646,0x19F6,arms,False,4,180,20,3,0,0x00000000,30,20,2/2,extreme_thickened,9,15,22,9,31,3.1,6646,low,0,19,19,16,,,computed-only,computed-only,6,0,0,5,0,0,0,,
6646,0x19F6,足轻中铠　臂甲,防具,手臂,武士防具,arms,26,standalone,6646,0x19F6,arms,False,4,180,20,3,0,0x00000000,30,20,1/2,strengthened_plus_thickened,9,15,22,4,26,2.6,6646,low,7,19,19,16,,,computed-only,computed-only,13,0,0,12,0,0,0,,
6760,0x1A68,世嗣忍者装束　臂甲,防具,手臂,忍者防具,arms,614,alternate_source,34971,0x889B,arms,False,4,180,20,3,0,0x00000000,30,20,0/0,unmodified,9,15,6,0,6,0.6,6760,low,0,18,18,15,,,computed-only,computed-only,5,0,0,0,5,0,0,,
6760,0x1A68,世嗣忍者装束　臂甲,防具,手臂,忍者防具,arms,614,alternate_source,34971,0x889B,arms,False,4,180,20,3,0,0x00000000,30,20,1/0,strengthened,9,15,6,0,6,0.6,6760,low,7,18,18,15,,,computed-only,computed-only,12,0,0,0,12,0,0,,
6760,0x1A68,世嗣忍者装束　臂甲,防具,手臂,忍者防具,arms,614,alternate_source,34971,0x889B,arms,False,4,180,20,3,0,0x00000000,30,20,2/0,thickened,9,15,6,4,10,1.0,6760,low,0,18,18,15,,,computed-only,computed-only,5,0,0,0,5,0,0,,
6760,0x1A68,世嗣忍者装束　臂甲,防具,手臂,忍者防具,arms,614,alternate_source,34971,0x889B,arms,False,4,180,20,3,0,0x00000000,30,20,1/1,extreme_strengthened,9,15,6,0,6,0.6,6760,low,15,18,18,15,,,computed-only,computed-only,20,0,0,0,20,0,0,,
6760,0x1A68,世嗣忍者装束　臂甲,防具,手臂,忍者防具,arms,614,alternate_source,34971,0x889B,arms,False,4,180,20,3,0,0x00000000,30,20,2/2,extreme_thickened,9,15,6,9,15,1.5,6760,low,0,18,18,15,,,computed-only,computed-only,5,0,0,0,5,0,0,,
6760,0x1A68,世嗣忍者装束　臂甲,防具,手臂,忍者防具,arms,614,alternate_source,34971,0x889B,arms,False,4,180,20,3,0,0x00000000,30,20,1/2,strengthened_plus_thickened,9,15,6,4,10,1.0,6760,low,7,18,18,15,,,computed-only,computed-only,12,0,0,0,12,0,0,,
6847,0x1ABF,炎狱忍者装束　面具,防具,头部,忍者防具,head,830,alternate_source,37269,0x9195,head,False,4,180,20,3,0,0x00000000,30,20,0/0,unmodified,9,15,16,0,16,1.6,6847,low,0,28,28,16,,,computed-only,computed-only,5,0,0,5,0,0,0,,
6847,0x1ABF,炎狱忍者装束　面具,防具,头部,忍者防具,head,830,alternate_source,37269,0x9195,head,False,4,180,20,3,0,0x00000000,30,20,1/0,strengthened,9,15,16,0,16,1.6,6847,low,7,28,28,16,,,computed-only,computed-only,12,0,0,12,0,0,0,,
6847,0x1ABF,炎狱忍者装束　面具,防具,头部,忍者防具,head,830,alternate_source,37269,0x9195,head,False,4,180,20,3,0,0x00000000,30,20,2/0,thickened,9,15,16,4,20,2.0,6847,low,0,28,28,16,,,computed-only,computed-only,5,0,0,5,0,0,0,,
6847,0x1ABF,炎狱忍者装束　面具,防具,头部,忍者防具,head,830,alternate_source,37269,0x9195,head,False,4,180,20,3,0,0x00000000,30,20,1/1,extreme_strengthened,9,15,16,0,16,1.6,6847,low,15,28,28,16,,,computed-only,computed-only,20,0,0,20,0,0,0,,
6847,0x1ABF,炎狱忍者装束　面具,防具,头部,忍者防具,head,830,alternate_source,37269,0x9195,head,False,4,180,20,3,0,0x00000000,30,20,2/2,extreme_thickened,9,15,16,9,25,2.5,6847,low,0,28,28,16,,,computed-only,computed-only,5,0,0,5,0,0,0,,
6847,0x1ABF,炎狱忍者装束　面具,防具,头部,忍者防具,head,830,alternate_source,37269,0x9195,head,False,4,180,20,3,0,0x00000000,30,20,1/2,strengthened_plus_thickened,9,15,16,4,20,2.0,6847,low,7,28,28,16,,,computed-only,computed-only,12,0,0,12,0,0,0,,
6877,0x1ADD,扇前立头盔,防具,头部,武士防具,head,1349,alternate_source,2028,0x07EC,head,False,4,180,20,3,0,0x00000000,30,20,0/0,unmodified,9,15,33,0,33,3.3,6877,low,0,31,31,16,,,computed-only,computed-only,13,0,0,13,0,0,0,,
6877,0x1ADD,扇前立头盔,防具,头部,武士防具,head,1349,alternate_source,2028,0x07EC,head,False,4,180,20,3,0,0x00000000,30,20,1/0,strengthened,9,15,33,0,33,3.3,6877,low,7,31,31,16,,,computed-only,computed-only,20,0,0,20,0,0,0,,
6877,0x1ADD,扇前立头盔,防具,头部,武士防具,head,1349,alternate_source,2028,0x07EC,head,False,4,180,20,3,0,0x00000000,30,20,2/0,thickened,9,15,33,4,37,3.7,6877,low,0,31,31,16,,,computed-only,computed-only,13,0,0,13,0,0,0,,
6877,0x1ADD,扇前立头盔,防具,头部,武士防具,head,1349,alternate_source,2028,0x07EC,head,False,4,180,20,3,0,0x00000000,30,20,1/1,extreme_strengthened,9,15,33,0,33,3.3,6877,low,15,31,31,16,,,computed-only,computed-only,28,0,0,28,0,0,0,,
6877,0x1ADD,扇前立头盔,防具,头部,武士防具,head,1349,alternate_source,2028,0x07EC,head,False,4,180,20,3,0,0x00000000,30,20,2/2,extreme_thickened,9,15,33,9,42,4.2,6877,low,0,31,31,16,,,computed-only,computed-only,13,0,0,13,0,0,0,,
6877,0x1ADD,扇前立头盔,防具,头部,武士防具,head,1349,alternate_source,2028,0x07EC,head,False,4,180,20,3,0,0x00000000,30,20,1/2,strengthened_plus_thickened,9,15,33,4,37,3.7,6877,low,7,31,31,16,,,computed-only,computed-only,20,0,0,20,0,0,0,,
6914,0x1B02,幕府军装束　上衣,防具,身体,忍者防具,chest,668,alternate_source,4728,0x1278,chest,False,4,180,20,3,0,0x00000000,30,20,0/0,unmodified,9,15,16,0,16,1.6,6914,low,0,36,36,15,,,computed-only,computed-only,16,0,0,0,16,0,0,,
6914,0x1B02,幕府军装束　上衣,防具,身体,忍者防具,chest,668,alternate_source,4728,0x1278,chest,False,4,180,20,3,0,0x00000000,30,20,1/0,strengthened,9,15,16,0,16,1.6,6914,low,7,36,36,15,,,computed-only,computed-only,23,0,0,0,23,0,0,,
6914,0x1B02,幕府军装束　上衣,防具,身体,忍者防具,chest,668,alternate_source,4728,0x1278,chest,False,4,180,20,3,0,0x00000000,30,20,2/0,thickened,9,15,16,4,20,2.0,6914,low,0,36,36,15,,,computed-only,computed-only,16,0,0,0,16,0,0,,
6914,0x1B02,幕府军装束　上衣,防具,身体,忍者防具,chest,668,alternate_source,4728,0x1278,chest,False,4,180,20,3,0,0x00000000,30,20,1/1,extreme_strengthened,9,15,16,0,16,1.6,6914,low,15,36,36,15,,,computed-only,computed-only,31,0,0,0,31,0,0,,
6914,0x1B02,幕府军装束　上衣,防具,身体,忍者防具,chest,668,alternate_source,4728,0x1278,chest,False,4,180,20,3,0,0x00000000,30,20,2/2,extreme_thickened,9,15,16,9,25,2.5,6914,low,0,36,36,15,,,computed-only,computed-only,16,0,0,0,16,0,0,,
6914,0x1B02,幕府军装束　上衣,防具,身体,忍者防具,chest,668,alternate_source,4728,0x1278,chest,False,4,180,20,3,0,0x00000000,30,20,1/2,strengthened_plus_thickened,9,15,16,4,20,2.0,6914,low,7,36,36,15,,,computed-only,computed-only,23,0,0,0,23,0,0,,
6974,0x1B3E,,防具,,忍者防具,head,1129,standalone,6974,0x1B3E,head,False,4,180,20,3,0,0x00000000,30,20,0/0,unmodified,9,15,20,0,20,2.0,6974,low,0,28,28,16,,,computed-only,computed-only,0,0,0,0,8,0,0,,
6974,0x1B3E,,防具,,忍者防具,head,1129,standalone,6974,0x1B3E,head,False,4,180,20,3,0,0x00000000,30,20,1/0,strengthened,9,15,20,0,20,2.0,6974,low,7,28,28,16,,,computed-only,computed-only,0,0,0,0,15,0,0,,
6974,0x1B3E,,防具,,忍者防具,head,1129,standalone,6974,0x1B3E,head,False,4,180,20,3,0,0x00000000,30,20,2/0,thickened,9,15,20,4,24,2.4,6974,low,0,28,28,16,,,computed-only,computed-only,0,0,0,0,8,0,0,,
6974,0x1B3E,,防具,,忍者防具,head,1129,standalone,6974,0x1B3E,head,False,4,180,20,3,0,0x00000000,30,20,1/1,extreme_strengthened,9,15,20,0,20,2.0,6974,low,15,28,28,16,,,computed-only,computed-only,0,0,0,0,23,0,0,,
6974,0x1B3E,,防具,,忍者防具,head,1129,standalone,6974,0x1B3E,head,False,4,180,20,3,0,0x00000000,30,20,2/2,extreme_thickened,9,15,20,9,29,2.9,6974,low,0,28,28,16,,,computed-only,computed-only,0,0,0,0,8,0,0,,
6974,0x1B3E,,防具,,忍者防具,head,1129,standalone,6974,0x1B3E,head,False,4,180,20,3,0,0x00000000,30,20,1/2,strengthened_plus_thickened,9,15,20,4,24,2.4,6974,low,7,28,28,16,,,computed-only,computed-only,0,0,0,0,15,0,0,,
7000,0x1B58,万雷武士之铠　腿甲,防具,足部,武士防具,feet,849,alternate_source,26227,0x6673,feet,False,4,180,20,3,0,0x00000000,30,20,0/0,unmodified,9,15,34,0,34,3.4,7000,low,0,31,31,16,,,computed-only,computed-only,5,0,0,5,0,0,0,,
7000,0x1B58,万雷武士之铠　腿甲,防具,足部,武士防具,feet,849,alternate_source,26227,0x6673,feet,False,4,180,20,3,0,0x00000000,30,20,1/0,strengthened,9,15,34,0,34,3.4,7000,low,7,31,31,16,,,computed-only,computed-only,12,0,0,12,0,0,0,,
7000,0x1B58,万雷武士之铠　腿甲,防具,足部,武士防具,feet,849,alternate_source,26227,0x6673,feet,False,4,180,20,3,0,0x00000000,30,20,2/0,thickened,9,15,34,4,38,3.8,7000,low,0,31,31,16,,,computed-only,computed-only,5,0,0,5,0,0,0,,
7000,0x1B58,万雷武士之铠　腿甲,防具,足部,武士防具,feet,849,alternate_source,26227,0x6673,feet,False,4,180,20,3,0,0x00000000,30,20,1/1,extreme_strengthened,9,15,34,0,34,3.4,7000,low,15,31,31,16,,,computed-only,computed-only,20,0,0,20,0,0,0,,
7000,0x1B58,万雷武士之铠　腿甲,防具,足部,武士防具,feet,849,alternate_source,26227,0x6673,feet,False,4,180,20,3,0,0x00000000,30,20,2/2,extreme_thickened,9,15,34,9,43,4.3,7000,low,0,31,31,16,,,computed-only,computed-only,5,0,0,5,0,0,0,,
7000,0x1B58,万雷武士之铠　腿甲,防具,足部,武士防具,feet,849,alternate_source,26227,0x6673,feet,False,4,180,20,3,0,0x00000000,30,20,1/2,strengthened_plus_thickened,9,15,34,4,38,3.8,7000,low,7,31,31,16,,,computed-only,computed-only,12,0,0,12,0,0,0,,
7077,0x1BA5,木曾紫之铠　胸甲,防具,身体,武士防具,chest,798,alternate_source,63987,0xF9F3,chest,False,4,180,20,3,0,0x00000000,30,20,0/0,unmodified,9,15,106,0,106,10.6,7077,low,0,100,100,17,,,computed-only,computed-only,0,0,15,13,0,0,0,,
7077,0x1BA5,木曾紫之铠　胸甲,防具,身体,武士防具,chest,798,alternate_source,63987,0xF9F3,chest,False,4,180,20,3,0,0x00000000,30,20,1/0,strengthened,9,15,106,0,106,10.6,7077,low,7,100,100,17,,,computed-only,computed-only,0,0,22,20,0,0,0,,
7077,0x1BA5,木曾紫之铠　胸甲,防具,身体,武士防具,chest,798,alternate_source,63987,0xF9F3,chest,False,4,180,20,3,0,0x00000000,30,20,2/0,thickened,9,15,106,4,110,11.0,7077,low,0,100,100,17,,,computed-only,computed-only,0,0,15,13,0,0,0,,
7077,0x1BA5,木曾紫之铠　胸甲,防具,身体,武士防具,chest,798,alternate_source,63987,0xF9F3,chest,False,4,180,20,3,0,0x00000000,30,20,1/1,extreme_strengthened,9,15,106,0,106,10.6,7077,low,15,100,100,17,,,computed-only,computed-only,0,0,30,28,0,0,0,,
7077,0x1BA5,木曾紫之铠　胸甲,防具,身体,武士防具,chest,798,alternate_source,63987,0xF9F3,chest,False,4,180,20,3,0,0x00000000,30,20,2/2,extreme_thickened,9,15,106,9,115,11.5,7077,low,0,100,100,17,,,computed-only,computed-only,0,0,15,13,0,0,0,,
7077,0x1BA5,木曾紫之铠　胸甲,防具,身体,武士防具,chest,798,alternate_source,63987,0xF9F3,chest,False,4,180,20,3,0,0x00000000,30,20,1/2,strengthened_plus_thickened,9,15,106,4,110,11.0,7077,low,7,100,100,17,,,computed-only,computed-only,0,0,22,20,0,0,0,,
7136,0x1BE0,,防具或饰品,,装备,feet,1281,alternate_source,26227,0x6673,feet,False,4,180,20,3,0,0x00000000,30,20,0/0,unmodified,9,15,34,0,34,3.4,7136,low,0,31,31,16,,,computed-only,computed-only,21,0,0,21,0,0,0,,
7136,0x1BE0,,防具或饰品,,装备,feet,1281,alternate_source,26227,0x6673,feet,False,4,180,20,3,0,0x00000000,30,20,1/0,strengthened,9,15,34,0,34,3.4,7136,low,7,31,31,16,,,computed-only,computed-only,28,0,0,28,0,0,0,,
7136,0x1BE0,,防具或饰品,,装备,feet,1281,alternate_source,26227,0x6673,feet,False,4,180,20,3,0,0x00000000,30,20,2/0,thickened,9,15,34,4,38,3.8,7136,low,0,31,31,16,,,computed-only,computed-only,21,0,0,21,0,0,0,,
7136,0x1BE0,,防具或饰品,,装备,feet,1281,alternate_source,26227,0x6673,feet,False,4,180,20,3,0,0x00000000,30,20,1/1,extreme_strengthened,9,15,34,0,34,3.4,7136,low,15,31,31,16,,,computed-only,computed-only,36,0,0,36,0,0,0,,
7136,0x1BE0,,防具或饰品,,装备,feet,1281,alternate_source,26227,0x6673,feet,False,4,180,20,3,0,0x00000000,30,20,2/2,extreme_thickened,9,15,34,9,43,4.3,7136,low,0,31,31,16,,,computed-only,computed-only,21,0,0,21,0,0,0,,
7136,0x1BE0,,防具或饰品,,装备,feet,1281,alternate_source,26227,0x6673,feet,False,4,180,20,3,0,0x00000000,30,20,1/2,strengthened_plus_thickened,9,15,34,4,38,3.8,7136,low,7,31,31,16,,,computed-only,computed-only,28,0,0,28,0,0,0,,
7145,0x1BE9,善擦帽子,防具,头部,忍者防具,head,1386,alternate_source,37269,0x9195,head,False,4,180,20,3,0,0x00000000,30,20,0/0,unmodified,9,15,16,0,16,1.6,7145,low,0,28,28,16,,,computed-only,computed-only,0,0,5,0,5,0,0,,
7145,0x1BE9,善擦帽子,防具,头部,忍者防具,head,1386,alternate_source,37269,0x9195,head,False,4,180,20,3,0,0x00000000,30,20,1/0,strengthened,9,15,16,0,16,1.6,7145,low,7,28,28,16,,,computed-only,computed-only,0,0,12,0,12,0,0,,
7145,0x1BE9,善擦帽子,防具,头部,忍者防具,head,1386,alternate_source,37269,0x9195,head,False,4,180,20,3,0,0x00000000,30,20,2/0,thickened,9,15,16,4,20,2.0,7145,low,0,28,28,16,,,computed-only,computed-only,0,0,5,0,5,0,0,,
7145,0x1BE9,善擦帽子,防具,头部,忍者防具,head,1386,alternate_source,37269,0x9195,head,False,4,180,20,3,0,0x00000000,30,20,1/1,extreme_strengthened,9,15,16,0,16,1.6,7145,low,15,28,28,16,,,computed-only,computed-only,0,0,20,0,20,0,0,,
7145,0x1BE9,善擦帽子,防具,头部,忍者防具,head,1386,alternate_source,37269,0x9195,head,False,4,180,20,3,0,0x00000000,30,20,2/2,extreme_thickened,9,15,16,9,25,2.5,7145,low,0,28,28,16,,,computed-only,computed-only,0,0,5,0,5,0,0,,
7145,0x1BE9,善擦帽子,防具,头部,忍者防具,head,1386,alternate_source,37269,0x9195,head,False,4,180,20,3,0,0x00000000,30,20,1/2,strengthened_plus_thickened,9,15,16,4,20,2.0,7145,low,7,28,28,16,,,computed-only,computed-only,0,0,12,0,12,0,0,,
7199,0x1C1F,楚叶矢众铠　臂甲,防具,手臂,忍者防具,arms,1026,alternate_source,38896,0x97F0,arms,False,4,180,20,3,0,0x00000000,30,20,0/0,unmodified,9,15,18,0,18,1.8,7199,low,0,28,28,16,,,computed-only,computed-only,0,0,20,0,14,0,0,,
7199,0x1C1F,楚叶矢众铠　臂甲,防具,手臂,忍者防具,arms,1026,alternate_source,38896,0x97F0,arms,False,4,180,20,3,0,0x00000000,30,20,1/0,strengthened,9,15,18,0,18,1.8,7199,low,7,28,28,16,,,computed-only,computed-only,0,0,27,0,21,0,0,,
7199,0x1C1F,楚叶矢众铠　臂甲,防具,手臂,忍者防具,arms,1026,alternate_source,38896,0x97F0,arms,False,4,180,20,3,0,0x00000000,30,20,2/0,thickened,9,15,18,4,22,2.2,7199,low,0,28,28,16,,,computed-only,computed-only,0,0,20,0,14,0,0,,
7199,0x1C1F,楚叶矢众铠　臂甲,防具,手臂,忍者防具,arms,1026,alternate_source,38896,0x97F0,arms,False,4,180,20,3,0,0x00000000,30,20,1/1,extreme_strengthened,9,15,18,0,18,1.8,7199,low,15,28,28,16,,,computed-only,computed-only,0,0,35,0,29,0,0,,
7199,0x1C1F,楚叶矢众铠　臂甲,防具,手臂,忍者防具,arms,1026,alternate_source,38896,0x97F0,arms,False,4,180,20,3,0,0x00000000,30,20,2/2,extreme_thickened,9,15,18,9,27,2.7,7199,low,0,28,28,16,,,computed-only,computed-only,0,0,20,0,14,0,0,,
7199,0x1C1F,楚叶矢众铠　臂甲,防具,手臂,忍者防具,arms,1026,alternate_source,38896,0x97F0,arms,False,4,180,20,3,0,0x00000000,30,20,1/2,strengthened_plus_thickened,9,15,18,4,22,2.2,7199,low,7,28,28,16,,,computed-only,computed-only,0,0,27,0,21,0,0,,
7215,0x1C2F,盾无　头盔,防具,头部,武士防具,head,1174,alternate_source,16432,0x4030,head,False,4,180,20,3,0,0x00000000,30,20,0/0,unmodified,9,15,52,0,52,5.2,7215,low,0,50,50,17,,,computed-only,computed-only,0,0,12,13,0,0,0,,
7215,0x1C2F,盾无　头盔,防具,头部,武士防具,head,1174,alternate_source,16432,0x4030,head,False,4,180,20,3,0,0x00000000,30,20,1/0,strengthened,9,15,52,0,52,5.2,7215,low,7,50,50,17,,,computed-only,computed-only,0,0,19,20,0,0,0,,
7215,0x1C2F,盾无　头盔,防具,头部,武士防具,head,1174,alternate_source,16432,0x4030,head,False,4,180,20,3,0,0x00000000,30,20,2/0,thickened,9,15,52,4,56,5.6,7215,low,0,50,50,17,,,computed-only,computed-only,0,0,12,13,0,0,0,,
7215,0x1C2F,盾无　头盔,防具,头部,武士防具,head,1174,alternate_source,16432,0x4030,head,False,4,180,20,3,0,0x00000000,30,20,1/1,extreme_strengthened,9,15,52,0,52,5.2,7215,low,15,50,50,17,,,computed-only,computed-only,0,0,27,28,0,0,0,,
7215,0x1C2F,盾无　头盔,防具,头部,武士防具,head,1174,alternate_source,16432,0x4030,head,False,4,180,20,3,0,0x00000000,30,20,2/2,extreme_thickened,9,15,52,9,61,6.1,7215,low,0,50,50,17,,,computed-only,computed-only,0,0,12,13,0,0,0,,
7215,0x1C2F,盾无　头盔,防具,头部,武士防具,head,1174,alternate_source,16432,0x4030,head,False,4,180,20,3,0,0x00000000,30,20,1/2,strengthened_plus_thickened,9,15,52,4,56,5.6,7215,low,7,50,50,17,,,computed-only,computed-only,0,0,19,20,0,0,0,,
7410,0x1CF2,盗贼轻铠　膝甲,防具,腿部,忍者防具,legs,873,alternate_source,39639,0x9AD7,legs,False,4,180,20,3,0,0x00000000,30,20,0/0,unmodified,9,15,9,0,9,0.9,7410,low,0,27,27,15,,,computed-only,computed-only,6,0,0,0,5,0,0,,
7410,0x1CF2,盗贼轻铠　膝甲,防具,腿部,忍者防具,legs,873,alternate_source,39639,0x9AD7,legs,False,4,180,20,3,0,0x00000000,30,20,1/0,strengthened,9,15,9,0,9,0.9,7410,low,7,27,27,15,,,computed-only,computed-only,13,0,0,0,12,0,0,,
7410,0x1CF2,盗贼轻铠　膝甲,防具,腿部,忍者防具,legs,873,alternate_source,39639,0x9AD7,legs,False,4,180,20,3,0,0x00000000,30,20,2/0,thickened,9,15,9,4,13,1.3,7410,low,0,27,27,15,,,computed-only,computed-only,6,0,0,0,5,0,0,,
7410,0x1CF2,盗贼轻铠　膝甲,防具,腿部,忍者防具,legs,873,alternate_source,39639,0x9AD7,legs,False,4,180,20,3,0,0x00000000,30,20,1/1,extreme_strengthened,9,15,9,0,9,0.9,7410,low,15,27,27,15,,,computed-only,computed-only,21,0,0,0,20,0,0,,
7410,0x1CF2,盗贼轻铠　膝甲,防具,腿部,忍者防具,legs,873,alternate_source,39639,0x9AD7,legs,False,4,180,20,3,0,0x00000000,30,20,2/2,extreme_thickened,9,15,9,9,18,1.8,7410,low,0,27,27,15,,,computed-only,computed-only,6,0,0,0,5,0,0,,
7410,0x1CF2,盗贼轻铠　膝甲,防具,腿部,忍者防具,legs,873,alternate_source,39639,0x9AD7,legs,False,4,180,20,3,0,0x00000000,30,20,1/2,strengthened_plus_thickened,9,15,9,4,13,1.3,7410,low,7,27,27,15,,,computed-only,computed-only,13,0,0,0,12,0,0,,
7476,0x1D34,世嗣中铠　臂甲,防具,手臂,武士防具,arms,609,alternate_source,6486,0x1956,arms,False,4,180,20,3,0,0x00000000,30,20,0/0,unmodified,9,15,33,0,33,3.3,7476,low,0,31,31,16,,,computed-only,computed-only,5,0,0,5,0,0,0,,
7476,0x1D34,世嗣中铠　臂甲,防具,手臂,武士防具,arms,609,alternate_source,6486,0x1956,arms,False,4,180,20,3,0,0x00000000,30,20,1/0,strengthened,9,15,33,0,33,3.3,7476,low,7,31,31,16,,,computed-only,computed-only,12,0,0,12,0,0,0,,
7476,0x1D34,世嗣中铠　臂甲,防具,手臂,武士防具,arms,609,alternate_source,6486,0x1956,arms,False,4,180,20,3,0,0x00000000,30,20,2/0,thickened,9,15,33,4,37,3.7,7476,low,0,31,31,16,,,computed-only,computed-only,5,0,0,5,0,0,0,,
7476,0x1D34,世嗣中铠　臂甲,防具,手臂,武士防具,arms,609,alternate_source,6486,0x1956,arms,False,4,180,20,3,0,0x00000000,30,20,1/1,extreme_strengthened,9,15,33,0,33,3.3,7476,low,15,31,31,16,,,computed-only,computed-only,20,0,0,20,0,0,0,,
7476,0x1D34,世嗣中铠　臂甲,防具,手臂,武士防具,arms,609,alternate_source,6486,0x1956,arms,False,4,180,20,3,0,0x00000000,30,20,2/2,extreme_thickened,9,15,33,9,42,4.2,7476,low,0,31,31,16,,,computed-only,computed-only,5,0,0,5,0,0,0,,
7476,0x1D34,世嗣中铠　臂甲,防具,手臂,武士防具,arms,609,alternate_source,6486,0x1956,arms,False,4,180,20,3,0,0x00000000,30,20,1/2,strengthened_plus_thickened,9,15,33,4,37,3.7,7476,low,7,31,31,16,,,computed-only,computed-only,12,0,0,12,0,0,0,,
7557,0x1D85,大义之铠　胸甲,防具,身体,武士防具,chest,632,alternate_source,14950,0x3A66,chest,False,4,180,20,3,0,0x00000000,30,20,0/0,unmodified,9,15,72,0,72,7.2,7557,low,0,62,62,16,,,computed-only,computed-only,7,0,0,10,0,0,0,,
7557,0x1D85,大义之铠　胸甲,防具,身体,武士防具,chest,632,alternate_source,14950,0x3A66,chest,False,4,180,20,3,0,0x00000000,30,20,1/0,strengthened,9,15,72,0,72,7.2,7557,low,7,62,62,16,,,computed-only,computed-only,14,0,0,17,0,0,0,,
7557,0x1D85,大义之铠　胸甲,防具,身体,武士防具,chest,632,alternate_source,14950,0x3A66,chest,False,4,180,20,3,0,0x00000000,30,20,2/0,thickened,9,15,72,4,76,7.6,7557,low,0,62,62,16,,,computed-only,computed-only,7,0,0,10,0,0,0,,
7557,0x1D85,大义之铠　胸甲,防具,身体,武士防具,chest,632,alternate_source,14950,0x3A66,chest,False,4,180,20,3,0,0x00000000,30,20,1/1,extreme_strengthened,9,15,72,0,72,7.2,7557,low,15,62,62,16,,,computed-only,computed-only,22,0,0,25,0,0,0,,
7557,0x1D85,大义之铠　胸甲,防具,身体,武士防具,chest,632,alternate_source,14950,0x3A66,chest,False,4,180,20,3,0,0x00000000,30,20,2/2,extreme_thickened,9,15,72,9,81,8.1,7557,low,0,62,62,16,,,computed-only,computed-only,7,0,0,10,0,0,0,,
7557,0x1D85,大义之铠　胸甲,防具,身体,武士防具,chest,632,alternate_source,14950,0x3A66,chest,False,4,180,20,3,0,0x00000000,30,20,1/2,strengthened_plus_thickened,9,15,72,4,76,7.6,7557,low,7,62,62,16,,,computed-only,computed-only,14,0,0,17,0,0,0,,
7749,0x1E45,木曾紫之铠　膝甲,防具,腿部,武士防具,legs,800,alternate_source,53701,0xD1C5,legs,False,4,180,20,3,0,0x00000000,30,20,0/0,unmodified,9,15,80,0,80,8.0,7749,low,0,75,75,17,,,computed-only,computed-only,0,0,15,13,0,0,0,,
7749,0x1E45,木曾紫之铠　膝甲,防具,腿部,武士防具,legs,800,alternate_source,53701,0xD1C5,legs,False,4,180,20,3,0,0x00000000,30,20,1/0,strengthened,9,15,80,0,80,8.0,7749,low,7,75,75,17,,,computed-only,computed-only,0,0,22,20,0,0,0,,
7749,0x1E45,木曾紫之铠　膝甲,防具,腿部,武士防具,legs,800,alternate_source,53701,0xD1C5,legs,False,4,180,20,3,0,0x00000000,30,20,2/0,thickened,9,15,80,4,84,8.4,7749,low,0,75,75,17,,,computed-only,computed-only,0,0,15,13,0,0,0,,
7749,0x1E45,木曾紫之铠　膝甲,防具,腿部,武士防具,legs,800,alternate_source,53701,0xD1C5,legs,False,4,180,20,3,0,0x00000000,30,20,1/1,extreme_strengthened,9,15,80,0,80,8.0,7749,low,15,75,75,17,,,computed-only,computed-only,0,0,30,28,0,0,0,,
7749,0x1E45,木曾紫之铠　膝甲,防具,腿部,武士防具,legs,800,alternate_source,53701,0xD1C5,legs,False,4,180,20,3,0,0x00000000,30,20,2/2,extreme_thickened,9,15,80,9,89,8.9,7749,low,0,75,75,17,,,computed-only,computed-only,0,0,15,13,0,0,0,,
7749,0x1E45,木曾紫之铠　膝甲,防具,腿部,武士防具,legs,800,alternate_source,53701,0xD1C5,legs,False,4,180,20,3,0,0x00000000,30,20,1/2,strengthened_plus_thickened,9,15,80,4,84,8.4,7749,low,7,75,75,17,,,computed-only,computed-only,0,0,22,20,0,0,0,,
8003,0x1F43,阴阳师狩衣　乌帽子,防具,头部,忍者防具,head,905,alternate_source,25630,0x641E,head,False,4,180,20,3,0,0x00000000,30,20,0/0,unmodified,9,15,18,0,18,1.8,8003,low,0,28,28,16,,,computed-only,computed-only,0,0,10,0,11,0,0,,
8003,0x1F43,阴阳师狩衣　乌帽子,防具,头部,忍者防具,head,905,alternate_source,25630,0x641E,head,False,4,180,20,3,0,0x00000000,30,20,1/0,strengthened,9,15,18,0,18,1.8,8003,low,7,28,28,16,,,computed-only,computed-only,0,0,17,0,18,0,0,,
8003,0x1F43,阴阳师狩衣　乌帽子,防具,头部,忍者防具,head,905,alternate_source,25630,0x641E,head,False,4,180,20,3,0,0x00000000,30,20,2/0,thickened,9,15,18,4,22,2.2,8003,low,0,28,28,16,,,computed-only,computed-only,0,0,10,0,11,0,0,,
8003,0x1F43,阴阳师狩衣　乌帽子,防具,头部,忍者防具,head,905,alternate_source,25630,0x641E,head,False,4,180,20,3,0,0x00000000,30,20,1/1,extreme_strengthened,9,15,18,0,18,1.8,8003,low,15,28,28,16,,,computed-only,computed-only,0,0,25,0,26,0,0,,
8003,0x1F43,阴阳师狩衣　乌帽子,防具,头部,忍者防具,head,905,alternate_source,25630,0x641E,head,False,4,180,20,3,0,0x00000000,30,20,2/2,extreme_thickened,9,15,18,9,27,2.7,8003,low,0,28,28,16,,,computed-only,computed-only,0,0,10,0,11,0,0,,
8003,0x1F43,阴阳师狩衣　乌帽子,防具,头部,忍者防具,head,905,alternate_source,25630,0x641E,head,False,4,180,20,3,0,0x00000000,30,20,1/2,strengthened_plus_thickened,9,15,18,4,22,2.2,8003,low,7,28,28,16,,,computed-only,computed-only,0,0,17,0,18,0,0,,
8077,0x1F8D,炎狱忍者装束　上衣,防具,身体,忍者防具,chest,831,alternate_source,5102,0x13EE,chest,False,4,180,20,3,0,0x00000000,30,20,0/0,unmodified,9,15,32,0,32,3.2,8077,low,0,56,56,16,,,computed-only,computed-only,5,0,0,5,0,0,0,,
8077,0x1F8D,炎狱忍者装束　上衣,防具,身体,忍者防具,chest,831,alternate_source,5102,0x13EE,chest,False,4,180,20,3,0,0x00000000,30,20,1/0,strengthened,9,15,32,0,32,3.2,8077,low,7,56,56,16,,,computed-only,computed-only,12,0,0,12,0,0,0,,
8077,0x1F8D,炎狱忍者装束　上衣,防具,身体,忍者防具,chest,831,alternate_source,5102,0x13EE,chest,False,4,180,20,3,0,0x00000000,30,20,2/0,thickened,9,15,32,4,36,3.6,8077,low,0,56,56,16,,,computed-only,computed-only,5,0,0,5,0,0,0,,
8077,0x1F8D,炎狱忍者装束　上衣,防具,身体,忍者防具,chest,831,alternate_source,5102,0x13EE,chest,False,4,180,20,3,0,0x00000000,30,20,1/1,extreme_strengthened,9,15,32,0,32,3.2,8077,low,15,56,56,16,,,computed-only,computed-only,20,0,0,20,0,0,0,,
8077,0x1F8D,炎狱忍者装束　上衣,防具,身体,忍者防具,chest,831,alternate_source,5102,0x13EE,chest,False,4,180,20,3,0,0x00000000,30,20,2/2,extreme_thickened,9,15,32,9,41,4.1,8077,low,0,56,56,16,,,computed-only,computed-only,5,0,0,5,0,0,0,,
8077,0x1F8D,炎狱忍者装束　上衣,防具,身体,忍者防具,chest,831,alternate_source,5102,0x13EE,chest,False,4,180,20,3,0,0x00000000,30,20,1/2,strengthened_plus_thickened,9,15,32,4,36,3.6,8077,low,7,56,56,16,,,computed-only,computed-only,12,0,0,12,0,0,0,,
8226,0x2022,风魔头领忍者装束　上衣,防具,身体,忍者防具,chest,697,alternate_source,30310,0x7666,chest,False,4,180,20,3,0,0x00000000,30,20,0/0,unmodified,9,15,34,0,34,3.4,8226,low,0,56,56,16,,,computed-only,computed-only,0,0,6,0,8,0,0,,
8226,0x2022,风魔头领忍者装束　上衣,防具,身体,忍者防具,chest,697,alternate_source,30310,0x7666,chest,False,4,180,20,3,0,0x00000000,30,20,1/0,strengthened,9,15,34,0,34,3.4,8226,low,7,56,56,16,,,computed-only,computed-only,0,0,13,0,15,0,0,,
8226,0x2022,风魔头领忍者装束　上衣,防具,身体,忍者防具,chest,697,alternate_source,30310,0x7666,chest,False,4,180,20,3,0,0x00000000,30,20,2/0,thickened,9,15,34,4,38,3.8,8226,low,0,56,56,16,,,computed-only,computed-only,0,0,6,0,8,0,0,,
8226,0x2022,风魔头领忍者装束　上衣,防具,身体,忍者防具,chest,697,alternate_source,30310,0x7666,chest,False,4,180,20,3,0,0x00000000,30,20,1/1,extreme_strengthened,9,15,34,0,34,3.4,8226,low,15,56,56,16,,,computed-only,computed-only,0,0,21,0,23,0,0,,
8226,0x2022,风魔头领忍者装束　上衣,防具,身体,忍者防具,chest,697,alternate_source,30310,0x7666,chest,False,4,180,20,3,0,0x00000000,30,20,2/2,extreme_thickened,9,15,34,9,43,4.3,8226,low,0,56,56,16,,,computed-only,computed-only,0,0,6,0,8,0,0,,
8226,0x2022,风魔头领忍者装束　上衣,防具,身体,忍者防具,chest,697,alternate_source,30310,0x7666,chest,False,4,180,20,3,0,0x00000000,30,20,1/2,strengthened_plus_thickened,9,15,34,4,38,3.8,8226,low,7,56,56,16,,,computed-only,computed-only,0,0,13,0,15,0,0,,
8464,0x2110,侍大将中铠　胸甲,防具,身体,武士防具,chest,1040,alternate_source,24047,0x5DEF,chest,False,4,180,20,3,0,0x00000000,30,20,0/0,unmodified,9,15,78,0,78,7.8,8464,low,0,62,62,16,,,computed-only,computed-only,11,0,0,16,0,0,0,,
8464,0x2110,侍大将中铠　胸甲,防具,身体,武士防具,chest,1040,alternate_source,24047,0x5DEF,chest,False,4,180,20,3,0,0x00000000,30,20,1/0,strengthened,9,15,78,0,78,7.8,8464,low,7,62,62,16,,,computed-only,computed-only,18,0,0,23,0,0,0,,
8464,0x2110,侍大将中铠　胸甲,防具,身体,武士防具,chest,1040,alternate_source,24047,0x5DEF,chest,False,4,180,20,3,0,0x00000000,30,20,2/0,thickened,9,15,78,4,82,8.2,8464,low,0,62,62,16,,,computed-only,computed-only,11,0,0,16,0,0,0,,
8464,0x2110,侍大将中铠　胸甲,防具,身体,武士防具,chest,1040,alternate_source,24047,0x5DEF,chest,False,4,180,20,3,0,0x00000000,30,20,1/1,extreme_strengthened,9,15,78,0,78,7.8,8464,low,15,62,62,16,,,computed-only,computed-only,26,0,0,31,0,0,0,,
8464,0x2110,侍大将中铠　胸甲,防具,身体,武士防具,chest,1040,alternate_source,24047,0x5DEF,chest,False,4,180,20,3,0,0x00000000,30,20,2/2,extreme_thickened,9,15,78,9,87,8.7,8464,low,0,62,62,16,,,computed-only,computed-only,11,0,0,16,0,0,0,,
8464,0x2110,侍大将中铠　胸甲,防具,身体,武士防具,chest,1040,alternate_source,24047,0x5DEF,chest,False,4,180,20,3,0,0x00000000,30,20,1/2,strengthened_plus_thickened,9,15,78,4,82,8.2,8464,low,7,62,62,16,,,computed-only,computed-only,18,0,0,23,0,0,0,,
8873,0x22A9,扇前立头盔,防具,头部,武士防具,head,1395,alternate_source,2028,0x07EC,head,False,4,180,20,3,0,0x00000000,30,20,0/0,unmodified,9,15,33,0,33,3.3,8873,low,0,31,31,16,,,computed-only,computed-only,13,0,0,13,0,0,0,,
8873,0x22A9,扇前立头盔,防具,头部,武士防具,head,1395,alternate_source,2028,0x07EC,head,False,4,180,20,3,0,0x00000000,30,20,1/0,strengthened,9,15,33,0,33,3.3,8873,low,7,31,31,16,,,computed-only,computed-only,20,0,0,20,0,0,0,,
8873,0x22A9,扇前立头盔,防具,头部,武士防具,head,1395,alternate_source,2028,0x07EC,head,False,4,180,20,3,0,0x00000000,30,20,2/0,thickened,9,15,33,4,37,3.7,8873,low,0,31,31,16,,,computed-only,computed-only,13,0,0,13,0,0,0,,
8873,0x22A9,扇前立头盔,防具,头部,武士防具,head,1395,alternate_source,2028,0x07EC,head,False,4,180,20,3,0,0x00000000,30,20,1/1,extreme_strengthened,9,15,33,0,33,3.3,8873,low,15,31,31,16,,,computed-only,computed-only,28,0,0,28,0,0,0,,
8873,0x22A9,扇前立头盔,防具,头部,武士防具,head,1395,alternate_source,2028,0x07EC,head,False,4,180,20,3,0,0x00000000,30,20,2/2,extreme_thickened,9,15,33,9,42,4.2,8873,low,0,31,31,16,,,computed-only,computed-only,13,0,0,13,0,0,0,,
8873,0x22A9,扇前立头盔,防具,头部,武士防具,head,1395,alternate_source,2028,0x07EC,head,False,4,180,20,3,0,0x00000000,30,20,1/2,strengthened_plus_thickened,9,15,33,4,37,3.7,8873,low,7,31,31,16,,,computed-only,computed-only,20,0,0,20,0,0,0,,
9044,0x2354,盗贼之铠　胸甲,防具,身体,忍者防具,chest,30,standalone,9044,0x2354,chest,False,4,180,20,3,0,0x00000000,30,20,0/0,unmodified,9,15,90,0,90,9.0,9044,low,0,76,76,17,,,computed-only,computed-only,0,0,6,6,0,0,0,,
9044,0x2354,盗贼之铠　胸甲,防具,身体,忍者防具,chest,30,standalone,9044,0x2354,chest,False,4,180,20,3,0,0x00000000,30,20,1/0,strengthened,9,15,90,0,90,9.0,9044,low,7,76,76,17,,,computed-only,computed-only,0,0,13,13,0,0,0,,
9044,0x2354,盗贼之铠　胸甲,防具,身体,忍者防具,chest,30,standalone,9044,0x2354,chest,False,4,180,20,3,0,0x00000000,30,20,2/0,thickened,9,15,90,4,94,9.4,9044,low,0,76,76,17,,,computed-only,computed-only,0,0,6,6,0,0,0,,
9044,0x2354,盗贼之铠　胸甲,防具,身体,忍者防具,chest,30,standalone,9044,0x2354,chest,False,4,180,20,3,0,0x00000000,30,20,1/1,extreme_strengthened,9,15,90,0,90,9.0,9044,low,15,76,76,17,,,computed-only,computed-only,0,0,21,21,0,0,0,,
9044,0x2354,盗贼之铠　胸甲,防具,身体,忍者防具,chest,30,standalone,9044,0x2354,chest,False,4,180,20,3,0,0x00000000,30,20,2/2,extreme_thickened,9,15,90,9,99,9.9,9044,low,0,76,76,17,,,computed-only,computed-only,0,0,6,6,0,0,0,,
9044,0x2354,盗贼之铠　胸甲,防具,身体,忍者防具,chest,30,standalone,9044,0x2354,chest,False,4,180,20,3,0,0x00000000,30,20,1/2,strengthened_plus_thickened,9,15,90,4,94,9.4,9044,low,7,76,76,17,,,computed-only,computed-only,0,0,13,13,0,0,0,,
9310,0x245E,百鬼之铠　胸甲,防具,身体,忍者防具,chest,1195,alternate_source,53297,0xD031,chest,False,4,180,20,3,0,0x00000000,30,20,0/0,unmodified,9,15,50,0,50,5.0,9310,low,0,98,98,16,,,computed-only,computed-only,0,0,20,0,13,0,0,,
9310,0x245E,百鬼之铠　胸甲,防具,身体,忍者防具,chest,1195,alternate_source,53297,0xD031,chest,False,4,180,20,3,0,0x00000000,30,20,1/0,strengthened,9,15,50,0,50,5.0,9310,low,7,98,98,16,,,computed-only,computed-only,0,0,27,0,20,0,0,,
9310,0x245E,百鬼之铠　胸甲,防具,身体,忍者防具,chest,1195,alternate_source,53297,0xD031,chest,False,4,180,20,3,0,0x00000000,30,20,2/0,thickened,9,15,50,4,54,5.4,9310,low,0,98,98,16,,,computed-only,computed-only,0,0,20,0,13,0,0,,
9310,0x245E,百鬼之铠　胸甲,防具,身体,忍者防具,chest,1195,alternate_source,53297,0xD031,chest,False,4,180,20,3,0,0x00000000,30,20,1/1,extreme_strengthened,9,15,50,0,50,5.0,9310,low,15,98,98,16,,,computed-only,computed-only,0,0,35,0,28,0,0,,
9310,0x245E,百鬼之铠　胸甲,防具,身体,忍者防具,chest,1195,alternate_source,53297,0xD031,chest,False,4,180,20,3,0,0x00000000,30,20,2/2,extreme_thickened,9,15,50,9,59,5.9,9310,low,0,98,98,16,,,computed-only,computed-only,0,0,20,0,13,0,0,,
9310,0x245E,百鬼之铠　胸甲,防具,身体,忍者防具,chest,1195,alternate_source,53297,0xD031,chest,False,4,180,20,3,0,0x00000000,30,20,1/2,strengthened_plus_thickened,9,15,50,4,54,5.4,9310,low,7,98,98,16,,,computed-only,computed-only,0,0,27,0,20,0,0,,
9380,0x24A4,,防具,,忍者防具,legs,993,standalone,9380,0x24A4,legs,False,4,180,20,3,0,0x00000000,30,20,0/0,unmodified,9,15,20,0,20,2.0,9380,low,0,27,27,15,,,computed-only,computed-only,0,0,0,0,12,0,0,,
9380,0x24A4,,防具,,忍者防具,legs,993,standalone,9380,0x24A4,legs,False,4,180,20,3,0,0x00000000,30,20,1/0,strengthened,9,15,20,0,20,2.0,9380,low,7,27,27,15,,,computed-only,computed-only,0,0,0,0,19,0,0,,
9380,0x24A4,,防具,,忍者防具,legs,993,standalone,9380,0x24A4,legs,False,4,180,20,3,0,0x00000000,30,20,2/0,thickened,9,15,20,4,24,2.4,9380,low,0,27,27,15,,,computed-only,computed-only,0,0,0,0,12,0,0,,
9380,0x24A4,,防具,,忍者防具,legs,993,standalone,9380,0x24A4,legs,False,4,180,20,3,0,0x00000000,30,20,1/1,extreme_strengthened,9,15,20,0,20,2.0,9380,low,15,27,27,15,,,computed-only,computed-only,0,0,0,0,27,0,0,,
9380,0x24A4,,防具,,忍者防具,legs,993,standalone,9380,0x24A4,legs,False,4,180,20,3,0,0x00000000,30,20,2/2,extreme_thickened,9,15,20,9,29,2.9,9380,low,0,27,27,15,,,computed-only,computed-only,0,0,0,0,12,0,0,,
9380,0x24A4,,防具,,忍者防具,legs,993,standalone,9380,0x24A4,legs,False,4,180,20,3,0,0x00000000,30,20,1/2,strengthened_plus_thickened,9,15,20,4,24,2.4,9380,low,7,27,27,15,,,computed-only,computed-only,0,0,0,0,19,0,0,,
9407,0x24BF,九郎判官之铠　胸甲,防具,身体,武士防具,chest,642,alternate_source,41288,0xA148,chest,False,4,180,20,3,0,0x00000000,30,20,0/0,unmodified,9,15,68,0,68,6.8,9407,low,0,62,62,16,,,computed-only,computed-only,12,0,0,12,0,0,0,,
9407,0x24BF,九郎判官之铠　胸甲,防具,身体,武士防具,chest,642,alternate_source,41288,0xA148,chest,False,4,180,20,3,0,0x00000000,30,20,1/0,strengthened,9,15,68,0,68,6.8,9407,low,7,62,62,16,,,computed-only,computed-only,19,0,0,19,0,0,0,,
9407,0x24BF,九郎判官之铠　胸甲,防具,身体,武士防具,chest,642,alternate_source,41288,0xA148,chest,False,4,180,20,3,0,0x00000000,30,20,2/0,thickened,9,15,68,4,72,7.2,9407,low,0,62,62,16,,,computed-only,computed-only,12,0,0,12,0,0,0,,
9407,0x24BF,九郎判官之铠　胸甲,防具,身体,武士防具,chest,642,alternate_source,41288,0xA148,chest,False,4,180,20,3,0,0x00000000,30,20,1/1,extreme_strengthened,9,15,68,0,68,6.8,9407,low,15,62,62,16,,,computed-only,computed-only,27,0,0,27,0,0,0,,
9407,0x24BF,九郎判官之铠　胸甲,防具,身体,武士防具,chest,642,alternate_source,41288,0xA148,chest,False,4,180,20,3,0,0x00000000,30,20,2/2,extreme_thickened,9,15,68,9,77,7.7,9407,low,0,62,62,16,,,computed-only,computed-only,12,0,0,12,0,0,0,,
9407,0x24BF,九郎判官之铠　胸甲,防具,身体,武士防具,chest,642,alternate_source,41288,0xA148,chest,False,4,180,20,3,0,0x00000000,30,20,1/2,strengthened_plus_thickened,9,15,68,4,72,7.2,9407,low,7,62,62,16,,,computed-only,computed-only,19,0,0,19,0,0,0,,
9446,0x24E6,少武者中铠　胸甲,防具,身体,武士防具,chest,1005,alternate_source,13303,0x33F7,chest,False,4,180,20,3,0,0x00000000,30,20,0/0,unmodified,9,15,66,0,66,6.6,9446,low,0,62,62,16,,,computed-only,computed-only,5,0,0,5,0,0,0,,
9446,0x24E6,少武者中铠　胸甲,防具,身体,武士防具,chest,1005,alternate_source,13303,0x33F7,chest,False,4,180,20,3,0,0x00000000,30,20,1/0,strengthened,9,15,66,0,66,6.6,9446,low,7,62,62,16,,,computed-only,computed-only,12,0,0,12,0,0,0,,
9446,0x24E6,少武者中铠　胸甲,防具,身体,武士防具,chest,1005,alternate_source,13303,0x33F7,chest,False,4,180,20,3,0,0x00000000,30,20,2/0,thickened,9,15,66,4,70,7.0,9446,low,0,62,62,16,,,computed-only,computed-only,5,0,0,5,0,0,0,,
9446,0x24E6,少武者中铠　胸甲,防具,身体,武士防具,chest,1005,alternate_source,13303,0x33F7,chest,False,4,180,20,3,0,0x00000000,30,20,1/1,extreme_strengthened,9,15,66,0,66,6.6,9446,low,15,62,62,16,,,computed-only,computed-only,20,0,0,20,0,0,0,,
9446,0x24E6,少武者中铠　胸甲,防具,身体,武士防具,chest,1005,alternate_source,13303,0x33F7,chest,False,4,180,20,3,0,0x00000000,30,20,2/2,extreme_thickened,9,15,66,9,75,7.5,9446,low,0,62,62,16,,,computed-only,computed-only,5,0,0,5,0,0,0,,
9446,0x24E6,少武者中铠　胸甲,防具,身体,武士防具,chest,1005,alternate_source,13303,0x33F7,chest,False,4,180,20,3,0,0x00000000,30,20,1/2,strengthened_plus_thickened,9,15,66,4,70,7.0,9446,low,7,62,62,16,,,computed-only,computed-only,12,0,0,12,0,0,0,,
9569,0x2561,黑狐面,防具,头部,忍者防具,head,1396,alternate_source,35931,0x8C5B,head,False,4,180,20,3,0,0x00000000,30,20,0/0,unmodified,9,15,7,0,7,0.7,9569,low,0,18,18,15,,,computed-only,computed-only,18,0,0,0,18,0,0,,
9569,0x2561,黑狐面,防具,头部,忍者防具,head,1396,alternate_source,35931,0x8C5B,head,False,4,180,20,3,0,0x00000000,30,20,1/0,strengthened,9,15,7,0,7,0.7,9569,low,7,18,18,15,,,computed-only,computed-only,25,0,0,0,25,0,0,,
9569,0x2561,黑狐面,防具,头部,忍者防具,head,1396,alternate_source,35931,0x8C5B,head,False,4,180,20,3,0,0x00000000,30,20,2/0,thickened,9,15,7,4,11,1.1,9569,low,0,18,18,15,,,computed-only,computed-only,18,0,0,0,18,0,0,,
9569,0x2561,黑狐面,防具,头部,忍者防具,head,1396,alternate_source,35931,0x8C5B,head,False,4,180,20,3,0,0x00000000,30,20,1/1,extreme_strengthened,9,15,7,0,7,0.7,9569,low,15,18,18,15,,,computed-only,computed-only,33,0,0,0,33,0,0,,
9569,0x2561,黑狐面,防具,头部,忍者防具,head,1396,alternate_source,35931,0x8C5B,head,False,4,180,20,3,0,0x00000000,30,20,2/2,extreme_thickened,9,15,7,9,16,1.6,9569,low,0,18,18,15,,,computed-only,computed-only,18,0,0,0,18,0,0,,
9569,0x2561,黑狐面,防具,头部,忍者防具,head,1396,alternate_source,35931,0x8C5B,head,False,4,180,20,3,0,0x00000000,30,20,1/2,strengthened_plus_thickened,9,15,7,4,11,1.1,9569,low,7,18,18,15,,,computed-only,computed-only,25,0,0,0,25,0,0,,
9760,0x2620,阴阳师狩衣　臂甲,防具,手臂,忍者防具,arms,907,alternate_source,38896,0x97F0,arms,False,4,180,20,3,0,0x00000000,30,20,0/0,unmodified,9,15,18,0,18,1.8,9760,low,0,28,28,16,,,computed-only,computed-only,0,0,10,0,11,0,0,,
9760,0x2620,阴阳师狩衣　臂甲,防具,手臂,忍者防具,arms,907,alternate_source,38896,0x97F0,arms,False,4,180,20,3,0,0x00000000,30,20,1/0,strengthened,9,15,18,0,18,1.8,9760,low,7,28,28,16,,,computed-only,computed-only,0,0,17,0,18,0,0,,
9760,0x2620,阴阳师狩衣　臂甲,防具,手臂,忍者防具,arms,907,alternate_source,38896,0x97F0,arms,False,4,180,20,3,0,0x00000000,30,20,2/0,thickened,9,15,18,4,22,2.2,9760,low,0,28,28,16,,,computed-only,computed-only,0,0,10,0,11,0,0,,
9760,0x2620,阴阳师狩衣　臂甲,防具,手臂,忍者防具,arms,907,alternate_source,38896,0x97F0,arms,False,4,180,20,3,0,0x00000000,30,20,1/1,extreme_strengthened,9,15,18,0,18,1.8,9760,low,15,28,28,16,,,computed-only,computed-only,0,0,25,0,26,0,0,,
9760,0x2620,阴阳师狩衣　臂甲,防具,手臂,忍者防具,arms,907,alternate_source,38896,0x97F0,arms,False,4,180,20,3,0,0x00000000,30,20,2/2,extreme_thickened,9,15,18,9,27,2.7,9760,low,0,28,28,16,,,computed-only,computed-only,0,0,10,0,11,0,0,,
9760,0x2620,阴阳师狩衣　臂甲,防具,手臂,忍者防具,arms,907,alternate_source,38896,0x97F0,arms,False,4,180,20,3,0,0x00000000,30,20,1/2,strengthened_plus_thickened,9,15,18,4,22,2.2,9760,low,7,28,28,16,,,computed-only,computed-only,0,0,17,0,18,0,0,,
9847,0x2677,赤备大将大铠　膝甲,防具,腿部,武士防具,legs,665,alternate_source,55630,0xD94E,legs,False,4,180,20,3,0,0x00000000,30,20,0/0,unmodified,9,15,69,0,69,6.9,9847,low,0,75,75,17,,,computed-only,computed-only,0,0,6,5,0,0,0,,
9847,0x2677,赤备大将大铠　膝甲,防具,腿部,武士防具,legs,665,alternate_source,55630,0xD94E,legs,False,4,180,20,3,0,0x00000000,30,20,1/0,strengthened,9,15,69,0,69,6.9,9847,low,7,75,75,17,,,computed-only,computed-only,0,0,13,12,0,0,0,,
9847,0x2677,赤备大将大铠　膝甲,防具,腿部,武士防具,legs,665,alternate_source,55630,0xD94E,legs,False,4,180,20,3,0,0x00000000,30,20,2/0,thickened,9,15,69,4,73,7.3,9847,low,0,75,75,17,,,computed-only,computed-only,0,0,6,5,0,0,0,,
9847,0x2677,赤备大将大铠　膝甲,防具,腿部,武士防具,legs,665,alternate_source,55630,0xD94E,legs,False,4,180,20,3,0,0x00000000,30,20,1/1,extreme_strengthened,9,15,69,0,69,6.9,9847,low,15,75,75,17,,,computed-only,computed-only,0,0,21,20,0,0,0,,
9847,0x2677,赤备大将大铠　膝甲,防具,腿部,武士防具,legs,665,alternate_source,55630,0xD94E,legs,False,4,180,20,3,0,0x00000000,30,20,2/2,extreme_thickened,9,15,69,9,78,7.8,9847,low,0,75,75,17,,,computed-only,computed-only,0,0,6,5,0,0,0,,
9847,0x2677,赤备大将大铠　膝甲,防具,腿部,武士防具,legs,665,alternate_source,55630,0xD94E,legs,False,4,180,20,3,0,0x00000000,30,20,1/2,strengthened_plus_thickened,9,15,69,4,73,7.3,9847,low,7,75,75,17,,,computed-only,computed-only,0,0,13,12,0,0,0,,
10148,0x27A4,摆渡者装束　上衣,防具,身体,忍者防具,chest,896,alternate_source,10607,0x296F,chest,False,4,180,20,3,0,0x00000000,30,20,0/0,unmodified,9,15,14,0,14,1.4,10148,low,0,36,36,15,,,computed-only,computed-only,7,0,0,0,8,0,0,,
10148,0x27A4,摆渡者装束　上衣,防具,身体,忍者防具,chest,896,alternate_source,10607,0x296F,chest,False,4,180,20,3,0,0x00000000,30,20,1/0,strengthened,9,15,14,0,14,1.4,10148,low,7,36,36,15,,,computed-only,computed-only,14,0,0,0,15,0,0,,
10148,0x27A4,摆渡者装束　上衣,防具,身体,忍者防具,chest,896,alternate_source,10607,0x296F,chest,False,4,180,20,3,0,0x00000000,30,20,2/0,thickened,9,15,14,4,18,1.8,10148,low,0,36,36,15,,,computed-only,computed-only,7,0,0,0,8,0,0,,
10148,0x27A4,摆渡者装束　上衣,防具,身体,忍者防具,chest,896,alternate_source,10607,0x296F,chest,False,4,180,20,3,0,0x00000000,30,20,1/1,extreme_strengthened,9,15,14,0,14,1.4,10148,low,15,36,36,15,,,computed-only,computed-only,22,0,0,0,23,0,0,,
10148,0x27A4,摆渡者装束　上衣,防具,身体,忍者防具,chest,896,alternate_source,10607,0x296F,chest,False,4,180,20,3,0,0x00000000,30,20,2/2,extreme_thickened,9,15,14,9,23,2.3,10148,low,0,36,36,15,,,computed-only,computed-only,7,0,0,0,8,0,0,,
10148,0x27A4,摆渡者装束　上衣,防具,身体,忍者防具,chest,896,alternate_source,10607,0x296F,chest,False,4,180,20,3,0,0x00000000,30,20,1/2,strengthened_plus_thickened,9,15,14,4,18,1.8,10148,low,7,36,36,15,,,computed-only,computed-only,14,0,0,0,15,0,0,,
10311,0x2847,西洋炮术家装束　裤裙,防具,腿部,武士防具,legs,809,alternate_source,17956,0x4624,legs,False,4,180,20,3,0,0x00000000,30,20,0/0,unmodified,9,15,26,0,26,2.6,10311,low,0,29,29,15,,,computed-only,computed-only,18,0,0,0,19,0,0,,
10311,0x2847,西洋炮术家装束　裤裙,防具,腿部,武士防具,legs,809,alternate_source,17956,0x4624,legs,False,4,180,20,3,0,0x00000000,30,20,1/0,strengthened,9,15,26,0,26,2.6,10311,low,7,29,29,15,,,computed-only,computed-only,25,0,0,0,26,0,0,,
10311,0x2847,西洋炮术家装束　裤裙,防具,腿部,武士防具,legs,809,alternate_source,17956,0x4624,legs,False,4,180,20,3,0,0x00000000,30,20,2/0,thickened,9,15,26,4,30,3.0,10311,low,0,29,29,15,,,computed-only,computed-only,18,0,0,0,19,0,0,,
10311,0x2847,西洋炮术家装束　裤裙,防具,腿部,武士防具,legs,809,alternate_source,17956,0x4624,legs,False,4,180,20,3,0,0x00000000,30,20,1/1,extreme_strengthened,9,15,26,0,26,2.6,10311,low,15,29,29,15,,,computed-only,computed-only,33,0,0,0,34,0,0,,
10311,0x2847,西洋炮术家装束　裤裙,防具,腿部,武士防具,legs,809,alternate_source,17956,0x4624,legs,False,4,180,20,3,0,0x00000000,30,20,2/2,extreme_thickened,9,15,26,9,35,3.5,10311,low,0,29,29,15,,,computed-only,computed-only,18,0,0,0,19,0,0,,
10311,0x2847,西洋炮术家装束　裤裙,防具,腿部,武士防具,legs,809,alternate_source,17956,0x4624,legs,False,4,180,20,3,0,0x00000000,30,20,1/2,strengthened_plus_thickened,9,15,26,4,30,3.0,10311,low,7,29,29,15,,,computed-only,computed-only,25,0,0,0,26,0,0,,
10319,0x284F,平三之铠　臂甲,防具,手臂,忍者防具,arms,794,alternate_source,16137,0x3F09,arms,False,4,180,20,3,0,0x00000000,30,20,0/0,unmodified,9,15,25,0,25,2.5,10319,low,0,49,49,16,,,computed-only,computed-only,0,0,17,0,11,0,0,,
10319,0x284F,平三之铠　臂甲,防具,手臂,忍者防具,arms,794,alternate_source,16137,0x3F09,arms,False,4,180,20,3,0,0x00000000,30,20,1/0,strengthened,9,15,25,0,25,2.5,10319,low,7,49,49,16,,,computed-only,computed-only,0,0,24,0,18,0,0,,
10319,0x284F,平三之铠　臂甲,防具,手臂,忍者防具,arms,794,alternate_source,16137,0x3F09,arms,False,4,180,20,3,0,0x00000000,30,20,2/0,thickened,9,15,25,4,29,2.9,10319,low,0,49,49,16,,,computed-only,computed-only,0,0,17,0,11,0,0,,
10319,0x284F,平三之铠　臂甲,防具,手臂,忍者防具,arms,794,alternate_source,16137,0x3F09,arms,False,4,180,20,3,0,0x00000000,30,20,1/1,extreme_strengthened,9,15,25,0,25,2.5,10319,low,15,49,49,16,,,computed-only,computed-only,0,0,32,0,26,0,0,,
10319,0x284F,平三之铠　臂甲,防具,手臂,忍者防具,arms,794,alternate_source,16137,0x3F09,arms,False,4,180,20,3,0,0x00000000,30,20,2/2,extreme_thickened,9,15,25,9,34,3.4,10319,low,0,49,49,16,,,computed-only,computed-only,0,0,17,0,11,0,0,,
10319,0x284F,平三之铠　臂甲,防具,手臂,忍者防具,arms,794,alternate_source,16137,0x3F09,arms,False,4,180,20,3,0,0x00000000,30,20,1/2,strengthened_plus_thickened,9,15,25,4,29,2.9,10319,low,7,49,49,16,,,computed-only,computed-only,0,0,24,0,18,0,0,,
10406,0x28A6,伊贺上忍装束　臂甲,防具,手臂,忍者防具,arms,927,alternate_source,21484,0x53EC,arms,False,4,180,20,3,0,0x00000000,30,20,0/0,unmodified,9,15,7,0,7,0.7,10406,low,0,18,18,15,,,computed-only,computed-only,8,0,0,0,9,0,0,,
10406,0x28A6,伊贺上忍装束　臂甲,防具,手臂,忍者防具,arms,927,alternate_source,21484,0x53EC,arms,False,4,180,20,3,0,0x00000000,30,20,1/0,strengthened,9,15,7,0,7,0.7,10406,low,7,18,18,15,,,computed-only,computed-only,15,0,0,0,16,0,0,,
10406,0x28A6,伊贺上忍装束　臂甲,防具,手臂,忍者防具,arms,927,alternate_source,21484,0x53EC,arms,False,4,180,20,3,0,0x00000000,30,20,2/0,thickened,9,15,7,4,11,1.1,10406,low,0,18,18,15,,,computed-only,computed-only,8,0,0,0,9,0,0,,
10406,0x28A6,伊贺上忍装束　臂甲,防具,手臂,忍者防具,arms,927,alternate_source,21484,0x53EC,arms,False,4,180,20,3,0,0x00000000,30,20,1/1,extreme_strengthened,9,15,7,0,7,0.7,10406,low,15,18,18,15,,,computed-only,computed-only,23,0,0,0,24,0,0,,
10406,0x28A6,伊贺上忍装束　臂甲,防具,手臂,忍者防具,arms,927,alternate_source,21484,0x53EC,arms,False,4,180,20,3,0,0x00000000,30,20,2/2,extreme_thickened,9,15,7,9,16,1.6,10406,low,0,18,18,15,,,computed-only,computed-only,8,0,0,0,9,0,0,,
10406,0x28A6,伊贺上忍装束　臂甲,防具,手臂,忍者防具,arms,927,alternate_source,21484,0x53EC,arms,False,4,180,20,3,0,0x00000000,30,20,1/2,strengthened_plus_thickened,9,15,7,4,11,1.1,10406,low,7,18,18,15,,,computed-only,computed-only,15,0,0,0,16,0,0,,
10461,0x28DD,袖神之铠　臂甲,防具,手臂,忍者防具,arms,932,alternate_source,58519,0xE497,arms,False,4,180,20,3,0,0x00000000,30,20,0/0,unmodified,9,15,8,0,8,0.8,10461,low,0,18,18,15,,,computed-only,computed-only,10,0,0,0,10,0,0,,
10461,0x28DD,袖神之铠　臂甲,防具,手臂,忍者防具,arms,932,alternate_source,58519,0xE497,arms,False,4,180,20,3,0,0x00000000,30,20,1/0,strengthened,9,15,8,0,8,0.8,10461,low,7,18,18,15,,,computed-only,computed-only,17,0,0,0,17,0,0,,
10461,0x28DD,袖神之铠　臂甲,防具,手臂,忍者防具,arms,932,alternate_source,58519,0xE497,arms,False,4,180,20,3,0,0x00000000,30,20,2/0,thickened,9,15,8,4,12,1.2,10461,low,0,18,18,15,,,computed-only,computed-only,10,0,0,0,10,0,0,,
10461,0x28DD,袖神之铠　臂甲,防具,手臂,忍者防具,arms,932,alternate_source,58519,0xE497,arms,False,4,180,20,3,0,0x00000000,30,20,1/1,extreme_strengthened,9,15,8,0,8,0.8,10461,low,15,18,18,15,,,computed-only,computed-only,25,0,0,0,25,0,0,,
10461,0x28DD,袖神之铠　臂甲,防具,手臂,忍者防具,arms,932,alternate_source,58519,0xE497,arms,False,4,180,20,3,0,0x00000000,30,20,2/2,extreme_thickened,9,15,8,9,17,1.7,10461,low,0,18,18,15,,,computed-only,computed-only,10,0,0,0,10,0,0,,
10461,0x28DD,袖神之铠　臂甲,防具,手臂,忍者防具,arms,932,alternate_source,58519,0xE497,arms,False,4,180,20,3,0,0x00000000,30,20,1/2,strengthened_plus_thickened,9,15,8,4,12,1.2,10461,low,7,18,18,15,,,computed-only,computed-only,17,0,0,0,17,0,0,,
10518,0x2916,奇兵队长装束　上衣,防具,身体,忍者防具,chest,651,alternate_source,43208,0xA8C8,chest,False,4,180,20,3,0,0x00000000,30,20,0/0,unmodified,9,15,36,0,36,3.6,10518,low,0,56,56,16,,,computed-only,computed-only,0,0,16,0,17,0,0,,
10518,0x2916,奇兵队长装束　上衣,防具,身体,忍者防具,chest,651,alternate_source,43208,0xA8C8,chest,False,4,180,20,3,0,0x00000000,30,20,1/0,strengthened,9,15,36,0,36,3.6,10518,low,7,56,56,16,,,computed-only,computed-only,0,0,23,0,24,0,0,,
10518,0x2916,奇兵队长装束　上衣,防具,身体,忍者防具,chest,651,alternate_source,43208,0xA8C8,chest,False,4,180,20,3,0,0x00000000,30,20,2/0,thickened,9,15,36,4,40,4.0,10518,low,0,56,56,16,,,computed-only,computed-only,0,0,16,0,17,0,0,,
10518,0x2916,奇兵队长装束　上衣,防具,身体,忍者防具,chest,651,alternate_source,43208,0xA8C8,chest,False,4,180,20,3,0,0x00000000,30,20,1/1,extreme_strengthened,9,15,36,0,36,3.6,10518,low,15,56,56,16,,,computed-only,computed-only,0,0,31,0,32,0,0,,
10518,0x2916,奇兵队长装束　上衣,防具,身体,忍者防具,chest,651,alternate_source,43208,0xA8C8,chest,False,4,180,20,3,0,0x00000000,30,20,2/2,extreme_thickened,9,15,36,9,45,4.5,10518,low,0,56,56,16,,,computed-only,computed-only,0,0,16,0,17,0,0,,
10518,0x2916,奇兵队长装束　上衣,防具,身体,忍者防具,chest,651,alternate_source,43208,0xA8C8,chest,False,4,180,20,3,0,0x00000000,30,20,1/2,strengthened_plus_thickened,9,15,36,4,40,4.0,10518,low,7,56,56,16,,,computed-only,computed-only,0,0,23,0,24,0,0,,
10545,0x2931,少武者中铠　膝甲,防具,腿部,武士防具,legs,1007,alternate_source,2948,0x0B84,legs,False,4,180,20,3,0,0x00000000,30,20,0/0,unmodified,9,15,50,0,50,5.0,10545,low,0,47,47,16,,,computed-only,computed-only,5,0,0,5,0,0,0,,
10545,0x2931,少武者中铠　膝甲,防具,腿部,武士防具,legs,1007,alternate_source,2948,0x0B84,legs,False,4,180,20,3,0,0x00000000,30,20,1/0,strengthened,9,15,50,0,50,5.0,10545,low,7,47,47,16,,,computed-only,computed-only,12,0,0,12,0,0,0,,
10545,0x2931,少武者中铠　膝甲,防具,腿部,武士防具,legs,1007,alternate_source,2948,0x0B84,legs,False,4,180,20,3,0,0x00000000,30,20,2/0,thickened,9,15,50,4,54,5.4,10545,low,0,47,47,16,,,computed-only,computed-only,5,0,0,5,0,0,0,,
10545,0x2931,少武者中铠　膝甲,防具,腿部,武士防具,legs,1007,alternate_source,2948,0x0B84,legs,False,4,180,20,3,0,0x00000000,30,20,1/1,extreme_strengthened,9,15,50,0,50,5.0,10545,low,15,47,47,16,,,computed-only,computed-only,20,0,0,20,0,0,0,,
10545,0x2931,少武者中铠　膝甲,防具,腿部,武士防具,legs,1007,alternate_source,2948,0x0B84,legs,False,4,180,20,3,0,0x00000000,30,20,2/2,extreme_thickened,9,15,50,9,59,5.9,10545,low,0,47,47,16,,,computed-only,computed-only,5,0,0,5,0,0,0,,
10545,0x2931,少武者中铠　膝甲,防具,腿部,武士防具,legs,1007,alternate_source,2948,0x0B84,legs,False,4,180,20,3,0,0x00000000,30,20,1/2,strengthened_plus_thickened,9,15,50,4,54,5.4,10545,low,7,47,47,16,,,computed-only,computed-only,12,0,0,12,0,0,0,,
10631,0x2987,大型八龙　腿甲,防具,足部,武士防具,feet,1063,alternate_source,59808,0xE9A0,feet,False,4,180,20,3,0,0x00000000,30,20,0/0,unmodified,9,15,38,0,38,3.8,10631,low,0,31,31,16,,,computed-only,computed-only,10,0,0,11,0,0,0,,
10631,0x2987,大型八龙　腿甲,防具,足部,武士防具,feet,1063,alternate_source,59808,0xE9A0,feet,False,4,180,20,3,0,0x00000000,30,20,1/0,strengthened,9,15,38,0,38,3.8,10631,low,7,31,31,16,,,computed-only,computed-only,17,0,0,18,0,0,0,,
10631,0x2987,大型八龙　腿甲,防具,足部,武士防具,feet,1063,alternate_source,59808,0xE9A0,feet,False,4,180,20,3,0,0x00000000,30,20,2/0,thickened,9,15,38,4,42,4.2,10631,low,0,31,31,16,,,computed-only,computed-only,10,0,0,11,0,0,0,,
10631,0x2987,大型八龙　腿甲,防具,足部,武士防具,feet,1063,alternate_source,59808,0xE9A0,feet,False,4,180,20,3,0,0x00000000,30,20,1/1,extreme_strengthened,9,15,38,0,38,3.8,10631,low,15,31,31,16,,,computed-only,computed-only,25,0,0,26,0,0,0,,
10631,0x2987,大型八龙　腿甲,防具,足部,武士防具,feet,1063,alternate_source,59808,0xE9A0,feet,False,4,180,20,3,0,0x00000000,30,20,2/2,extreme_thickened,9,15,38,9,47,4.7,10631,low,0,31,31,16,,,computed-only,computed-only,10,0,0,11,0,0,0,,
10631,0x2987,大型八龙　腿甲,防具,足部,武士防具,feet,1063,alternate_source,59808,0xE9A0,feet,False,4,180,20,3,0,0x00000000,30,20,1/2,strengthened_plus_thickened,9,15,38,4,42,4.2,10631,low,7,31,31,16,,,computed-only,computed-only,17,0,0,18,0,0,0,,
10664,0x29A8,逃弹正之铠　头盔,防具,头部,武士防具,head,716,alternate_source,48392,0xBD08,head,False,4,180,20,3,0,0x00000000,30,20,0/0,unmodified,9,15,49,0,49,4.9,10664,low,0,50,50,17,,,computed-only,computed-only,0,0,9,8,0,0,0,,
10664,0x29A8,逃弹正之铠　头盔,防具,头部,武士防具,head,716,alternate_source,48392,0xBD08,head,False,4,180,20,3,0,0x00000000,30,20,1/0,strengthened,9,15,49,0,49,4.9,10664,low,7,50,50,17,,,computed-only,computed-only,0,0,16,15,0,0,0,,
10664,0x29A8,逃弹正之铠　头盔,防具,头部,武士防具,head,716,alternate_source,48392,0xBD08,head,False,4,180,20,3,0,0x00000000,30,20,2/0,thickened,9,15,49,4,53,5.3,10664,low,0,50,50,17,,,computed-only,computed-only,0,0,9,8,0,0,0,,
10664,0x29A8,逃弹正之铠　头盔,防具,头部,武士防具,head,716,alternate_source,48392,0xBD08,head,False,4,180,20,3,0,0x00000000,30,20,1/1,extreme_strengthened,9,15,49,0,49,4.9,10664,low,15,50,50,17,,,computed-only,computed-only,0,0,24,23,0,0,0,,
10664,0x29A8,逃弹正之铠　头盔,防具,头部,武士防具,head,716,alternate_source,48392,0xBD08,head,False,4,180,20,3,0,0x00000000,30,20,2/2,extreme_thickened,9,15,49,9,58,5.8,10664,low,0,50,50,17,,,computed-only,computed-only,0,0,9,8,0,0,0,,
10664,0x29A8,逃弹正之铠　头盔,防具,头部,武士防具,head,716,alternate_source,48392,0xBD08,head,False,4,180,20,3,0,0x00000000,30,20,1/2,strengthened_plus_thickened,9,15,49,4,53,5.3,10664,low,7,50,50,17,,,computed-only,computed-only,0,0,16,15,0,0,0,,
10974,0x2ADE,盗贼之铠　腿甲,防具,足部,忍者防具,feet,1168,alternate_source,15871,0x3DFF,feet,False,4,180,20,3,0,0x00000000,30,20,0/0,unmodified,9,15,16,0,16,1.6,10974,low,0,28,28,16,,,computed-only,computed-only,0,0,5,0,5,0,0,,
10974,0x2ADE,盗贼之铠　腿甲,防具,足部,忍者防具,feet,1168,alternate_source,15871,0x3DFF,feet,False,4,180,20,3,0,0x00000000,30,20,1/0,strengthened,9,15,16,0,16,1.6,10974,low,7,28,28,16,,,computed-only,computed-only,0,0,12,0,12,0,0,,
10974,0x2ADE,盗贼之铠　腿甲,防具,足部,忍者防具,feet,1168,alternate_source,15871,0x3DFF,feet,False,4,180,20,3,0,0x00000000,30,20,2/0,thickened,9,15,16,4,20,2.0,10974,low,0,28,28,16,,,computed-only,computed-only,0,0,5,0,5,0,0,,
10974,0x2ADE,盗贼之铠　腿甲,防具,足部,忍者防具,feet,1168,alternate_source,15871,0x3DFF,feet,False,4,180,20,3,0,0x00000000,30,20,1/1,extreme_strengthened,9,15,16,0,16,1.6,10974,low,15,28,28,16,,,computed-only,computed-only,0,0,20,0,20,0,0,,
10974,0x2ADE,盗贼之铠　腿甲,防具,足部,忍者防具,feet,1168,alternate_source,15871,0x3DFF,feet,False,4,180,20,3,0,0x00000000,30,20,2/2,extreme_thickened,9,15,16,9,25,2.5,10974,low,0,28,28,16,,,computed-only,computed-only,0,0,5,0,5,0,0,,
10974,0x2ADE,盗贼之铠　腿甲,防具,足部,忍者防具,feet,1168,alternate_source,15871,0x3DFF,feet,False,4,180,20,3,0,0x00000000,30,20,1/2,strengthened_plus_thickened,9,15,16,4,20,2.0,10974,low,7,28,28,16,,,computed-only,computed-only,0,0,12,0,12,0,0,,
11177,0x2BA9,,防具,,忍者防具,legs,1132,standalone,11177,0x2BA9,legs,False,4,180,20,3,0,0x00000000,30,20,0/0,unmodified,9,15,30,0,30,3.0,11177,low,0,42,42,16,,,computed-only,computed-only,0,0,0,0,8,0,0,,
11177,0x2BA9,,防具,,忍者防具,legs,1132,standalone,11177,0x2BA9,legs,False,4,180,20,3,0,0x00000000,30,20,1/0,strengthened,9,15,30,0,30,3.0,11177,low,7,42,42,16,,,computed-only,computed-only,0,0,0,0,15,0,0,,
11177,0x2BA9,,防具,,忍者防具,legs,1132,standalone,11177,0x2BA9,legs,False,4,180,20,3,0,0x00000000,30,20,2/0,thickened,9,15,30,4,34,3.4,11177,low,0,42,42,16,,,computed-only,computed-only,0,0,0,0,8,0,0,,
11177,0x2BA9,,防具,,忍者防具,legs,1132,standalone,11177,0x2BA9,legs,False,4,180,20,3,0,0x00000000,30,20,1/1,extreme_strengthened,9,15,30,0,30,3.0,11177,low,15,42,42,16,,,computed-only,computed-only,0,0,0,0,23,0,0,,
11177,0x2BA9,,防具,,忍者防具,legs,1132,standalone,11177,0x2BA9,legs,False,4,180,20,3,0,0x00000000,30,20,2/2,extreme_thickened,9,15,30,9,39,3.9,11177,low,0,42,42,16,,,computed-only,computed-only,0,0,0,0,8,0,0,,
11177,0x2BA9,,防具,,忍者防具,legs,1132,standalone,11177,0x2BA9,legs,False,4,180,20,3,0,0x00000000,30,20,1/2,strengthened_plus_thickened,9,15,30,4,34,3.4,11177,low,7,42,42,16,,,computed-only,computed-only,0,0,0,0,15,0,0,,
11211,0x2BCB,凛然装束　手套,防具,手臂,忍者防具,arms,822,alternate_source,58519,0xE497,arms,False,4,180,20,3,0,0x00000000,30,20,0/0,unmodified,9,15,8,0,8,0.8,11211,low,0,18,18,15,,,computed-only,computed-only,18,0,0,0,18,0,0,,
11211,0x2BCB,凛然装束　手套,防具,手臂,忍者防具,arms,822,alternate_source,58519,0xE497,arms,False,4,180,20,3,0,0x00000000,30,20,1/0,strengthened,9,15,8,0,8,0.8,11211,low,7,18,18,15,,,computed-only,computed-only,25,0,0,0,25,0,0,,
11211,0x2BCB,凛然装束　手套,防具,手臂,忍者防具,arms,822,alternate_source,58519,0xE497,arms,False,4,180,20,3,0,0x00000000,30,20,2/0,thickened,9,15,8,4,12,1.2,11211,low,0,18,18,15,,,computed-only,computed-only,18,0,0,0,18,0,0,,
11211,0x2BCB,凛然装束　手套,防具,手臂,忍者防具,arms,822,alternate_source,58519,0xE497,arms,False,4,180,20,3,0,0x00000000,30,20,1/1,extreme_strengthened,9,15,8,0,8,0.8,11211,low,15,18,18,15,,,computed-only,computed-only,33,0,0,0,33,0,0,,
11211,0x2BCB,凛然装束　手套,防具,手臂,忍者防具,arms,822,alternate_source,58519,0xE497,arms,False,4,180,20,3,0,0x00000000,30,20,2/2,extreme_thickened,9,15,8,9,17,1.7,11211,low,0,18,18,15,,,computed-only,computed-only,18,0,0,0,18,0,0,,
11211,0x2BCB,凛然装束　手套,防具,手臂,忍者防具,arms,822,alternate_source,58519,0xE497,arms,False,4,180,20,3,0,0x00000000,30,20,1/2,strengthened_plus_thickened,9,15,8,4,12,1.2,11211,low,7,18,18,15,,,computed-only,computed-only,25,0,0,0,25,0,0,,
11242,0x2BEA,,防具,,忍者防具,chest,976,standalone,11242,0x2BEA,chest,False,4,180,20,3,0,0x00000000,30,20,0/0,unmodified,9,15,20,0,20,2.0,11242,low,0,36,36,15,,,computed-only,computed-only,0,0,0,0,12,0,0,,
11242,0x2BEA,,防具,,忍者防具,chest,976,standalone,11242,0x2BEA,chest,False,4,180,20,3,0,0x00000000,30,20,1/0,strengthened,9,15,20,0,20,2.0,11242,low,7,36,36,15,,,computed-only,computed-only,0,0,0,0,19,0,0,,
11242,0x2BEA,,防具,,忍者防具,chest,976,standalone,11242,0x2BEA,chest,False,4,180,20,3,0,0x00000000,30,20,2/0,thickened,9,15,20,4,24,2.4,11242,low,0,36,36,15,,,computed-only,computed-only,0,0,0,0,12,0,0,,
11242,0x2BEA,,防具,,忍者防具,chest,976,standalone,11242,0x2BEA,chest,False,4,180,20,3,0,0x00000000,30,20,1/1,extreme_strengthened,9,15,20,0,20,2.0,11242,low,15,36,36,15,,,computed-only,computed-only,0,0,0,0,27,0,0,,
11242,0x2BEA,,防具,,忍者防具,chest,976,standalone,11242,0x2BEA,chest,False,4,180,20,3,0,0x00000000,30,20,2/2,extreme_thickened,9,15,20,9,29,2.9,11242,low,0,36,36,15,,,computed-only,computed-only,0,0,0,0,12,0,0,,
11242,0x2BEA,,防具,,忍者防具,chest,976,standalone,11242,0x2BEA,chest,False,4,180,20,3,0,0x00000000,30,20,1/2,strengthened_plus_thickened,9,15,20,4,24,2.4,11242,low,7,36,36,15,,,computed-only,computed-only,0,0,0,0,19,0,0,,
11290,0x2C1A,霸王狙击装束　臂甲,防具,手臂,忍者防具,arms,787,alternate_source,24866,0x6122,arms,False,4,180,20,3,0,0x00000000,30,20,0/0,unmodified,9,15,17,0,17,1.7,11290,low,0,28,28,16,,,computed-only,computed-only,0,0,7,0,6,0,0,,
11290,0x2C1A,霸王狙击装束　臂甲,防具,手臂,忍者防具,arms,787,alternate_source,24866,0x6122,arms,False,4,180,20,3,0,0x00000000,30,20,1/0,strengthened,9,15,17,0,17,1.7,11290,low,7,28,28,16,,,computed-only,computed-only,0,0,14,0,13,0,0,,
11290,0x2C1A,霸王狙击装束　臂甲,防具,手臂,忍者防具,arms,787,alternate_source,24866,0x6122,arms,False,4,180,20,3,0,0x00000000,30,20,2/0,thickened,9,15,17,4,21,2.1,11290,low,0,28,28,16,,,computed-only,computed-only,0,0,7,0,6,0,0,,
11290,0x2C1A,霸王狙击装束　臂甲,防具,手臂,忍者防具,arms,787,alternate_source,24866,0x6122,arms,False,4,180,20,3,0,0x00000000,30,20,1/1,extreme_strengthened,9,15,17,0,17,1.7,11290,low,15,28,28,16,,,computed-only,computed-only,0,0,22,0,21,0,0,,
11290,0x2C1A,霸王狙击装束　臂甲,防具,手臂,忍者防具,arms,787,alternate_source,24866,0x6122,arms,False,4,180,20,3,0,0x00000000,30,20,2/2,extreme_thickened,9,15,17,9,26,2.6,11290,low,0,28,28,16,,,computed-only,computed-only,0,0,7,0,6,0,0,,
11290,0x2C1A,霸王狙击装束　臂甲,防具,手臂,忍者防具,arms,787,alternate_source,24866,0x6122,arms,False,4,180,20,3,0,0x00000000,30,20,1/2,strengthened_plus_thickened,9,15,17,4,21,2.1,11290,low,7,28,28,16,,,computed-only,computed-only,0,0,14,0,13,0,0,,
11317,0x2C35,,防具或饰品,,装备,head,1209,alternate_source,2028,0x07EC,head,False,4,180,20,3,0,0x00000000,30,20,0/0,unmodified,9,15,33,0,33,3.3,11317,low,0,31,31,15,,,computed-only,computed-only,21,0,21,0,0,0,0,,
11317,0x2C35,,防具或饰品,,装备,head,1209,alternate_source,2028,0x07EC,head,False,4,180,20,3,0,0x00000000,30,20,1/0,strengthened,9,15,33,0,33,3.3,11317,low,7,31,31,15,,,computed-only,computed-only,28,0,28,0,0,0,0,,
11317,0x2C35,,防具或饰品,,装备,head,1209,alternate_source,2028,0x07EC,head,False,4,180,20,3,0,0x00000000,30,20,2/0,thickened,9,15,33,4,37,3.7,11317,low,0,31,31,15,,,computed-only,computed-only,21,0,21,0,0,0,0,,
11317,0x2C35,,防具或饰品,,装备,head,1209,alternate_source,2028,0x07EC,head,False,4,180,20,3,0,0x00000000,30,20,1/1,extreme_strengthened,9,15,33,0,33,3.3,11317,low,15,31,31,15,,,computed-only,computed-only,36,0,36,0,0,0,0,,
11317,0x2C35,,防具或饰品,,装备,head,1209,alternate_source,2028,0x07EC,head,False,4,180,20,3,0,0x00000000,30,20,2/2,extreme_thickened,9,15,33,9,42,4.2,11317,low,0,31,31,15,,,computed-only,computed-only,21,0,21,0,0,0,0,,
11317,0x2C35,,防具或饰品,,装备,head,1209,alternate_source,2028,0x07EC,head,False,4,180,20,3,0,0x00000000,30,20,1/2,strengthened_plus_thickened,9,15,33,4,37,3.7,11317,low,7,31,31,15,,,computed-only,computed-only,28,0,28,0,0,0,0,,
11341,0x2C4D,威光中铠　膝甲,防具,腿部,武士防具,legs,741,alternate_source,8900,0x22C4,legs,False,4,180,20,3,0,0x00000000,30,20,0/0,unmodified,9,15,60,0,60,6.0,11341,low,0,47,47,16,,,computed-only,computed-only,16,0,0,15,0,0,0,,
11341,0x2C4D,威光中铠　膝甲,防具,腿部,武士防具,legs,741,alternate_source,8900,0x22C4,legs,False,4,180,20,3,0,0x00000000,30,20,1/0,strengthened,9,15,60,0,60,6.0,11341,low,7,47,47,16,,,computed-only,computed-only,23,0,0,22,0,0,0,,
11341,0x2C4D,威光中铠　膝甲,防具,腿部,武士防具,legs,741,alternate_source,8900,0x22C4,legs,False,4,180,20,3,0,0x00000000,30,20,2/0,thickened,9,15,60,4,64,6.4,11341,low,0,47,47,16,,,computed-only,computed-only,16,0,0,15,0,0,0,,
11341,0x2C4D,威光中铠　膝甲,防具,腿部,武士防具,legs,741,alternate_source,8900,0x22C4,legs,False,4,180,20,3,0,0x00000000,30,20,1/1,extreme_strengthened,9,15,60,0,60,6.0,11341,low,15,47,47,16,,,computed-only,computed-only,31,0,0,30,0,0,0,,
11341,0x2C4D,威光中铠　膝甲,防具,腿部,武士防具,legs,741,alternate_source,8900,0x22C4,legs,False,4,180,20,3,0,0x00000000,30,20,2/2,extreme_thickened,9,15,60,9,69,6.9,11341,low,0,47,47,16,,,computed-only,computed-only,16,0,0,15,0,0,0,,
11341,0x2C4D,威光中铠　膝甲,防具,腿部,武士防具,legs,741,alternate_source,8900,0x22C4,legs,False,4,180,20,3,0,0x00000000,30,20,1/2,strengthened_plus_thickened,9,15,60,4,64,6.4,11341,low,7,47,47,16,,,computed-only,computed-only,23,0,0,22,0,0,0,,
11769,0x2DF9,旗本之衣　裤裙,防具,腿部,武士防具,legs,684,alternate_source,17721,0x4539,legs,False,4,180,20,3,0,0x00000000,30,20,0/0,unmodified,9,15,24,0,24,2.4,11769,low,0,29,29,15,,,computed-only,computed-only,14,0,0,0,15,0,0,,
11769,0x2DF9,旗本之衣　裤裙,防具,腿部,武士防具,legs,684,alternate_source,17721,0x4539,legs,False,4,180,20,3,0,0x00000000,30,20,1/0,strengthened,9,15,24,0,24,2.4,11769,low,7,29,29,15,,,computed-only,computed-only,21,0,0,0,22,0,0,,
11769,0x2DF9,旗本之衣　裤裙,防具,腿部,武士防具,legs,684,alternate_source,17721,0x4539,legs,False,4,180,20,3,0,0x00000000,30,20,2/0,thickened,9,15,24,4,28,2.8,11769,low,0,29,29,15,,,computed-only,computed-only,14,0,0,0,15,0,0,,
11769,0x2DF9,旗本之衣　裤裙,防具,腿部,武士防具,legs,684,alternate_source,17721,0x4539,legs,False,4,180,20,3,0,0x00000000,30,20,1/1,extreme_strengthened,9,15,24,0,24,2.4,11769,low,15,29,29,15,,,computed-only,computed-only,29,0,0,0,30,0,0,,
11769,0x2DF9,旗本之衣　裤裙,防具,腿部,武士防具,legs,684,alternate_source,17721,0x4539,legs,False,4,180,20,3,0,0x00000000,30,20,2/2,extreme_thickened,9,15,24,9,33,3.3,11769,low,0,29,29,15,,,computed-only,computed-only,14,0,0,0,15,0,0,,
11769,0x2DF9,旗本之衣　裤裙,防具,腿部,武士防具,legs,684,alternate_source,17721,0x4539,legs,False,4,180,20,3,0,0x00000000,30,20,1/2,strengthened_plus_thickened,9,15,24,4,28,2.8,11769,low,7,29,29,15,,,computed-only,computed-only,21,0,0,0,22,0,0,,
11904,0x2E80,退魔师战甲　腿甲,防具,足部,忍者防具,feet,1023,alternate_source,1554,0x0612,feet,False,4,180,20,3,0,0x00000000,30,20,0/0,unmodified,9,15,24,0,24,2.4,11904,low,0,49,49,16,,,computed-only,computed-only,0,0,10,0,9,0,0,,
11904,0x2E80,退魔师战甲　腿甲,防具,足部,忍者防具,feet,1023,alternate_source,1554,0x0612,feet,False,4,180,20,3,0,0x00000000,30,20,1/0,strengthened,9,15,24,0,24,2.4,11904,low,7,49,49,16,,,computed-only,computed-only,0,0,17,0,16,0,0,,
11904,0x2E80,退魔师战甲　腿甲,防具,足部,忍者防具,feet,1023,alternate_source,1554,0x0612,feet,False,4,180,20,3,0,0x00000000,30,20,2/0,thickened,9,15,24,4,28,2.8,11904,low,0,49,49,16,,,computed-only,computed-only,0,0,10,0,9,0,0,,
11904,0x2E80,退魔师战甲　腿甲,防具,足部,忍者防具,feet,1023,alternate_source,1554,0x0612,feet,False,4,180,20,3,0,0x00000000,30,20,1/1,extreme_strengthened,9,15,24,0,24,2.4,11904,low,15,49,49,16,,,computed-only,computed-only,0,0,25,0,24,0,0,,
11904,0x2E80,退魔师战甲　腿甲,防具,足部,忍者防具,feet,1023,alternate_source,1554,0x0612,feet,False,4,180,20,3,0,0x00000000,30,20,2/2,extreme_thickened,9,15,24,9,33,3.3,11904,low,0,49,49,16,,,computed-only,computed-only,0,0,10,0,9,0,0,,
11904,0x2E80,退魔师战甲　腿甲,防具,足部,忍者防具,feet,1023,alternate_source,1554,0x0612,feet,False,4,180,20,3,0,0x00000000,30,20,1/2,strengthened_plus_thickened,9,15,24,4,28,2.8,11904,low,7,49,49,16,,,computed-only,computed-only,0,0,17,0,16,0,0,,
12410,0x307A,逃弹正之铠　胸甲,防具,身体,武士防具,chest,717,alternate_source,44732,0xAEBC,chest,False,4,180,20,3,0,0x00000000,30,20,0/0,unmodified,9,15,98,0,98,9.8,12410,low,0,100,100,17,,,computed-only,computed-only,0,0,9,8,0,0,0,,
12410,0x307A,逃弹正之铠　胸甲,防具,身体,武士防具,chest,717,alternate_source,44732,0xAEBC,chest,False,4,180,20,3,0,0x00000000,30,20,1/0,strengthened,9,15,98,0,98,9.8,12410,low,7,100,100,17,,,computed-only,computed-only,0,0,16,15,0,0,0,,
12410,0x307A,逃弹正之铠　胸甲,防具,身体,武士防具,chest,717,alternate_source,44732,0xAEBC,chest,False,4,180,20,3,0,0x00000000,30,20,2/0,thickened,9,15,98,4,102,10.2,12410,low,0,100,100,17,,,computed-only,computed-only,0,0,9,8,0,0,0,,
12410,0x307A,逃弹正之铠　胸甲,防具,身体,武士防具,chest,717,alternate_source,44732,0xAEBC,chest,False,4,180,20,3,0,0x00000000,30,20,1/1,extreme_strengthened,9,15,98,0,98,9.8,12410,low,15,100,100,17,,,computed-only,computed-only,0,0,24,23,0,0,0,,
12410,0x307A,逃弹正之铠　胸甲,防具,身体,武士防具,chest,717,alternate_source,44732,0xAEBC,chest,False,4,180,20,3,0,0x00000000,30,20,2/2,extreme_thickened,9,15,98,9,107,10.7,12410,low,0,100,100,17,,,computed-only,computed-only,0,0,9,8,0,0,0,,
12410,0x307A,逃弹正之铠　胸甲,防具,身体,武士防具,chest,717,alternate_source,44732,0xAEBC,chest,False,4,180,20,3,0,0x00000000,30,20,1/2,strengthened_plus_thickened,9,15,98,4,102,10.2,12410,low,7,100,100,17,,,computed-only,computed-only,0,0,16,15,0,0,0,,
12424,0x3088,御家人之铠　腿甲,防具,足部,武士防具,feet,819,alternate_source,39153,0x98F1,feet,False,4,180,20,3,0,0x00000000,30,20,0/0,unmodified,9,15,37,0,37,3.7,12424,low,0,31,31,16,,,computed-only,computed-only,10,0,0,9,0,0,0,,
12424,0x3088,御家人之铠　腿甲,防具,足部,武士防具,feet,819,alternate_source,39153,0x98F1,feet,False,4,180,20,3,0,0x00000000,30,20,1/0,strengthened,9,15,37,0,37,3.7,12424,low,7,31,31,16,,,computed-only,computed-only,17,0,0,16,0,0,0,,
12424,0x3088,御家人之铠　腿甲,防具,足部,武士防具,feet,819,alternate_source,39153,0x98F1,feet,False,4,180,20,3,0,0x00000000,30,20,2/0,thickened,9,15,37,4,41,4.1,12424,low,0,31,31,16,,,computed-only,computed-only,10,0,0,9,0,0,0,,
12424,0x3088,御家人之铠　腿甲,防具,足部,武士防具,feet,819,alternate_source,39153,0x98F1,feet,False,4,180,20,3,0,0x00000000,30,20,1/1,extreme_strengthened,9,15,37,0,37,3.7,12424,low,15,31,31,16,,,computed-only,computed-only,25,0,0,24,0,0,0,,
12424,0x3088,御家人之铠　腿甲,防具,足部,武士防具,feet,819,alternate_source,39153,0x98F1,feet,False,4,180,20,3,0,0x00000000,30,20,2/2,extreme_thickened,9,15,37,9,46,4.6,12424,low,0,31,31,16,,,computed-only,computed-only,10,0,0,9,0,0,0,,
12424,0x3088,御家人之铠　腿甲,防具,足部,武士防具,feet,819,alternate_source,39153,0x98F1,feet,False,4,180,20,3,0,0x00000000,30,20,1/2,strengthened_plus_thickened,9,15,37,4,41,4.1,12424,low,7,31,31,16,,,computed-only,computed-only,17,0,0,16,0,0,0,,
12432,0x3090,修验者装束　头襟,防具,头部,忍者防具,head,758,alternate_source,63737,0xF8F9,head,False,4,180,20,3,0,0x00000000,30,20,0/0,unmodified,9,15,23,0,23,2.3,12432,low,0,49,49,16,,,computed-only,computed-only,0,0,6,0,5,0,0,,
12432,0x3090,修验者装束　头襟,防具,头部,忍者防具,head,758,alternate_source,63737,0xF8F9,head,False,4,180,20,3,0,0x00000000,30,20,1/0,strengthened,9,15,23,0,23,2.3,12432,low,7,49,49,16,,,computed-only,computed-only,0,0,13,0,12,0,0,,
12432,0x3090,修验者装束　头襟,防具,头部,忍者防具,head,758,alternate_source,63737,0xF8F9,head,False,4,180,20,3,0,0x00000000,30,20,2/0,thickened,9,15,23,4,27,2.7,12432,low,0,49,49,16,,,computed-only,computed-only,0,0,6,0,5,0,0,,
12432,0x3090,修验者装束　头襟,防具,头部,忍者防具,head,758,alternate_source,63737,0xF8F9,head,False,4,180,20,3,0,0x00000000,30,20,1/1,extreme_strengthened,9,15,23,0,23,2.3,12432,low,15,49,49,16,,,computed-only,computed-only,0,0,21,0,20,0,0,,
12432,0x3090,修验者装束　头襟,防具,头部,忍者防具,head,758,alternate_source,63737,0xF8F9,head,False,4,180,20,3,0,0x00000000,30,20,2/2,extreme_thickened,9,15,23,9,32,3.2,12432,low,0,49,49,16,,,computed-only,computed-only,0,0,6,0,5,0,0,,
12432,0x3090,修验者装束　头襟,防具,头部,忍者防具,head,758,alternate_source,63737,0xF8F9,head,False,4,180,20,3,0,0x00000000,30,20,1/2,strengthened_plus_thickened,9,15,23,4,27,2.7,12432,low,7,49,49,16,,,computed-only,computed-only,0,0,13,0,12,0,0,,
12519,0x30E7,怪童大铠　头巾,防具,头部,武士防具,head,1189,alternate_source,19000,0x4A38,head,False,4,180,20,3,0,0x00000000,30,20,0/0,unmodified,9,15,53,0,53,5.3,12519,low,0,50,50,17,,,computed-only,computed-only,0,0,14,15,0,0,0,,
12519,0x30E7,怪童大铠　头巾,防具,头部,武士防具,head,1189,alternate_source,19000,0x4A38,head,False,4,180,20,3,0,0x00000000,30,20,1/0,strengthened,9,15,53,0,53,5.3,12519,low,7,50,50,17,,,computed-only,computed-only,0,0,21,22,0,0,0,,
12519,0x30E7,怪童大铠　头巾,防具,头部,武士防具,head,1189,alternate_source,19000,0x4A38,head,False,4,180,20,3,0,0x00000000,30,20,2/0,thickened,9,15,53,4,57,5.7,12519,low,0,50,50,17,,,computed-only,computed-only,0,0,14,15,0,0,0,,
12519,0x30E7,怪童大铠　头巾,防具,头部,武士防具,head,1189,alternate_source,19000,0x4A38,head,False,4,180,20,3,0,0x00000000,30,20,1/1,extreme_strengthened,9,15,53,0,53,5.3,12519,low,15,50,50,17,,,computed-only,computed-only,0,0,29,30,0,0,0,,
12519,0x30E7,怪童大铠　头巾,防具,头部,武士防具,head,1189,alternate_source,19000,0x4A38,head,False,4,180,20,3,0,0x00000000,30,20,2/2,extreme_thickened,9,15,53,9,62,6.2,12519,low,0,50,50,17,,,computed-only,computed-only,0,0,14,15,0,0,0,,
12519,0x30E7,怪童大铠　头巾,防具,头部,武士防具,head,1189,alternate_source,19000,0x4A38,head,False,4,180,20,3,0,0x00000000,30,20,1/2,strengthened_plus_thickened,9,15,53,4,57,5.7,12519,low,7,50,50,17,,,computed-only,computed-only,0,0,21,22,0,0,0,,
12541,0x30FD,弁庆梦想装束　草鞋,防具,足部,忍者防具,feet,1257,alternate_source,22763,0x58EB,feet,False,4,180,20,3,0,0x00000000,30,20,0/0,unmodified,9,15,17,0,17,1.7,12541,low,0,28,28,16,,,computed-only,computed-only,0,0,0,23,22,0,0,,
12541,0x30FD,弁庆梦想装束　草鞋,防具,足部,忍者防具,feet,1257,alternate_source,22763,0x58EB,feet,False,4,180,20,3,0,0x00000000,30,20,1/0,strengthened,9,15,17,0,17,1.7,12541,low,7,28,28,16,,,computed-only,computed-only,0,0,0,30,29,0,0,,
12541,0x30FD,弁庆梦想装束　草鞋,防具,足部,忍者防具,feet,1257,alternate_source,22763,0x58EB,feet,False,4,180,20,3,0,0x00000000,30,20,2/0,thickened,9,15,17,4,21,2.1,12541,low,0,28,28,16,,,computed-only,computed-only,0,0,0,23,22,0,0,,
12541,0x30FD,弁庆梦想装束　草鞋,防具,足部,忍者防具,feet,1257,alternate_source,22763,0x58EB,feet,False,4,180,20,3,0,0x00000000,30,20,1/1,extreme_strengthened,9,15,17,0,17,1.7,12541,low,15,28,28,16,,,computed-only,computed-only,0,0,0,38,37,0,0,,
12541,0x30FD,弁庆梦想装束　草鞋,防具,足部,忍者防具,feet,1257,alternate_source,22763,0x58EB,feet,False,4,180,20,3,0,0x00000000,30,20,2/2,extreme_thickened,9,15,17,9,26,2.6,12541,low,0,28,28,16,,,computed-only,computed-only,0,0,0,23,22,0,0,,
12541,0x30FD,弁庆梦想装束　草鞋,防具,足部,忍者防具,feet,1257,alternate_source,22763,0x58EB,feet,False,4,180,20,3,0,0x00000000,30,20,1/2,strengthened_plus_thickened,9,15,17,4,21,2.1,12541,low,7,28,28,16,,,computed-only,computed-only,0,0,0,30,29,0,0,,
12595,0x3133,讨鬼勇猛之铠　臂甲,防具,手臂,武士防具,arms,1066,alternate_source,5458,0x1552,arms,False,4,180,20,3,0,0x00000000,30,20,0/0,unmodified,9,15,37,0,37,3.7,12595,low,0,31,31,16,,,computed-only,computed-only,8,0,0,11,0,0,0,,
12595,0x3133,讨鬼勇猛之铠　臂甲,防具,手臂,武士防具,arms,1066,alternate_source,5458,0x1552,arms,False,4,180,20,3,0,0x00000000,30,20,1/0,strengthened,9,15,37,0,37,3.7,12595,low,7,31,31,16,,,computed-only,computed-only,15,0,0,18,0,0,0,,
12595,0x3133,讨鬼勇猛之铠　臂甲,防具,手臂,武士防具,arms,1066,alternate_source,5458,0x1552,arms,False,4,180,20,3,0,0x00000000,30,20,2/0,thickened,9,15,37,4,41,4.1,12595,low,0,31,31,16,,,computed-only,computed-only,8,0,0,11,0,0,0,,
12595,0x3133,讨鬼勇猛之铠　臂甲,防具,手臂,武士防具,arms,1066,alternate_source,5458,0x1552,arms,False,4,180,20,3,0,0x00000000,30,20,1/1,extreme_strengthened,9,15,37,0,37,3.7,12595,low,15,31,31,16,,,computed-only,computed-only,23,0,0,26,0,0,0,,
12595,0x3133,讨鬼勇猛之铠　臂甲,防具,手臂,武士防具,arms,1066,alternate_source,5458,0x1552,arms,False,4,180,20,3,0,0x00000000,30,20,2/2,extreme_thickened,9,15,37,9,46,4.6,12595,low,0,31,31,16,,,computed-only,computed-only,8,0,0,11,0,0,0,,
12595,0x3133,讨鬼勇猛之铠　臂甲,防具,手臂,武士防具,arms,1066,alternate_source,5458,0x1552,arms,False,4,180,20,3,0,0x00000000,30,20,1/2,strengthened_plus_thickened,9,15,37,4,41,4.1,12595,low,7,31,31,16,,,computed-only,computed-only,15,0,0,18,0,0,0,,
12612,0x3144,,防具或饰品,,装备,feet,1286,alternate_source,49723,0xC23B,feet,False,4,180,20,3,0,0x00000000,30,20,0/0,unmodified,9,15,18,0,18,1.8,12612,low,0,28,28,16,,,computed-only,computed-only,0,0,10,0,11,0,0,,
12612,0x3144,,防具或饰品,,装备,feet,1286,alternate_source,49723,0xC23B,feet,False,4,180,20,3,0,0x00000000,30,20,1/0,strengthened,9,15,18,0,18,1.8,12612,low,7,28,28,16,,,computed-only,computed-only,0,0,17,0,18,0,0,,
12612,0x3144,,防具或饰品,,装备,feet,1286,alternate_source,49723,0xC23B,feet,False,4,180,20,3,0,0x00000000,30,20,2/0,thickened,9,15,18,4,22,2.2,12612,low,0,28,28,16,,,computed-only,computed-only,0,0,10,0,11,0,0,,
12612,0x3144,,防具或饰品,,装备,feet,1286,alternate_source,49723,0xC23B,feet,False,4,180,20,3,0,0x00000000,30,20,1/1,extreme_strengthened,9,15,18,0,18,1.8,12612,low,15,28,28,16,,,computed-only,computed-only,0,0,25,0,26,0,0,,
12612,0x3144,,防具或饰品,,装备,feet,1286,alternate_source,49723,0xC23B,feet,False,4,180,20,3,0,0x00000000,30,20,2/2,extreme_thickened,9,15,18,9,27,2.7,12612,low,0,28,28,16,,,computed-only,computed-only,0,0,10,0,11,0,0,,
12612,0x3144,,防具或饰品,,装备,feet,1286,alternate_source,49723,0xC23B,feet,False,4,180,20,3,0,0x00000000,30,20,1/2,strengthened_plus_thickened,9,15,18,4,22,2.2,12612,low,7,28,28,16,,,computed-only,computed-only,0,0,17,0,18,0,0,,
12799,0x31FF,盗贼之铠　头盔,防具,头部,忍者防具,head,1164,alternate_source,37269,0x9195,head,False,4,180,20,3,0,0x00000000,30,20,0/0,unmodified,9,15,16,0,16,1.6,12799,low,0,28,28,16,,,computed-only,computed-only,0,0,5,0,5,0,0,,
12799,0x31FF,盗贼之铠　头盔,防具,头部,忍者防具,head,1164,alternate_source,37269,0x9195,head,False,4,180,20,3,0,0x00000000,30,20,1/0,strengthened,9,15,16,0,16,1.6,12799,low,7,28,28,16,,,computed-only,computed-only,0,0,12,0,12,0,0,,
12799,0x31FF,盗贼之铠　头盔,防具,头部,忍者防具,head,1164,alternate_source,37269,0x9195,head,False,4,180,20,3,0,0x00000000,30,20,2/0,thickened,9,15,16,4,20,2.0,12799,low,0,28,28,16,,,computed-only,computed-only,0,0,5,0,5,0,0,,
12799,0x31FF,盗贼之铠　头盔,防具,头部,忍者防具,head,1164,alternate_source,37269,0x9195,head,False,4,180,20,3,0,0x00000000,30,20,1/1,extreme_strengthened,9,15,16,0,16,1.6,12799,low,15,28,28,16,,,computed-only,computed-only,0,0,20,0,20,0,0,,
12799,0x31FF,盗贼之铠　头盔,防具,头部,忍者防具,head,1164,alternate_source,37269,0x9195,head,False,4,180,20,3,0,0x00000000,30,20,2/2,extreme_thickened,9,15,16,9,25,2.5,12799,low,0,28,28,16,,,computed-only,computed-only,0,0,5,0,5,0,0,,
12799,0x31FF,盗贼之铠　头盔,防具,头部,忍者防具,head,1164,alternate_source,37269,0x9195,head,False,4,180,20,3,0,0x00000000,30,20,1/2,strengthened_plus_thickened,9,15,16,4,20,2.0,12799,low,7,28,28,16,,,computed-only,computed-only,0,0,12,0,12,0,0,,
12913,0x3271,弟君锦衣　足履,防具,足部,武士防具,feet,618,alternate_source,39153,0x98F1,feet,False,4,180,20,3,0,0x00000000,30,20,0/0,unmodified,9,15,37,0,37,3.7,12913,low,0,31,31,16,,,computed-only,computed-only,13,0,0,12,0,0,0,,
12913,0x3271,弟君锦衣　足履,防具,足部,武士防具,feet,618,alternate_source,39153,0x98F1,feet,False,4,180,20,3,0,0x00000000,30,20,1/0,strengthened,9,15,37,0,37,3.7,12913,low,7,31,31,16,,,computed-only,computed-only,20,0,0,19,0,0,0,,
12913,0x3271,弟君锦衣　足履,防具,足部,武士防具,feet,618,alternate_source,39153,0x98F1,feet,False,4,180,20,3,0,0x00000000,30,20,2/0,thickened,9,15,37,4,41,4.1,12913,low,0,31,31,16,,,computed-only,computed-only,13,0,0,12,0,0,0,,
12913,0x3271,弟君锦衣　足履,防具,足部,武士防具,feet,618,alternate_source,39153,0x98F1,feet,False,4,180,20,3,0,0x00000000,30,20,1/1,extreme_strengthened,9,15,37,0,37,3.7,12913,low,15,31,31,16,,,computed-only,computed-only,28,0,0,27,0,0,0,,
12913,0x3271,弟君锦衣　足履,防具,足部,武士防具,feet,618,alternate_source,39153,0x98F1,feet,False,4,180,20,3,0,0x00000000,30,20,2/2,extreme_thickened,9,15,37,9,46,4.6,12913,low,0,31,31,16,,,computed-only,computed-only,13,0,0,12,0,0,0,,
12913,0x3271,弟君锦衣　足履,防具,足部,武士防具,feet,618,alternate_source,39153,0x98F1,feet,False,4,180,20,3,0,0x00000000,30,20,1/2,strengthened_plus_thickened,9,15,37,4,41,4.1,12913,low,7,31,31,16,,,computed-only,computed-only,20,0,0,19,0,0,0,,
12987,0x32BB,独眼剑豪之衣　臂甲,防具,手臂,武士防具,arms,1274,alternate_source,6486,0x1956,arms,False,4,180,20,3,0,0x00000000,30,20,0/0,unmodified,9,15,33,0,33,3.3,12987,low,0,31,31,16,,,computed-only,computed-only,21,0,0,0,21,0,0,,
12987,0x32BB,独眼剑豪之衣　臂甲,防具,手臂,武士防具,arms,1274,alternate_source,6486,0x1956,arms,False,4,180,20,3,0,0x00000000,30,20,1/0,strengthened,9,15,33,0,33,3.3,12987,low,7,31,31,16,,,computed-only,computed-only,28,0,0,0,28,0,0,,
12987,0x32BB,独眼剑豪之衣　臂甲,防具,手臂,武士防具,arms,1274,alternate_source,6486,0x1956,arms,False,4,180,20,3,0,0x00000000,30,20,2/0,thickened,9,15,33,4,37,3.7,12987,low,0,31,31,16,,,computed-only,computed-only,21,0,0,0,21,0,0,,
12987,0x32BB,独眼剑豪之衣　臂甲,防具,手臂,武士防具,arms,1274,alternate_source,6486,0x1956,arms,False,4,180,20,3,0,0x00000000,30,20,1/1,extreme_strengthened,9,15,33,0,33,3.3,12987,low,15,31,31,16,,,computed-only,computed-only,36,0,0,0,36,0,0,,
12987,0x32BB,独眼剑豪之衣　臂甲,防具,手臂,武士防具,arms,1274,alternate_source,6486,0x1956,arms,False,4,180,20,3,0,0x00000000,30,20,2/2,extreme_thickened,9,15,33,9,42,4.2,12987,low,0,31,31,16,,,computed-only,computed-only,21,0,0,0,21,0,0,,
12987,0x32BB,独眼剑豪之衣　臂甲,防具,手臂,武士防具,arms,1274,alternate_source,6486,0x1956,arms,False,4,180,20,3,0,0x00000000,30,20,1/2,strengthened_plus_thickened,9,15,33,4,37,3.7,12987,low,7,31,31,16,,,computed-only,computed-only,28,0,0,0,28,0,0,,
12996,0x32C4,凛然装束　上衣,防具,身体,忍者防具,chest,821,alternate_source,4728,0x1278,chest,False,4,180,20,3,0,0x00000000,30,20,0/0,unmodified,9,15,16,0,16,1.6,12996,low,0,36,36,15,,,computed-only,computed-only,18,0,0,0,18,0,0,,
12996,0x32C4,凛然装束　上衣,防具,身体,忍者防具,chest,821,alternate_source,4728,0x1278,chest,False,4,180,20,3,0,0x00000000,30,20,1/0,strengthened,9,15,16,0,16,1.6,12996,low,7,36,36,15,,,computed-only,computed-only,25,0,0,0,25,0,0,,
12996,0x32C4,凛然装束　上衣,防具,身体,忍者防具,chest,821,alternate_source,4728,0x1278,chest,False,4,180,20,3,0,0x00000000,30,20,2/0,thickened,9,15,16,4,20,2.0,12996,low,0,36,36,15,,,computed-only,computed-only,18,0,0,0,18,0,0,,
12996,0x32C4,凛然装束　上衣,防具,身体,忍者防具,chest,821,alternate_source,4728,0x1278,chest,False,4,180,20,3,0,0x00000000,30,20,1/1,extreme_strengthened,9,15,16,0,16,1.6,12996,low,15,36,36,15,,,computed-only,computed-only,33,0,0,0,33,0,0,,
12996,0x32C4,凛然装束　上衣,防具,身体,忍者防具,chest,821,alternate_source,4728,0x1278,chest,False,4,180,20,3,0,0x00000000,30,20,2/2,extreme_thickened,9,15,16,9,25,2.5,12996,low,0,36,36,15,,,computed-only,computed-only,18,0,0,0,18,0,0,,
12996,0x32C4,凛然装束　上衣,防具,身体,忍者防具,chest,821,alternate_source,4728,0x1278,chest,False,4,180,20,3,0,0x00000000,30,20,1/2,strengthened_plus_thickened,9,15,16,4,20,2.0,12996,low,7,36,36,15,,,computed-only,computed-only,25,0,0,0,25,0,0,,
13006,0x32CE,浪人中铠　膝甲,防具,腿部,武士防具,legs,1017,alternate_source,7357,0x1CBD,legs,False,4,180,20,3,0,0x00000000,30,20,0/0,unmodified,9,15,54,0,54,5.4,13006,low,0,47,47,16,,,computed-only,computed-only,8,0,0,11,0,0,0,,
13006,0x32CE,浪人中铠　膝甲,防具,腿部,武士防具,legs,1017,alternate_source,7357,0x1CBD,legs,False,4,180,20,3,0,0x00000000,30,20,1/0,strengthened,9,15,54,0,54,5.4,13006,low,7,47,47,16,,,computed-only,computed-only,15,0,0,18,0,0,0,,
13006,0x32CE,浪人中铠　膝甲,防具,腿部,武士防具,legs,1017,alternate_source,7357,0x1CBD,legs,False,4,180,20,3,0,0x00000000,30,20,2/0,thickened,9,15,54,4,58,5.8,13006,low,0,47,47,16,,,computed-only,computed-only,8,0,0,11,0,0,0,,
13006,0x32CE,浪人中铠　膝甲,防具,腿部,武士防具,legs,1017,alternate_source,7357,0x1CBD,legs,False,4,180,20,3,0,0x00000000,30,20,1/1,extreme_strengthened,9,15,54,0,54,5.4,13006,low,15,47,47,16,,,computed-only,computed-only,23,0,0,26,0,0,0,,
13006,0x32CE,浪人中铠　膝甲,防具,腿部,武士防具,legs,1017,alternate_source,7357,0x1CBD,legs,False,4,180,20,3,0,0x00000000,30,20,2/2,extreme_thickened,9,15,54,9,63,6.3,13006,low,0,47,47,16,,,computed-only,computed-only,8,0,0,11,0,0,0,,
13006,0x32CE,浪人中铠　膝甲,防具,腿部,武士防具,legs,1017,alternate_source,7357,0x1CBD,legs,False,4,180,20,3,0,0x00000000,30,20,1/2,strengthened_plus_thickened,9,15,54,4,58,5.8,13006,low,7,47,47,16,,,computed-only,computed-only,15,0,0,18,0,0,0,,
13261,0x33CD,又右卫门之衣　膝甲,防具,腿部,武士防具,legs,1270,alternate_source,17721,0x4539,legs,False,4,180,20,3,0,0x00000000,30,20,0/0,unmodified,9,15,24,0,24,2.4,13261,low,0,29,29,15,,,computed-only,computed-only,22,0,0,22,0,0,0,,
13261,0x33CD,又右卫门之衣　膝甲,防具,腿部,武士防具,legs,1270,alternate_source,17721,0x4539,legs,False,4,180,20,3,0,0x00000000,30,20,1/0,strengthened,9,15,24,0,24,2.4,13261,low,7,29,29,15,,,computed-only,computed-only,29,0,0,29,0,0,0,,
13261,0x33CD,又右卫门之衣　膝甲,防具,腿部,武士防具,legs,1270,alternate_source,17721,0x4539,legs,False,4,180,20,3,0,0x00000000,30,20,2/0,thickened,9,15,24,4,28,2.8,13261,low,0,29,29,15,,,computed-only,computed-only,22,0,0,22,0,0,0,,
13261,0x33CD,又右卫门之衣　膝甲,防具,腿部,武士防具,legs,1270,alternate_source,17721,0x4539,legs,False,4,180,20,3,0,0x00000000,30,20,1/1,extreme_strengthened,9,15,24,0,24,2.4,13261,low,15,29,29,15,,,computed-only,computed-only,37,0,0,37,0,0,0,,
13261,0x33CD,又右卫门之衣　膝甲,防具,腿部,武士防具,legs,1270,alternate_source,17721,0x4539,legs,False,4,180,20,3,0,0x00000000,30,20,2/2,extreme_thickened,9,15,24,9,33,3.3,13261,low,0,29,29,15,,,computed-only,computed-only,22,0,0,22,0,0,0,,
13261,0x33CD,又右卫门之衣　膝甲,防具,腿部,武士防具,legs,1270,alternate_source,17721,0x4539,legs,False,4,180,20,3,0,0x00000000,30,20,1/2,strengthened_plus_thickened,9,15,24,4,28,2.8,13261,low,7,29,29,15,,,computed-only,computed-only,29,0,0,29,0,0,0,,
13351,0x3427,叛军浪士之铠　臂甲,防具,手臂,武士防具,arms,1219,alternate_source,6486,0x1956,arms,False,4,180,20,3,0,0x00000000,30,20,0/0,unmodified,9,15,33,0,33,3.3,13351,low,0,31,31,16,,,computed-only,computed-only,21,0,0,21,0,0,0,,
13351,0x3427,叛军浪士之铠　臂甲,防具,手臂,武士防具,arms,1219,alternate_source,6486,0x1956,arms,False,4,180,20,3,0,0x00000000,30,20,1/0,strengthened,9,15,33,0,33,3.3,13351,low,7,31,31,16,,,computed-only,computed-only,28,0,0,28,0,0,0,,
13351,0x3427,叛军浪士之铠　臂甲,防具,手臂,武士防具,arms,1219,alternate_source,6486,0x1956,arms,False,4,180,20,3,0,0x00000000,30,20,2/0,thickened,9,15,33,4,37,3.7,13351,low,0,31,31,16,,,computed-only,computed-only,21,0,0,21,0,0,0,,
13351,0x3427,叛军浪士之铠　臂甲,防具,手臂,武士防具,arms,1219,alternate_source,6486,0x1956,arms,False,4,180,20,3,0,0x00000000,30,20,1/1,extreme_strengthened,9,15,33,0,33,3.3,13351,low,15,31,31,16,,,computed-only,computed-only,36,0,0,36,0,0,0,,
13351,0x3427,叛军浪士之铠　臂甲,防具,手臂,武士防具,arms,1219,alternate_source,6486,0x1956,arms,False,4,180,20,3,0,0x00000000,30,20,2/2,extreme_thickened,9,15,33,9,42,4.2,13351,low,0,31,31,16,,,computed-only,computed-only,21,0,0,21,0,0,0,,
13351,0x3427,叛军浪士之铠　臂甲,防具,手臂,武士防具,arms,1219,alternate_source,6486,0x1956,arms,False,4,180,20,3,0,0x00000000,30,20,1/2,strengthened_plus_thickened,9,15,33,4,37,3.7,13351,low,7,31,31,16,,,computed-only,computed-only,28,0,0,28,0,0,0,,
13465,0x3499,西洋炮术家装束　绑腿,防具,足部,武士防具,feet,810,alternate_source,36285,0x8DBD,feet,False,4,180,20,3,0,0x00000000,30,20,0/0,unmodified,9,15,17,0,17,1.7,13465,low,0,19,19,15,,,computed-only,computed-only,18,0,0,0,19,0,0,,
13465,0x3499,西洋炮术家装束　绑腿,防具,足部,武士防具,feet,810,alternate_source,36285,0x8DBD,feet,False,4,180,20,3,0,0x00000000,30,20,1/0,strengthened,9,15,17,0,17,1.7,13465,low,7,19,19,15,,,computed-only,computed-only,25,0,0,0,26,0,0,,
13465,0x3499,西洋炮术家装束　绑腿,防具,足部,武士防具,feet,810,alternate_source,36285,0x8DBD,feet,False,4,180,20,3,0,0x00000000,30,20,2/0,thickened,9,15,17,4,21,2.1,13465,low,0,19,19,15,,,computed-only,computed-only,18,0,0,0,19,0,0,,
13465,0x3499,西洋炮术家装束　绑腿,防具,足部,武士防具,feet,810,alternate_source,36285,0x8DBD,feet,False,4,180,20,3,0,0x00000000,30,20,1/1,extreme_strengthened,9,15,17,0,17,1.7,13465,low,15,19,19,15,,,computed-only,computed-only,33,0,0,0,34,0,0,,
13465,0x3499,西洋炮术家装束　绑腿,防具,足部,武士防具,feet,810,alternate_source,36285,0x8DBD,feet,False,4,180,20,3,0,0x00000000,30,20,2/2,extreme_thickened,9,15,17,9,26,2.6,13465,low,0,19,19,15,,,computed-only,computed-only,18,0,0,0,19,0,0,,
13465,0x3499,西洋炮术家装束　绑腿,防具,足部,武士防具,feet,810,alternate_source,36285,0x8DBD,feet,False,4,180,20,3,0,0x00000000,30,20,1/2,strengthened_plus_thickened,9,15,17,4,21,2.1,13465,low,7,19,19,15,,,computed-only,computed-only,25,0,0,0,26,0,0,,
13502,0x34BE,镰仓大人之铠　腿甲,防具,足部,武士防具,feet,648,alternate_source,38677,0x9715,feet,False,4,180,20,3,0,0x00000000,30,20,0/0,unmodified,9,15,51,0,51,5.1,13502,low,0,50,50,17,,,computed-only,computed-only,0,0,9,12,0,0,0,,
13502,0x34BE,镰仓大人之铠　腿甲,防具,足部,武士防具,feet,648,alternate_source,38677,0x9715,feet,False,4,180,20,3,0,0x00000000,30,20,1/0,strengthened,9,15,51,0,51,5.1,13502,low,7,50,50,17,,,computed-only,computed-only,0,0,16,19,0,0,0,,
13502,0x34BE,镰仓大人之铠　腿甲,防具,足部,武士防具,feet,648,alternate_source,38677,0x9715,feet,False,4,180,20,3,0,0x00000000,30,20,2/0,thickened,9,15,51,4,55,5.5,13502,low,0,50,50,17,,,computed-only,computed-only,0,0,9,12,0,0,0,,
13502,0x34BE,镰仓大人之铠　腿甲,防具,足部,武士防具,feet,648,alternate_source,38677,0x9715,feet,False,4,180,20,3,0,0x00000000,30,20,1/1,extreme_strengthened,9,15,51,0,51,5.1,13502,low,15,50,50,17,,,computed-only,computed-only,0,0,24,27,0,0,0,,
13502,0x34BE,镰仓大人之铠　腿甲,防具,足部,武士防具,feet,648,alternate_source,38677,0x9715,feet,False,4,180,20,3,0,0x00000000,30,20,2/2,extreme_thickened,9,15,51,9,60,6.0,13502,low,0,50,50,17,,,computed-only,computed-only,0,0,9,12,0,0,0,,
13502,0x34BE,镰仓大人之铠　腿甲,防具,足部,武士防具,feet,648,alternate_source,38677,0x9715,feet,False,4,180,20,3,0,0x00000000,30,20,1/2,strengthened_plus_thickened,9,15,51,4,55,5.5,13502,low,7,50,50,17,,,computed-only,computed-only,0,0,16,19,0,0,0,,
13547,0x34EB,夜袭护颊,防具,头部,武士防具,head,1398,alternate_source,52695,0xCDD7,head,False,4,180,20,3,0,0x00000000,30,20,0/0,unmodified,9,15,16,0,16,1.6,13547,low,0,19,19,15,,,computed-only,computed-only,13,0,0,0,13,0,0,,
13547,0x34EB,夜袭护颊,防具,头部,武士防具,head,1398,alternate_source,52695,0xCDD7,head,False,4,180,20,3,0,0x00000000,30,20,1/0,strengthened,9,15,16,0,16,1.6,13547,low,7,19,19,15,,,computed-only,computed-only,20,0,0,0,20,0,0,,
13547,0x34EB,夜袭护颊,防具,头部,武士防具,head,1398,alternate_source,52695,0xCDD7,head,False,4,180,20,3,0,0x00000000,30,20,2/0,thickened,9,15,16,4,20,2.0,13547,low,0,19,19,15,,,computed-only,computed-only,13,0,0,0,13,0,0,,
13547,0x34EB,夜袭护颊,防具,头部,武士防具,head,1398,alternate_source,52695,0xCDD7,head,False,4,180,20,3,0,0x00000000,30,20,1/1,extreme_strengthened,9,15,16,0,16,1.6,13547,low,15,19,19,15,,,computed-only,computed-only,28,0,0,0,28,0,0,,
13547,0x34EB,夜袭护颊,防具,头部,武士防具,head,1398,alternate_source,52695,0xCDD7,head,False,4,180,20,3,0,0x00000000,30,20,2/2,extreme_thickened,9,15,16,9,25,2.5,13547,low,0,19,19,15,,,computed-only,computed-only,13,0,0,0,13,0,0,,
13547,0x34EB,夜袭护颊,防具,头部,武士防具,head,1398,alternate_source,52695,0xCDD7,head,False,4,180,20,3,0,0x00000000,30,20,1/2,strengthened_plus_thickened,9,15,16,4,20,2.0,13547,low,7,19,19,15,,,computed-only,computed-only,20,0,0,0,20,0,0,,
13756,0x35BC,足轻中铠　胸甲,防具,身体,武士防具,chest,1010,alternate_source,38200,0x9538,chest,False,4,180,20,3,0,0x00000000,30,20,0/0,unmodified,9,15,70,0,70,7.0,13756,low,0,62,62,16,,,live-matched-configuration,native-query-on-temporary-record,7,0,0,6,0,0,0,weight;toughness;requirement_0;requirement_1;requirement_2;requirement_3;requirement_4;requirement_5;requirement_6,
13756,0x35BC,足轻中铠　胸甲,防具,身体,武士防具,chest,1010,alternate_source,38200,0x9538,chest,False,4,180,20,3,0,0x00000000,30,20,1/0,strengthened,9,15,70,0,70,7.0,13756,low,7,62,62,16,,,live-matched-configuration,native-query-on-temporary-record,14,0,0,13,0,0,0,weight;toughness;requirement_0;requirement_1;requirement_2;requirement_3;requirement_4;requirement_5;requirement_6,
13756,0x35BC,足轻中铠　胸甲,防具,身体,武士防具,chest,1010,alternate_source,38200,0x9538,chest,False,4,180,20,3,0,0x00000000,30,20,2/0,thickened,9,15,70,4,74,7.4,13756,low,0,62,62,16,,,live-matched-configuration,native-query-on-temporary-record,7,0,0,6,0,0,0,weight;toughness;requirement_0;requirement_1;requirement_2;requirement_3;requirement_4;requirement_5;requirement_6,
13756,0x35BC,足轻中铠　胸甲,防具,身体,武士防具,chest,1010,alternate_source,38200,0x9538,chest,False,4,180,20,3,0,0x00000000,30,20,1/1,extreme_strengthened,9,15,70,0,70,7.0,13756,low,15,62,62,16,,,live-matched-configuration,native-query-on-temporary-record,22,0,0,21,0,0,0,weight;toughness;requirement_0;requirement_1;requirement_2;requirement_3;requirement_4;requirement_5;requirement_6,
13756,0x35BC,足轻中铠　胸甲,防具,身体,武士防具,chest,1010,alternate_source,38200,0x9538,chest,False,4,180,20,3,0,0x00000000,30,20,2/2,extreme_thickened,9,15,70,9,79,7.9,13756,low,0,62,62,16,,,live-matched-configuration,native-query-on-temporary-record,7,0,0,6,0,0,0,weight;toughness;requirement_0;requirement_1;requirement_2;requirement_3;requirement_4;requirement_5;requirement_6,
13756,0x35BC,足轻中铠　胸甲,防具,身体,武士防具,chest,1010,alternate_source,38200,0x9538,chest,False,4,180,20,3,0,0x00000000,30,20,1/2,strengthened_plus_thickened,9,15,70,4,74,7.4,13756,low,7,62,62,16,,,live-matched-configuration,native-query-on-temporary-record,14,0,0,13,0,0,0,weight;toughness;requirement_0;requirement_1;requirement_2;requirement_3;requirement_4;requirement_5;requirement_6,
13796,0x35E4,弓手草鞋,防具,足部,武士防具,feet,894,alternate_source,4335,0x10EF,feet,False,4,180,20,3,0,0x00000000,30,20,0/0,unmodified,9,15,16,0,16,1.6,13796,low,0,19,19,15,,,computed-only,computed-only,9,0,0,0,9,0,0,,
13796,0x35E4,弓手草鞋,防具,足部,武士防具,feet,894,alternate_source,4335,0x10EF,feet,False,4,180,20,3,0,0x00000000,30,20,1/0,strengthened,9,15,16,0,16,1.6,13796,low,7,19,19,15,,,computed-only,computed-only,16,0,0,0,16,0,0,,
13796,0x35E4,弓手草鞋,防具,足部,武士防具,feet,894,alternate_source,4335,0x10EF,feet,False,4,180,20,3,0,0x00000000,30,20,2/0,thickened,9,15,16,4,20,2.0,13796,low,0,19,19,15,,,computed-only,computed-only,9,0,0,0,9,0,0,,
13796,0x35E4,弓手草鞋,防具,足部,武士防具,feet,894,alternate_source,4335,0x10EF,feet,False,4,180,20,3,0,0x00000000,30,20,1/1,extreme_strengthened,9,15,16,0,16,1.6,13796,low,15,19,19,15,,,computed-only,computed-only,24,0,0,0,24,0,0,,
13796,0x35E4,弓手草鞋,防具,足部,武士防具,feet,894,alternate_source,4335,0x10EF,feet,False,4,180,20,3,0,0x00000000,30,20,2/2,extreme_thickened,9,15,16,9,25,2.5,13796,low,0,19,19,15,,,computed-only,computed-only,9,0,0,0,9,0,0,,
13796,0x35E4,弓手草鞋,防具,足部,武士防具,feet,894,alternate_source,4335,0x10EF,feet,False,4,180,20,3,0,0x00000000,30,20,1/2,strengthened_plus_thickened,9,15,16,4,20,2.0,13796,low,7,19,19,15,,,computed-only,computed-only,16,0,0,0,16,0,0,,
13827,0x3603,射手装束　膝甲,防具,腿部,忍者防具,legs,771,alternate_source,52862,0xCE7E,legs,False,4,180,20,3,0,0x00000000,30,20,0/0,unmodified,9,15,27,0,27,2.7,13827,low,0,42,42,16,,,computed-only,computed-only,0,0,18,0,17,0,0,,
13827,0x3603,射手装束　膝甲,防具,腿部,忍者防具,legs,771,alternate_source,52862,0xCE7E,legs,False,4,180,20,3,0,0x00000000,30,20,1/0,strengthened,9,15,27,0,27,2.7,13827,low,7,42,42,16,,,computed-only,computed-only,0,0,25,0,24,0,0,,
13827,0x3603,射手装束　膝甲,防具,腿部,忍者防具,legs,771,alternate_source,52862,0xCE7E,legs,False,4,180,20,3,0,0x00000000,30,20,2/0,thickened,9,15,27,4,31,3.1,13827,low,0,42,42,16,,,computed-only,computed-only,0,0,18,0,17,0,0,,
13827,0x3603,射手装束　膝甲,防具,腿部,忍者防具,legs,771,alternate_source,52862,0xCE7E,legs,False,4,180,20,3,0,0x00000000,30,20,1/1,extreme_strengthened,9,15,27,0,27,2.7,13827,low,15,42,42,16,,,computed-only,computed-only,0,0,33,0,32,0,0,,
13827,0x3603,射手装束　膝甲,防具,腿部,忍者防具,legs,771,alternate_source,52862,0xCE7E,legs,False,4,180,20,3,0,0x00000000,30,20,2/2,extreme_thickened,9,15,27,9,36,3.6,13827,low,0,42,42,16,,,computed-only,computed-only,0,0,18,0,17,0,0,,
13827,0x3603,射手装束　膝甲,防具,腿部,忍者防具,legs,771,alternate_source,52862,0xCE7E,legs,False,4,180,20,3,0,0x00000000,30,20,1/2,strengthened_plus_thickened,9,15,27,4,31,3.1,13827,low,7,42,42,16,,,computed-only,computed-only,0,0,25,0,24,0,0,,
13847,0x3617,邪马台国之铠　臂甲,防具,手臂,武士防具,arms,690,alternate_source,23903,0x5D5F,arms,False,4,180,20,3,0,0x00000000,30,20,0/0,unmodified,9,15,51,0,51,5.1,13847,low,0,50,50,17,,,computed-only,computed-only,0,0,12,10,0,0,0,,
13847,0x3617,邪马台国之铠　臂甲,防具,手臂,武士防具,arms,690,alternate_source,23903,0x5D5F,arms,False,4,180,20,3,0,0x00000000,30,20,1/0,strengthened,9,15,51,0,51,5.1,13847,low,7,50,50,17,,,computed-only,computed-only,0,0,19,17,0,0,0,,
13847,0x3617,邪马台国之铠　臂甲,防具,手臂,武士防具,arms,690,alternate_source,23903,0x5D5F,arms,False,4,180,20,3,0,0x00000000,30,20,2/0,thickened,9,15,51,4,55,5.5,13847,low,0,50,50,17,,,computed-only,computed-only,0,0,12,10,0,0,0,,
13847,0x3617,邪马台国之铠　臂甲,防具,手臂,武士防具,arms,690,alternate_source,23903,0x5D5F,arms,False,4,180,20,3,0,0x00000000,30,20,1/1,extreme_strengthened,9,15,51,0,51,5.1,13847,low,15,50,50,17,,,computed-only,computed-only,0,0,27,25,0,0,0,,
13847,0x3617,邪马台国之铠　臂甲,防具,手臂,武士防具,arms,690,alternate_source,23903,0x5D5F,arms,False,4,180,20,3,0,0x00000000,30,20,2/2,extreme_thickened,9,15,51,9,60,6.0,13847,low,0,50,50,17,,,computed-only,computed-only,0,0,12,10,0,0,0,,
13847,0x3617,邪马台国之铠　臂甲,防具,手臂,武士防具,arms,690,alternate_source,23903,0x5D5F,arms,False,4,180,20,3,0,0x00000000,30,20,1/2,strengthened_plus_thickened,9,15,51,4,55,5.5,13847,low,7,50,50,17,,,computed-only,computed-only,0,0,19,17,0,0,0,,
13967,0x368F,,防具,,忍者防具,arms,1131,standalone,13967,0x368F,arms,False,4,180,20,3,0,0x00000000,30,20,0/0,unmodified,9,15,20,0,20,2.0,13967,low,0,28,28,16,,,computed-only,computed-only,0,0,0,0,8,0,0,,
13967,0x368F,,防具,,忍者防具,arms,1131,standalone,13967,0x368F,arms,False,4,180,20,3,0,0x00000000,30,20,1/0,strengthened,9,15,20,0,20,2.0,13967,low,7,28,28,16,,,computed-only,computed-only,0,0,0,0,15,0,0,,
13967,0x368F,,防具,,忍者防具,arms,1131,standalone,13967,0x368F,arms,False,4,180,20,3,0,0x00000000,30,20,2/0,thickened,9,15,20,4,24,2.4,13967,low,0,28,28,16,,,computed-only,computed-only,0,0,0,0,8,0,0,,
13967,0x368F,,防具,,忍者防具,arms,1131,standalone,13967,0x368F,arms,False,4,180,20,3,0,0x00000000,30,20,1/1,extreme_strengthened,9,15,20,0,20,2.0,13967,low,15,28,28,16,,,computed-only,computed-only,0,0,0,0,23,0,0,,
13967,0x368F,,防具,,忍者防具,arms,1131,standalone,13967,0x368F,arms,False,4,180,20,3,0,0x00000000,30,20,2/2,extreme_thickened,9,15,20,9,29,2.9,13967,low,0,28,28,16,,,computed-only,computed-only,0,0,0,0,8,0,0,,
13967,0x368F,,防具,,忍者防具,arms,1131,standalone,13967,0x368F,arms,False,4,180,20,3,0,0x00000000,30,20,1/2,strengthened_plus_thickened,9,15,20,4,24,2.4,13967,low,7,28,28,16,,,computed-only,computed-only,0,0,0,0,15,0,0,,
14096,0x3710,,防具,,忍者防具,feet,989,standalone,14096,0x3710,feet,False,4,180,20,3,0,0x00000000,30,20,0/0,unmodified,9,15,12,0,12,1.2,14096,low,0,18,18,15,,,computed-only,computed-only,0,0,0,0,12,0,0,,
14096,0x3710,,防具,,忍者防具,feet,989,standalone,14096,0x3710,feet,False,4,180,20,3,0,0x00000000,30,20,1/0,strengthened,9,15,12,0,12,1.2,14096,low,7,18,18,15,,,computed-only,computed-only,0,0,0,0,19,0,0,,
14096,0x3710,,防具,,忍者防具,feet,989,standalone,14096,0x3710,feet,False,4,180,20,3,0,0x00000000,30,20,2/0,thickened,9,15,12,4,16,1.6,14096,low,0,18,18,15,,,computed-only,computed-only,0,0,0,0,12,0,0,,
14096,0x3710,,防具,,忍者防具,feet,989,standalone,14096,0x3710,feet,False,4,180,20,3,0,0x00000000,30,20,1/1,extreme_strengthened,9,15,12,0,12,1.2,14096,low,15,18,18,15,,,computed-only,computed-only,0,0,0,0,27,0,0,,
14096,0x3710,,防具,,忍者防具,feet,989,standalone,14096,0x3710,feet,False,4,180,20,3,0,0x00000000,30,20,2/2,extreme_thickened,9,15,12,9,21,2.1,14096,low,0,18,18,15,,,computed-only,computed-only,0,0,0,0,12,0,0,,
14096,0x3710,,防具,,忍者防具,feet,989,standalone,14096,0x3710,feet,False,4,180,20,3,0,0x00000000,30,20,1/2,strengthened_plus_thickened,9,15,12,4,16,1.6,14096,low,7,18,18,15,,,computed-only,computed-only,0,0,0,0,19,0,0,,
14145,0x3741,东国无双之铠　胸甲,防具,身体,武士防具,chest,1180,alternate_source,3504,0x0DB0,chest,False,4,180,20,3,0,0x00000000,30,20,0/0,unmodified,9,15,94,0,94,9.4,14145,low,0,100,100,17,,,computed-only,computed-only,0,0,6,6,0,0,0,,
14145,0x3741,东国无双之铠　胸甲,防具,身体,武士防具,chest,1180,alternate_source,3504,0x0DB0,chest,False,4,180,20,3,0,0x00000000,30,20,1/0,strengthened,9,15,94,0,94,9.4,14145,low,7,100,100,17,,,computed-only,computed-only,0,0,13,13,0,0,0,,
14145,0x3741,东国无双之铠　胸甲,防具,身体,武士防具,chest,1180,alternate_source,3504,0x0DB0,chest,False,4,180,20,3,0,0x00000000,30,20,2/0,thickened,9,15,94,4,98,9.8,14145,low,0,100,100,17,,,computed-only,computed-only,0,0,6,6,0,0,0,,
14145,0x3741,东国无双之铠　胸甲,防具,身体,武士防具,chest,1180,alternate_source,3504,0x0DB0,chest,False,4,180,20,3,0,0x00000000,30,20,1/1,extreme_strengthened,9,15,94,0,94,9.4,14145,low,15,100,100,17,,,computed-only,computed-only,0,0,21,21,0,0,0,,
14145,0x3741,东国无双之铠　胸甲,防具,身体,武士防具,chest,1180,alternate_source,3504,0x0DB0,chest,False,4,180,20,3,0,0x00000000,30,20,2/2,extreme_thickened,9,15,94,9,103,10.3,14145,low,0,100,100,17,,,computed-only,computed-only,0,0,6,6,0,0,0,,
14145,0x3741,东国无双之铠　胸甲,防具,身体,武士防具,chest,1180,alternate_source,3504,0x0DB0,chest,False,4,180,20,3,0,0x00000000,30,20,1/2,strengthened_plus_thickened,9,15,94,4,98,9.8,14145,low,7,100,100,17,,,computed-only,computed-only,0,0,13,13,0,0,0,,
14256,0x37B0,叛军浪士之铠　膝甲,防具,腿部,武士防具,legs,1220,alternate_source,2948,0x0B84,legs,False,4,180,20,3,0,0x00000000,30,20,0/0,unmodified,9,15,50,0,50,5.0,14256,low,0,47,47,16,,,computed-only,computed-only,21,0,0,21,0,0,0,,
14256,0x37B0,叛军浪士之铠　膝甲,防具,腿部,武士防具,legs,1220,alternate_source,2948,0x0B84,legs,False,4,180,20,3,0,0x00000000,30,20,1/0,strengthened,9,15,50,0,50,5.0,14256,low,7,47,47,16,,,computed-only,computed-only,28,0,0,28,0,0,0,,
14256,0x37B0,叛军浪士之铠　膝甲,防具,腿部,武士防具,legs,1220,alternate_source,2948,0x0B84,legs,False,4,180,20,3,0,0x00000000,30,20,2/0,thickened,9,15,50,4,54,5.4,14256,low,0,47,47,16,,,computed-only,computed-only,21,0,0,21,0,0,0,,
14256,0x37B0,叛军浪士之铠　膝甲,防具,腿部,武士防具,legs,1220,alternate_source,2948,0x0B84,legs,False,4,180,20,3,0,0x00000000,30,20,1/1,extreme_strengthened,9,15,50,0,50,5.0,14256,low,15,47,47,16,,,computed-only,computed-only,36,0,0,36,0,0,0,,
14256,0x37B0,叛军浪士之铠　膝甲,防具,腿部,武士防具,legs,1220,alternate_source,2948,0x0B84,legs,False,4,180,20,3,0,0x00000000,30,20,2/2,extreme_thickened,9,15,50,9,59,5.9,14256,low,0,47,47,16,,,computed-only,computed-only,21,0,0,21,0,0,0,,
14256,0x37B0,叛军浪士之铠　膝甲,防具,腿部,武士防具,legs,1220,alternate_source,2948,0x0B84,legs,False,4,180,20,3,0,0x00000000,30,20,1/2,strengthened_plus_thickened,9,15,50,4,54,5.4,14256,low,7,47,47,16,,,computed-only,computed-only,28,0,0,28,0,0,0,,
14516,0x38B4,山伏装束　草鞋,防具,足部,忍者防具,feet,904,alternate_source,24404,0x5F54,feet,False,4,180,20,3,0,0x00000000,30,20,0/0,unmodified,9,15,8,0,8,0.8,14516,low,0,18,18,15,,,computed-only,computed-only,10,0,0,0,11,0,0,,
14516,0x38B4,山伏装束　草鞋,防具,足部,忍者防具,feet,904,alternate_source,24404,0x5F54,feet,False,4,180,20,3,0,0x00000000,30,20,1/0,strengthened,9,15,8,0,8,0.8,14516,low,7,18,18,15,,,computed-only,computed-only,17,0,0,0,18,0,0,,
14516,0x38B4,山伏装束　草鞋,防具,足部,忍者防具,feet,904,alternate_source,24404,0x5F54,feet,False,4,180,20,3,0,0x00000000,30,20,2/0,thickened,9,15,8,4,12,1.2,14516,low,0,18,18,15,,,computed-only,computed-only,10,0,0,0,11,0,0,,
14516,0x38B4,山伏装束　草鞋,防具,足部,忍者防具,feet,904,alternate_source,24404,0x5F54,feet,False,4,180,20,3,0,0x00000000,30,20,1/1,extreme_strengthened,9,15,8,0,8,0.8,14516,low,15,18,18,15,,,computed-only,computed-only,25,0,0,0,26,0,0,,
14516,0x38B4,山伏装束　草鞋,防具,足部,忍者防具,feet,904,alternate_source,24404,0x5F54,feet,False,4,180,20,3,0,0x00000000,30,20,2/2,extreme_thickened,9,15,8,9,17,1.7,14516,low,0,18,18,15,,,computed-only,computed-only,10,0,0,0,11,0,0,,
14516,0x38B4,山伏装束　草鞋,防具,足部,忍者防具,feet,904,alternate_source,24404,0x5F54,feet,False,4,180,20,3,0,0x00000000,30,20,1/2,strengthened_plus_thickened,9,15,8,4,12,1.2,14516,low,7,18,18,15,,,computed-only,computed-only,17,0,0,0,18,0,0,,
14537,0x38C9,冰狱武者之铠　臂甲,防具,手臂,武士防具,arms,837,alternate_source,58324,0xE3D4,arms,False,4,180,20,3,0,0x00000000,30,20,0/0,unmodified,9,15,34,0,34,3.4,14537,low,0,31,31,16,,,computed-only,computed-only,0,0,5,0,5,0,0,,
14537,0x38C9,冰狱武者之铠　臂甲,防具,手臂,武士防具,arms,837,alternate_source,58324,0xE3D4,arms,False,4,180,20,3,0,0x00000000,30,20,1/0,strengthened,9,15,34,0,34,3.4,14537,low,7,31,31,16,,,computed-only,computed-only,0,0,12,0,12,0,0,,
14537,0x38C9,冰狱武者之铠　臂甲,防具,手臂,武士防具,arms,837,alternate_source,58324,0xE3D4,arms,False,4,180,20,3,0,0x00000000,30,20,2/0,thickened,9,15,34,4,38,3.8,14537,low,0,31,31,16,,,computed-only,computed-only,0,0,5,0,5,0,0,,
14537,0x38C9,冰狱武者之铠　臂甲,防具,手臂,武士防具,arms,837,alternate_source,58324,0xE3D4,arms,False,4,180,20,3,0,0x00000000,30,20,1/1,extreme_strengthened,9,15,34,0,34,3.4,14537,low,15,31,31,16,,,computed-only,computed-only,0,0,20,0,20,0,0,,
14537,0x38C9,冰狱武者之铠　臂甲,防具,手臂,武士防具,arms,837,alternate_source,58324,0xE3D4,arms,False,4,180,20,3,0,0x00000000,30,20,2/2,extreme_thickened,9,15,34,9,43,4.3,14537,low,0,31,31,16,,,computed-only,computed-only,0,0,5,0,5,0,0,,
14537,0x38C9,冰狱武者之铠　臂甲,防具,手臂,武士防具,arms,837,alternate_source,58324,0xE3D4,arms,False,4,180,20,3,0,0x00000000,30,20,1/2,strengthened_plus_thickened,9,15,34,4,38,3.8,14537,low,7,31,31,16,,,computed-only,computed-only,0,0,12,0,12,0,0,,
14543,0x38CF,弓手斗笠,防具,头部,武士防具,head,890,alternate_source,52695,0xCDD7,head,False,4,180,20,3,0,0x00000000,30,20,0/0,unmodified,9,15,16,0,16,1.6,14543,low,0,19,19,15,,,computed-only,computed-only,9,0,0,0,9,0,0,,
14543,0x38CF,弓手斗笠,防具,头部,武士防具,head,890,alternate_source,52695,0xCDD7,head,False,4,180,20,3,0,0x00000000,30,20,1/0,strengthened,9,15,16,0,16,1.6,14543,low,7,19,19,15,,,computed-only,computed-only,16,0,0,0,16,0,0,,
14543,0x38CF,弓手斗笠,防具,头部,武士防具,head,890,alternate_source,52695,0xCDD7,head,False,4,180,20,3,0,0x00000000,30,20,2/0,thickened,9,15,16,4,20,2.0,14543,low,0,19,19,15,,,computed-only,computed-only,9,0,0,0,9,0,0,,
14543,0x38CF,弓手斗笠,防具,头部,武士防具,head,890,alternate_source,52695,0xCDD7,head,False,4,180,20,3,0,0x00000000,30,20,1/1,extreme_strengthened,9,15,16,0,16,1.6,14543,low,15,19,19,15,,,computed-only,computed-only,24,0,0,0,24,0,0,,
14543,0x38CF,弓手斗笠,防具,头部,武士防具,head,890,alternate_source,52695,0xCDD7,head,False,4,180,20,3,0,0x00000000,30,20,2/2,extreme_thickened,9,15,16,9,25,2.5,14543,low,0,19,19,15,,,computed-only,computed-only,9,0,0,0,9,0,0,,
14543,0x38CF,弓手斗笠,防具,头部,武士防具,head,890,alternate_source,52695,0xCDD7,head,False,4,180,20,3,0,0x00000000,30,20,1/2,strengthened_plus_thickened,9,15,16,4,20,2.0,14543,low,7,19,19,15,,,computed-only,computed-only,16,0,0,0,16,0,0,,
14648,0x3938,大目付忍装束　臂甲,防具,手臂,忍者防具,arms,1250,alternate_source,58519,0xE497,arms,False,4,180,20,3,0,0x00000000,30,20,0/0,unmodified,9,15,8,0,8,0.8,14648,low,0,18,18,15,,,computed-only,computed-only,22,0,0,22,0,0,0,,
14648,0x3938,大目付忍装束　臂甲,防具,手臂,忍者防具,arms,1250,alternate_source,58519,0xE497,arms,False,4,180,20,3,0,0x00000000,30,20,1/0,strengthened,9,15,8,0,8,0.8,14648,low,7,18,18,15,,,computed-only,computed-only,29,0,0,29,0,0,0,,
14648,0x3938,大目付忍装束　臂甲,防具,手臂,忍者防具,arms,1250,alternate_source,58519,0xE497,arms,False,4,180,20,3,0,0x00000000,30,20,2/0,thickened,9,15,8,4,12,1.2,14648,low,0,18,18,15,,,computed-only,computed-only,22,0,0,22,0,0,0,,
14648,0x3938,大目付忍装束　臂甲,防具,手臂,忍者防具,arms,1250,alternate_source,58519,0xE497,arms,False,4,180,20,3,0,0x00000000,30,20,1/1,extreme_strengthened,9,15,8,0,8,0.8,14648,low,15,18,18,15,,,computed-only,computed-only,37,0,0,37,0,0,0,,
14648,0x3938,大目付忍装束　臂甲,防具,手臂,忍者防具,arms,1250,alternate_source,58519,0xE497,arms,False,4,180,20,3,0,0x00000000,30,20,2/2,extreme_thickened,9,15,8,9,17,1.7,14648,low,0,18,18,15,,,computed-only,computed-only,22,0,0,22,0,0,0,,
14648,0x3938,大目付忍装束　臂甲,防具,手臂,忍者防具,arms,1250,alternate_source,58519,0xE497,arms,False,4,180,20,3,0,0x00000000,30,20,1/2,strengthened_plus_thickened,9,15,8,4,12,1.2,14648,low,7,18,18,15,,,computed-only,computed-only,29,0,0,29,0,0,0,,
14721,0x3981,万雷武士之铠　臂甲,防具,手臂,武士防具,arms,847,alternate_source,58324,0xE3D4,arms,False,4,180,20,3,0,0x00000000,30,20,0/0,unmodified,9,15,34,0,34,3.4,14721,low,0,31,31,16,,,computed-only,computed-only,5,0,0,5,0,0,0,,
14721,0x3981,万雷武士之铠　臂甲,防具,手臂,武士防具,arms,847,alternate_source,58324,0xE3D4,arms,False,4,180,20,3,0,0x00000000,30,20,1/0,strengthened,9,15,34,0,34,3.4,14721,low,7,31,31,16,,,computed-only,computed-only,12,0,0,12,0,0,0,,
14721,0x3981,万雷武士之铠　臂甲,防具,手臂,武士防具,arms,847,alternate_source,58324,0xE3D4,arms,False,4,180,20,3,0,0x00000000,30,20,2/0,thickened,9,15,34,4,38,3.8,14721,low,0,31,31,16,,,computed-only,computed-only,5,0,0,5,0,0,0,,
14721,0x3981,万雷武士之铠　臂甲,防具,手臂,武士防具,arms,847,alternate_source,58324,0xE3D4,arms,False,4,180,20,3,0,0x00000000,30,20,1/1,extreme_strengthened,9,15,34,0,34,3.4,14721,low,15,31,31,16,,,computed-only,computed-only,20,0,0,20,0,0,0,,
14721,0x3981,万雷武士之铠　臂甲,防具,手臂,武士防具,arms,847,alternate_source,58324,0xE3D4,arms,False,4,180,20,3,0,0x00000000,30,20,2/2,extreme_thickened,9,15,34,9,43,4.3,14721,low,0,31,31,16,,,computed-only,computed-only,5,0,0,5,0,0,0,,
14721,0x3981,万雷武士之铠　臂甲,防具,手臂,武士防具,arms,847,alternate_source,58324,0xE3D4,arms,False,4,180,20,3,0,0x00000000,30,20,1/2,strengthened_plus_thickened,9,15,34,4,38,3.8,14721,low,7,31,31,16,,,computed-only,computed-only,12,0,0,12,0,0,0,,
14806,0x39D6,第一队队长队服　足履,防具,足部,武士防具,feet,638,alternate_source,52088,0xCB78,feet,False,4,180,20,3,0,0x00000000,30,20,0/0,unmodified,9,15,18,0,18,1.8,14806,low,0,19,19,15,,,computed-only,computed-only,18,0,0,0,17,0,0,,
14806,0x39D6,第一队队长队服　足履,防具,足部,武士防具,feet,638,alternate_source,52088,0xCB78,feet,False,4,180,20,3,0,0x00000000,30,20,1/0,strengthened,9,15,18,0,18,1.8,14806,low,7,19,19,15,,,computed-only,computed-only,25,0,0,0,24,0,0,,
14806,0x39D6,第一队队长队服　足履,防具,足部,武士防具,feet,638,alternate_source,52088,0xCB78,feet,False,4,180,20,3,0,0x00000000,30,20,2/0,thickened,9,15,18,4,22,2.2,14806,low,0,19,19,15,,,computed-only,computed-only,18,0,0,0,17,0,0,,
14806,0x39D6,第一队队长队服　足履,防具,足部,武士防具,feet,638,alternate_source,52088,0xCB78,feet,False,4,180,20,3,0,0x00000000,30,20,1/1,extreme_strengthened,9,15,18,0,18,1.8,14806,low,15,19,19,15,,,computed-only,computed-only,33,0,0,0,32,0,0,,
14806,0x39D6,第一队队长队服　足履,防具,足部,武士防具,feet,638,alternate_source,52088,0xCB78,feet,False,4,180,20,3,0,0x00000000,30,20,2/2,extreme_thickened,9,15,18,9,27,2.7,14806,low,0,19,19,15,,,computed-only,computed-only,18,0,0,0,17,0,0,,
14806,0x39D6,第一队队长队服　足履,防具,足部,武士防具,feet,638,alternate_source,52088,0xCB78,feet,False,4,180,20,3,0,0x00000000,30,20,1/2,strengthened_plus_thickened,9,15,18,4,22,2.2,14806,low,7,19,19,15,,,computed-only,computed-only,25,0,0,0,24,0,0,,
14835,0x39F3,赤备大将大铠　臂甲,防具,手臂,武士防具,arms,664,alternate_source,14187,0x376B,arms,False,4,180,20,3,0,0x00000000,30,20,0/0,unmodified,9,15,46,0,46,4.6,14835,low,0,50,50,17,,,computed-only,computed-only,0,0,6,5,0,0,0,,
14835,0x39F3,赤备大将大铠　臂甲,防具,手臂,武士防具,arms,664,alternate_source,14187,0x376B,arms,False,4,180,20,3,0,0x00000000,30,20,1/0,strengthened,9,15,46,0,46,4.6,14835,low,7,50,50,17,,,computed-only,computed-only,0,0,13,12,0,0,0,,
14835,0x39F3,赤备大将大铠　臂甲,防具,手臂,武士防具,arms,664,alternate_source,14187,0x376B,arms,False,4,180,20,3,0,0x00000000,30,20,2/0,thickened,9,15,46,4,50,5.0,14835,low,0,50,50,17,,,computed-only,computed-only,0,0,6,5,0,0,0,,
14835,0x39F3,赤备大将大铠　臂甲,防具,手臂,武士防具,arms,664,alternate_source,14187,0x376B,arms,False,4,180,20,3,0,0x00000000,30,20,1/1,extreme_strengthened,9,15,46,0,46,4.6,14835,low,15,50,50,17,,,computed-only,computed-only,0,0,21,20,0,0,0,,
14835,0x39F3,赤备大将大铠　臂甲,防具,手臂,武士防具,arms,664,alternate_source,14187,0x376B,arms,False,4,180,20,3,0,0x00000000,30,20,2/2,extreme_thickened,9,15,46,9,55,5.5,14835,low,0,50,50,17,,,computed-only,computed-only,0,0,6,5,0,0,0,,
14835,0x39F3,赤备大将大铠　臂甲,防具,手臂,武士防具,arms,664,alternate_source,14187,0x376B,arms,False,4,180,20,3,0,0x00000000,30,20,1/2,strengthened_plus_thickened,9,15,46,4,50,5.0,14835,low,7,50,50,17,,,computed-only,computed-only,0,0,13,12,0,0,0,,
14866,0x3A12,万两义贼之铠　腿甲,防具,足部,忍者防具,feet,729,alternate_source,38285,0x958D,feet,False,4,180,20,3,0,0x00000000,30,20,0/0,unmodified,9,15,26,0,26,2.6,14866,low,0,49,49,16,,,computed-only,computed-only,0,0,21,0,15,0,0,,
14866,0x3A12,万两义贼之铠　腿甲,防具,足部,忍者防具,feet,729,alternate_source,38285,0x958D,feet,False,4,180,20,3,0,0x00000000,30,20,1/0,strengthened,9,15,26,0,26,2.6,14866,low,7,49,49,16,,,computed-only,computed-only,0,0,28,0,22,0,0,,
14866,0x3A12,万两义贼之铠　腿甲,防具,足部,忍者防具,feet,729,alternate_source,38285,0x958D,feet,False,4,180,20,3,0,0x00000000,30,20,2/0,thickened,9,15,26,4,30,3.0,14866,low,0,49,49,16,,,computed-only,computed-only,0,0,21,0,15,0,0,,
14866,0x3A12,万两义贼之铠　腿甲,防具,足部,忍者防具,feet,729,alternate_source,38285,0x958D,feet,False,4,180,20,3,0,0x00000000,30,20,1/1,extreme_strengthened,9,15,26,0,26,2.6,14866,low,15,49,49,16,,,computed-only,computed-only,0,0,36,0,30,0,0,,
14866,0x3A12,万两义贼之铠　腿甲,防具,足部,忍者防具,feet,729,alternate_source,38285,0x958D,feet,False,4,180,20,3,0,0x00000000,30,20,2/2,extreme_thickened,9,15,26,9,35,3.5,14866,low,0,49,49,16,,,computed-only,computed-only,0,0,21,0,15,0,0,,
14866,0x3A12,万两义贼之铠　腿甲,防具,足部,忍者防具,feet,729,alternate_source,38285,0x958D,feet,False,4,180,20,3,0,0x00000000,30,20,1/2,strengthened_plus_thickened,9,15,26,4,30,3.0,14866,low,7,49,49,16,,,computed-only,computed-only,0,0,28,0,22,0,0,,
15080,0x3AE8,传家大铠　臂甲,防具,手臂,武士防具,arms,1161,alternate_source,45888,0xB340,arms,False,4,180,20,3,0,0x00000000,30,20,0/0,unmodified,9,15,45,0,45,4.5,15080,low,0,50,50,17,,,computed-only,computed-only,0,0,5,5,0,0,0,,
15080,0x3AE8,传家大铠　臂甲,防具,手臂,武士防具,arms,1161,alternate_source,45888,0xB340,arms,False,4,180,20,3,0,0x00000000,30,20,1/0,strengthened,9,15,45,0,45,4.5,15080,low,7,50,50,17,,,computed-only,computed-only,0,0,12,12,0,0,0,,
15080,0x3AE8,传家大铠　臂甲,防具,手臂,武士防具,arms,1161,alternate_source,45888,0xB340,arms,False,4,180,20,3,0,0x00000000,30,20,2/0,thickened,9,15,45,4,49,4.9,15080,low,0,50,50,17,,,computed-only,computed-only,0,0,5,5,0,0,0,,
15080,0x3AE8,传家大铠　臂甲,防具,手臂,武士防具,arms,1161,alternate_source,45888,0xB340,arms,False,4,180,20,3,0,0x00000000,30,20,1/1,extreme_strengthened,9,15,45,0,45,4.5,15080,low,15,50,50,17,,,computed-only,computed-only,0,0,20,20,0,0,0,,
15080,0x3AE8,传家大铠　臂甲,防具,手臂,武士防具,arms,1161,alternate_source,45888,0xB340,arms,False,4,180,20,3,0,0x00000000,30,20,2/2,extreme_thickened,9,15,45,9,54,5.4,15080,low,0,50,50,17,,,computed-only,computed-only,0,0,5,5,0,0,0,,
15080,0x3AE8,传家大铠　臂甲,防具,手臂,武士防具,arms,1161,alternate_source,45888,0xB340,arms,False,4,180,20,3,0,0x00000000,30,20,1/2,strengthened_plus_thickened,9,15,45,4,49,4.9,15080,low,7,50,50,17,,,computed-only,computed-only,0,0,12,12,0,0,0,,
15260,0x3B9C,炎狱忍者装束　腿甲,防具,足部,忍者防具,feet,834,alternate_source,15871,0x3DFF,feet,False,4,180,20,3,0,0x00000000,30,20,0/0,unmodified,9,15,16,0,16,1.6,15260,low,0,28,28,16,,,computed-only,computed-only,5,0,0,5,0,0,0,,
15260,0x3B9C,炎狱忍者装束　腿甲,防具,足部,忍者防具,feet,834,alternate_source,15871,0x3DFF,feet,False,4,180,20,3,0,0x00000000,30,20,1/0,strengthened,9,15,16,0,16,1.6,15260,low,7,28,28,16,,,computed-only,computed-only,12,0,0,12,0,0,0,,
15260,0x3B9C,炎狱忍者装束　腿甲,防具,足部,忍者防具,feet,834,alternate_source,15871,0x3DFF,feet,False,4,180,20,3,0,0x00000000,30,20,2/0,thickened,9,15,16,4,20,2.0,15260,low,0,28,28,16,,,computed-only,computed-only,5,0,0,5,0,0,0,,
15260,0x3B9C,炎狱忍者装束　腿甲,防具,足部,忍者防具,feet,834,alternate_source,15871,0x3DFF,feet,False,4,180,20,3,0,0x00000000,30,20,1/1,extreme_strengthened,9,15,16,0,16,1.6,15260,low,15,28,28,16,,,computed-only,computed-only,20,0,0,20,0,0,0,,
15260,0x3B9C,炎狱忍者装束　腿甲,防具,足部,忍者防具,feet,834,alternate_source,15871,0x3DFF,feet,False,4,180,20,3,0,0x00000000,30,20,2/2,extreme_thickened,9,15,16,9,25,2.5,15260,low,0,28,28,16,,,computed-only,computed-only,5,0,0,5,0,0,0,,
15260,0x3B9C,炎狱忍者装束　腿甲,防具,足部,忍者防具,feet,834,alternate_source,15871,0x3DFF,feet,False,4,180,20,3,0,0x00000000,30,20,1/2,strengthened_plus_thickened,9,15,16,4,20,2.0,15260,low,7,28,28,16,,,computed-only,computed-only,12,0,0,12,0,0,0,,
15336,0x3BE8,最后的忍者装束　臂甲,防具,手臂,忍者防具,arms,730,alternate_source,597,0x0255,arms,False,4,180,20,3,0,0x00000000,30,20,0/0,unmodified,9,15,19,0,19,1.9,15336,low,0,28,28,16,,,computed-only,computed-only,0,0,15,0,19,0,0,,
15336,0x3BE8,最后的忍者装束　臂甲,防具,手臂,忍者防具,arms,730,alternate_source,597,0x0255,arms,False,4,180,20,3,0,0x00000000,30,20,1/0,strengthened,9,15,19,0,19,1.9,15336,low,7,28,28,16,,,computed-only,computed-only,0,0,22,0,26,0,0,,
15336,0x3BE8,最后的忍者装束　臂甲,防具,手臂,忍者防具,arms,730,alternate_source,597,0x0255,arms,False,4,180,20,3,0,0x00000000,30,20,2/0,thickened,9,15,19,4,23,2.3,15336,low,0,28,28,16,,,computed-only,computed-only,0,0,15,0,19,0,0,,
15336,0x3BE8,最后的忍者装束　臂甲,防具,手臂,忍者防具,arms,730,alternate_source,597,0x0255,arms,False,4,180,20,3,0,0x00000000,30,20,1/1,extreme_strengthened,9,15,19,0,19,1.9,15336,low,15,28,28,16,,,computed-only,computed-only,0,0,30,0,34,0,0,,
15336,0x3BE8,最后的忍者装束　臂甲,防具,手臂,忍者防具,arms,730,alternate_source,597,0x0255,arms,False,4,180,20,3,0,0x00000000,30,20,2/2,extreme_thickened,9,15,19,9,28,2.8,15336,low,0,28,28,16,,,computed-only,computed-only,0,0,15,0,19,0,0,,
15336,0x3BE8,最后的忍者装束　臂甲,防具,手臂,忍者防具,arms,730,alternate_source,597,0x0255,arms,False,4,180,20,3,0,0x00000000,30,20,1/2,strengthened_plus_thickened,9,15,19,4,23,2.3,15336,low,7,28,28,16,,,computed-only,computed-only,0,0,22,0,26,0,0,,
15384,0x3C18,忍者装束　绑腿,防具,足部,忍者防具,feet,879,alternate_source,52829,0xCE5D,feet,False,4,180,20,3,0,0x00000000,30,20,0/0,unmodified,9,15,7,0,7,0.7,15384,low,0,18,18,15,,,computed-only,computed-only,6,0,0,0,7,0,0,,
15384,0x3C18,忍者装束　绑腿,防具,足部,忍者防具,feet,879,alternate_source,52829,0xCE5D,feet,False,4,180,20,3,0,0x00000000,30,20,1/0,strengthened,9,15,7,0,7,0.7,15384,low,7,18,18,15,,,computed-only,computed-only,13,0,0,0,14,0,0,,
15384,0x3C18,忍者装束　绑腿,防具,足部,忍者防具,feet,879,alternate_source,52829,0xCE5D,feet,False,4,180,20,3,0,0x00000000,30,20,2/0,thickened,9,15,7,4,11,1.1,15384,low,0,18,18,15,,,computed-only,computed-only,6,0,0,0,7,0,0,,
15384,0x3C18,忍者装束　绑腿,防具,足部,忍者防具,feet,879,alternate_source,52829,0xCE5D,feet,False,4,180,20,3,0,0x00000000,30,20,1/1,extreme_strengthened,9,15,7,0,7,0.7,15384,low,15,18,18,15,,,computed-only,computed-only,21,0,0,0,22,0,0,,
15384,0x3C18,忍者装束　绑腿,防具,足部,忍者防具,feet,879,alternate_source,52829,0xCE5D,feet,False,4,180,20,3,0,0x00000000,30,20,2/2,extreme_thickened,9,15,7,9,16,1.6,15384,low,0,18,18,15,,,computed-only,computed-only,6,0,0,0,7,0,0,,
15384,0x3C18,忍者装束　绑腿,防具,足部,忍者防具,feet,879,alternate_source,52829,0xCE5D,feet,False,4,180,20,3,0,0x00000000,30,20,1/2,strengthened_plus_thickened,9,15,7,4,11,1.1,15384,low,7,18,18,15,,,computed-only,computed-only,13,0,0,0,14,0,0,,
15513,0x3C99,美浓宿老之铠　膝甲,防具,腿部,武士防具,legs,1172,alternate_source,56456,0xDC88,legs,False,4,180,20,3,0,0x00000000,30,20,0/0,unmodified,9,15,72,0,72,7.2,15513,low,0,75,75,17,,,computed-only,computed-only,0,0,6,8,0,0,0,,
15513,0x3C99,美浓宿老之铠　膝甲,防具,腿部,武士防具,legs,1172,alternate_source,56456,0xDC88,legs,False,4,180,20,3,0,0x00000000,30,20,1/0,strengthened,9,15,72,0,72,7.2,15513,low,7,75,75,17,,,computed-only,computed-only,0,0,13,15,0,0,0,,
15513,0x3C99,美浓宿老之铠　膝甲,防具,腿部,武士防具,legs,1172,alternate_source,56456,0xDC88,legs,False,4,180,20,3,0,0x00000000,30,20,2/0,thickened,9,15,72,4,76,7.6,15513,low,0,75,75,17,,,computed-only,computed-only,0,0,6,8,0,0,0,,
15513,0x3C99,美浓宿老之铠　膝甲,防具,腿部,武士防具,legs,1172,alternate_source,56456,0xDC88,legs,False,4,180,20,3,0,0x00000000,30,20,1/1,extreme_strengthened,9,15,72,0,72,7.2,15513,low,15,75,75,17,,,computed-only,computed-only,0,0,21,23,0,0,0,,
15513,0x3C99,美浓宿老之铠　膝甲,防具,腿部,武士防具,legs,1172,alternate_source,56456,0xDC88,legs,False,4,180,20,3,0,0x00000000,30,20,2/2,extreme_thickened,9,15,72,9,81,8.1,15513,low,0,75,75,17,,,computed-only,computed-only,0,0,6,8,0,0,0,,
15513,0x3C99,美浓宿老之铠　膝甲,防具,腿部,武士防具,legs,1172,alternate_source,56456,0xDC88,legs,False,4,180,20,3,0,0x00000000,30,20,1/2,strengthened_plus_thickened,9,15,72,4,76,7.6,15513,low,7,75,75,17,,,computed-only,computed-only,0,0,13,15,0,0,0,,
15593,0x3CE9,袖神之铠　乌帽子,防具,头部,忍者防具,head,930,alternate_source,35948,0x8C6C,head,False,4,180,20,3,0,0x00000000,30,20,0/0,unmodified,9,15,8,0,8,0.8,15593,low,0,18,18,15,,,computed-only,computed-only,10,0,0,0,10,0,0,,
15593,0x3CE9,袖神之铠　乌帽子,防具,头部,忍者防具,head,930,alternate_source,35948,0x8C6C,head,False,4,180,20,3,0,0x00000000,30,20,1/0,strengthened,9,15,8,0,8,0.8,15593,low,7,18,18,15,,,computed-only,computed-only,17,0,0,0,17,0,0,,
15593,0x3CE9,袖神之铠　乌帽子,防具,头部,忍者防具,head,930,alternate_source,35948,0x8C6C,head,False,4,180,20,3,0,0x00000000,30,20,2/0,thickened,9,15,8,4,12,1.2,15593,low,0,18,18,15,,,computed-only,computed-only,10,0,0,0,10,0,0,,
15593,0x3CE9,袖神之铠　乌帽子,防具,头部,忍者防具,head,930,alternate_source,35948,0x8C6C,head,False,4,180,20,3,0,0x00000000,30,20,1/1,extreme_strengthened,9,15,8,0,8,0.8,15593,low,15,18,18,15,,,computed-only,computed-only,25,0,0,0,25,0,0,,
15593,0x3CE9,袖神之铠　乌帽子,防具,头部,忍者防具,head,930,alternate_source,35948,0x8C6C,head,False,4,180,20,3,0,0x00000000,30,20,2/2,extreme_thickened,9,15,8,9,17,1.7,15593,low,0,18,18,15,,,computed-only,computed-only,10,0,0,0,10,0,0,,
15593,0x3CE9,袖神之铠　乌帽子,防具,头部,忍者防具,head,930,alternate_source,35948,0x8C6C,head,False,4,180,20,3,0,0x00000000,30,20,1/2,strengthened_plus_thickened,9,15,8,4,12,1.2,15593,low,7,18,18,15,,,computed-only,computed-only,17,0,0,0,17,0,0,,
15704,0x3D58,世嗣忍者装束　腿甲,防具,足部,忍者防具,feet,616,alternate_source,34599,0x8727,feet,False,4,180,20,3,0,0x00000000,30,20,0/0,unmodified,9,15,6,0,6,0.6,15704,low,0,18,18,15,,,computed-only,computed-only,5,0,0,0,5,0,0,,
15704,0x3D58,世嗣忍者装束　腿甲,防具,足部,忍者防具,feet,616,alternate_source,34599,0x8727,feet,False,4,180,20,3,0,0x00000000,30,20,1/0,strengthened,9,15,6,0,6,0.6,15704,low,7,18,18,15,,,computed-only,computed-only,12,0,0,0,12,0,0,,
15704,0x3D58,世嗣忍者装束　腿甲,防具,足部,忍者防具,feet,616,alternate_source,34599,0x8727,feet,False,4,180,20,3,0,0x00000000,30,20,2/0,thickened,9,15,6,4,10,1.0,15704,low,0,18,18,15,,,computed-only,computed-only,5,0,0,0,5,0,0,,
15704,0x3D58,世嗣忍者装束　腿甲,防具,足部,忍者防具,feet,616,alternate_source,34599,0x8727,feet,False,4,180,20,3,0,0x00000000,30,20,1/1,extreme_strengthened,9,15,6,0,6,0.6,15704,low,15,18,18,15,,,computed-only,computed-only,20,0,0,0,20,0,0,,
15704,0x3D58,世嗣忍者装束　腿甲,防具,足部,忍者防具,feet,616,alternate_source,34599,0x8727,feet,False,4,180,20,3,0,0x00000000,30,20,2/2,extreme_thickened,9,15,6,9,15,1.5,15704,low,0,18,18,15,,,computed-only,computed-only,5,0,0,0,5,0,0,,
15704,0x3D58,世嗣忍者装束　腿甲,防具,足部,忍者防具,feet,616,alternate_source,34599,0x8727,feet,False,4,180,20,3,0,0x00000000,30,20,1/2,strengthened_plus_thickened,9,15,6,4,10,1.0,15704,low,7,18,18,15,,,computed-only,computed-only,12,0,0,0,12,0,0,,
15717,0x3D65,风神头盔,防具,头部,忍者防具,head,1371,alternate_source,37269,0x9195,head,False,4,180,20,3,0,0x00000000,30,20,0/0,unmodified,9,15,16,0,16,1.6,15717,low,0,28,28,16,,,computed-only,computed-only,0,0,18,0,18,0,0,,
15717,0x3D65,风神头盔,防具,头部,忍者防具,head,1371,alternate_source,37269,0x9195,head,False,4,180,20,3,0,0x00000000,30,20,1/0,strengthened,9,15,16,0,16,1.6,15717,low,7,28,28,16,,,computed-only,computed-only,0,0,25,0,25,0,0,,
15717,0x3D65,风神头盔,防具,头部,忍者防具,head,1371,alternate_source,37269,0x9195,head,False,4,180,20,3,0,0x00000000,30,20,2/0,thickened,9,15,16,4,20,2.0,15717,low,0,28,28,16,,,computed-only,computed-only,0,0,18,0,18,0,0,,
15717,0x3D65,风神头盔,防具,头部,忍者防具,head,1371,alternate_source,37269,0x9195,head,False,4,180,20,3,0,0x00000000,30,20,1/1,extreme_strengthened,9,15,16,0,16,1.6,15717,low,15,28,28,16,,,computed-only,computed-only,0,0,33,0,33,0,0,,
15717,0x3D65,风神头盔,防具,头部,忍者防具,head,1371,alternate_source,37269,0x9195,head,False,4,180,20,3,0,0x00000000,30,20,2/2,extreme_thickened,9,15,16,9,25,2.5,15717,low,0,28,28,16,,,computed-only,computed-only,0,0,18,0,18,0,0,,
15717,0x3D65,风神头盔,防具,头部,忍者防具,head,1371,alternate_source,37269,0x9195,head,False,4,180,20,3,0,0x00000000,30,20,1/2,strengthened_plus_thickened,9,15,16,4,20,2.0,15717,low,7,28,28,16,,,computed-only,computed-only,0,0,25,0,25,0,0,,
15800,0x3DB8,大型八龙　臂甲,防具,手臂,武士防具,arms,1061,alternate_source,29499,0x733B,arms,False,4,180,20,3,0,0x00000000,30,20,0/0,unmodified,9,15,38,0,38,3.8,15800,low,0,31,31,16,,,computed-only,computed-only,10,0,0,11,0,0,0,,
15800,0x3DB8,大型八龙　臂甲,防具,手臂,武士防具,arms,1061,alternate_source,29499,0x733B,arms,False,4,180,20,3,0,0x00000000,30,20,1/0,strengthened,9,15,38,0,38,3.8,15800,low,7,31,31,16,,,computed-only,computed-only,17,0,0,18,0,0,0,,
15800,0x3DB8,大型八龙　臂甲,防具,手臂,武士防具,arms,1061,alternate_source,29499,0x733B,arms,False,4,180,20,3,0,0x00000000,30,20,2/0,thickened,9,15,38,4,42,4.2,15800,low,0,31,31,16,,,computed-only,computed-only,10,0,0,11,0,0,0,,
15800,0x3DB8,大型八龙　臂甲,防具,手臂,武士防具,arms,1061,alternate_source,29499,0x733B,arms,False,4,180,20,3,0,0x00000000,30,20,1/1,extreme_strengthened,9,15,38,0,38,3.8,15800,low,15,31,31,16,,,computed-only,computed-only,25,0,0,26,0,0,0,,
15800,0x3DB8,大型八龙　臂甲,防具,手臂,武士防具,arms,1061,alternate_source,29499,0x733B,arms,False,4,180,20,3,0,0x00000000,30,20,2/2,extreme_thickened,9,15,38,9,47,4.7,15800,low,0,31,31,16,,,computed-only,computed-only,10,0,0,11,0,0,0,,
15800,0x3DB8,大型八龙　臂甲,防具,手臂,武士防具,arms,1061,alternate_source,29499,0x733B,arms,False,4,180,20,3,0,0x00000000,30,20,1/2,strengthened_plus_thickened,9,15,38,4,42,4.2,15800,low,7,31,31,16,,,computed-only,computed-only,17,0,0,18,0,0,0,,
15950,0x3E4E,善擦帽子,防具,头部,忍者防具,head,1383,alternate_source,37269,0x9195,head,False,4,180,20,3,0,0x00000000,30,20,0/0,unmodified,9,15,16,0,16,1.6,15950,low,0,28,28,16,,,computed-only,computed-only,0,0,5,0,5,0,0,,
15950,0x3E4E,善擦帽子,防具,头部,忍者防具,head,1383,alternate_source,37269,0x9195,head,False,4,180,20,3,0,0x00000000,30,20,1/0,strengthened,9,15,16,0,16,1.6,15950,low,7,28,28,16,,,computed-only,computed-only,0,0,12,0,12,0,0,,
15950,0x3E4E,善擦帽子,防具,头部,忍者防具,head,1383,alternate_source,37269,0x9195,head,False,4,180,20,3,0,0x00000000,30,20,2/0,thickened,9,15,16,4,20,2.0,15950,low,0,28,28,16,,,computed-only,computed-only,0,0,5,0,5,0,0,,
15950,0x3E4E,善擦帽子,防具,头部,忍者防具,head,1383,alternate_source,37269,0x9195,head,False,4,180,20,3,0,0x00000000,30,20,1/1,extreme_strengthened,9,15,16,0,16,1.6,15950,low,15,28,28,16,,,computed-only,computed-only,0,0,20,0,20,0,0,,
15950,0x3E4E,善擦帽子,防具,头部,忍者防具,head,1383,alternate_source,37269,0x9195,head,False,4,180,20,3,0,0x00000000,30,20,2/2,extreme_thickened,9,15,16,9,25,2.5,15950,low,0,28,28,16,,,computed-only,computed-only,0,0,5,0,5,0,0,,
15950,0x3E4E,善擦帽子,防具,头部,忍者防具,head,1383,alternate_source,37269,0x9195,head,False,4,180,20,3,0,0x00000000,30,20,1/2,strengthened_plus_thickened,9,15,16,4,20,2.0,15950,low,7,28,28,16,,,computed-only,computed-only,0,0,12,0,12,0,0,,
16118,0x3EF6,世嗣中铠　膝甲,防具,腿部,武士防具,legs,610,alternate_source,2948,0x0B84,legs,False,4,180,20,3,0,0x00000000,30,20,0/0,unmodified,9,15,50,0,50,5.0,16118,low,0,47,47,16,,,computed-only,computed-only,5,0,0,5,0,0,0,,
16118,0x3EF6,世嗣中铠　膝甲,防具,腿部,武士防具,legs,610,alternate_source,2948,0x0B84,legs,False,4,180,20,3,0,0x00000000,30,20,1/0,strengthened,9,15,50,0,50,5.0,16118,low,7,47,47,16,,,computed-only,computed-only,12,0,0,12,0,0,0,,
16118,0x3EF6,世嗣中铠　膝甲,防具,腿部,武士防具,legs,610,alternate_source,2948,0x0B84,legs,False,4,180,20,3,0,0x00000000,30,20,2/0,thickened,9,15,50,4,54,5.4,16118,low,0,47,47,16,,,computed-only,computed-only,5,0,0,5,0,0,0,,
16118,0x3EF6,世嗣中铠　膝甲,防具,腿部,武士防具,legs,610,alternate_source,2948,0x0B84,legs,False,4,180,20,3,0,0x00000000,30,20,1/1,extreme_strengthened,9,15,50,0,50,5.0,16118,low,15,47,47,16,,,computed-only,computed-only,20,0,0,20,0,0,0,,
16118,0x3EF6,世嗣中铠　膝甲,防具,腿部,武士防具,legs,610,alternate_source,2948,0x0B84,legs,False,4,180,20,3,0,0x00000000,30,20,2/2,extreme_thickened,9,15,50,9,59,5.9,16118,low,0,47,47,16,,,computed-only,computed-only,5,0,0,5,0,0,0,,
16118,0x3EF6,世嗣中铠　膝甲,防具,腿部,武士防具,legs,610,alternate_source,2948,0x0B84,legs,False,4,180,20,3,0,0x00000000,30,20,1/2,strengthened_plus_thickened,9,15,50,4,54,5.4,16118,low,7,47,47,16,,,computed-only,computed-only,12,0,0,12,0,0,0,,
16415,0x401F,蜷曲蛇形盔,防具,头部,武士防具,head,1362,alternate_source,24733,0x609D,head,False,4,180,20,3,0,0x00000000,30,20,0/0,unmodified,9,15,15,0,15,1.5,16415,low,0,19,19,15,,,computed-only,computed-only,5,0,0,0,5,0,0,,
16415,0x401F,蜷曲蛇形盔,防具,头部,武士防具,head,1362,alternate_source,24733,0x609D,head,False,4,180,20,3,0,0x00000000,30,20,1/0,strengthened,9,15,15,0,15,1.5,16415,low,7,19,19,15,,,computed-only,computed-only,12,0,0,0,12,0,0,,
16415,0x401F,蜷曲蛇形盔,防具,头部,武士防具,head,1362,alternate_source,24733,0x609D,head,False,4,180,20,3,0,0x00000000,30,20,2/0,thickened,9,15,15,4,19,1.9,16415,low,0,19,19,15,,,computed-only,computed-only,5,0,0,0,5,0,0,,
16415,0x401F,蜷曲蛇形盔,防具,头部,武士防具,head,1362,alternate_source,24733,0x609D,head,False,4,180,20,3,0,0x00000000,30,20,1/1,extreme_strengthened,9,15,15,0,15,1.5,16415,low,15,19,19,15,,,computed-only,computed-only,20,0,0,0,20,0,0,,
16415,0x401F,蜷曲蛇形盔,防具,头部,武士防具,head,1362,alternate_source,24733,0x609D,head,False,4,180,20,3,0,0x00000000,30,20,2/2,extreme_thickened,9,15,15,9,24,2.4,16415,low,0,19,19,15,,,computed-only,computed-only,5,0,0,0,5,0,0,,
16415,0x401F,蜷曲蛇形盔,防具,头部,武士防具,head,1362,alternate_source,24733,0x609D,head,False,4,180,20,3,0,0x00000000,30,20,1/2,strengthened_plus_thickened,9,15,15,4,19,1.9,16415,low,7,19,19,15,,,computed-only,computed-only,12,0,0,0,12,0,0,,
16537,0x4099,葵纹之铠　胸甲,防具,身体,武士防具,chest,659,alternate_source,36419,0x8E43,chest,False,4,180,20,3,0,0x00000000,30,20,0/0,unmodified,9,15,80,0,80,8.0,16537,low,0,62,62,16,,,computed-only,computed-only,14,0,0,19,0,0,0,,
16537,0x4099,葵纹之铠　胸甲,防具,身体,武士防具,chest,659,alternate_source,36419,0x8E43,chest,False,4,180,20,3,0,0x00000000,30,20,1/0,strengthened,9,15,80,0,80,8.0,16537,low,7,62,62,16,,,computed-only,computed-only,21,0,0,26,0,0,0,,
16537,0x4099,葵纹之铠　胸甲,防具,身体,武士防具,chest,659,alternate_source,36419,0x8E43,chest,False,4,180,20,3,0,0x00000000,30,20,2/0,thickened,9,15,80,4,84,8.4,16537,low,0,62,62,16,,,computed-only,computed-only,14,0,0,19,0,0,0,,
16537,0x4099,葵纹之铠　胸甲,防具,身体,武士防具,chest,659,alternate_source,36419,0x8E43,chest,False,4,180,20,3,0,0x00000000,30,20,1/1,extreme_strengthened,9,15,80,0,80,8.0,16537,low,15,62,62,16,,,computed-only,computed-only,29,0,0,34,0,0,0,,
16537,0x4099,葵纹之铠　胸甲,防具,身体,武士防具,chest,659,alternate_source,36419,0x8E43,chest,False,4,180,20,3,0,0x00000000,30,20,2/2,extreme_thickened,9,15,80,9,89,8.9,16537,low,0,62,62,16,,,computed-only,computed-only,14,0,0,19,0,0,0,,
16537,0x4099,葵纹之铠　胸甲,防具,身体,武士防具,chest,659,alternate_source,36419,0x8E43,chest,False,4,180,20,3,0,0x00000000,30,20,1/2,strengthened_plus_thickened,9,15,80,4,84,8.4,16537,low,7,62,62,16,,,computed-only,computed-only,21,0,0,26,0,0,0,,
16577,0x40C1,少武者中铠　腿甲,防具,足部,武士防具,feet,1008,alternate_source,61193,0xEF09,feet,False,4,180,20,3,0,0x00000000,30,20,0/0,unmodified,9,15,33,0,33,3.3,16577,low,0,31,31,16,,,computed-only,computed-only,5,0,0,5,0,0,0,,
16577,0x40C1,少武者中铠　腿甲,防具,足部,武士防具,feet,1008,alternate_source,61193,0xEF09,feet,False,4,180,20,3,0,0x00000000,30,20,1/0,strengthened,9,15,33,0,33,3.3,16577,low,7,31,31,16,,,computed-only,computed-only,12,0,0,12,0,0,0,,
16577,0x40C1,少武者中铠　腿甲,防具,足部,武士防具,feet,1008,alternate_source,61193,0xEF09,feet,False,4,180,20,3,0,0x00000000,30,20,2/0,thickened,9,15,33,4,37,3.7,16577,low,0,31,31,16,,,computed-only,computed-only,5,0,0,5,0,0,0,,
16577,0x40C1,少武者中铠　腿甲,防具,足部,武士防具,feet,1008,alternate_source,61193,0xEF09,feet,False,4,180,20,3,0,0x00000000,30,20,1/1,extreme_strengthened,9,15,33,0,33,3.3,16577,low,15,31,31,16,,,computed-only,computed-only,20,0,0,20,0,0,0,,
16577,0x40C1,少武者中铠　腿甲,防具,足部,武士防具,feet,1008,alternate_source,61193,0xEF09,feet,False,4,180,20,3,0,0x00000000,30,20,2/2,extreme_thickened,9,15,33,9,42,4.2,16577,low,0,31,31,16,,,computed-only,computed-only,5,0,0,5,0,0,0,,
16577,0x40C1,少武者中铠　腿甲,防具,足部,武士防具,feet,1008,alternate_source,61193,0xEF09,feet,False,4,180,20,3,0,0x00000000,30,20,1/2,strengthened_plus_thickened,9,15,33,4,37,3.7,16577,low,7,31,31,16,,,computed-only,computed-only,12,0,0,12,0,0,0,,
16580,0x40C4,白狐面,防具,头部,忍者防具,head,1397,alternate_source,35931,0x8C5B,head,False,4,180,20,3,0,0x00000000,30,20,0/0,unmodified,9,15,7,0,7,0.7,16580,low,0,18,18,15,,,computed-only,computed-only,13,0,0,0,13,0,0,,
16580,0x40C4,白狐面,防具,头部,忍者防具,head,1397,alternate_source,35931,0x8C5B,head,False,4,180,20,3,0,0x00000000,30,20,1/0,strengthened,9,15,7,0,7,0.7,16580,low,7,18,18,15,,,computed-only,computed-only,20,0,0,0,20,0,0,,
16580,0x40C4,白狐面,防具,头部,忍者防具,head,1397,alternate_source,35931,0x8C5B,head,False,4,180,20,3,0,0x00000000,30,20,2/0,thickened,9,15,7,4,11,1.1,16580,low,0,18,18,15,,,computed-only,computed-only,13,0,0,0,13,0,0,,
16580,0x40C4,白狐面,防具,头部,忍者防具,head,1397,alternate_source,35931,0x8C5B,head,False,4,180,20,3,0,0x00000000,30,20,1/1,extreme_strengthened,9,15,7,0,7,0.7,16580,low,15,18,18,15,,,computed-only,computed-only,28,0,0,0,28,0,0,,
16580,0x40C4,白狐面,防具,头部,忍者防具,head,1397,alternate_source,35931,0x8C5B,head,False,4,180,20,3,0,0x00000000,30,20,2/2,extreme_thickened,9,15,7,9,16,1.6,16580,low,0,18,18,15,,,computed-only,computed-only,13,0,0,0,13,0,0,,
16580,0x40C4,白狐面,防具,头部,忍者防具,head,1397,alternate_source,35931,0x8C5B,head,False,4,180,20,3,0,0x00000000,30,20,1/2,strengthened_plus_thickened,9,15,7,4,11,1.1,16580,low,7,18,18,15,,,computed-only,computed-only,20,0,0,0,20,0,0,,
16619,0x40EB,邪马台国之铠　腿甲,防具,足部,武士防具,feet,693,alternate_source,38677,0x9715,feet,False,4,180,20,3,0,0x00000000,30,20,0/0,unmodified,9,15,51,0,51,5.1,16619,low,0,50,50,17,,,computed-only,computed-only,0,0,12,10,0,0,0,,
16619,0x40EB,邪马台国之铠　腿甲,防具,足部,武士防具,feet,693,alternate_source,38677,0x9715,feet,False,4,180,20,3,0,0x00000000,30,20,1/0,strengthened,9,15,51,0,51,5.1,16619,low,7,50,50,17,,,computed-only,computed-only,0,0,19,17,0,0,0,,
16619,0x40EB,邪马台国之铠　腿甲,防具,足部,武士防具,feet,693,alternate_source,38677,0x9715,feet,False,4,180,20,3,0,0x00000000,30,20,2/0,thickened,9,15,51,4,55,5.5,16619,low,0,50,50,17,,,computed-only,computed-only,0,0,12,10,0,0,0,,
16619,0x40EB,邪马台国之铠　腿甲,防具,足部,武士防具,feet,693,alternate_source,38677,0x9715,feet,False,4,180,20,3,0,0x00000000,30,20,1/1,extreme_strengthened,9,15,51,0,51,5.1,16619,low,15,50,50,17,,,computed-only,computed-only,0,0,27,25,0,0,0,,
16619,0x40EB,邪马台国之铠　腿甲,防具,足部,武士防具,feet,693,alternate_source,38677,0x9715,feet,False,4,180,20,3,0,0x00000000,30,20,2/2,extreme_thickened,9,15,51,9,60,6.0,16619,low,0,50,50,17,,,computed-only,computed-only,0,0,12,10,0,0,0,,
16619,0x40EB,邪马台国之铠　腿甲,防具,足部,武士防具,feet,693,alternate_source,38677,0x9715,feet,False,4,180,20,3,0,0x00000000,30,20,1/2,strengthened_plus_thickened,9,15,51,4,55,5.5,16619,low,7,50,50,17,,,computed-only,computed-only,0,0,19,17,0,0,0,,
16655,0x410F,修罗护颊,防具,头部,忍者防具,head,1365,alternate_source,12081,0x2F31,head,False,4,180,20,3,0,0x00000000,30,20,0/0,unmodified,9,15,6,0,6,0.6,16655,low,0,18,18,15,,,computed-only,computed-only,5,0,0,0,5,0,0,,
16655,0x410F,修罗护颊,防具,头部,忍者防具,head,1365,alternate_source,12081,0x2F31,head,False,4,180,20,3,0,0x00000000,30,20,1/0,strengthened,9,15,6,0,6,0.6,16655,low,7,18,18,15,,,computed-only,computed-only,12,0,0,0,12,0,0,,
16655,0x410F,修罗护颊,防具,头部,忍者防具,head,1365,alternate_source,12081,0x2F31,head,False,4,180,20,3,0,0x00000000,30,20,2/0,thickened,9,15,6,4,10,1.0,16655,low,0,18,18,15,,,computed-only,computed-only,5,0,0,0,5,0,0,,
16655,0x410F,修罗护颊,防具,头部,忍者防具,head,1365,alternate_source,12081,0x2F31,head,False,4,180,20,3,0,0x00000000,30,20,1/1,extreme_strengthened,9,15,6,0,6,0.6,16655,low,15,18,18,15,,,computed-only,computed-only,20,0,0,0,20,0,0,,
16655,0x410F,修罗护颊,防具,头部,忍者防具,head,1365,alternate_source,12081,0x2F31,head,False,4,180,20,3,0,0x00000000,30,20,2/2,extreme_thickened,9,15,6,9,15,1.5,16655,low,0,18,18,15,,,computed-only,computed-only,5,0,0,0,5,0,0,,
16655,0x410F,修罗护颊,防具,头部,忍者防具,head,1365,alternate_source,12081,0x2F31,head,False,4,180,20,3,0,0x00000000,30,20,1/2,strengthened_plus_thickened,9,15,6,4,10,1.0,16655,low,7,18,18,15,,,computed-only,computed-only,12,0,0,0,12,0,0,,
16914,0x4212,,防具或饰品,,装备,arms,1289,alternate_source,64438,0xFBB6,arms,False,4,180,20,3,0,0x00000000,30,20,0/0,unmodified,9,15,15,0,15,1.5,16914,low,0,19,19,15,,,computed-only,computed-only,21,0,21,21,0,0,0,,
16914,0x4212,,防具或饰品,,装备,arms,1289,alternate_source,64438,0xFBB6,arms,False,4,180,20,3,0,0x00000000,30,20,1/0,strengthened,9,15,15,0,15,1.5,16914,low,7,19,19,15,,,computed-only,computed-only,28,0,28,28,0,0,0,,
16914,0x4212,,防具或饰品,,装备,arms,1289,alternate_source,64438,0xFBB6,arms,False,4,180,20,3,0,0x00000000,30,20,2/0,thickened,9,15,15,4,19,1.9,16914,low,0,19,19,15,,,computed-only,computed-only,21,0,21,21,0,0,0,,
16914,0x4212,,防具或饰品,,装备,arms,1289,alternate_source,64438,0xFBB6,arms,False,4,180,20,3,0,0x00000000,30,20,1/1,extreme_strengthened,9,15,15,0,15,1.5,16914,low,15,19,19,15,,,computed-only,computed-only,36,0,36,36,0,0,0,,
16914,0x4212,,防具或饰品,,装备,arms,1289,alternate_source,64438,0xFBB6,arms,False,4,180,20,3,0,0x00000000,30,20,2/2,extreme_thickened,9,15,15,9,24,2.4,16914,low,0,19,19,15,,,computed-only,computed-only,21,0,21,21,0,0,0,,
16914,0x4212,,防具或饰品,,装备,arms,1289,alternate_source,64438,0xFBB6,arms,False,4,180,20,3,0,0x00000000,30,20,1/2,strengthened_plus_thickened,9,15,15,4,19,1.9,16914,low,7,19,19,15,,,computed-only,computed-only,28,0,28,28,0,0,0,,
16995,0x4263,袖神之铠　腿甲,防具,足部,忍者防具,feet,934,alternate_source,24404,0x5F54,feet,False,4,180,20,3,0,0x00000000,30,20,0/0,unmodified,9,15,8,0,8,0.8,16995,low,0,18,18,15,,,computed-only,computed-only,10,0,0,0,10,0,0,,
16995,0x4263,袖神之铠　腿甲,防具,足部,忍者防具,feet,934,alternate_source,24404,0x5F54,feet,False,4,180,20,3,0,0x00000000,30,20,1/0,strengthened,9,15,8,0,8,0.8,16995,low,7,18,18,15,,,computed-only,computed-only,17,0,0,0,17,0,0,,
16995,0x4263,袖神之铠　腿甲,防具,足部,忍者防具,feet,934,alternate_source,24404,0x5F54,feet,False,4,180,20,3,0,0x00000000,30,20,2/0,thickened,9,15,8,4,12,1.2,16995,low,0,18,18,15,,,computed-only,computed-only,10,0,0,0,10,0,0,,
16995,0x4263,袖神之铠　腿甲,防具,足部,忍者防具,feet,934,alternate_source,24404,0x5F54,feet,False,4,180,20,3,0,0x00000000,30,20,1/1,extreme_strengthened,9,15,8,0,8,0.8,16995,low,15,18,18,15,,,computed-only,computed-only,25,0,0,0,25,0,0,,
16995,0x4263,袖神之铠　腿甲,防具,足部,忍者防具,feet,934,alternate_source,24404,0x5F54,feet,False,4,180,20,3,0,0x00000000,30,20,2/2,extreme_thickened,9,15,8,9,17,1.7,16995,low,0,18,18,15,,,computed-only,computed-only,10,0,0,0,10,0,0,,
16995,0x4263,袖神之铠　腿甲,防具,足部,忍者防具,feet,934,alternate_source,24404,0x5F54,feet,False,4,180,20,3,0,0x00000000,30,20,1/2,strengthened_plus_thickened,9,15,8,4,12,1.2,16995,low,7,18,18,15,,,computed-only,computed-only,17,0,0,0,17,0,0,,
17046,0x4296,御庭番忍者装束　腿甲,防具,足部,忍者防具,feet,747,alternate_source,24404,0x5F54,feet,False,4,180,20,3,0,0x00000000,30,20,0/0,unmodified,9,15,8,0,8,0.8,17046,low,0,18,18,15,,,computed-only,computed-only,14,0,0,0,15,0,0,,
17046,0x4296,御庭番忍者装束　腿甲,防具,足部,忍者防具,feet,747,alternate_source,24404,0x5F54,feet,False,4,180,20,3,0,0x00000000,30,20,1/0,strengthened,9,15,8,0,8,0.8,17046,low,7,18,18,15,,,computed-only,computed-only,21,0,0,0,22,0,0,,
17046,0x4296,御庭番忍者装束　腿甲,防具,足部,忍者防具,feet,747,alternate_source,24404,0x5F54,feet,False,4,180,20,3,0,0x00000000,30,20,2/0,thickened,9,15,8,4,12,1.2,17046,low,0,18,18,15,,,computed-only,computed-only,14,0,0,0,15,0,0,,
17046,0x4296,御庭番忍者装束　腿甲,防具,足部,忍者防具,feet,747,alternate_source,24404,0x5F54,feet,False,4,180,20,3,0,0x00000000,30,20,1/1,extreme_strengthened,9,15,8,0,8,0.8,17046,low,15,18,18,15,,,computed-only,computed-only,29,0,0,0,30,0,0,,
17046,0x4296,御庭番忍者装束　腿甲,防具,足部,忍者防具,feet,747,alternate_source,24404,0x5F54,feet,False,4,180,20,3,0,0x00000000,30,20,2/2,extreme_thickened,9,15,8,9,17,1.7,17046,low,0,18,18,15,,,computed-only,computed-only,14,0,0,0,15,0,0,,
17046,0x4296,御庭番忍者装束　腿甲,防具,足部,忍者防具,feet,747,alternate_source,24404,0x5F54,feet,False,4,180,20,3,0,0x00000000,30,20,1/2,strengthened_plus_thickened,9,15,8,4,12,1.2,17046,low,7,18,18,15,,,computed-only,computed-only,21,0,0,0,22,0,0,,
17113,0x42D9,传家大铠　头盔,防具,头部,武士防具,head,1159,alternate_source,54687,0xD59F,head,False,4,180,20,3,0,0x00000000,30,20,0/0,unmodified,9,15,45,0,45,4.5,17113,low,0,50,50,17,,,computed-only,computed-only,0,0,5,5,0,0,0,,
17113,0x42D9,传家大铠　头盔,防具,头部,武士防具,head,1159,alternate_source,54687,0xD59F,head,False,4,180,20,3,0,0x00000000,30,20,1/0,strengthened,9,15,45,0,45,4.5,17113,low,7,50,50,17,,,computed-only,computed-only,0,0,12,12,0,0,0,,
17113,0x42D9,传家大铠　头盔,防具,头部,武士防具,head,1159,alternate_source,54687,0xD59F,head,False,4,180,20,3,0,0x00000000,30,20,2/0,thickened,9,15,45,4,49,4.9,17113,low,0,50,50,17,,,computed-only,computed-only,0,0,5,5,0,0,0,,
17113,0x42D9,传家大铠　头盔,防具,头部,武士防具,head,1159,alternate_source,54687,0xD59F,head,False,4,180,20,3,0,0x00000000,30,20,1/1,extreme_strengthened,9,15,45,0,45,4.5,17113,low,15,50,50,17,,,computed-only,computed-only,0,0,20,20,0,0,0,,
17113,0x42D9,传家大铠　头盔,防具,头部,武士防具,head,1159,alternate_source,54687,0xD59F,head,False,4,180,20,3,0,0x00000000,30,20,2/2,extreme_thickened,9,15,45,9,54,5.4,17113,low,0,50,50,17,,,computed-only,computed-only,0,0,5,5,0,0,0,,
17113,0x42D9,传家大铠　头盔,防具,头部,武士防具,head,1159,alternate_source,54687,0xD59F,head,False,4,180,20,3,0,0x00000000,30,20,1/2,strengthened_plus_thickened,9,15,45,4,49,4.9,17113,low,7,50,50,17,,,computed-only,computed-only,0,0,12,12,0,0,0,,
17223,0x4347,凶王之衣　头冠,防具,头部,忍者防具,head,621,alternate_source,35948,0x8C6C,head,False,4,180,20,3,0,0x00000000,30,20,0/0,unmodified,9,15,8,0,8,0.8,17223,low,0,18,18,15,,,computed-only,computed-only,19,0,0,0,20,0,0,,
17223,0x4347,凶王之衣　头冠,防具,头部,忍者防具,head,621,alternate_source,35948,0x8C6C,head,False,4,180,20,3,0,0x00000000,30,20,1/0,strengthened,9,15,8,0,8,0.8,17223,low,7,18,18,15,,,computed-only,computed-only,26,0,0,0,27,0,0,,
17223,0x4347,凶王之衣　头冠,防具,头部,忍者防具,head,621,alternate_source,35948,0x8C6C,head,False,4,180,20,3,0,0x00000000,30,20,2/0,thickened,9,15,8,4,12,1.2,17223,low,0,18,18,15,,,computed-only,computed-only,19,0,0,0,20,0,0,,
17223,0x4347,凶王之衣　头冠,防具,头部,忍者防具,head,621,alternate_source,35948,0x8C6C,head,False,4,180,20,3,0,0x00000000,30,20,1/1,extreme_strengthened,9,15,8,0,8,0.8,17223,low,15,18,18,15,,,computed-only,computed-only,34,0,0,0,35,0,0,,
17223,0x4347,凶王之衣　头冠,防具,头部,忍者防具,head,621,alternate_source,35948,0x8C6C,head,False,4,180,20,3,0,0x00000000,30,20,2/2,extreme_thickened,9,15,8,9,17,1.7,17223,low,0,18,18,15,,,computed-only,computed-only,19,0,0,0,20,0,0,,
17223,0x4347,凶王之衣　头冠,防具,头部,忍者防具,head,621,alternate_source,35948,0x8C6C,head,False,4,180,20,3,0,0x00000000,30,20,1/2,strengthened_plus_thickened,9,15,8,4,12,1.2,17223,low,7,18,18,15,,,computed-only,computed-only,26,0,0,0,27,0,0,,
17371,0x43DB,御家人之铠　头盔,防具,头部,武士防具,head,817,alternate_source,46614,0xB616,head,False,4,180,20,3,0,0x00000000,30,20,0/0,unmodified,9,15,37,0,37,3.7,17371,low,0,31,31,16,,,computed-only,computed-only,10,0,0,9,0,0,0,,
17371,0x43DB,御家人之铠　头盔,防具,头部,武士防具,head,817,alternate_source,46614,0xB616,head,False,4,180,20,3,0,0x00000000,30,20,1/0,strengthened,9,15,37,0,37,3.7,17371,low,7,31,31,16,,,computed-only,computed-only,17,0,0,16,0,0,0,,
17371,0x43DB,御家人之铠　头盔,防具,头部,武士防具,head,817,alternate_source,46614,0xB616,head,False,4,180,20,3,0,0x00000000,30,20,2/0,thickened,9,15,37,4,41,4.1,17371,low,0,31,31,16,,,computed-only,computed-only,10,0,0,9,0,0,0,,
17371,0x43DB,御家人之铠　头盔,防具,头部,武士防具,head,817,alternate_source,46614,0xB616,head,False,4,180,20,3,0,0x00000000,30,20,1/1,extreme_strengthened,9,15,37,0,37,3.7,17371,low,15,31,31,16,,,computed-only,computed-only,25,0,0,24,0,0,0,,
17371,0x43DB,御家人之铠　头盔,防具,头部,武士防具,head,817,alternate_source,46614,0xB616,head,False,4,180,20,3,0,0x00000000,30,20,2/2,extreme_thickened,9,15,37,9,46,4.6,17371,low,0,31,31,16,,,computed-only,computed-only,10,0,0,9,0,0,0,,
17371,0x43DB,御家人之铠　头盔,防具,头部,武士防具,head,817,alternate_source,46614,0xB616,head,False,4,180,20,3,0,0x00000000,30,20,1/2,strengthened_plus_thickened,9,15,37,4,41,4.1,17371,low,7,31,31,16,,,computed-only,computed-only,17,0,0,16,0,0,0,,
17573,0x44A5,袖神之铠　膝甲,防具,腿部,忍者防具,legs,933,alternate_source,5030,0x13A6,legs,False,4,180,20,3,0,0x00000000,30,20,0/0,unmodified,9,15,12,0,12,1.2,17573,low,0,27,27,15,,,computed-only,computed-only,10,0,0,0,10,0,0,,
17573,0x44A5,袖神之铠　膝甲,防具,腿部,忍者防具,legs,933,alternate_source,5030,0x13A6,legs,False,4,180,20,3,0,0x00000000,30,20,1/0,strengthened,9,15,12,0,12,1.2,17573,low,7,27,27,15,,,computed-only,computed-only,17,0,0,0,17,0,0,,
17573,0x44A5,袖神之铠　膝甲,防具,腿部,忍者防具,legs,933,alternate_source,5030,0x13A6,legs,False,4,180,20,3,0,0x00000000,30,20,2/0,thickened,9,15,12,4,16,1.6,17573,low,0,27,27,15,,,computed-only,computed-only,10,0,0,0,10,0,0,,
17573,0x44A5,袖神之铠　膝甲,防具,腿部,忍者防具,legs,933,alternate_source,5030,0x13A6,legs,False,4,180,20,3,0,0x00000000,30,20,1/1,extreme_strengthened,9,15,12,0,12,1.2,17573,low,15,27,27,15,,,computed-only,computed-only,25,0,0,0,25,0,0,,
17573,0x44A5,袖神之铠　膝甲,防具,腿部,忍者防具,legs,933,alternate_source,5030,0x13A6,legs,False,4,180,20,3,0,0x00000000,30,20,2/2,extreme_thickened,9,15,12,9,21,2.1,17573,low,0,27,27,15,,,computed-only,computed-only,10,0,0,0,10,0,0,,
17573,0x44A5,袖神之铠　膝甲,防具,腿部,忍者防具,legs,933,alternate_source,5030,0x13A6,legs,False,4,180,20,3,0,0x00000000,30,20,1/2,strengthened_plus_thickened,9,15,12,4,16,1.6,17573,low,7,27,27,15,,,computed-only,computed-only,17,0,0,0,17,0,0,,
17591,0x44B7,袖神之铠　胸甲,防具,身体,忍者防具,chest,931,alternate_source,4728,0x1278,chest,False,4,180,20,3,0,0x00000000,30,20,0/0,unmodified,9,15,16,0,16,1.6,17591,low,0,36,36,15,,,computed-only,computed-only,10,0,0,0,10,0,0,,
17591,0x44B7,袖神之铠　胸甲,防具,身体,忍者防具,chest,931,alternate_source,4728,0x1278,chest,False,4,180,20,3,0,0x00000000,30,20,1/0,strengthened,9,15,16,0,16,1.6,17591,low,7,36,36,15,,,computed-only,computed-only,17,0,0,0,17,0,0,,
17591,0x44B7,袖神之铠　胸甲,防具,身体,忍者防具,chest,931,alternate_source,4728,0x1278,chest,False,4,180,20,3,0,0x00000000,30,20,2/0,thickened,9,15,16,4,20,2.0,17591,low,0,36,36,15,,,computed-only,computed-only,10,0,0,0,10,0,0,,
17591,0x44B7,袖神之铠　胸甲,防具,身体,忍者防具,chest,931,alternate_source,4728,0x1278,chest,False,4,180,20,3,0,0x00000000,30,20,1/1,extreme_strengthened,9,15,16,0,16,1.6,17591,low,15,36,36,15,,,computed-only,computed-only,25,0,0,0,25,0,0,,
17591,0x44B7,袖神之铠　胸甲,防具,身体,忍者防具,chest,931,alternate_source,4728,0x1278,chest,False,4,180,20,3,0,0x00000000,30,20,2/2,extreme_thickened,9,15,16,9,25,2.5,17591,low,0,36,36,15,,,computed-only,computed-only,10,0,0,0,10,0,0,,
17591,0x44B7,袖神之铠　胸甲,防具,身体,忍者防具,chest,931,alternate_source,4728,0x1278,chest,False,4,180,20,3,0,0x00000000,30,20,1/2,strengthened_plus_thickened,9,15,16,4,20,2.0,17591,low,7,36,36,15,,,computed-only,computed-only,17,0,0,0,17,0,0,,
17605,0x44C5,百万石之铠　胸甲,防具,身体,武士防具,chest,1228,alternate_source,63987,0xF9F3,chest,False,4,180,20,3,0,0x00000000,30,20,0/0,unmodified,9,15,106,0,106,10.6,17605,low,0,100,100,17,,,computed-only,computed-only,22,0,0,0,23,0,0,,
17605,0x44C5,百万石之铠　胸甲,防具,身体,武士防具,chest,1228,alternate_source,63987,0xF9F3,chest,False,4,180,20,3,0,0x00000000,30,20,1/0,strengthened,9,15,106,0,106,10.6,17605,low,7,100,100,17,,,computed-only,computed-only,29,0,0,0,30,0,0,,
17605,0x44C5,百万石之铠　胸甲,防具,身体,武士防具,chest,1228,alternate_source,63987,0xF9F3,chest,False,4,180,20,3,0,0x00000000,30,20,2/0,thickened,9,15,106,4,110,11.0,17605,low,0,100,100,17,,,computed-only,computed-only,22,0,0,0,23,0,0,,
17605,0x44C5,百万石之铠　胸甲,防具,身体,武士防具,chest,1228,alternate_source,63987,0xF9F3,chest,False,4,180,20,3,0,0x00000000,30,20,1/1,extreme_strengthened,9,15,106,0,106,10.6,17605,low,15,100,100,17,,,computed-only,computed-only,37,0,0,0,38,0,0,,
17605,0x44C5,百万石之铠　胸甲,防具,身体,武士防具,chest,1228,alternate_source,63987,0xF9F3,chest,False,4,180,20,3,0,0x00000000,30,20,2/2,extreme_thickened,9,15,106,9,115,11.5,17605,low,0,100,100,17,,,computed-only,computed-only,22,0,0,0,23,0,0,,
17605,0x44C5,百万石之铠　胸甲,防具,身体,武士防具,chest,1228,alternate_source,63987,0xF9F3,chest,False,4,180,20,3,0,0x00000000,30,20,1/2,strengthened_plus_thickened,9,15,106,4,110,11.0,17605,low,7,100,100,17,,,computed-only,computed-only,29,0,0,0,30,0,0,,
17819,0x459B,,防具或饰品,,装备,arms,1265,alternate_source,64438,0xFBB6,arms,False,4,180,20,3,0,0x00000000,30,20,0/0,unmodified,9,15,15,0,15,1.5,17819,low,0,19,19,15,,,computed-only,computed-only,0,0,0,22,22,0,0,,
17819,0x459B,,防具或饰品,,装备,arms,1265,alternate_source,64438,0xFBB6,arms,False,4,180,20,3,0,0x00000000,30,20,1/0,strengthened,9,15,15,0,15,1.5,17819,low,7,19,19,15,,,computed-only,computed-only,0,0,0,29,29,0,0,,
17819,0x459B,,防具或饰品,,装备,arms,1265,alternate_source,64438,0xFBB6,arms,False,4,180,20,3,0,0x00000000,30,20,2/0,thickened,9,15,15,4,19,1.9,17819,low,0,19,19,15,,,computed-only,computed-only,0,0,0,22,22,0,0,,
17819,0x459B,,防具或饰品,,装备,arms,1265,alternate_source,64438,0xFBB6,arms,False,4,180,20,3,0,0x00000000,30,20,1/1,extreme_strengthened,9,15,15,0,15,1.5,17819,low,15,19,19,15,,,computed-only,computed-only,0,0,0,37,37,0,0,,
17819,0x459B,,防具或饰品,,装备,arms,1265,alternate_source,64438,0xFBB6,arms,False,4,180,20,3,0,0x00000000,30,20,2/2,extreme_thickened,9,15,15,9,24,2.4,17819,low,0,19,19,15,,,computed-only,computed-only,0,0,0,22,22,0,0,,
17819,0x459B,,防具或饰品,,装备,arms,1265,alternate_source,64438,0xFBB6,arms,False,4,180,20,3,0,0x00000000,30,20,1/2,strengthened_plus_thickened,9,15,15,4,19,1.9,17819,low,7,19,19,15,,,computed-only,computed-only,0,0,0,29,29,0,0,,
17921,0x4601,百战武者中铠　腿甲,防具,足部,武士防具,feet,1048,alternate_source,31502,0x7B0E,feet,False,4,180,20,3,0,0x00000000,30,20,0/0,unmodified,9,15,39,0,39,3.9,17921,low,0,31,31,16,,,computed-only,computed-only,16,0,0,12,0,0,0,,
17921,0x4601,百战武者中铠　腿甲,防具,足部,武士防具,feet,1048,alternate_source,31502,0x7B0E,feet,False,4,180,20,3,0,0x00000000,30,20,1/0,strengthened,9,15,39,0,39,3.9,17921,low,7,31,31,16,,,computed-only,computed-only,23,0,0,19,0,0,0,,
17921,0x4601,百战武者中铠　腿甲,防具,足部,武士防具,feet,1048,alternate_source,31502,0x7B0E,feet,False,4,180,20,3,0,0x00000000,30,20,2/0,thickened,9,15,39,4,43,4.3,17921,low,0,31,31,16,,,computed-only,computed-only,16,0,0,12,0,0,0,,
17921,0x4601,百战武者中铠　腿甲,防具,足部,武士防具,feet,1048,alternate_source,31502,0x7B0E,feet,False,4,180,20,3,0,0x00000000,30,20,1/1,extreme_strengthened,9,15,39,0,39,3.9,17921,low,15,31,31,16,,,computed-only,computed-only,31,0,0,27,0,0,0,,
17921,0x4601,百战武者中铠　腿甲,防具,足部,武士防具,feet,1048,alternate_source,31502,0x7B0E,feet,False,4,180,20,3,0,0x00000000,30,20,2/2,extreme_thickened,9,15,39,9,48,4.8,17921,low,0,31,31,16,,,computed-only,computed-only,16,0,0,12,0,0,0,,
17921,0x4601,百战武者中铠　腿甲,防具,足部,武士防具,feet,1048,alternate_source,31502,0x7B0E,feet,False,4,180,20,3,0,0x00000000,30,20,1/2,strengthened_plus_thickened,9,15,39,4,43,4.3,17921,low,7,31,31,16,,,computed-only,computed-only,23,0,0,19,0,0,0,,
18054,0x4686,赤备大将大铠　头盔,防具,头部,武士防具,head,662,alternate_source,35148,0x894C,head,False,4,180,20,3,0,0x00000000,30,20,0/0,unmodified,9,15,46,0,46,4.6,18054,low,0,50,50,17,,,computed-only,computed-only,0,0,6,5,0,0,0,,
18054,0x4686,赤备大将大铠　头盔,防具,头部,武士防具,head,662,alternate_source,35148,0x894C,head,False,4,180,20,3,0,0x00000000,30,20,1/0,strengthened,9,15,46,0,46,4.6,18054,low,7,50,50,17,,,computed-only,computed-only,0,0,13,12,0,0,0,,
18054,0x4686,赤备大将大铠　头盔,防具,头部,武士防具,head,662,alternate_source,35148,0x894C,head,False,4,180,20,3,0,0x00000000,30,20,2/0,thickened,9,15,46,4,50,5.0,18054,low,0,50,50,17,,,computed-only,computed-only,0,0,6,5,0,0,0,,
18054,0x4686,赤备大将大铠　头盔,防具,头部,武士防具,head,662,alternate_source,35148,0x894C,head,False,4,180,20,3,0,0x00000000,30,20,1/1,extreme_strengthened,9,15,46,0,46,4.6,18054,low,15,50,50,17,,,computed-only,computed-only,0,0,21,20,0,0,0,,
18054,0x4686,赤备大将大铠　头盔,防具,头部,武士防具,head,662,alternate_source,35148,0x894C,head,False,4,180,20,3,0,0x00000000,30,20,2/2,extreme_thickened,9,15,46,9,55,5.5,18054,low,0,50,50,17,,,computed-only,computed-only,0,0,6,5,0,0,0,,
18054,0x4686,赤备大将大铠　头盔,防具,头部,武士防具,head,662,alternate_source,35148,0x894C,head,False,4,180,20,3,0,0x00000000,30,20,1/2,strengthened_plus_thickened,9,15,46,4,50,5.0,18054,low,7,50,50,17,,,computed-only,computed-only,0,0,13,12,0,0,0,,
18090,0x46AA,侍大将中铠　腿甲,防具,足部,武士防具,feet,1043,alternate_source,31502,0x7B0E,feet,False,4,180,20,3,0,0x00000000,30,20,0/0,unmodified,9,15,39,0,39,3.9,18090,low,0,31,31,16,,,computed-only,computed-only,11,0,0,16,0,0,0,,
18090,0x46AA,侍大将中铠　腿甲,防具,足部,武士防具,feet,1043,alternate_source,31502,0x7B0E,feet,False,4,180,20,3,0,0x00000000,30,20,1/0,strengthened,9,15,39,0,39,3.9,18090,low,7,31,31,16,,,computed-only,computed-only,18,0,0,23,0,0,0,,
18090,0x46AA,侍大将中铠　腿甲,防具,足部,武士防具,feet,1043,alternate_source,31502,0x7B0E,feet,False,4,180,20,3,0,0x00000000,30,20,2/0,thickened,9,15,39,4,43,4.3,18090,low,0,31,31,16,,,computed-only,computed-only,11,0,0,16,0,0,0,,
18090,0x46AA,侍大将中铠　腿甲,防具,足部,武士防具,feet,1043,alternate_source,31502,0x7B0E,feet,False,4,180,20,3,0,0x00000000,30,20,1/1,extreme_strengthened,9,15,39,0,39,3.9,18090,low,15,31,31,16,,,computed-only,computed-only,26,0,0,31,0,0,0,,
18090,0x46AA,侍大将中铠　腿甲,防具,足部,武士防具,feet,1043,alternate_source,31502,0x7B0E,feet,False,4,180,20,3,0,0x00000000,30,20,2/2,extreme_thickened,9,15,39,9,48,4.8,18090,low,0,31,31,16,,,computed-only,computed-only,11,0,0,16,0,0,0,,
18090,0x46AA,侍大将中铠　腿甲,防具,足部,武士防具,feet,1043,alternate_source,31502,0x7B0E,feet,False,4,180,20,3,0,0x00000000,30,20,1/2,strengthened_plus_thickened,9,15,39,4,43,4.3,18090,low,7,31,31,16,,,computed-only,computed-only,18,0,0,23,0,0,0,,
18217,0x4729,,防具或饰品,,装备,arms,1284,alternate_source,38896,0x97F0,arms,False,4,180,20,3,0,0x00000000,30,20,0/0,unmodified,9,15,18,0,18,1.8,18217,low,0,28,28,16,,,computed-only,computed-only,0,0,10,0,11,0,0,,
18217,0x4729,,防具或饰品,,装备,arms,1284,alternate_source,38896,0x97F0,arms,False,4,180,20,3,0,0x00000000,30,20,1/0,strengthened,9,15,18,0,18,1.8,18217,low,7,28,28,16,,,computed-only,computed-only,0,0,17,0,18,0,0,,
18217,0x4729,,防具或饰品,,装备,arms,1284,alternate_source,38896,0x97F0,arms,False,4,180,20,3,0,0x00000000,30,20,2/0,thickened,9,15,18,4,22,2.2,18217,low,0,28,28,16,,,computed-only,computed-only,0,0,10,0,11,0,0,,
18217,0x4729,,防具或饰品,,装备,arms,1284,alternate_source,38896,0x97F0,arms,False,4,180,20,3,0,0x00000000,30,20,1/1,extreme_strengthened,9,15,18,0,18,1.8,18217,low,15,28,28,16,,,computed-only,computed-only,0,0,25,0,26,0,0,,
18217,0x4729,,防具或饰品,,装备,arms,1284,alternate_source,38896,0x97F0,arms,False,4,180,20,3,0,0x00000000,30,20,2/2,extreme_thickened,9,15,18,9,27,2.7,18217,low,0,28,28,16,,,computed-only,computed-only,0,0,10,0,11,0,0,,
18217,0x4729,,防具或饰品,,装备,arms,1284,alternate_source,38896,0x97F0,arms,False,4,180,20,3,0,0x00000000,30,20,1/2,strengthened_plus_thickened,9,15,18,4,22,2.2,18217,low,7,28,28,16,,,computed-only,computed-only,0,0,17,0,18,0,0,,
18329,0x4799,木曾紫之铠　臂甲,防具,手臂,武士防具,arms,799,alternate_source,48333,0xBCCD,arms,False,4,180,20,3,0,0x00000000,30,20,0/0,unmodified,9,15,53,0,53,5.3,18329,low,0,50,50,17,,,computed-only,computed-only,0,0,15,13,0,0,0,,
18329,0x4799,木曾紫之铠　臂甲,防具,手臂,武士防具,arms,799,alternate_source,48333,0xBCCD,arms,False,4,180,20,3,0,0x00000000,30,20,1/0,strengthened,9,15,53,0,53,5.3,18329,low,7,50,50,17,,,computed-only,computed-only,0,0,22,20,0,0,0,,
18329,0x4799,木曾紫之铠　臂甲,防具,手臂,武士防具,arms,799,alternate_source,48333,0xBCCD,arms,False,4,180,20,3,0,0x00000000,30,20,2/0,thickened,9,15,53,4,57,5.7,18329,low,0,50,50,17,,,computed-only,computed-only,0,0,15,13,0,0,0,,
18329,0x4799,木曾紫之铠　臂甲,防具,手臂,武士防具,arms,799,alternate_source,48333,0xBCCD,arms,False,4,180,20,3,0,0x00000000,30,20,1/1,extreme_strengthened,9,15,53,0,53,5.3,18329,low,15,50,50,17,,,computed-only,computed-only,0,0,30,28,0,0,0,,
18329,0x4799,木曾紫之铠　臂甲,防具,手臂,武士防具,arms,799,alternate_source,48333,0xBCCD,arms,False,4,180,20,3,0,0x00000000,30,20,2/2,extreme_thickened,9,15,53,9,62,6.2,18329,low,0,50,50,17,,,computed-only,computed-only,0,0,15,13,0,0,0,,
18329,0x4799,木曾紫之铠　臂甲,防具,手臂,武士防具,arms,799,alternate_source,48333,0xBCCD,arms,False,4,180,20,3,0,0x00000000,30,20,1/2,strengthened_plus_thickened,9,15,53,4,57,5.7,18329,low,7,50,50,17,,,computed-only,computed-only,0,0,22,20,0,0,0,,
18398,0x47DE,,防具或饰品,,装备,legs,1290,alternate_source,13357,0x342D,legs,False,4,180,20,3,0,0x00000000,30,20,0/0,unmodified,9,15,21,0,21,2.1,18398,low,0,29,29,15,,,computed-only,computed-only,21,0,21,21,0,0,0,,
18398,0x47DE,,防具或饰品,,装备,legs,1290,alternate_source,13357,0x342D,legs,False,4,180,20,3,0,0x00000000,30,20,1/0,strengthened,9,15,21,0,21,2.1,18398,low,7,29,29,15,,,computed-only,computed-only,28,0,28,28,0,0,0,,
18398,0x47DE,,防具或饰品,,装备,legs,1290,alternate_source,13357,0x342D,legs,False,4,180,20,3,0,0x00000000,30,20,2/0,thickened,9,15,21,4,25,2.5,18398,low,0,29,29,15,,,computed-only,computed-only,21,0,21,21,0,0,0,,
18398,0x47DE,,防具或饰品,,装备,legs,1290,alternate_source,13357,0x342D,legs,False,4,180,20,3,0,0x00000000,30,20,1/1,extreme_strengthened,9,15,21,0,21,2.1,18398,low,15,29,29,15,,,computed-only,computed-only,36,0,36,36,0,0,0,,
18398,0x47DE,,防具或饰品,,装备,legs,1290,alternate_source,13357,0x342D,legs,False,4,180,20,3,0,0x00000000,30,20,2/2,extreme_thickened,9,15,21,9,30,3.0,18398,low,0,29,29,15,,,computed-only,computed-only,21,0,21,21,0,0,0,,
18398,0x47DE,,防具或饰品,,装备,legs,1290,alternate_source,13357,0x342D,legs,False,4,180,20,3,0,0x00000000,30,20,1/2,strengthened_plus_thickened,9,15,21,4,25,2.5,18398,low,7,29,29,15,,,computed-only,computed-only,28,0,28,28,0,0,0,,
18743,0x4937,大义之铠　臂甲,防具,手臂,武士防具,arms,630,alternate_source,53745,0xD1F1,arms,False,4,180,20,3,0,0x00000000,30,20,0/0,unmodified,9,15,36,0,36,3.6,18743,low,0,31,31,16,,,computed-only,computed-only,7,0,0,10,0,0,0,,
18743,0x4937,大义之铠　臂甲,防具,手臂,武士防具,arms,630,alternate_source,53745,0xD1F1,arms,False,4,180,20,3,0,0x00000000,30,20,1/0,strengthened,9,15,36,0,36,3.6,18743,low,7,31,31,16,,,computed-only,computed-only,14,0,0,17,0,0,0,,
18743,0x4937,大义之铠　臂甲,防具,手臂,武士防具,arms,630,alternate_source,53745,0xD1F1,arms,False,4,180,20,3,0,0x00000000,30,20,2/0,thickened,9,15,36,4,40,4.0,18743,low,0,31,31,16,,,computed-only,computed-only,7,0,0,10,0,0,0,,
18743,0x4937,大义之铠　臂甲,防具,手臂,武士防具,arms,630,alternate_source,53745,0xD1F1,arms,False,4,180,20,3,0,0x00000000,30,20,1/1,extreme_strengthened,9,15,36,0,36,3.6,18743,low,15,31,31,16,,,computed-only,computed-only,22,0,0,25,0,0,0,,
18743,0x4937,大义之铠　臂甲,防具,手臂,武士防具,arms,630,alternate_source,53745,0xD1F1,arms,False,4,180,20,3,0,0x00000000,30,20,2/2,extreme_thickened,9,15,36,9,45,4.5,18743,low,0,31,31,16,,,computed-only,computed-only,7,0,0,10,0,0,0,,
18743,0x4937,大义之铠　臂甲,防具,手臂,武士防具,arms,630,alternate_source,53745,0xD1F1,arms,False,4,180,20,3,0,0x00000000,30,20,1/2,strengthened_plus_thickened,9,15,36,4,40,4.0,18743,low,7,31,31,16,,,computed-only,computed-only,14,0,0,17,0,0,0,,
18843,0x499B,,防具或饰品,,装备,head,1263,alternate_source,24733,0x609D,head,False,4,180,20,3,0,0x00000000,30,20,0/0,unmodified,9,15,15,0,15,1.5,18843,low,0,19,19,15,,,computed-only,computed-only,0,0,0,22,22,0,0,,
18843,0x499B,,防具或饰品,,装备,head,1263,alternate_source,24733,0x609D,head,False,4,180,20,3,0,0x00000000,30,20,1/0,strengthened,9,15,15,0,15,1.5,18843,low,7,19,19,15,,,computed-only,computed-only,0,0,0,29,29,0,0,,
18843,0x499B,,防具或饰品,,装备,head,1263,alternate_source,24733,0x609D,head,False,4,180,20,3,0,0x00000000,30,20,2/0,thickened,9,15,15,4,19,1.9,18843,low,0,19,19,15,,,computed-only,computed-only,0,0,0,22,22,0,0,,
18843,0x499B,,防具或饰品,,装备,head,1263,alternate_source,24733,0x609D,head,False,4,180,20,3,0,0x00000000,30,20,1/1,extreme_strengthened,9,15,15,0,15,1.5,18843,low,15,19,19,15,,,computed-only,computed-only,0,0,0,37,37,0,0,,
18843,0x499B,,防具或饰品,,装备,head,1263,alternate_source,24733,0x609D,head,False,4,180,20,3,0,0x00000000,30,20,2/2,extreme_thickened,9,15,15,9,24,2.4,18843,low,0,19,19,15,,,computed-only,computed-only,0,0,0,22,22,0,0,,
18843,0x499B,,防具或饰品,,装备,head,1263,alternate_source,24733,0x609D,head,False,4,180,20,3,0,0x00000000,30,20,1/2,strengthened_plus_thickened,9,15,15,4,19,1.9,18843,low,7,19,19,15,,,computed-only,computed-only,0,0,0,29,29,0,0,,
18951,0x4A07,传家大铠　胸甲,防具,身体,武士防具,chest,1160,alternate_source,31816,0x7C48,chest,False,4,180,20,3,0,0x00000000,30,20,0/0,unmodified,9,15,90,0,90,9.0,18951,low,0,100,100,17,,,computed-only,computed-only,0,0,5,5,0,0,0,,
18951,0x4A07,传家大铠　胸甲,防具,身体,武士防具,chest,1160,alternate_source,31816,0x7C48,chest,False,4,180,20,3,0,0x00000000,30,20,1/0,strengthened,9,15,90,0,90,9.0,18951,low,7,100,100,17,,,computed-only,computed-only,0,0,12,12,0,0,0,,
18951,0x4A07,传家大铠　胸甲,防具,身体,武士防具,chest,1160,alternate_source,31816,0x7C48,chest,False,4,180,20,3,0,0x00000000,30,20,2/0,thickened,9,15,90,4,94,9.4,18951,low,0,100,100,17,,,computed-only,computed-only,0,0,5,5,0,0,0,,
18951,0x4A07,传家大铠　胸甲,防具,身体,武士防具,chest,1160,alternate_source,31816,0x7C48,chest,False,4,180,20,3,0,0x00000000,30,20,1/1,extreme_strengthened,9,15,90,0,90,9.0,18951,low,15,100,100,17,,,computed-only,computed-only,0,0,20,20,0,0,0,,
18951,0x4A07,传家大铠　胸甲,防具,身体,武士防具,chest,1160,alternate_source,31816,0x7C48,chest,False,4,180,20,3,0,0x00000000,30,20,2/2,extreme_thickened,9,15,90,9,99,9.9,18951,low,0,100,100,17,,,computed-only,computed-only,0,0,5,5,0,0,0,,
18951,0x4A07,传家大铠　胸甲,防具,身体,武士防具,chest,1160,alternate_source,31816,0x7C48,chest,False,4,180,20,3,0,0x00000000,30,20,1/2,strengthened_plus_thickened,9,15,90,4,94,9.4,18951,low,7,100,100,17,,,computed-only,computed-only,0,0,12,12,0,0,0,,
18984,0x4A28,东国无双之铠　腿甲,防具,足部,武士防具,feet,1183,alternate_source,46880,0xB720,feet,False,4,180,20,3,0,0x00000000,30,20,0/0,unmodified,9,15,47,0,47,4.7,18984,low,0,50,50,17,,,computed-only,computed-only,0,0,6,6,0,0,0,,
18984,0x4A28,东国无双之铠　腿甲,防具,足部,武士防具,feet,1183,alternate_source,46880,0xB720,feet,False,4,180,20,3,0,0x00000000,30,20,1/0,strengthened,9,15,47,0,47,4.7,18984,low,7,50,50,17,,,computed-only,computed-only,0,0,13,13,0,0,0,,
18984,0x4A28,东国无双之铠　腿甲,防具,足部,武士防具,feet,1183,alternate_source,46880,0xB720,feet,False,4,180,20,3,0,0x00000000,30,20,2/0,thickened,9,15,47,4,51,5.1,18984,low,0,50,50,17,,,computed-only,computed-only,0,0,6,6,0,0,0,,
18984,0x4A28,东国无双之铠　腿甲,防具,足部,武士防具,feet,1183,alternate_source,46880,0xB720,feet,False,4,180,20,3,0,0x00000000,30,20,1/1,extreme_strengthened,9,15,47,0,47,4.7,18984,low,15,50,50,17,,,computed-only,computed-only,0,0,21,21,0,0,0,,
18984,0x4A28,东国无双之铠　腿甲,防具,足部,武士防具,feet,1183,alternate_source,46880,0xB720,feet,False,4,180,20,3,0,0x00000000,30,20,2/2,extreme_thickened,9,15,47,9,56,5.6,18984,low,0,50,50,17,,,computed-only,computed-only,0,0,6,6,0,0,0,,
18984,0x4A28,东国无双之铠　腿甲,防具,足部,武士防具,feet,1183,alternate_source,46880,0xB720,feet,False,4,180,20,3,0,0x00000000,30,20,1/2,strengthened_plus_thickened,9,15,47,4,51,5.1,18984,low,7,50,50,17,,,computed-only,computed-only,0,0,13,13,0,0,0,,
19048,0x4A68,宫司净衣　狩衣,防具,身体,忍者防具,chest,916,alternate_source,4728,0x1278,chest,False,4,180,20,3,0,0x00000000,30,20,0/0,unmodified,9,15,16,0,16,1.6,19048,low,0,36,36,15,,,computed-only,computed-only,14,0,0,0,13,0,0,,
19048,0x4A68,宫司净衣　狩衣,防具,身体,忍者防具,chest,916,alternate_source,4728,0x1278,chest,False,4,180,20,3,0,0x00000000,30,20,1/0,strengthened,9,15,16,0,16,1.6,19048,low,7,36,36,15,,,computed-only,computed-only,21,0,0,0,20,0,0,,
19048,0x4A68,宫司净衣　狩衣,防具,身体,忍者防具,chest,916,alternate_source,4728,0x1278,chest,False,4,180,20,3,0,0x00000000,30,20,2/0,thickened,9,15,16,4,20,2.0,19048,low,0,36,36,15,,,computed-only,computed-only,14,0,0,0,13,0,0,,
19048,0x4A68,宫司净衣　狩衣,防具,身体,忍者防具,chest,916,alternate_source,4728,0x1278,chest,False,4,180,20,3,0,0x00000000,30,20,1/1,extreme_strengthened,9,15,16,0,16,1.6,19048,low,15,36,36,15,,,computed-only,computed-only,29,0,0,0,28,0,0,,
19048,0x4A68,宫司净衣　狩衣,防具,身体,忍者防具,chest,916,alternate_source,4728,0x1278,chest,False,4,180,20,3,0,0x00000000,30,20,2/2,extreme_thickened,9,15,16,9,25,2.5,19048,low,0,36,36,15,,,computed-only,computed-only,14,0,0,0,13,0,0,,
19048,0x4A68,宫司净衣　狩衣,防具,身体,忍者防具,chest,916,alternate_source,4728,0x1278,chest,False,4,180,20,3,0,0x00000000,30,20,1/2,strengthened_plus_thickened,9,15,16,4,20,2.0,19048,low,7,36,36,15,,,computed-only,computed-only,21,0,0,0,20,0,0,,
19063,0x4A77,楚叶矢众铠　胸甲,防具,身体,忍者防具,chest,1025,alternate_source,43208,0xA8C8,chest,False,4,180,20,3,0,0x00000000,30,20,0/0,unmodified,9,15,36,0,36,3.6,19063,low,0,56,56,16,,,computed-only,computed-only,0,0,20,0,14,0,0,,
19063,0x4A77,楚叶矢众铠　胸甲,防具,身体,忍者防具,chest,1025,alternate_source,43208,0xA8C8,chest,False,4,180,20,3,0,0x00000000,30,20,1/0,strengthened,9,15,36,0,36,3.6,19063,low,7,56,56,16,,,computed-only,computed-only,0,0,27,0,21,0,0,,
19063,0x4A77,楚叶矢众铠　胸甲,防具,身体,忍者防具,chest,1025,alternate_source,43208,0xA8C8,chest,False,4,180,20,3,0,0x00000000,30,20,2/0,thickened,9,15,36,4,40,4.0,19063,low,0,56,56,16,,,computed-only,computed-only,0,0,20,0,14,0,0,,
19063,0x4A77,楚叶矢众铠　胸甲,防具,身体,忍者防具,chest,1025,alternate_source,43208,0xA8C8,chest,False,4,180,20,3,0,0x00000000,30,20,1/1,extreme_strengthened,9,15,36,0,36,3.6,19063,low,15,56,56,16,,,computed-only,computed-only,0,0,35,0,29,0,0,,
19063,0x4A77,楚叶矢众铠　胸甲,防具,身体,忍者防具,chest,1025,alternate_source,43208,0xA8C8,chest,False,4,180,20,3,0,0x00000000,30,20,2/2,extreme_thickened,9,15,36,9,45,4.5,19063,low,0,56,56,16,,,computed-only,computed-only,0,0,20,0,14,0,0,,
19063,0x4A77,楚叶矢众铠　胸甲,防具,身体,忍者防具,chest,1025,alternate_source,43208,0xA8C8,chest,False,4,180,20,3,0,0x00000000,30,20,1/2,strengthened_plus_thickened,9,15,36,4,40,4.0,19063,low,7,56,56,16,,,computed-only,computed-only,0,0,27,0,21,0,0,,
19079,0x4A87,,防具或饰品,,装备,chest,1288,alternate_source,49295,0xC08F,chest,False,4,180,20,3,0,0x00000000,30,20,0/0,unmodified,9,15,30,0,30,3.0,19079,low,0,38,38,15,,,computed-only,computed-only,21,0,21,21,0,0,0,,
19079,0x4A87,,防具或饰品,,装备,chest,1288,alternate_source,49295,0xC08F,chest,False,4,180,20,3,0,0x00000000,30,20,1/0,strengthened,9,15,30,0,30,3.0,19079,low,7,38,38,15,,,computed-only,computed-only,28,0,28,28,0,0,0,,
19079,0x4A87,,防具或饰品,,装备,chest,1288,alternate_source,49295,0xC08F,chest,False,4,180,20,3,0,0x00000000,30,20,2/0,thickened,9,15,30,4,34,3.4,19079,low,0,38,38,15,,,computed-only,computed-only,21,0,21,21,0,0,0,,
19079,0x4A87,,防具或饰品,,装备,chest,1288,alternate_source,49295,0xC08F,chest,False,4,180,20,3,0,0x00000000,30,20,1/1,extreme_strengthened,9,15,30,0,30,3.0,19079,low,15,38,38,15,,,computed-only,computed-only,36,0,36,36,0,0,0,,
19079,0x4A87,,防具或饰品,,装备,chest,1288,alternate_source,49295,0xC08F,chest,False,4,180,20,3,0,0x00000000,30,20,2/2,extreme_thickened,9,15,30,9,39,3.9,19079,low,0,38,38,15,,,computed-only,computed-only,21,0,21,21,0,0,0,,
19079,0x4A87,,防具或饰品,,装备,chest,1288,alternate_source,49295,0xC08F,chest,False,4,180,20,3,0,0x00000000,30,20,1/2,strengthened_plus_thickened,9,15,30,4,34,3.4,19079,low,7,38,38,15,,,computed-only,computed-only,28,0,28,28,0,0,0,,
19224,0x4B18,盗贼之铠　腿甲,防具,足部,忍者防具,feet,33,standalone,19224,0x4B18,feet,False,4,180,20,3,0,0x00000000,30,20,0/0,unmodified,9,15,45,0,45,4.5,19224,low,0,38,38,17,,,computed-only,computed-only,0,0,6,6,0,0,0,,
19224,0x4B18,盗贼之铠　腿甲,防具,足部,忍者防具,feet,33,standalone,19224,0x4B18,feet,False,4,180,20,3,0,0x00000000,30,20,1/0,strengthened,9,15,45,0,45,4.5,19224,low,7,38,38,17,,,computed-only,computed-only,0,0,13,13,0,0,0,,
19224,0x4B18,盗贼之铠　腿甲,防具,足部,忍者防具,feet,33,standalone,19224,0x4B18,feet,False,4,180,20,3,0,0x00000000,30,20,2/0,thickened,9,15,45,4,49,4.9,19224,low,0,38,38,17,,,computed-only,computed-only,0,0,6,6,0,0,0,,
19224,0x4B18,盗贼之铠　腿甲,防具,足部,忍者防具,feet,33,standalone,19224,0x4B18,feet,False,4,180,20,3,0,0x00000000,30,20,1/1,extreme_strengthened,9,15,45,0,45,4.5,19224,low,15,38,38,17,,,computed-only,computed-only,0,0,21,21,0,0,0,,
19224,0x4B18,盗贼之铠　腿甲,防具,足部,忍者防具,feet,33,standalone,19224,0x4B18,feet,False,4,180,20,3,0,0x00000000,30,20,2/2,extreme_thickened,9,15,45,9,54,5.4,19224,low,0,38,38,17,,,computed-only,computed-only,0,0,6,6,0,0,0,,
19224,0x4B18,盗贼之铠　腿甲,防具,足部,忍者防具,feet,33,standalone,19224,0x4B18,feet,False,4,180,20,3,0,0x00000000,30,20,1/2,strengthened_plus_thickened,9,15,45,4,49,4.9,19224,low,7,38,38,17,,,computed-only,computed-only,0,0,13,13,0,0,0,,
19238,0x4B26,逃弹正之铠　臂甲,防具,手臂,武士防具,arms,715,alternate_source,9394,0x24B2,arms,False,4,180,20,3,0,0x00000000,30,20,0/0,unmodified,9,15,49,0,49,4.9,19238,low,0,50,50,17,,,computed-only,computed-only,0,0,9,8,0,0,0,,
19238,0x4B26,逃弹正之铠　臂甲,防具,手臂,武士防具,arms,715,alternate_source,9394,0x24B2,arms,False,4,180,20,3,0,0x00000000,30,20,1/0,strengthened,9,15,49,0,49,4.9,19238,low,7,50,50,17,,,computed-only,computed-only,0,0,16,15,0,0,0,,
19238,0x4B26,逃弹正之铠　臂甲,防具,手臂,武士防具,arms,715,alternate_source,9394,0x24B2,arms,False,4,180,20,3,0,0x00000000,30,20,2/0,thickened,9,15,49,4,53,5.3,19238,low,0,50,50,17,,,computed-only,computed-only,0,0,9,8,0,0,0,,
19238,0x4B26,逃弹正之铠　臂甲,防具,手臂,武士防具,arms,715,alternate_source,9394,0x24B2,arms,False,4,180,20,3,0,0x00000000,30,20,1/1,extreme_strengthened,9,15,49,0,49,4.9,19238,low,15,50,50,17,,,computed-only,computed-only,0,0,24,23,0,0,0,,
19238,0x4B26,逃弹正之铠　臂甲,防具,手臂,武士防具,arms,715,alternate_source,9394,0x24B2,arms,False,4,180,20,3,0,0x00000000,30,20,2/2,extreme_thickened,9,15,49,9,58,5.8,19238,low,0,50,50,17,,,computed-only,computed-only,0,0,9,8,0,0,0,,
19238,0x4B26,逃弹正之铠　臂甲,防具,手臂,武士防具,arms,715,alternate_source,9394,0x24B2,arms,False,4,180,20,3,0,0x00000000,30,20,1/2,strengthened_plus_thickened,9,15,49,4,53,5.3,19238,low,7,50,50,17,,,computed-only,computed-only,0,0,16,15,0,0,0,,
19357,0x4B9D,善擦帽子,防具,头部,忍者防具,head,1381,alternate_source,37269,0x9195,head,False,4,180,20,3,0,0x00000000,30,20,0/0,unmodified,9,15,16,0,16,1.6,19357,low,0,28,28,16,,,computed-only,computed-only,0,0,5,0,5,0,0,,
19357,0x4B9D,善擦帽子,防具,头部,忍者防具,head,1381,alternate_source,37269,0x9195,head,False,4,180,20,3,0,0x00000000,30,20,1/0,strengthened,9,15,16,0,16,1.6,19357,low,7,28,28,16,,,computed-only,computed-only,0,0,12,0,12,0,0,,
19357,0x4B9D,善擦帽子,防具,头部,忍者防具,head,1381,alternate_source,37269,0x9195,head,False,4,180,20,3,0,0x00000000,30,20,2/0,thickened,9,15,16,4,20,2.0,19357,low,0,28,28,16,,,computed-only,computed-only,0,0,5,0,5,0,0,,
19357,0x4B9D,善擦帽子,防具,头部,忍者防具,head,1381,alternate_source,37269,0x9195,head,False,4,180,20,3,0,0x00000000,30,20,1/1,extreme_strengthened,9,15,16,0,16,1.6,19357,low,15,28,28,16,,,computed-only,computed-only,0,0,20,0,20,0,0,,
19357,0x4B9D,善擦帽子,防具,头部,忍者防具,head,1381,alternate_source,37269,0x9195,head,False,4,180,20,3,0,0x00000000,30,20,2/2,extreme_thickened,9,15,16,9,25,2.5,19357,low,0,28,28,16,,,computed-only,computed-only,0,0,5,0,5,0,0,,
19357,0x4B9D,善擦帽子,防具,头部,忍者防具,head,1381,alternate_source,37269,0x9195,head,False,4,180,20,3,0,0x00000000,30,20,1/2,strengthened_plus_thickened,9,15,16,4,20,2.0,19357,low,7,28,28,16,,,computed-only,computed-only,0,0,12,0,12,0,0,,
19615,0x4C9F,大型八龙　膝甲,防具,腿部,武士防具,legs,1062,alternate_source,26345,0x66E9,legs,False,4,180,20,3,0,0x00000000,30,20,0/0,unmodified,9,15,57,0,57,5.7,19615,low,0,47,47,16,,,computed-only,computed-only,10,0,0,11,0,0,0,,
19615,0x4C9F,大型八龙　膝甲,防具,腿部,武士防具,legs,1062,alternate_source,26345,0x66E9,legs,False,4,180,20,3,0,0x00000000,30,20,1/0,strengthened,9,15,57,0,57,5.7,19615,low,7,47,47,16,,,computed-only,computed-only,17,0,0,18,0,0,0,,
19615,0x4C9F,大型八龙　膝甲,防具,腿部,武士防具,legs,1062,alternate_source,26345,0x66E9,legs,False,4,180,20,3,0,0x00000000,30,20,2/0,thickened,9,15,57,4,61,6.1,19615,low,0,47,47,16,,,computed-only,computed-only,10,0,0,11,0,0,0,,
19615,0x4C9F,大型八龙　膝甲,防具,腿部,武士防具,legs,1062,alternate_source,26345,0x66E9,legs,False,4,180,20,3,0,0x00000000,30,20,1/1,extreme_strengthened,9,15,57,0,57,5.7,19615,low,15,47,47,16,,,computed-only,computed-only,25,0,0,26,0,0,0,,
19615,0x4C9F,大型八龙　膝甲,防具,腿部,武士防具,legs,1062,alternate_source,26345,0x66E9,legs,False,4,180,20,3,0,0x00000000,30,20,2/2,extreme_thickened,9,15,57,9,66,6.6,19615,low,0,47,47,16,,,computed-only,computed-only,10,0,0,11,0,0,0,,
19615,0x4C9F,大型八龙　膝甲,防具,腿部,武士防具,legs,1062,alternate_source,26345,0x66E9,legs,False,4,180,20,3,0,0x00000000,30,20,1/2,strengthened_plus_thickened,9,15,57,4,61,6.1,19615,low,7,47,47,16,,,computed-only,computed-only,17,0,0,18,0,0,0,,
19698,0x4CF2,落难御曹司装束　腿甲,防具,足部,忍者防具,feet,776,alternate_source,24404,0x5F54,feet,False,4,180,20,3,0,0x00000000,30,20,0/0,unmodified,9,15,8,0,8,0.8,19698,low,0,18,18,15,,,computed-only,computed-only,12,0,0,0,12,0,0,,
19698,0x4CF2,落难御曹司装束　腿甲,防具,足部,忍者防具,feet,776,alternate_source,24404,0x5F54,feet,False,4,180,20,3,0,0x00000000,30,20,1/0,strengthened,9,15,8,0,8,0.8,19698,low,7,18,18,15,,,computed-only,computed-only,19,0,0,0,19,0,0,,
19698,0x4CF2,落难御曹司装束　腿甲,防具,足部,忍者防具,feet,776,alternate_source,24404,0x5F54,feet,False,4,180,20,3,0,0x00000000,30,20,2/0,thickened,9,15,8,4,12,1.2,19698,low,0,18,18,15,,,computed-only,computed-only,12,0,0,0,12,0,0,,
19698,0x4CF2,落难御曹司装束　腿甲,防具,足部,忍者防具,feet,776,alternate_source,24404,0x5F54,feet,False,4,180,20,3,0,0x00000000,30,20,1/1,extreme_strengthened,9,15,8,0,8,0.8,19698,low,15,18,18,15,,,computed-only,computed-only,27,0,0,0,27,0,0,,
19698,0x4CF2,落难御曹司装束　腿甲,防具,足部,忍者防具,feet,776,alternate_source,24404,0x5F54,feet,False,4,180,20,3,0,0x00000000,30,20,2/2,extreme_thickened,9,15,8,9,17,1.7,19698,low,0,18,18,15,,,computed-only,computed-only,12,0,0,0,12,0,0,,
19698,0x4CF2,落难御曹司装束　腿甲,防具,足部,忍者防具,feet,776,alternate_source,24404,0x5F54,feet,False,4,180,20,3,0,0x00000000,30,20,1/2,strengthened_plus_thickened,9,15,8,4,12,1.2,19698,low,7,18,18,15,,,computed-only,computed-only,19,0,0,0,19,0,0,,
19777,0x4D41,雷神头盔,防具,头部,武士防具,head,1372,alternate_source,42512,0xA610,head,False,4,180,20,3,0,0x00000000,30,20,0/0,unmodified,9,15,34,0,34,3.4,19777,low,0,31,31,16,,,computed-only,computed-only,18,0,0,18,0,0,0,,
19777,0x4D41,雷神头盔,防具,头部,武士防具,head,1372,alternate_source,42512,0xA610,head,False,4,180,20,3,0,0x00000000,30,20,1/0,strengthened,9,15,34,0,34,3.4,19777,low,7,31,31,16,,,computed-only,computed-only,25,0,0,25,0,0,0,,
19777,0x4D41,雷神头盔,防具,头部,武士防具,head,1372,alternate_source,42512,0xA610,head,False,4,180,20,3,0,0x00000000,30,20,2/0,thickened,9,15,34,4,38,3.8,19777,low,0,31,31,16,,,computed-only,computed-only,18,0,0,18,0,0,0,,
19777,0x4D41,雷神头盔,防具,头部,武士防具,head,1372,alternate_source,42512,0xA610,head,False,4,180,20,3,0,0x00000000,30,20,1/1,extreme_strengthened,9,15,34,0,34,3.4,19777,low,15,31,31,16,,,computed-only,computed-only,33,0,0,33,0,0,0,,
19777,0x4D41,雷神头盔,防具,头部,武士防具,head,1372,alternate_source,42512,0xA610,head,False,4,180,20,3,0,0x00000000,30,20,2/2,extreme_thickened,9,15,34,9,43,4.3,19777,low,0,31,31,16,,,computed-only,computed-only,18,0,0,18,0,0,0,,
19777,0x4D41,雷神头盔,防具,头部,武士防具,head,1372,alternate_source,42512,0xA610,head,False,4,180,20,3,0,0x00000000,30,20,1/2,strengthened_plus_thickened,9,15,34,4,38,3.8,19777,low,7,31,31,16,,,computed-only,computed-only,25,0,0,25,0,0,0,,
20036,0x4E44,,防具,,忍者防具,arms,992,standalone,20036,0x4E44,arms,False,4,180,20,3,0,0x00000000,30,20,0/0,unmodified,9,15,13,0,13,1.3,20036,low,0,18,18,15,,,computed-only,computed-only,0,0,0,0,12,0,0,,
20036,0x4E44,,防具,,忍者防具,arms,992,standalone,20036,0x4E44,arms,False,4,180,20,3,0,0x00000000,30,20,1/0,strengthened,9,15,13,0,13,1.3,20036,low,7,18,18,15,,,computed-only,computed-only,0,0,0,0,19,0,0,,
20036,0x4E44,,防具,,忍者防具,arms,992,standalone,20036,0x4E44,arms,False,4,180,20,3,0,0x00000000,30,20,2/0,thickened,9,15,13,4,17,1.7,20036,low,0,18,18,15,,,computed-only,computed-only,0,0,0,0,12,0,0,,
20036,0x4E44,,防具,,忍者防具,arms,992,standalone,20036,0x4E44,arms,False,4,180,20,3,0,0x00000000,30,20,1/1,extreme_strengthened,9,15,13,0,13,1.3,20036,low,15,18,18,15,,,computed-only,computed-only,0,0,0,0,27,0,0,,
20036,0x4E44,,防具,,忍者防具,arms,992,standalone,20036,0x4E44,arms,False,4,180,20,3,0,0x00000000,30,20,2/2,extreme_thickened,9,15,13,9,22,2.2,20036,low,0,18,18,15,,,computed-only,computed-only,0,0,0,0,12,0,0,,
20036,0x4E44,,防具,,忍者防具,arms,992,standalone,20036,0x4E44,arms,False,4,180,20,3,0,0x00000000,30,20,1/2,strengthened_plus_thickened,9,15,13,4,17,1.7,20036,low,7,18,18,15,,,computed-only,computed-only,0,0,0,0,19,0,0,,
20078,0x4E6E,霸王狙击装束　腿甲,防具,足部,忍者防具,feet,790,alternate_source,22763,0x58EB,feet,False,4,180,20,3,0,0x00000000,30,20,0/0,unmodified,9,15,17,0,17,1.7,20078,low,0,28,28,16,,,computed-only,computed-only,0,0,7,0,6,0,0,,
20078,0x4E6E,霸王狙击装束　腿甲,防具,足部,忍者防具,feet,790,alternate_source,22763,0x58EB,feet,False,4,180,20,3,0,0x00000000,30,20,1/0,strengthened,9,15,17,0,17,1.7,20078,low,7,28,28,16,,,computed-only,computed-only,0,0,14,0,13,0,0,,
20078,0x4E6E,霸王狙击装束　腿甲,防具,足部,忍者防具,feet,790,alternate_source,22763,0x58EB,feet,False,4,180,20,3,0,0x00000000,30,20,2/0,thickened,9,15,17,4,21,2.1,20078,low,0,28,28,16,,,computed-only,computed-only,0,0,7,0,6,0,0,,
20078,0x4E6E,霸王狙击装束　腿甲,防具,足部,忍者防具,feet,790,alternate_source,22763,0x58EB,feet,False,4,180,20,3,0,0x00000000,30,20,1/1,extreme_strengthened,9,15,17,0,17,1.7,20078,low,15,28,28,16,,,computed-only,computed-only,0,0,22,0,21,0,0,,
20078,0x4E6E,霸王狙击装束　腿甲,防具,足部,忍者防具,feet,790,alternate_source,22763,0x58EB,feet,False,4,180,20,3,0,0x00000000,30,20,2/2,extreme_thickened,9,15,17,9,26,2.6,20078,low,0,28,28,16,,,computed-only,computed-only,0,0,7,0,6,0,0,,
20078,0x4E6E,霸王狙击装束　腿甲,防具,足部,忍者防具,feet,790,alternate_source,22763,0x58EB,feet,False,4,180,20,3,0,0x00000000,30,20,1/2,strengthened_plus_thickened,9,15,17,4,21,2.1,20078,low,7,28,28,16,,,computed-only,computed-only,0,0,14,0,13,0,0,,
20548,0x5044,浪人中铠　臂甲,防具,手臂,武士防具,arms,1016,alternate_source,53745,0xD1F1,arms,False,4,180,20,3,0,0x00000000,30,20,0/0,unmodified,9,15,36,0,36,3.6,20548,low,0,31,31,16,,,computed-only,computed-only,8,0,0,11,0,0,0,,
20548,0x5044,浪人中铠　臂甲,防具,手臂,武士防具,arms,1016,alternate_source,53745,0xD1F1,arms,False,4,180,20,3,0,0x00000000,30,20,1/0,strengthened,9,15,36,0,36,3.6,20548,low,7,31,31,16,,,computed-only,computed-only,15,0,0,18,0,0,0,,
20548,0x5044,浪人中铠　臂甲,防具,手臂,武士防具,arms,1016,alternate_source,53745,0xD1F1,arms,False,4,180,20,3,0,0x00000000,30,20,2/0,thickened,9,15,36,4,40,4.0,20548,low,0,31,31,16,,,computed-only,computed-only,8,0,0,11,0,0,0,,
20548,0x5044,浪人中铠　臂甲,防具,手臂,武士防具,arms,1016,alternate_source,53745,0xD1F1,arms,False,4,180,20,3,0,0x00000000,30,20,1/1,extreme_strengthened,9,15,36,0,36,3.6,20548,low,15,31,31,16,,,computed-only,computed-only,23,0,0,26,0,0,0,,
20548,0x5044,浪人中铠　臂甲,防具,手臂,武士防具,arms,1016,alternate_source,53745,0xD1F1,arms,False,4,180,20,3,0,0x00000000,30,20,2/2,extreme_thickened,9,15,36,9,45,4.5,20548,low,0,31,31,16,,,computed-only,computed-only,8,0,0,11,0,0,0,,
20548,0x5044,浪人中铠　臂甲,防具,手臂,武士防具,arms,1016,alternate_source,53745,0xD1F1,arms,False,4,180,20,3,0,0x00000000,30,20,1/2,strengthened_plus_thickened,9,15,36,4,40,4.0,20548,low,7,31,31,16,,,computed-only,computed-only,15,0,0,18,0,0,0,,
20597,0x5075,,防具或饰品,,装备,legs,1211,alternate_source,6486,0x1956,arms,True,4,180,20,3,0,0x00000000,30,20,0/0,unmodified,9,15,33,0,33,3.3,20597,low,0,31,31,15,,,computed-only,computed-only,21,0,21,0,0,0,0,,
20597,0x5075,,防具或饰品,,装备,legs,1211,alternate_source,6486,0x1956,arms,True,4,180,20,3,0,0x00000000,30,20,1/0,strengthened,9,15,33,0,33,3.3,20597,low,7,31,31,15,,,computed-only,computed-only,28,0,28,0,0,0,0,,
20597,0x5075,,防具或饰品,,装备,legs,1211,alternate_source,6486,0x1956,arms,True,4,180,20,3,0,0x00000000,30,20,2/0,thickened,9,15,33,4,37,3.7,20597,low,0,31,31,15,,,computed-only,computed-only,21,0,21,0,0,0,0,,
20597,0x5075,,防具或饰品,,装备,legs,1211,alternate_source,6486,0x1956,arms,True,4,180,20,3,0,0x00000000,30,20,1/1,extreme_strengthened,9,15,33,0,33,3.3,20597,low,15,31,31,15,,,computed-only,computed-only,36,0,36,0,0,0,0,,
20597,0x5075,,防具或饰品,,装备,legs,1211,alternate_source,6486,0x1956,arms,True,4,180,20,3,0,0x00000000,30,20,2/2,extreme_thickened,9,15,33,9,42,4.2,20597,low,0,31,31,15,,,computed-only,computed-only,21,0,21,0,0,0,0,,
20597,0x5075,,防具或饰品,,装备,legs,1211,alternate_source,6486,0x1956,arms,True,4,180,20,3,0,0x00000000,30,20,1/2,strengthened_plus_thickened,9,15,33,4,37,3.7,20597,low,7,31,31,15,,,computed-only,computed-only,28,0,28,0,0,0,0,,
20720,0x50F0,,防具,,忍者防具,feet,994,standalone,20720,0x50F0,feet,False,4,180,20,3,0,0x00000000,30,20,0/0,unmodified,9,15,13,0,13,1.3,20720,low,0,18,18,15,,,computed-only,computed-only,0,0,0,0,12,0,0,,
20720,0x50F0,,防具,,忍者防具,feet,994,standalone,20720,0x50F0,feet,False,4,180,20,3,0,0x00000000,30,20,1/0,strengthened,9,15,13,0,13,1.3,20720,low,7,18,18,15,,,computed-only,computed-only,0,0,0,0,19,0,0,,
20720,0x50F0,,防具,,忍者防具,feet,994,standalone,20720,0x50F0,feet,False,4,180,20,3,0,0x00000000,30,20,2/0,thickened,9,15,13,4,17,1.7,20720,low,0,18,18,15,,,computed-only,computed-only,0,0,0,0,12,0,0,,
20720,0x50F0,,防具,,忍者防具,feet,994,standalone,20720,0x50F0,feet,False,4,180,20,3,0,0x00000000,30,20,1/1,extreme_strengthened,9,15,13,0,13,1.3,20720,low,15,18,18,15,,,computed-only,computed-only,0,0,0,0,27,0,0,,
20720,0x50F0,,防具,,忍者防具,feet,994,standalone,20720,0x50F0,feet,False,4,180,20,3,0,0x00000000,30,20,2/2,extreme_thickened,9,15,13,9,22,2.2,20720,low,0,18,18,15,,,computed-only,computed-only,0,0,0,0,12,0,0,,
20720,0x50F0,,防具,,忍者防具,feet,994,standalone,20720,0x50F0,feet,False,4,180,20,3,0,0x00000000,30,20,1/2,strengthened_plus_thickened,9,15,13,4,17,1.7,20720,low,7,18,18,15,,,computed-only,computed-only,0,0,0,0,19,0,0,,
20903,0x51A7,,防具,,忍者防具,arms,982,standalone,20903,0x51A7,arms,False,4,180,20,3,0,0x00000000,30,20,0/0,unmodified,9,15,11,0,11,1.1,20903,low,0,18,18,15,,,computed-only,computed-only,0,0,0,0,12,0,0,,
20903,0x51A7,,防具,,忍者防具,arms,982,standalone,20903,0x51A7,arms,False,4,180,20,3,0,0x00000000,30,20,1/0,strengthened,9,15,11,0,11,1.1,20903,low,7,18,18,15,,,computed-only,computed-only,0,0,0,0,19,0,0,,
20903,0x51A7,,防具,,忍者防具,arms,982,standalone,20903,0x51A7,arms,False,4,180,20,3,0,0x00000000,30,20,2/0,thickened,9,15,11,4,15,1.5,20903,low,0,18,18,15,,,computed-only,computed-only,0,0,0,0,12,0,0,,
20903,0x51A7,,防具,,忍者防具,arms,982,standalone,20903,0x51A7,arms,False,4,180,20,3,0,0x00000000,30,20,1/1,extreme_strengthened,9,15,11,0,11,1.1,20903,low,15,18,18,15,,,computed-only,computed-only,0,0,0,0,27,0,0,,
20903,0x51A7,,防具,,忍者防具,arms,982,standalone,20903,0x51A7,arms,False,4,180,20,3,0,0x00000000,30,20,2/2,extreme_thickened,9,15,11,9,20,2.0,20903,low,0,18,18,15,,,computed-only,computed-only,0,0,0,0,12,0,0,,
20903,0x51A7,,防具,,忍者防具,arms,982,standalone,20903,0x51A7,arms,False,4,180,20,3,0,0x00000000,30,20,1/2,strengthened_plus_thickened,9,15,11,4,15,1.5,20903,low,7,18,18,15,,,computed-only,computed-only,0,0,0,0,19,0,0,,
20955,0x51DB,枭雄之铠　腿甲,防具,足部,武士防具,feet,1188,alternate_source,53903,0xD28F,feet,False,4,180,20,3,0,0x00000000,30,20,0/0,unmodified,9,15,50,0,50,5.0,20955,low,0,50,50,17,,,computed-only,computed-only,0,0,9,10,0,0,0,,
20955,0x51DB,枭雄之铠　腿甲,防具,足部,武士防具,feet,1188,alternate_source,53903,0xD28F,feet,False,4,180,20,3,0,0x00000000,30,20,1/0,strengthened,9,15,50,0,50,5.0,20955,low,7,50,50,17,,,computed-only,computed-only,0,0,16,17,0,0,0,,
20955,0x51DB,枭雄之铠　腿甲,防具,足部,武士防具,feet,1188,alternate_source,53903,0xD28F,feet,False,4,180,20,3,0,0x00000000,30,20,2/0,thickened,9,15,50,4,54,5.4,20955,low,0,50,50,17,,,computed-only,computed-only,0,0,9,10,0,0,0,,
20955,0x51DB,枭雄之铠　腿甲,防具,足部,武士防具,feet,1188,alternate_source,53903,0xD28F,feet,False,4,180,20,3,0,0x00000000,30,20,1/1,extreme_strengthened,9,15,50,0,50,5.0,20955,low,15,50,50,17,,,computed-only,computed-only,0,0,24,25,0,0,0,,
20955,0x51DB,枭雄之铠　腿甲,防具,足部,武士防具,feet,1188,alternate_source,53903,0xD28F,feet,False,4,180,20,3,0,0x00000000,30,20,2/2,extreme_thickened,9,15,50,9,59,5.9,20955,low,0,50,50,17,,,computed-only,computed-only,0,0,9,10,0,0,0,,
20955,0x51DB,枭雄之铠　腿甲,防具,足部,武士防具,feet,1188,alternate_source,53903,0xD28F,feet,False,4,180,20,3,0,0x00000000,30,20,1/2,strengthened_plus_thickened,9,15,50,4,54,5.4,20955,low,7,50,50,17,,,computed-only,computed-only,0,0,16,17,0,0,0,,
21067,0x524B,燕尾中铠　膝甲,防具,腿部,武士防具,legs,1032,alternate_source,14470,0x3886,legs,False,4,180,20,3,0,0x00000000,30,20,0/0,unmodified,9,15,59,0,59,5.9,21067,low,0,47,47,16,,,computed-only,computed-only,11,0,0,13,0,0,0,,
21067,0x524B,燕尾中铠　膝甲,防具,腿部,武士防具,legs,1032,alternate_source,14470,0x3886,legs,False,4,180,20,3,0,0x00000000,30,20,1/0,strengthened,9,15,59,0,59,5.9,21067,low,7,47,47,16,,,computed-only,computed-only,18,0,0,20,0,0,0,,
21067,0x524B,燕尾中铠　膝甲,防具,腿部,武士防具,legs,1032,alternate_source,14470,0x3886,legs,False,4,180,20,3,0,0x00000000,30,20,2/0,thickened,9,15,59,4,63,6.3,21067,low,0,47,47,16,,,computed-only,computed-only,11,0,0,13,0,0,0,,
21067,0x524B,燕尾中铠　膝甲,防具,腿部,武士防具,legs,1032,alternate_source,14470,0x3886,legs,False,4,180,20,3,0,0x00000000,30,20,1/1,extreme_strengthened,9,15,59,0,59,5.9,21067,low,15,47,47,16,,,computed-only,computed-only,26,0,0,28,0,0,0,,
21067,0x524B,燕尾中铠　膝甲,防具,腿部,武士防具,legs,1032,alternate_source,14470,0x3886,legs,False,4,180,20,3,0,0x00000000,30,20,2/2,extreme_thickened,9,15,59,9,68,6.8,21067,low,0,47,47,16,,,computed-only,computed-only,11,0,0,13,0,0,0,,
21067,0x524B,燕尾中铠　膝甲,防具,腿部,武士防具,legs,1032,alternate_source,14470,0x3886,legs,False,4,180,20,3,0,0x00000000,30,20,1/2,strengthened_plus_thickened,9,15,59,4,63,6.3,21067,low,7,47,47,16,,,computed-only,computed-only,18,0,0,20,0,0,0,,
21085,0x525D,善擦帽子,防具,头部,忍者防具,head,1378,alternate_source,37269,0x9195,head,False,4,180,20,3,0,0x00000000,30,20,0/0,unmodified,9,15,16,0,16,1.6,21085,low,0,28,28,16,,,computed-only,computed-only,0,0,5,0,5,0,0,,
21085,0x525D,善擦帽子,防具,头部,忍者防具,head,1378,alternate_source,37269,0x9195,head,False,4,180,20,3,0,0x00000000,30,20,1/0,strengthened,9,15,16,0,16,1.6,21085,low,7,28,28,16,,,computed-only,computed-only,0,0,12,0,12,0,0,,
21085,0x525D,善擦帽子,防具,头部,忍者防具,head,1378,alternate_source,37269,0x9195,head,False,4,180,20,3,0,0x00000000,30,20,2/0,thickened,9,15,16,4,20,2.0,21085,low,0,28,28,16,,,computed-only,computed-only,0,0,5,0,5,0,0,,
21085,0x525D,善擦帽子,防具,头部,忍者防具,head,1378,alternate_source,37269,0x9195,head,False,4,180,20,3,0,0x00000000,30,20,1/1,extreme_strengthened,9,15,16,0,16,1.6,21085,low,15,28,28,16,,,computed-only,computed-only,0,0,20,0,20,0,0,,
21085,0x525D,善擦帽子,防具,头部,忍者防具,head,1378,alternate_source,37269,0x9195,head,False,4,180,20,3,0,0x00000000,30,20,2/2,extreme_thickened,9,15,16,9,25,2.5,21085,low,0,28,28,16,,,computed-only,computed-only,0,0,5,0,5,0,0,,
21085,0x525D,善擦帽子,防具,头部,忍者防具,head,1378,alternate_source,37269,0x9195,head,False,4,180,20,3,0,0x00000000,30,20,1/2,strengthened_plus_thickened,9,15,16,4,20,2.0,21085,low,7,28,28,16,,,computed-only,computed-only,0,0,12,0,12,0,0,,
21100,0x526C,善擦帽子,防具,头部,忍者防具,head,1377,alternate_source,37269,0x9195,head,False,4,180,20,3,0,0x00000000,30,20,0/0,unmodified,9,15,16,0,16,1.6,21100,low,0,28,28,16,,,computed-only,computed-only,0,0,5,0,5,0,0,,
21100,0x526C,善擦帽子,防具,头部,忍者防具,head,1377,alternate_source,37269,0x9195,head,False,4,180,20,3,0,0x00000000,30,20,1/0,strengthened,9,15,16,0,16,1.6,21100,low,7,28,28,16,,,computed-only,computed-only,0,0,12,0,12,0,0,,
21100,0x526C,善擦帽子,防具,头部,忍者防具,head,1377,alternate_source,37269,0x9195,head,False,4,180,20,3,0,0x00000000,30,20,2/0,thickened,9,15,16,4,20,2.0,21100,low,0,28,28,16,,,computed-only,computed-only,0,0,5,0,5,0,0,,
21100,0x526C,善擦帽子,防具,头部,忍者防具,head,1377,alternate_source,37269,0x9195,head,False,4,180,20,3,0,0x00000000,30,20,1/1,extreme_strengthened,9,15,16,0,16,1.6,21100,low,15,28,28,16,,,computed-only,computed-only,0,0,20,0,20,0,0,,
21100,0x526C,善擦帽子,防具,头部,忍者防具,head,1377,alternate_source,37269,0x9195,head,False,4,180,20,3,0,0x00000000,30,20,2/2,extreme_thickened,9,15,16,9,25,2.5,21100,low,0,28,28,16,,,computed-only,computed-only,0,0,5,0,5,0,0,,
21100,0x526C,善擦帽子,防具,头部,忍者防具,head,1377,alternate_source,37269,0x9195,head,False,4,180,20,3,0,0x00000000,30,20,1/2,strengthened_plus_thickened,9,15,16,4,20,2.0,21100,low,7,28,28,16,,,computed-only,computed-only,0,0,12,0,12,0,0,,
21207,0x52D7,叛军浪士之铠　斗笠,防具,头部,武士防具,head,1217,alternate_source,2028,0x07EC,head,False,4,180,20,3,0,0x00000000,30,20,0/0,unmodified,9,15,33,0,33,3.3,21207,low,0,31,31,16,,,computed-only,computed-only,21,0,0,21,0,0,0,,
21207,0x52D7,叛军浪士之铠　斗笠,防具,头部,武士防具,head,1217,alternate_source,2028,0x07EC,head,False,4,180,20,3,0,0x00000000,30,20,1/0,strengthened,9,15,33,0,33,3.3,21207,low,7,31,31,16,,,computed-only,computed-only,28,0,0,28,0,0,0,,
21207,0x52D7,叛军浪士之铠　斗笠,防具,头部,武士防具,head,1217,alternate_source,2028,0x07EC,head,False,4,180,20,3,0,0x00000000,30,20,2/0,thickened,9,15,33,4,37,3.7,21207,low,0,31,31,16,,,computed-only,computed-only,21,0,0,21,0,0,0,,
21207,0x52D7,叛军浪士之铠　斗笠,防具,头部,武士防具,head,1217,alternate_source,2028,0x07EC,head,False,4,180,20,3,0,0x00000000,30,20,1/1,extreme_strengthened,9,15,33,0,33,3.3,21207,low,15,31,31,16,,,computed-only,computed-only,36,0,0,36,0,0,0,,
21207,0x52D7,叛军浪士之铠　斗笠,防具,头部,武士防具,head,1217,alternate_source,2028,0x07EC,head,False,4,180,20,3,0,0x00000000,30,20,2/2,extreme_thickened,9,15,33,9,42,4.2,21207,low,0,31,31,16,,,computed-only,computed-only,21,0,0,21,0,0,0,,
21207,0x52D7,叛军浪士之铠　斗笠,防具,头部,武士防具,head,1217,alternate_source,2028,0x07EC,head,False,4,180,20,3,0,0x00000000,30,20,1/2,strengthened_plus_thickened,9,15,33,4,37,3.7,21207,low,7,31,31,16,,,computed-only,computed-only,28,0,0,28,0,0,0,,
21408,0x53A0,暗行忍者装束　上衣,防具,身体,忍者防具,chest,778,alternate_source,59976,0xEA48,chest,False,4,180,20,3,0,0x00000000,30,20,0/0,unmodified,9,15,54,0,54,5.4,21408,low,0,98,98,16,,,live-matched-configuration,natural-ui-getter-observation,0,0,21,0,20,0,0,weight;toughness;requirement_0;requirement_1;requirement_2;requirement_3;requirement_4;requirement_5;requirement_6,
21408,0x53A0,暗行忍者装束　上衣,防具,身体,忍者防具,chest,778,alternate_source,59976,0xEA48,chest,False,4,180,20,3,0,0x00000000,30,20,1/0,strengthened,9,15,54,0,54,5.4,21408,low,7,98,98,16,,,live-matched-configuration,natural-ui-getter-observation,0,0,28,0,27,0,0,weight;toughness;requirement_0;requirement_1;requirement_2;requirement_3;requirement_4;requirement_5;requirement_6,
21408,0x53A0,暗行忍者装束　上衣,防具,身体,忍者防具,chest,778,alternate_source,59976,0xEA48,chest,False,4,180,20,3,0,0x00000000,30,20,2/0,thickened,9,15,54,4,58,5.8,21408,low,0,98,98,16,,,live-matched-configuration,natural-ui-getter-observation,0,0,21,0,20,0,0,weight;toughness;requirement_0;requirement_1;requirement_2;requirement_3;requirement_4;requirement_5;requirement_6,
21408,0x53A0,暗行忍者装束　上衣,防具,身体,忍者防具,chest,778,alternate_source,59976,0xEA48,chest,False,4,180,20,3,0,0x00000000,30,20,1/1,extreme_strengthened,9,15,54,0,54,5.4,21408,low,15,98,98,16,,,live-matched-configuration,natural-ui-getter-observation,0,0,36,0,35,0,0,weight;toughness;requirement_0;requirement_1;requirement_2;requirement_3;requirement_4;requirement_5;requirement_6,
21408,0x53A0,暗行忍者装束　上衣,防具,身体,忍者防具,chest,778,alternate_source,59976,0xEA48,chest,False,4,180,20,3,0,0x00000000,30,20,2/2,extreme_thickened,9,15,54,9,63,6.3,21408,low,0,98,98,16,,,live-matched-configuration,natural-ui-getter-observation,0,0,21,0,20,0,0,weight;toughness;requirement_0;requirement_1;requirement_2;requirement_3;requirement_4;requirement_5;requirement_6,
21408,0x53A0,暗行忍者装束　上衣,防具,身体,忍者防具,chest,778,alternate_source,59976,0xEA48,chest,False,4,180,20,3,0,0x00000000,30,20,1/2,strengthened_plus_thickened,9,15,54,4,58,5.8,21408,low,7,98,98,16,,,live-matched-configuration,natural-ui-getter-observation,0,0,28,0,27,0,0,weight;toughness;requirement_0;requirement_1;requirement_2;requirement_3;requirement_4;requirement_5;requirement_6,
21457,0x53D1,大目付忍装束　胸甲,防具,身体,忍者防具,chest,1249,alternate_source,4728,0x1278,chest,False,4,180,20,3,0,0x00000000,30,20,0/0,unmodified,9,15,16,0,16,1.6,21457,low,0,36,36,15,,,computed-only,computed-only,22,0,0,22,0,0,0,,
21457,0x53D1,大目付忍装束　胸甲,防具,身体,忍者防具,chest,1249,alternate_source,4728,0x1278,chest,False,4,180,20,3,0,0x00000000,30,20,1/0,strengthened,9,15,16,0,16,1.6,21457,low,7,36,36,15,,,computed-only,computed-only,29,0,0,29,0,0,0,,
21457,0x53D1,大目付忍装束　胸甲,防具,身体,忍者防具,chest,1249,alternate_source,4728,0x1278,chest,False,4,180,20,3,0,0x00000000,30,20,2/0,thickened,9,15,16,4,20,2.0,21457,low,0,36,36,15,,,computed-only,computed-only,22,0,0,22,0,0,0,,
21457,0x53D1,大目付忍装束　胸甲,防具,身体,忍者防具,chest,1249,alternate_source,4728,0x1278,chest,False,4,180,20,3,0,0x00000000,30,20,1/1,extreme_strengthened,9,15,16,0,16,1.6,21457,low,15,36,36,15,,,computed-only,computed-only,37,0,0,37,0,0,0,,
21457,0x53D1,大目付忍装束　胸甲,防具,身体,忍者防具,chest,1249,alternate_source,4728,0x1278,chest,False,4,180,20,3,0,0x00000000,30,20,2/2,extreme_thickened,9,15,16,9,25,2.5,21457,low,0,36,36,15,,,computed-only,computed-only,22,0,0,22,0,0,0,,
21457,0x53D1,大目付忍装束　胸甲,防具,身体,忍者防具,chest,1249,alternate_source,4728,0x1278,chest,False,4,180,20,3,0,0x00000000,30,20,1/2,strengthened_plus_thickened,9,15,16,4,20,2.0,21457,low,7,36,36,15,,,computed-only,computed-only,29,0,0,29,0,0,0,,
21505,0x5401,夜袭护颊,防具,头部,武士防具,head,1387,alternate_source,52695,0xCDD7,head,False,4,180,20,3,0,0x00000000,30,20,0/0,unmodified,9,15,16,0,16,1.6,21505,low,0,19,19,15,,,computed-only,computed-only,13,0,0,0,13,0,0,,
21505,0x5401,夜袭护颊,防具,头部,武士防具,head,1387,alternate_source,52695,0xCDD7,head,False,4,180,20,3,0,0x00000000,30,20,1/0,strengthened,9,15,16,0,16,1.6,21505,low,7,19,19,15,,,computed-only,computed-only,20,0,0,0,20,0,0,,
21505,0x5401,夜袭护颊,防具,头部,武士防具,head,1387,alternate_source,52695,0xCDD7,head,False,4,180,20,3,0,0x00000000,30,20,2/0,thickened,9,15,16,4,20,2.0,21505,low,0,19,19,15,,,computed-only,computed-only,13,0,0,0,13,0,0,,
21505,0x5401,夜袭护颊,防具,头部,武士防具,head,1387,alternate_source,52695,0xCDD7,head,False,4,180,20,3,0,0x00000000,30,20,1/1,extreme_strengthened,9,15,16,0,16,1.6,21505,low,15,19,19,15,,,computed-only,computed-only,28,0,0,0,28,0,0,,
21505,0x5401,夜袭护颊,防具,头部,武士防具,head,1387,alternate_source,52695,0xCDD7,head,False,4,180,20,3,0,0x00000000,30,20,2/2,extreme_thickened,9,15,16,9,25,2.5,21505,low,0,19,19,15,,,computed-only,computed-only,13,0,0,0,13,0,0,,
21505,0x5401,夜袭护颊,防具,头部,武士防具,head,1387,alternate_source,52695,0xCDD7,head,False,4,180,20,3,0,0x00000000,30,20,1/2,strengthened_plus_thickened,9,15,16,4,20,2.0,21505,low,7,19,19,15,,,computed-only,computed-only,20,0,0,0,20,0,0,,
21574,0x5446,八重垣流装束　膝甲,防具,腿部,忍者防具,legs,815,alternate_source,46504,0xB5A8,legs,False,4,180,20,3,0,0x00000000,30,20,0/0,unmodified,9,15,39,0,39,3.9,21574,low,0,74,74,16,,,computed-only,computed-only,0,0,12,0,20,0,0,,
21574,0x5446,八重垣流装束　膝甲,防具,腿部,忍者防具,legs,815,alternate_source,46504,0xB5A8,legs,False,4,180,20,3,0,0x00000000,30,20,1/0,strengthened,9,15,39,0,39,3.9,21574,low,7,74,74,16,,,computed-only,computed-only,0,0,19,0,27,0,0,,
21574,0x5446,八重垣流装束　膝甲,防具,腿部,忍者防具,legs,815,alternate_source,46504,0xB5A8,legs,False,4,180,20,3,0,0x00000000,30,20,2/0,thickened,9,15,39,4,43,4.3,21574,low,0,74,74,16,,,computed-only,computed-only,0,0,12,0,20,0,0,,
21574,0x5446,八重垣流装束　膝甲,防具,腿部,忍者防具,legs,815,alternate_source,46504,0xB5A8,legs,False,4,180,20,3,0,0x00000000,30,20,1/1,extreme_strengthened,9,15,39,0,39,3.9,21574,low,15,74,74,16,,,computed-only,computed-only,0,0,27,0,35,0,0,,
21574,0x5446,八重垣流装束　膝甲,防具,腿部,忍者防具,legs,815,alternate_source,46504,0xB5A8,legs,False,4,180,20,3,0,0x00000000,30,20,2/2,extreme_thickened,9,15,39,9,48,4.8,21574,low,0,74,74,16,,,computed-only,computed-only,0,0,12,0,20,0,0,,
21574,0x5446,八重垣流装束　膝甲,防具,腿部,忍者防具,legs,815,alternate_source,46504,0xB5A8,legs,False,4,180,20,3,0,0x00000000,30,20,1/2,strengthened_plus_thickened,9,15,39,4,43,4.3,21574,low,7,74,74,16,,,computed-only,computed-only,0,0,19,0,27,0,0,,
21652,0x5494,毛虫前立鸟毛胁立头盔,防具,头部,武士防具,head,1363,alternate_source,58443,0xE44B,head,False,4,180,20,3,0,0x00000000,30,20,0/0,unmodified,9,15,47,0,47,4.7,21652,low,0,50,50,17,,,computed-only,computed-only,0,0,8,8,0,0,0,,
21652,0x5494,毛虫前立鸟毛胁立头盔,防具,头部,武士防具,head,1363,alternate_source,58443,0xE44B,head,False,4,180,20,3,0,0x00000000,30,20,1/0,strengthened,9,15,47,0,47,4.7,21652,low,7,50,50,17,,,computed-only,computed-only,0,0,15,15,0,0,0,,
21652,0x5494,毛虫前立鸟毛胁立头盔,防具,头部,武士防具,head,1363,alternate_source,58443,0xE44B,head,False,4,180,20,3,0,0x00000000,30,20,2/0,thickened,9,15,47,4,51,5.1,21652,low,0,50,50,17,,,computed-only,computed-only,0,0,8,8,0,0,0,,
21652,0x5494,毛虫前立鸟毛胁立头盔,防具,头部,武士防具,head,1363,alternate_source,58443,0xE44B,head,False,4,180,20,3,0,0x00000000,30,20,1/1,extreme_strengthened,9,15,47,0,47,4.7,21652,low,15,50,50,17,,,computed-only,computed-only,0,0,23,23,0,0,0,,
21652,0x5494,毛虫前立鸟毛胁立头盔,防具,头部,武士防具,head,1363,alternate_source,58443,0xE44B,head,False,4,180,20,3,0,0x00000000,30,20,2/2,extreme_thickened,9,15,47,9,56,5.6,21652,low,0,50,50,17,,,computed-only,computed-only,0,0,8,8,0,0,0,,
21652,0x5494,毛虫前立鸟毛胁立头盔,防具,头部,武士防具,head,1363,alternate_source,58443,0xE44B,head,False,4,180,20,3,0,0x00000000,30,20,1/2,strengthened_plus_thickened,9,15,47,4,51,5.1,21652,low,7,50,50,17,,,computed-only,computed-only,0,0,15,15,0,0,0,,
21715,0x54D3,无缘人之铠　臂甲,防具,手臂,忍者防具,arms,1051,alternate_source,13877,0x3635,arms,False,4,180,20,3,0,0x00000000,30,20,0/0,unmodified,9,15,16,0,16,1.6,21715,low,0,28,28,16,,,computed-only,computed-only,5,0,0,5,0,0,0,,
21715,0x54D3,无缘人之铠　臂甲,防具,手臂,忍者防具,arms,1051,alternate_source,13877,0x3635,arms,False,4,180,20,3,0,0x00000000,30,20,1/0,strengthened,9,15,16,0,16,1.6,21715,low,7,28,28,16,,,computed-only,computed-only,12,0,0,12,0,0,0,,
21715,0x54D3,无缘人之铠　臂甲,防具,手臂,忍者防具,arms,1051,alternate_source,13877,0x3635,arms,False,4,180,20,3,0,0x00000000,30,20,2/0,thickened,9,15,16,4,20,2.0,21715,low,0,28,28,16,,,computed-only,computed-only,5,0,0,5,0,0,0,,
21715,0x54D3,无缘人之铠　臂甲,防具,手臂,忍者防具,arms,1051,alternate_source,13877,0x3635,arms,False,4,180,20,3,0,0x00000000,30,20,1/1,extreme_strengthened,9,15,16,0,16,1.6,21715,low,15,28,28,16,,,computed-only,computed-only,20,0,0,20,0,0,0,,
21715,0x54D3,无缘人之铠　臂甲,防具,手臂,忍者防具,arms,1051,alternate_source,13877,0x3635,arms,False,4,180,20,3,0,0x00000000,30,20,2/2,extreme_thickened,9,15,16,9,25,2.5,21715,low,0,28,28,16,,,computed-only,computed-only,5,0,0,5,0,0,0,,
21715,0x54D3,无缘人之铠　臂甲,防具,手臂,忍者防具,arms,1051,alternate_source,13877,0x3635,arms,False,4,180,20,3,0,0x00000000,30,20,1/2,strengthened_plus_thickened,9,15,16,4,20,2.0,21715,low,7,28,28,16,,,computed-only,computed-only,12,0,0,12,0,0,0,,
21732,0x54E4,,防具,,忍者防具,legs,983,standalone,21732,0x54E4,legs,False,4,180,20,3,0,0x00000000,30,20,0/0,unmodified,9,15,17,0,17,1.7,21732,low,0,27,27,15,,,computed-only,computed-only,0,0,0,0,12,0,0,,
21732,0x54E4,,防具,,忍者防具,legs,983,standalone,21732,0x54E4,legs,False,4,180,20,3,0,0x00000000,30,20,1/0,strengthened,9,15,17,0,17,1.7,21732,low,7,27,27,15,,,computed-only,computed-only,0,0,0,0,19,0,0,,
21732,0x54E4,,防具,,忍者防具,legs,983,standalone,21732,0x54E4,legs,False,4,180,20,3,0,0x00000000,30,20,2/0,thickened,9,15,17,4,21,2.1,21732,low,0,27,27,15,,,computed-only,computed-only,0,0,0,0,12,0,0,,
21732,0x54E4,,防具,,忍者防具,legs,983,standalone,21732,0x54E4,legs,False,4,180,20,3,0,0x00000000,30,20,1/1,extreme_strengthened,9,15,17,0,17,1.7,21732,low,15,27,27,15,,,computed-only,computed-only,0,0,0,0,27,0,0,,
21732,0x54E4,,防具,,忍者防具,legs,983,standalone,21732,0x54E4,legs,False,4,180,20,3,0,0x00000000,30,20,2/2,extreme_thickened,9,15,17,9,26,2.6,21732,low,0,27,27,15,,,computed-only,computed-only,0,0,0,0,12,0,0,,
21732,0x54E4,,防具,,忍者防具,legs,983,standalone,21732,0x54E4,legs,False,4,180,20,3,0,0x00000000,30,20,1/2,strengthened_plus_thickened,9,15,17,4,21,2.1,21732,low,7,27,27,15,,,computed-only,computed-only,0,0,0,0,19,0,0,,
21782,0x5516,邪马台国轻铠　胸甲,防具,身体,忍者防具,chest,687,alternate_source,43208,0xA8C8,chest,False,4,180,20,3,0,0x00000000,30,20,0/0,unmodified,9,15,36,0,36,3.6,21782,low,0,56,56,16,,,computed-only,computed-only,0,0,13,0,18,0,0,,
21782,0x5516,邪马台国轻铠　胸甲,防具,身体,忍者防具,chest,687,alternate_source,43208,0xA8C8,chest,False,4,180,20,3,0,0x00000000,30,20,1/0,strengthened,9,15,36,0,36,3.6,21782,low,7,56,56,16,,,computed-only,computed-only,0,0,20,0,25,0,0,,
21782,0x5516,邪马台国轻铠　胸甲,防具,身体,忍者防具,chest,687,alternate_source,43208,0xA8C8,chest,False,4,180,20,3,0,0x00000000,30,20,2/0,thickened,9,15,36,4,40,4.0,21782,low,0,56,56,16,,,computed-only,computed-only,0,0,13,0,18,0,0,,
21782,0x5516,邪马台国轻铠　胸甲,防具,身体,忍者防具,chest,687,alternate_source,43208,0xA8C8,chest,False,4,180,20,3,0,0x00000000,30,20,1/1,extreme_strengthened,9,15,36,0,36,3.6,21782,low,15,56,56,16,,,computed-only,computed-only,0,0,28,0,33,0,0,,
21782,0x5516,邪马台国轻铠　胸甲,防具,身体,忍者防具,chest,687,alternate_source,43208,0xA8C8,chest,False,4,180,20,3,0,0x00000000,30,20,2/2,extreme_thickened,9,15,36,9,45,4.5,21782,low,0,56,56,16,,,computed-only,computed-only,0,0,13,0,18,0,0,,
21782,0x5516,邪马台国轻铠　胸甲,防具,身体,忍者防具,chest,687,alternate_source,43208,0xA8C8,chest,False,4,180,20,3,0,0x00000000,30,20,1/2,strengthened_plus_thickened,9,15,36,4,40,4.0,21782,low,7,56,56,16,,,computed-only,computed-only,0,0,20,0,25,0,0,,
21820,0x553C,平三之铠　面具,防具,头部,忍者防具,head,792,alternate_source,21374,0x537E,head,False,4,180,20,3,0,0x00000000,30,20,0/0,unmodified,9,15,25,0,25,2.5,21820,low,0,49,49,16,,,computed-only,computed-only,0,0,17,0,11,0,0,,
21820,0x553C,平三之铠　面具,防具,头部,忍者防具,head,792,alternate_source,21374,0x537E,head,False,4,180,20,3,0,0x00000000,30,20,1/0,strengthened,9,15,25,0,25,2.5,21820,low,7,49,49,16,,,computed-only,computed-only,0,0,24,0,18,0,0,,
21820,0x553C,平三之铠　面具,防具,头部,忍者防具,head,792,alternate_source,21374,0x537E,head,False,4,180,20,3,0,0x00000000,30,20,2/0,thickened,9,15,25,4,29,2.9,21820,low,0,49,49,16,,,computed-only,computed-only,0,0,17,0,11,0,0,,
21820,0x553C,平三之铠　面具,防具,头部,忍者防具,head,792,alternate_source,21374,0x537E,head,False,4,180,20,3,0,0x00000000,30,20,1/1,extreme_strengthened,9,15,25,0,25,2.5,21820,low,15,49,49,16,,,computed-only,computed-only,0,0,32,0,26,0,0,,
21820,0x553C,平三之铠　面具,防具,头部,忍者防具,head,792,alternate_source,21374,0x537E,head,False,4,180,20,3,0,0x00000000,30,20,2/2,extreme_thickened,9,15,25,9,34,3.4,21820,low,0,49,49,16,,,computed-only,computed-only,0,0,17,0,11,0,0,,
21820,0x553C,平三之铠　面具,防具,头部,忍者防具,head,792,alternate_source,21374,0x537E,head,False,4,180,20,3,0,0x00000000,30,20,1/2,strengthened_plus_thickened,9,15,25,4,29,2.9,21820,low,7,49,49,16,,,computed-only,computed-only,0,0,24,0,18,0,0,,
21860,0x5564,剑术无双之衣　肩衣,防具,身体,武士防具,chest,655,alternate_source,24343,0x5F17,chest,False,4,180,20,3,0,0x00000000,30,20,0/0,unmodified,9,15,32,0,32,3.2,21860,low,0,38,38,15,,,computed-only,computed-only,13,0,0,0,12,0,0,,
21860,0x5564,剑术无双之衣　肩衣,防具,身体,武士防具,chest,655,alternate_source,24343,0x5F17,chest,False,4,180,20,3,0,0x00000000,30,20,1/0,strengthened,9,15,32,0,32,3.2,21860,low,7,38,38,15,,,computed-only,computed-only,20,0,0,0,19,0,0,,
21860,0x5564,剑术无双之衣　肩衣,防具,身体,武士防具,chest,655,alternate_source,24343,0x5F17,chest,False,4,180,20,3,0,0x00000000,30,20,2/0,thickened,9,15,32,4,36,3.6,21860,low,0,38,38,15,,,computed-only,computed-only,13,0,0,0,12,0,0,,
21860,0x5564,剑术无双之衣　肩衣,防具,身体,武士防具,chest,655,alternate_source,24343,0x5F17,chest,False,4,180,20,3,0,0x00000000,30,20,1/1,extreme_strengthened,9,15,32,0,32,3.2,21860,low,15,38,38,15,,,computed-only,computed-only,28,0,0,0,27,0,0,,
21860,0x5564,剑术无双之衣　肩衣,防具,身体,武士防具,chest,655,alternate_source,24343,0x5F17,chest,False,4,180,20,3,0,0x00000000,30,20,2/2,extreme_thickened,9,15,32,9,41,4.1,21860,low,0,38,38,15,,,computed-only,computed-only,13,0,0,0,12,0,0,,
21860,0x5564,剑术无双之衣　肩衣,防具,身体,武士防具,chest,655,alternate_source,24343,0x5F17,chest,False,4,180,20,3,0,0x00000000,30,20,1/2,strengthened_plus_thickened,9,15,32,4,36,3.6,21860,low,7,38,38,15,,,computed-only,computed-only,20,0,0,0,19,0,0,,
21969,0x55D1,葵纹之铠　靴子,防具,足部,武士防具,feet,660,alternate_source,43752,0xAAE8,feet,False,4,180,20,3,0,0x00000000,30,20,0/0,unmodified,9,15,40,0,40,4.0,21969,low,0,31,31,16,,,computed-only,computed-only,14,0,0,19,0,0,0,,
21969,0x55D1,葵纹之铠　靴子,防具,足部,武士防具,feet,660,alternate_source,43752,0xAAE8,feet,False,4,180,20,3,0,0x00000000,30,20,1/0,strengthened,9,15,40,0,40,4.0,21969,low,7,31,31,16,,,computed-only,computed-only,21,0,0,26,0,0,0,,
21969,0x55D1,葵纹之铠　靴子,防具,足部,武士防具,feet,660,alternate_source,43752,0xAAE8,feet,False,4,180,20,3,0,0x00000000,30,20,2/0,thickened,9,15,40,4,44,4.4,21969,low,0,31,31,16,,,computed-only,computed-only,14,0,0,19,0,0,0,,
21969,0x55D1,葵纹之铠　靴子,防具,足部,武士防具,feet,660,alternate_source,43752,0xAAE8,feet,False,4,180,20,3,0,0x00000000,30,20,1/1,extreme_strengthened,9,15,40,0,40,4.0,21969,low,15,31,31,16,,,computed-only,computed-only,29,0,0,34,0,0,0,,
21969,0x55D1,葵纹之铠　靴子,防具,足部,武士防具,feet,660,alternate_source,43752,0xAAE8,feet,False,4,180,20,3,0,0x00000000,30,20,2/2,extreme_thickened,9,15,40,9,49,4.9,21969,low,0,31,31,16,,,computed-only,computed-only,14,0,0,19,0,0,0,,
21969,0x55D1,葵纹之铠　靴子,防具,足部,武士防具,feet,660,alternate_source,43752,0xAAE8,feet,False,4,180,20,3,0,0x00000000,30,20,1/2,strengthened_plus_thickened,9,15,40,4,44,4.4,21969,low,7,31,31,16,,,computed-only,computed-only,21,0,0,26,0,0,0,,
22146,0x5682,足轻中铠　腿甲,防具,足部,武士防具,feet,28,standalone,22146,0x5682,feet,False,4,180,20,3,0,0x00000000,30,20,0/0,unmodified,9,15,22,0,22,2.2,22146,low,0,19,19,16,,,computed-only,computed-only,6,0,0,5,0,0,0,,
22146,0x5682,足轻中铠　腿甲,防具,足部,武士防具,feet,28,standalone,22146,0x5682,feet,False,4,180,20,3,0,0x00000000,30,20,1/0,strengthened,9,15,22,0,22,2.2,22146,low,7,19,19,16,,,computed-only,computed-only,13,0,0,12,0,0,0,,
22146,0x5682,足轻中铠　腿甲,防具,足部,武士防具,feet,28,standalone,22146,0x5682,feet,False,4,180,20,3,0,0x00000000,30,20,2/0,thickened,9,15,22,4,26,2.6,22146,low,0,19,19,16,,,computed-only,computed-only,6,0,0,5,0,0,0,,
22146,0x5682,足轻中铠　腿甲,防具,足部,武士防具,feet,28,standalone,22146,0x5682,feet,False,4,180,20,3,0,0x00000000,30,20,1/1,extreme_strengthened,9,15,22,0,22,2.2,22146,low,15,19,19,16,,,computed-only,computed-only,21,0,0,20,0,0,0,,
22146,0x5682,足轻中铠　腿甲,防具,足部,武士防具,feet,28,standalone,22146,0x5682,feet,False,4,180,20,3,0,0x00000000,30,20,2/2,extreme_thickened,9,15,22,9,31,3.1,22146,low,0,19,19,16,,,computed-only,computed-only,6,0,0,5,0,0,0,,
22146,0x5682,足轻中铠　腿甲,防具,足部,武士防具,feet,28,standalone,22146,0x5682,feet,False,4,180,20,3,0,0x00000000,30,20,1/2,strengthened_plus_thickened,9,15,22,4,26,2.6,22146,low,7,19,19,16,,,computed-only,computed-only,13,0,0,12,0,0,0,,
22256,0x56F0,九郎判官之铠　臂甲,防具,手臂,武士防具,arms,640,alternate_source,58324,0xE3D4,arms,False,4,180,20,3,0,0x00000000,30,20,0/0,unmodified,9,15,34,0,34,3.4,22256,low,0,31,31,16,,,computed-only,computed-only,12,0,0,12,0,0,0,,
22256,0x56F0,九郎判官之铠　臂甲,防具,手臂,武士防具,arms,640,alternate_source,58324,0xE3D4,arms,False,4,180,20,3,0,0x00000000,30,20,1/0,strengthened,9,15,34,0,34,3.4,22256,low,7,31,31,16,,,computed-only,computed-only,19,0,0,19,0,0,0,,
22256,0x56F0,九郎判官之铠　臂甲,防具,手臂,武士防具,arms,640,alternate_source,58324,0xE3D4,arms,False,4,180,20,3,0,0x00000000,30,20,2/0,thickened,9,15,34,4,38,3.8,22256,low,0,31,31,16,,,computed-only,computed-only,12,0,0,12,0,0,0,,
22256,0x56F0,九郎判官之铠　臂甲,防具,手臂,武士防具,arms,640,alternate_source,58324,0xE3D4,arms,False,4,180,20,3,0,0x00000000,30,20,1/1,extreme_strengthened,9,15,34,0,34,3.4,22256,low,15,31,31,16,,,computed-only,computed-only,27,0,0,27,0,0,0,,
22256,0x56F0,九郎判官之铠　臂甲,防具,手臂,武士防具,arms,640,alternate_source,58324,0xE3D4,arms,False,4,180,20,3,0,0x00000000,30,20,2/2,extreme_thickened,9,15,34,9,43,4.3,22256,low,0,31,31,16,,,computed-only,computed-only,12,0,0,12,0,0,0,,
22256,0x56F0,九郎判官之铠　臂甲,防具,手臂,武士防具,arms,640,alternate_source,58324,0xE3D4,arms,False,4,180,20,3,0,0x00000000,30,20,1/2,strengthened_plus_thickened,9,15,34,4,38,3.8,22256,low,7,31,31,16,,,computed-only,computed-only,19,0,0,19,0,0,0,,
22613,0x5855,神官净衣　狩衣,防具,身体,忍者防具,chest,881,alternate_source,4728,0x1278,chest,False,4,180,20,3,0,0x00000000,30,20,0/0,unmodified,9,15,16,0,16,1.6,22613,low,0,36,36,15,,,computed-only,computed-only,10,0,0,0,9,0,0,,
22613,0x5855,神官净衣　狩衣,防具,身体,忍者防具,chest,881,alternate_source,4728,0x1278,chest,False,4,180,20,3,0,0x00000000,30,20,1/0,strengthened,9,15,16,0,16,1.6,22613,low,7,36,36,15,,,computed-only,computed-only,17,0,0,0,16,0,0,,
22613,0x5855,神官净衣　狩衣,防具,身体,忍者防具,chest,881,alternate_source,4728,0x1278,chest,False,4,180,20,3,0,0x00000000,30,20,2/0,thickened,9,15,16,4,20,2.0,22613,low,0,36,36,15,,,computed-only,computed-only,10,0,0,0,9,0,0,,
22613,0x5855,神官净衣　狩衣,防具,身体,忍者防具,chest,881,alternate_source,4728,0x1278,chest,False,4,180,20,3,0,0x00000000,30,20,1/1,extreme_strengthened,9,15,16,0,16,1.6,22613,low,15,36,36,15,,,computed-only,computed-only,25,0,0,0,24,0,0,,
22613,0x5855,神官净衣　狩衣,防具,身体,忍者防具,chest,881,alternate_source,4728,0x1278,chest,False,4,180,20,3,0,0x00000000,30,20,2/2,extreme_thickened,9,15,16,9,25,2.5,22613,low,0,36,36,15,,,computed-only,computed-only,10,0,0,0,9,0,0,,
22613,0x5855,神官净衣　狩衣,防具,身体,忍者防具,chest,881,alternate_source,4728,0x1278,chest,False,4,180,20,3,0,0x00000000,30,20,1/2,strengthened_plus_thickened,9,15,16,4,20,2.0,22613,low,7,36,36,15,,,computed-only,computed-only,17,0,0,0,16,0,0,,
22732,0x58CC,九郎判官之铠　腿甲,防具,足部,武士防具,feet,643,alternate_source,26227,0x6673,feet,False,4,180,20,3,0,0x00000000,30,20,0/0,unmodified,9,15,34,0,34,3.4,22732,low,0,31,31,16,,,computed-only,computed-only,12,0,0,12,0,0,0,,
22732,0x58CC,九郎判官之铠　腿甲,防具,足部,武士防具,feet,643,alternate_source,26227,0x6673,feet,False,4,180,20,3,0,0x00000000,30,20,1/0,strengthened,9,15,34,0,34,3.4,22732,low,7,31,31,16,,,computed-only,computed-only,19,0,0,19,0,0,0,,
22732,0x58CC,九郎判官之铠　腿甲,防具,足部,武士防具,feet,643,alternate_source,26227,0x6673,feet,False,4,180,20,3,0,0x00000000,30,20,2/0,thickened,9,15,34,4,38,3.8,22732,low,0,31,31,16,,,computed-only,computed-only,12,0,0,12,0,0,0,,
22732,0x58CC,九郎判官之铠　腿甲,防具,足部,武士防具,feet,643,alternate_source,26227,0x6673,feet,False,4,180,20,3,0,0x00000000,30,20,1/1,extreme_strengthened,9,15,34,0,34,3.4,22732,low,15,31,31,16,,,computed-only,computed-only,27,0,0,27,0,0,0,,
22732,0x58CC,九郎判官之铠　腿甲,防具,足部,武士防具,feet,643,alternate_source,26227,0x6673,feet,False,4,180,20,3,0,0x00000000,30,20,2/2,extreme_thickened,9,15,34,9,43,4.3,22732,low,0,31,31,16,,,computed-only,computed-only,12,0,0,12,0,0,0,,
22732,0x58CC,九郎判官之铠　腿甲,防具,足部,武士防具,feet,643,alternate_source,26227,0x6673,feet,False,4,180,20,3,0,0x00000000,30,20,1/2,strengthened_plus_thickened,9,15,34,4,38,3.8,22732,low,7,31,31,16,,,computed-only,computed-only,19,0,0,19,0,0,0,,
22790,0x5906,不请自来者之铠　胸甲,防具,身体,武士防具,chest,866,alternate_source,49295,0xC08F,chest,False,4,180,20,3,0,0x00000000,30,20,0/0,unmodified,9,15,30,0,30,3.0,22790,low,0,38,38,15,,,computed-only,computed-only,5,0,0,0,6,0,0,,
22790,0x5906,不请自来者之铠　胸甲,防具,身体,武士防具,chest,866,alternate_source,49295,0xC08F,chest,False,4,180,20,3,0,0x00000000,30,20,1/0,strengthened,9,15,30,0,30,3.0,22790,low,7,38,38,15,,,computed-only,computed-only,12,0,0,0,13,0,0,,
22790,0x5906,不请自来者之铠　胸甲,防具,身体,武士防具,chest,866,alternate_source,49295,0xC08F,chest,False,4,180,20,3,0,0x00000000,30,20,2/0,thickened,9,15,30,4,34,3.4,22790,low,0,38,38,15,,,computed-only,computed-only,5,0,0,0,6,0,0,,
22790,0x5906,不请自来者之铠　胸甲,防具,身体,武士防具,chest,866,alternate_source,49295,0xC08F,chest,False,4,180,20,3,0,0x00000000,30,20,1/1,extreme_strengthened,9,15,30,0,30,3.0,22790,low,15,38,38,15,,,computed-only,computed-only,20,0,0,0,21,0,0,,
22790,0x5906,不请自来者之铠　胸甲,防具,身体,武士防具,chest,866,alternate_source,49295,0xC08F,chest,False,4,180,20,3,0,0x00000000,30,20,2/2,extreme_thickened,9,15,30,9,39,3.9,22790,low,0,38,38,15,,,computed-only,computed-only,5,0,0,0,6,0,0,,
22790,0x5906,不请自来者之铠　胸甲,防具,身体,武士防具,chest,866,alternate_source,49295,0xC08F,chest,False,4,180,20,3,0,0x00000000,30,20,1/2,strengthened_plus_thickened,9,15,30,4,34,3.4,22790,low,7,38,38,15,,,computed-only,computed-only,12,0,0,0,13,0,0,,
22859,0x594B,道服上衣,防具,身体,武士防具,chest,861,standalone,22859,0x594B,chest,False,4,180,20,3,0,0x00000000,30,20,0/0,unmodified,9,15,30,0,30,3.0,22859,low,0,18,18,15,,,computed-only,computed-only,5,0,0,0,5,0,0,,
22859,0x594B,道服上衣,防具,身体,武士防具,chest,861,standalone,22859,0x594B,chest,False,4,180,20,3,0,0x00000000,30,20,1/0,strengthened,9,15,30,0,30,3.0,22859,low,7,18,18,15,,,computed-only,computed-only,12,0,0,0,12,0,0,,
22859,0x594B,道服上衣,防具,身体,武士防具,chest,861,standalone,22859,0x594B,chest,False,4,180,20,3,0,0x00000000,30,20,2/0,thickened,9,15,30,4,34,3.4,22859,low,0,18,18,15,,,computed-only,computed-only,5,0,0,0,5,0,0,,
22859,0x594B,道服上衣,防具,身体,武士防具,chest,861,standalone,22859,0x594B,chest,False,4,180,20,3,0,0x00000000,30,20,1/1,extreme_strengthened,9,15,30,0,30,3.0,22859,low,15,18,18,15,,,computed-only,computed-only,20,0,0,0,20,0,0,,
22859,0x594B,道服上衣,防具,身体,武士防具,chest,861,standalone,22859,0x594B,chest,False,4,180,20,3,0,0x00000000,30,20,2/2,extreme_thickened,9,15,30,9,39,3.9,22859,low,0,18,18,15,,,computed-only,computed-only,5,0,0,0,5,0,0,,
22859,0x594B,道服上衣,防具,身体,武士防具,chest,861,standalone,22859,0x594B,chest,False,4,180,20,3,0,0x00000000,30,20,1/2,strengthened_plus_thickened,9,15,30,4,34,3.4,22859,low,7,18,18,15,,,computed-only,computed-only,12,0,0,0,12,0,0,,
23175,0x5A87,御一门众之铠　胸甲,防具,身体,武士防具,chest,707,alternate_source,9240,0x2418,chest,False,4,180,20,3,0,0x00000000,30,20,0/0,unmodified,9,15,96,0,96,9.6,23175,low,0,100,100,17,,,computed-only,computed-only,0,0,7,6,0,0,0,,
23175,0x5A87,御一门众之铠　胸甲,防具,身体,武士防具,chest,707,alternate_source,9240,0x2418,chest,False,4,180,20,3,0,0x00000000,30,20,1/0,strengthened,9,15,96,0,96,9.6,23175,low,7,100,100,17,,,computed-only,computed-only,0,0,14,13,0,0,0,,
23175,0x5A87,御一门众之铠　胸甲,防具,身体,武士防具,chest,707,alternate_source,9240,0x2418,chest,False,4,180,20,3,0,0x00000000,30,20,2/0,thickened,9,15,96,4,100,10.0,23175,low,0,100,100,17,,,computed-only,computed-only,0,0,7,6,0,0,0,,
23175,0x5A87,御一门众之铠　胸甲,防具,身体,武士防具,chest,707,alternate_source,9240,0x2418,chest,False,4,180,20,3,0,0x00000000,30,20,1/1,extreme_strengthened,9,15,96,0,96,9.6,23175,low,15,100,100,17,,,computed-only,computed-only,0,0,22,21,0,0,0,,
23175,0x5A87,御一门众之铠　胸甲,防具,身体,武士防具,chest,707,alternate_source,9240,0x2418,chest,False,4,180,20,3,0,0x00000000,30,20,2/2,extreme_thickened,9,15,96,9,105,10.5,23175,low,0,100,100,17,,,computed-only,computed-only,0,0,7,6,0,0,0,,
23175,0x5A87,御一门众之铠　胸甲,防具,身体,武士防具,chest,707,alternate_source,9240,0x2418,chest,False,4,180,20,3,0,0x00000000,30,20,1/2,strengthened_plus_thickened,9,15,96,4,100,10.0,23175,low,7,100,100,17,,,computed-only,computed-only,0,0,14,13,0,0,0,,
23201,0x5AA1,万雷忍者装束　臂甲,防具,手臂,忍者防具,arms,852,alternate_source,13877,0x3635,arms,False,4,180,20,3,0,0x00000000,30,20,0/0,unmodified,9,15,16,0,16,1.6,23201,low,0,28,28,16,,,computed-only,computed-only,0,0,5,0,5,0,0,,
23201,0x5AA1,万雷忍者装束　臂甲,防具,手臂,忍者防具,arms,852,alternate_source,13877,0x3635,arms,False,4,180,20,3,0,0x00000000,30,20,1/0,strengthened,9,15,16,0,16,1.6,23201,low,7,28,28,16,,,computed-only,computed-only,0,0,12,0,12,0,0,,
23201,0x5AA1,万雷忍者装束　臂甲,防具,手臂,忍者防具,arms,852,alternate_source,13877,0x3635,arms,False,4,180,20,3,0,0x00000000,30,20,2/0,thickened,9,15,16,4,20,2.0,23201,low,0,28,28,16,,,computed-only,computed-only,0,0,5,0,5,0,0,,
23201,0x5AA1,万雷忍者装束　臂甲,防具,手臂,忍者防具,arms,852,alternate_source,13877,0x3635,arms,False,4,180,20,3,0,0x00000000,30,20,1/1,extreme_strengthened,9,15,16,0,16,1.6,23201,low,15,28,28,16,,,computed-only,computed-only,0,0,20,0,20,0,0,,
23201,0x5AA1,万雷忍者装束　臂甲,防具,手臂,忍者防具,arms,852,alternate_source,13877,0x3635,arms,False,4,180,20,3,0,0x00000000,30,20,2/2,extreme_thickened,9,15,16,9,25,2.5,23201,low,0,28,28,16,,,computed-only,computed-only,0,0,5,0,5,0,0,,
23201,0x5AA1,万雷忍者装束　臂甲,防具,手臂,忍者防具,arms,852,alternate_source,13877,0x3635,arms,False,4,180,20,3,0,0x00000000,30,20,1/2,strengthened_plus_thickened,9,15,16,4,20,2.0,23201,low,7,28,28,16,,,computed-only,computed-only,0,0,12,0,12,0,0,,
23249,0x5AD1,退魔师战甲　臂甲,防具,手臂,忍者防具,arms,1021,alternate_source,45378,0xB142,arms,False,4,180,20,3,0,0x00000000,30,20,0/0,unmodified,9,15,24,0,24,2.4,23249,low,0,49,49,16,,,computed-only,computed-only,0,0,10,0,9,0,0,,
23249,0x5AD1,退魔师战甲　臂甲,防具,手臂,忍者防具,arms,1021,alternate_source,45378,0xB142,arms,False,4,180,20,3,0,0x00000000,30,20,1/0,strengthened,9,15,24,0,24,2.4,23249,low,7,49,49,16,,,computed-only,computed-only,0,0,17,0,16,0,0,,
23249,0x5AD1,退魔师战甲　臂甲,防具,手臂,忍者防具,arms,1021,alternate_source,45378,0xB142,arms,False,4,180,20,3,0,0x00000000,30,20,2/0,thickened,9,15,24,4,28,2.8,23249,low,0,49,49,16,,,computed-only,computed-only,0,0,10,0,9,0,0,,
23249,0x5AD1,退魔师战甲　臂甲,防具,手臂,忍者防具,arms,1021,alternate_source,45378,0xB142,arms,False,4,180,20,3,0,0x00000000,30,20,1/1,extreme_strengthened,9,15,24,0,24,2.4,23249,low,15,49,49,16,,,computed-only,computed-only,0,0,25,0,24,0,0,,
23249,0x5AD1,退魔师战甲　臂甲,防具,手臂,忍者防具,arms,1021,alternate_source,45378,0xB142,arms,False,4,180,20,3,0,0x00000000,30,20,2/2,extreme_thickened,9,15,24,9,33,3.3,23249,low,0,49,49,16,,,computed-only,computed-only,0,0,10,0,9,0,0,,
23249,0x5AD1,退魔师战甲　臂甲,防具,手臂,忍者防具,arms,1021,alternate_source,45378,0xB142,arms,False,4,180,20,3,0,0x00000000,30,20,1/2,strengthened_plus_thickened,9,15,24,4,28,2.8,23249,low,7,49,49,16,,,computed-only,computed-only,0,0,17,0,16,0,0,,
23255,0x5AD7,叛军浪士之铠　臂甲,防具,手臂,武士防具,arms,1224,alternate_source,6486,0x1956,arms,False,4,180,20,3,0,0x00000000,30,20,0/0,unmodified,9,15,33,0,33,3.3,23255,low,0,31,31,16,,,computed-only,computed-only,21,0,0,21,0,0,0,,
23255,0x5AD7,叛军浪士之铠　臂甲,防具,手臂,武士防具,arms,1224,alternate_source,6486,0x1956,arms,False,4,180,20,3,0,0x00000000,30,20,1/0,strengthened,9,15,33,0,33,3.3,23255,low,7,31,31,16,,,computed-only,computed-only,28,0,0,28,0,0,0,,
23255,0x5AD7,叛军浪士之铠　臂甲,防具,手臂,武士防具,arms,1224,alternate_source,6486,0x1956,arms,False,4,180,20,3,0,0x00000000,30,20,2/0,thickened,9,15,33,4,37,3.7,23255,low,0,31,31,16,,,computed-only,computed-only,21,0,0,21,0,0,0,,
23255,0x5AD7,叛军浪士之铠　臂甲,防具,手臂,武士防具,arms,1224,alternate_source,6486,0x1956,arms,False,4,180,20,3,0,0x00000000,30,20,1/1,extreme_strengthened,9,15,33,0,33,3.3,23255,low,15,31,31,16,,,computed-only,computed-only,36,0,0,36,0,0,0,,
23255,0x5AD7,叛军浪士之铠　臂甲,防具,手臂,武士防具,arms,1224,alternate_source,6486,0x1956,arms,False,4,180,20,3,0,0x00000000,30,20,2/2,extreme_thickened,9,15,33,9,42,4.2,23255,low,0,31,31,16,,,computed-only,computed-only,21,0,0,21,0,0,0,,
23255,0x5AD7,叛军浪士之铠　臂甲,防具,手臂,武士防具,arms,1224,alternate_source,6486,0x1956,arms,False,4,180,20,3,0,0x00000000,30,20,1/2,strengthened_plus_thickened,9,15,33,4,37,3.7,23255,low,7,31,31,16,,,computed-only,computed-only,28,0,0,28,0,0,0,,
23469,0x5BAD,弁庆梦想装束　头巾,防具,头部,忍者防具,head,1253,alternate_source,36746,0x8F8A,head,False,4,180,20,3,0,0x00000000,30,20,0/0,unmodified,9,15,17,0,17,1.7,23469,low,0,28,28,16,,,computed-only,computed-only,0,0,0,23,22,0,0,,
23469,0x5BAD,弁庆梦想装束　头巾,防具,头部,忍者防具,head,1253,alternate_source,36746,0x8F8A,head,False,4,180,20,3,0,0x00000000,30,20,1/0,strengthened,9,15,17,0,17,1.7,23469,low,7,28,28,16,,,computed-only,computed-only,0,0,0,30,29,0,0,,
23469,0x5BAD,弁庆梦想装束　头巾,防具,头部,忍者防具,head,1253,alternate_source,36746,0x8F8A,head,False,4,180,20,3,0,0x00000000,30,20,2/0,thickened,9,15,17,4,21,2.1,23469,low,0,28,28,16,,,computed-only,computed-only,0,0,0,23,22,0,0,,
23469,0x5BAD,弁庆梦想装束　头巾,防具,头部,忍者防具,head,1253,alternate_source,36746,0x8F8A,head,False,4,180,20,3,0,0x00000000,30,20,1/1,extreme_strengthened,9,15,17,0,17,1.7,23469,low,15,28,28,16,,,computed-only,computed-only,0,0,0,38,37,0,0,,
23469,0x5BAD,弁庆梦想装束　头巾,防具,头部,忍者防具,head,1253,alternate_source,36746,0x8F8A,head,False,4,180,20,3,0,0x00000000,30,20,2/2,extreme_thickened,9,15,17,9,26,2.6,23469,low,0,28,28,16,,,computed-only,computed-only,0,0,0,23,22,0,0,,
23469,0x5BAD,弁庆梦想装束　头巾,防具,头部,忍者防具,head,1253,alternate_source,36746,0x8F8A,head,False,4,180,20,3,0,0x00000000,30,20,1/2,strengthened_plus_thickened,9,15,17,4,21,2.1,23469,low,7,28,28,16,,,computed-only,computed-only,0,0,0,30,29,0,0,,
23478,0x5BB6,叛军浪士之铠　胸甲,防具,身体,武士防具,chest,1223,alternate_source,13303,0x33F7,chest,False,4,180,20,3,0,0x00000000,30,20,0/0,unmodified,9,15,66,0,66,6.6,23478,low,0,62,62,16,,,computed-only,computed-only,21,0,0,21,0,0,0,,
23478,0x5BB6,叛军浪士之铠　胸甲,防具,身体,武士防具,chest,1223,alternate_source,13303,0x33F7,chest,False,4,180,20,3,0,0x00000000,30,20,1/0,strengthened,9,15,66,0,66,6.6,23478,low,7,62,62,16,,,computed-only,computed-only,28,0,0,28,0,0,0,,
23478,0x5BB6,叛军浪士之铠　胸甲,防具,身体,武士防具,chest,1223,alternate_source,13303,0x33F7,chest,False,4,180,20,3,0,0x00000000,30,20,2/0,thickened,9,15,66,4,70,7.0,23478,low,0,62,62,16,,,computed-only,computed-only,21,0,0,21,0,0,0,,
23478,0x5BB6,叛军浪士之铠　胸甲,防具,身体,武士防具,chest,1223,alternate_source,13303,0x33F7,chest,False,4,180,20,3,0,0x00000000,30,20,1/1,extreme_strengthened,9,15,66,0,66,6.6,23478,low,15,62,62,16,,,computed-only,computed-only,36,0,0,36,0,0,0,,
23478,0x5BB6,叛军浪士之铠　胸甲,防具,身体,武士防具,chest,1223,alternate_source,13303,0x33F7,chest,False,4,180,20,3,0,0x00000000,30,20,2/2,extreme_thickened,9,15,66,9,75,7.5,23478,low,0,62,62,16,,,computed-only,computed-only,21,0,0,21,0,0,0,,
23478,0x5BB6,叛军浪士之铠　胸甲,防具,身体,武士防具,chest,1223,alternate_source,13303,0x33F7,chest,False,4,180,20,3,0,0x00000000,30,20,1/2,strengthened_plus_thickened,9,15,66,4,70,7.0,23478,low,7,62,62,16,,,computed-only,computed-only,28,0,0,28,0,0,0,,
23795,0x5CF3,炎狱武者之铠　腿甲,防具,足部,武士防具,feet,829,alternate_source,26227,0x6673,feet,False,4,180,20,3,0,0x00000000,30,20,0/0,unmodified,9,15,34,0,34,3.4,23795,low,0,31,31,16,,,computed-only,computed-only,5,0,0,5,0,0,0,,
23795,0x5CF3,炎狱武者之铠　腿甲,防具,足部,武士防具,feet,829,alternate_source,26227,0x6673,feet,False,4,180,20,3,0,0x00000000,30,20,1/0,strengthened,9,15,34,0,34,3.4,23795,low,7,31,31,16,,,computed-only,computed-only,12,0,0,12,0,0,0,,
23795,0x5CF3,炎狱武者之铠　腿甲,防具,足部,武士防具,feet,829,alternate_source,26227,0x6673,feet,False,4,180,20,3,0,0x00000000,30,20,2/0,thickened,9,15,34,4,38,3.8,23795,low,0,31,31,16,,,computed-only,computed-only,5,0,0,5,0,0,0,,
23795,0x5CF3,炎狱武者之铠　腿甲,防具,足部,武士防具,feet,829,alternate_source,26227,0x6673,feet,False,4,180,20,3,0,0x00000000,30,20,1/1,extreme_strengthened,9,15,34,0,34,3.4,23795,low,15,31,31,16,,,computed-only,computed-only,20,0,0,20,0,0,0,,
23795,0x5CF3,炎狱武者之铠　腿甲,防具,足部,武士防具,feet,829,alternate_source,26227,0x6673,feet,False,4,180,20,3,0,0x00000000,30,20,2/2,extreme_thickened,9,15,34,9,43,4.3,23795,low,0,31,31,16,,,computed-only,computed-only,5,0,0,5,0,0,0,,
23795,0x5CF3,炎狱武者之铠　腿甲,防具,足部,武士防具,feet,829,alternate_source,26227,0x6673,feet,False,4,180,20,3,0,0x00000000,30,20,1/2,strengthened_plus_thickened,9,15,34,4,38,3.8,23795,low,7,31,31,16,,,computed-only,computed-only,12,0,0,12,0,0,0,,
23949,0x5D8D,大目付忍装束　膝甲,防具,腿部,忍者防具,legs,1251,alternate_source,5030,0x13A6,legs,False,4,180,20,3,0,0x00000000,30,20,0/0,unmodified,9,15,12,0,12,1.2,23949,low,0,27,27,15,,,computed-only,computed-only,22,0,0,22,0,0,0,,
23949,0x5D8D,大目付忍装束　膝甲,防具,腿部,忍者防具,legs,1251,alternate_source,5030,0x13A6,legs,False,4,180,20,3,0,0x00000000,30,20,1/0,strengthened,9,15,12,0,12,1.2,23949,low,7,27,27,15,,,computed-only,computed-only,29,0,0,29,0,0,0,,
23949,0x5D8D,大目付忍装束　膝甲,防具,腿部,忍者防具,legs,1251,alternate_source,5030,0x13A6,legs,False,4,180,20,3,0,0x00000000,30,20,2/0,thickened,9,15,12,4,16,1.6,23949,low,0,27,27,15,,,computed-only,computed-only,22,0,0,22,0,0,0,,
23949,0x5D8D,大目付忍装束　膝甲,防具,腿部,忍者防具,legs,1251,alternate_source,5030,0x13A6,legs,False,4,180,20,3,0,0x00000000,30,20,1/1,extreme_strengthened,9,15,12,0,12,1.2,23949,low,15,27,27,15,,,computed-only,computed-only,37,0,0,37,0,0,0,,
23949,0x5D8D,大目付忍装束　膝甲,防具,腿部,忍者防具,legs,1251,alternate_source,5030,0x13A6,legs,False,4,180,20,3,0,0x00000000,30,20,2/2,extreme_thickened,9,15,12,9,21,2.1,23949,low,0,27,27,15,,,computed-only,computed-only,22,0,0,22,0,0,0,,
23949,0x5D8D,大目付忍装束　膝甲,防具,腿部,忍者防具,legs,1251,alternate_source,5030,0x13A6,legs,False,4,180,20,3,0,0x00000000,30,20,1/2,strengthened_plus_thickened,9,15,12,4,16,1.6,23949,low,7,27,27,15,,,computed-only,computed-only,29,0,0,29,0,0,0,,
24074,0x5E0A,崇佛诚心之铠　臂甲,防具,手臂,武士防具,arms,1201,alternate_source,57803,0xE1CB,arms,False,4,180,20,3,0,0x00000000,30,20,0/0,unmodified,9,15,55,0,55,5.5,24074,low,0,50,50,17,,,computed-only,computed-only,0,0,18,17,0,0,0,,
24074,0x5E0A,崇佛诚心之铠　臂甲,防具,手臂,武士防具,arms,1201,alternate_source,57803,0xE1CB,arms,False,4,180,20,3,0,0x00000000,30,20,1/0,strengthened,9,15,55,0,55,5.5,24074,low,7,50,50,17,,,computed-only,computed-only,0,0,25,24,0,0,0,,
24074,0x5E0A,崇佛诚心之铠　臂甲,防具,手臂,武士防具,arms,1201,alternate_source,57803,0xE1CB,arms,False,4,180,20,3,0,0x00000000,30,20,2/0,thickened,9,15,55,4,59,5.9,24074,low,0,50,50,17,,,computed-only,computed-only,0,0,18,17,0,0,0,,
24074,0x5E0A,崇佛诚心之铠　臂甲,防具,手臂,武士防具,arms,1201,alternate_source,57803,0xE1CB,arms,False,4,180,20,3,0,0x00000000,30,20,1/1,extreme_strengthened,9,15,55,0,55,5.5,24074,low,15,50,50,17,,,computed-only,computed-only,0,0,33,32,0,0,0,,
24074,0x5E0A,崇佛诚心之铠　臂甲,防具,手臂,武士防具,arms,1201,alternate_source,57803,0xE1CB,arms,False,4,180,20,3,0,0x00000000,30,20,2/2,extreme_thickened,9,15,55,9,64,6.4,24074,low,0,50,50,17,,,computed-only,computed-only,0,0,18,17,0,0,0,,
24074,0x5E0A,崇佛诚心之铠　臂甲,防具,手臂,武士防具,arms,1201,alternate_source,57803,0xE1CB,arms,False,4,180,20,3,0,0x00000000,30,20,1/2,strengthened_plus_thickened,9,15,55,4,59,5.9,24074,low,7,50,50,17,,,computed-only,computed-only,0,0,25,24,0,0,0,,
24194,0x5E82,,防具,,忍者防具,feet,999,standalone,24194,0x5E82,feet,False,4,180,20,3,0,0x00000000,30,20,0/0,unmodified,9,15,14,0,14,1.4,24194,low,0,18,18,15,,,computed-only,computed-only,0,0,0,0,12,0,0,,
24194,0x5E82,,防具,,忍者防具,feet,999,standalone,24194,0x5E82,feet,False,4,180,20,3,0,0x00000000,30,20,1/0,strengthened,9,15,14,0,14,1.4,24194,low,7,18,18,15,,,computed-only,computed-only,0,0,0,0,19,0,0,,
24194,0x5E82,,防具,,忍者防具,feet,999,standalone,24194,0x5E82,feet,False,4,180,20,3,0,0x00000000,30,20,2/0,thickened,9,15,14,4,18,1.8,24194,low,0,18,18,15,,,computed-only,computed-only,0,0,0,0,12,0,0,,
24194,0x5E82,,防具,,忍者防具,feet,999,standalone,24194,0x5E82,feet,False,4,180,20,3,0,0x00000000,30,20,1/1,extreme_strengthened,9,15,14,0,14,1.4,24194,low,15,18,18,15,,,computed-only,computed-only,0,0,0,0,27,0,0,,
24194,0x5E82,,防具,,忍者防具,feet,999,standalone,24194,0x5E82,feet,False,4,180,20,3,0,0x00000000,30,20,2/2,extreme_thickened,9,15,14,9,23,2.3,24194,low,0,18,18,15,,,computed-only,computed-only,0,0,0,0,12,0,0,,
24194,0x5E82,,防具,,忍者防具,feet,999,standalone,24194,0x5E82,feet,False,4,180,20,3,0,0x00000000,30,20,1/2,strengthened_plus_thickened,9,15,14,4,18,1.8,24194,low,7,18,18,15,,,computed-only,computed-only,0,0,0,0,19,0,0,,
24211,0x5E93,一玄居士之衣　袖套,防具,手臂,武士防具,arms,1234,alternate_source,58324,0xE3D4,arms,False,4,180,20,3,0,0x00000000,30,20,0/0,unmodified,9,15,34,0,34,3.4,24211,low,0,31,31,16,,,computed-only,computed-only,22,0,0,0,23,0,0,,
24211,0x5E93,一玄居士之衣　袖套,防具,手臂,武士防具,arms,1234,alternate_source,58324,0xE3D4,arms,False,4,180,20,3,0,0x00000000,30,20,1/0,strengthened,9,15,34,0,34,3.4,24211,low,7,31,31,16,,,computed-only,computed-only,29,0,0,0,30,0,0,,
24211,0x5E93,一玄居士之衣　袖套,防具,手臂,武士防具,arms,1234,alternate_source,58324,0xE3D4,arms,False,4,180,20,3,0,0x00000000,30,20,2/0,thickened,9,15,34,4,38,3.8,24211,low,0,31,31,16,,,computed-only,computed-only,22,0,0,0,23,0,0,,
24211,0x5E93,一玄居士之衣　袖套,防具,手臂,武士防具,arms,1234,alternate_source,58324,0xE3D4,arms,False,4,180,20,3,0,0x00000000,30,20,1/1,extreme_strengthened,9,15,34,0,34,3.4,24211,low,15,31,31,16,,,computed-only,computed-only,37,0,0,0,38,0,0,,
24211,0x5E93,一玄居士之衣　袖套,防具,手臂,武士防具,arms,1234,alternate_source,58324,0xE3D4,arms,False,4,180,20,3,0,0x00000000,30,20,2/2,extreme_thickened,9,15,34,9,43,4.3,24211,low,0,31,31,16,,,computed-only,computed-only,22,0,0,0,23,0,0,,
24211,0x5E93,一玄居士之衣　袖套,防具,手臂,武士防具,arms,1234,alternate_source,58324,0xE3D4,arms,False,4,180,20,3,0,0x00000000,30,20,1/2,strengthened_plus_thickened,9,15,34,4,38,3.8,24211,low,7,31,31,16,,,computed-only,computed-only,29,0,0,0,30,0,0,,
24267,0x5ECB,,防具,,忍者防具,head,995,standalone,24267,0x5ECB,head,False,4,180,20,3,0,0x00000000,30,20,0/0,unmodified,9,15,14,0,14,1.4,24267,low,0,18,18,15,,,computed-only,computed-only,0,0,0,0,12,0,0,,
24267,0x5ECB,,防具,,忍者防具,head,995,standalone,24267,0x5ECB,head,False,4,180,20,3,0,0x00000000,30,20,1/0,strengthened,9,15,14,0,14,1.4,24267,low,7,18,18,15,,,computed-only,computed-only,0,0,0,0,19,0,0,,
24267,0x5ECB,,防具,,忍者防具,head,995,standalone,24267,0x5ECB,head,False,4,180,20,3,0,0x00000000,30,20,2/0,thickened,9,15,14,4,18,1.8,24267,low,0,18,18,15,,,computed-only,computed-only,0,0,0,0,12,0,0,,
24267,0x5ECB,,防具,,忍者防具,head,995,standalone,24267,0x5ECB,head,False,4,180,20,3,0,0x00000000,30,20,1/1,extreme_strengthened,9,15,14,0,14,1.4,24267,low,15,18,18,15,,,computed-only,computed-only,0,0,0,0,27,0,0,,
24267,0x5ECB,,防具,,忍者防具,head,995,standalone,24267,0x5ECB,head,False,4,180,20,3,0,0x00000000,30,20,2/2,extreme_thickened,9,15,14,9,23,2.3,24267,low,0,18,18,15,,,computed-only,computed-only,0,0,0,0,12,0,0,,
24267,0x5ECB,,防具,,忍者防具,head,995,standalone,24267,0x5ECB,head,False,4,180,20,3,0,0x00000000,30,20,1/2,strengthened_plus_thickened,9,15,14,4,18,1.8,24267,low,7,18,18,15,,,computed-only,computed-only,0,0,0,0,19,0,0,,
24309,0x5EF5,万两义贼之铠　面具,防具,头部,忍者防具,head,725,alternate_source,40967,0xA007,head,False,4,180,20,3,0,0x00000000,30,20,0/0,unmodified,9,15,26,0,26,2.6,24309,low,0,49,49,16,,,computed-only,computed-only,0,0,21,0,15,0,0,,
24309,0x5EF5,万两义贼之铠　面具,防具,头部,忍者防具,head,725,alternate_source,40967,0xA007,head,False,4,180,20,3,0,0x00000000,30,20,1/0,strengthened,9,15,26,0,26,2.6,24309,low,7,49,49,16,,,computed-only,computed-only,0,0,28,0,22,0,0,,
24309,0x5EF5,万两义贼之铠　面具,防具,头部,忍者防具,head,725,alternate_source,40967,0xA007,head,False,4,180,20,3,0,0x00000000,30,20,2/0,thickened,9,15,26,4,30,3.0,24309,low,0,49,49,16,,,computed-only,computed-only,0,0,21,0,15,0,0,,
24309,0x5EF5,万两义贼之铠　面具,防具,头部,忍者防具,head,725,alternate_source,40967,0xA007,head,False,4,180,20,3,0,0x00000000,30,20,1/1,extreme_strengthened,9,15,26,0,26,2.6,24309,low,15,49,49,16,,,computed-only,computed-only,0,0,36,0,30,0,0,,
24309,0x5EF5,万两义贼之铠　面具,防具,头部,忍者防具,head,725,alternate_source,40967,0xA007,head,False,4,180,20,3,0,0x00000000,30,20,2/2,extreme_thickened,9,15,26,9,35,3.5,24309,low,0,49,49,16,,,computed-only,computed-only,0,0,21,0,15,0,0,,
24309,0x5EF5,万两义贼之铠　面具,防具,头部,忍者防具,head,725,alternate_source,40967,0xA007,head,False,4,180,20,3,0,0x00000000,30,20,1/2,strengthened_plus_thickened,9,15,26,4,30,3.0,24309,low,7,49,49,16,,,computed-only,computed-only,0,0,28,0,22,0,0,,
24462,0x5F8E,白狐面,防具,头部,忍者防具,head,1351,alternate_source,35931,0x8C5B,head,False,4,180,20,3,0,0x00000000,30,20,0/0,unmodified,9,15,7,0,7,0.7,24462,low,0,18,18,15,,,computed-only,computed-only,13,0,0,0,13,0,0,,
24462,0x5F8E,白狐面,防具,头部,忍者防具,head,1351,alternate_source,35931,0x8C5B,head,False,4,180,20,3,0,0x00000000,30,20,1/0,strengthened,9,15,7,0,7,0.7,24462,low,7,18,18,15,,,computed-only,computed-only,20,0,0,0,20,0,0,,
24462,0x5F8E,白狐面,防具,头部,忍者防具,head,1351,alternate_source,35931,0x8C5B,head,False,4,180,20,3,0,0x00000000,30,20,2/0,thickened,9,15,7,4,11,1.1,24462,low,0,18,18,15,,,computed-only,computed-only,13,0,0,0,13,0,0,,
24462,0x5F8E,白狐面,防具,头部,忍者防具,head,1351,alternate_source,35931,0x8C5B,head,False,4,180,20,3,0,0x00000000,30,20,1/1,extreme_strengthened,9,15,7,0,7,0.7,24462,low,15,18,18,15,,,computed-only,computed-only,28,0,0,0,28,0,0,,
24462,0x5F8E,白狐面,防具,头部,忍者防具,head,1351,alternate_source,35931,0x8C5B,head,False,4,180,20,3,0,0x00000000,30,20,2/2,extreme_thickened,9,15,7,9,16,1.6,24462,low,0,18,18,15,,,computed-only,computed-only,13,0,0,0,13,0,0,,
24462,0x5F8E,白狐面,防具,头部,忍者防具,head,1351,alternate_source,35931,0x8C5B,head,False,4,180,20,3,0,0x00000000,30,20,1/2,strengthened_plus_thickened,9,15,7,4,11,1.1,24462,low,7,18,18,15,,,computed-only,computed-only,20,0,0,0,20,0,0,,
24470,0x5F96,,防具,,忍者防具,feet,984,standalone,24470,0x5F96,feet,False,4,180,20,3,0,0x00000000,30,20,0/0,unmodified,9,15,11,0,11,1.1,24470,low,0,18,18,15,,,computed-only,computed-only,0,0,0,0,12,0,0,,
24470,0x5F96,,防具,,忍者防具,feet,984,standalone,24470,0x5F96,feet,False,4,180,20,3,0,0x00000000,30,20,1/0,strengthened,9,15,11,0,11,1.1,24470,low,7,18,18,15,,,computed-only,computed-only,0,0,0,0,19,0,0,,
24470,0x5F96,,防具,,忍者防具,feet,984,standalone,24470,0x5F96,feet,False,4,180,20,3,0,0x00000000,30,20,2/0,thickened,9,15,11,4,15,1.5,24470,low,0,18,18,15,,,computed-only,computed-only,0,0,0,0,12,0,0,,
24470,0x5F96,,防具,,忍者防具,feet,984,standalone,24470,0x5F96,feet,False,4,180,20,3,0,0x00000000,30,20,1/1,extreme_strengthened,9,15,11,0,11,1.1,24470,low,15,18,18,15,,,computed-only,computed-only,0,0,0,0,27,0,0,,
24470,0x5F96,,防具,,忍者防具,feet,984,standalone,24470,0x5F96,feet,False,4,180,20,3,0,0x00000000,30,20,2/2,extreme_thickened,9,15,11,9,20,2.0,24470,low,0,18,18,15,,,computed-only,computed-only,0,0,0,0,12,0,0,,
24470,0x5F96,,防具,,忍者防具,feet,984,standalone,24470,0x5F96,feet,False,4,180,20,3,0,0x00000000,30,20,1/2,strengthened_plus_thickened,9,15,11,4,15,1.5,24470,low,7,18,18,15,,,computed-only,computed-only,0,0,0,0,19,0,0,,
24534,0x5FD6,东国无双之铠　膝甲,防具,腿部,武士防具,legs,1182,alternate_source,17521,0x4471,legs,False,4,180,20,3,0,0x00000000,30,20,0/0,unmodified,9,15,71,0,71,7.1,24534,low,0,75,75,17,,,computed-only,computed-only,0,0,6,6,0,0,0,,
24534,0x5FD6,东国无双之铠　膝甲,防具,腿部,武士防具,legs,1182,alternate_source,17521,0x4471,legs,False,4,180,20,3,0,0x00000000,30,20,1/0,strengthened,9,15,71,0,71,7.1,24534,low,7,75,75,17,,,computed-only,computed-only,0,0,13,13,0,0,0,,
24534,0x5FD6,东国无双之铠　膝甲,防具,腿部,武士防具,legs,1182,alternate_source,17521,0x4471,legs,False,4,180,20,3,0,0x00000000,30,20,2/0,thickened,9,15,71,4,75,7.5,24534,low,0,75,75,17,,,computed-only,computed-only,0,0,6,6,0,0,0,,
24534,0x5FD6,东国无双之铠　膝甲,防具,腿部,武士防具,legs,1182,alternate_source,17521,0x4471,legs,False,4,180,20,3,0,0x00000000,30,20,1/1,extreme_strengthened,9,15,71,0,71,7.1,24534,low,15,75,75,17,,,computed-only,computed-only,0,0,21,21,0,0,0,,
24534,0x5FD6,东国无双之铠　膝甲,防具,腿部,武士防具,legs,1182,alternate_source,17521,0x4471,legs,False,4,180,20,3,0,0x00000000,30,20,2/2,extreme_thickened,9,15,71,9,80,8.0,24534,low,0,75,75,17,,,computed-only,computed-only,0,0,6,6,0,0,0,,
24534,0x5FD6,东国无双之铠　膝甲,防具,腿部,武士防具,legs,1182,alternate_source,17521,0x4471,legs,False,4,180,20,3,0,0x00000000,30,20,1/2,strengthened_plus_thickened,9,15,71,4,75,7.5,24534,low,7,75,75,17,,,computed-only,computed-only,0,0,13,13,0,0,0,,
24618,0x602A,崇佛诚心之铠　胸甲,防具,身体,武士防具,chest,1200,alternate_source,64059,0xFA3B,chest,False,4,180,20,3,0,0x00000000,30,20,0/0,unmodified,9,15,110,0,110,11.0,24618,low,0,100,100,17,,,computed-only,computed-only,0,0,18,17,0,0,0,,
24618,0x602A,崇佛诚心之铠　胸甲,防具,身体,武士防具,chest,1200,alternate_source,64059,0xFA3B,chest,False,4,180,20,3,0,0x00000000,30,20,1/0,strengthened,9,15,110,0,110,11.0,24618,low,7,100,100,17,,,computed-only,computed-only,0,0,25,24,0,0,0,,
24618,0x602A,崇佛诚心之铠　胸甲,防具,身体,武士防具,chest,1200,alternate_source,64059,0xFA3B,chest,False,4,180,20,3,0,0x00000000,30,20,2/0,thickened,9,15,110,4,114,11.4,24618,low,0,100,100,17,,,computed-only,computed-only,0,0,18,17,0,0,0,,
24618,0x602A,崇佛诚心之铠　胸甲,防具,身体,武士防具,chest,1200,alternate_source,64059,0xFA3B,chest,False,4,180,20,3,0,0x00000000,30,20,1/1,extreme_strengthened,9,15,110,0,110,11.0,24618,low,15,100,100,17,,,computed-only,computed-only,0,0,33,32,0,0,0,,
24618,0x602A,崇佛诚心之铠　胸甲,防具,身体,武士防具,chest,1200,alternate_source,64059,0xFA3B,chest,False,4,180,20,3,0,0x00000000,30,20,2/2,extreme_thickened,9,15,110,9,119,11.9,24618,low,0,100,100,17,,,computed-only,computed-only,0,0,18,17,0,0,0,,
24618,0x602A,崇佛诚心之铠　胸甲,防具,身体,武士防具,chest,1200,alternate_source,64059,0xFA3B,chest,False,4,180,20,3,0,0x00000000,30,20,1/2,strengthened_plus_thickened,9,15,110,4,114,11.4,24618,low,7,100,100,17,,,computed-only,computed-only,0,0,25,24,0,0,0,,
24732,0x609C,暗行忍者装束　护额,防具,头部,忍者防具,head,777,alternate_source,3892,0x0F34,head,False,4,180,20,3,0,0x00000000,30,20,0/0,unmodified,9,15,27,0,27,2.7,24732,low,0,49,49,16,,,computed-only,computed-only,0,0,21,0,20,0,0,,
24732,0x609C,暗行忍者装束　护额,防具,头部,忍者防具,head,777,alternate_source,3892,0x0F34,head,False,4,180,20,3,0,0x00000000,30,20,1/0,strengthened,9,15,27,0,27,2.7,24732,low,7,49,49,16,,,live-matched-configuration,natural-ui-getter-observation,0,0,28,0,27,0,0,weight;toughness;requirement_0;requirement_1;requirement_2;requirement_3;requirement_4;requirement_5;requirement_6,
24732,0x609C,暗行忍者装束　护额,防具,头部,忍者防具,head,777,alternate_source,3892,0x0F34,head,False,4,180,20,3,0,0x00000000,30,20,2/0,thickened,9,15,27,4,31,3.1,24732,low,0,49,49,16,,,live-matched-configuration,natural-ui-getter-observation,0,0,21,0,20,0,0,weight;toughness;requirement_0;requirement_1;requirement_2;requirement_3;requirement_4;requirement_5;requirement_6,
24732,0x609C,暗行忍者装束　护额,防具,头部,忍者防具,head,777,alternate_source,3892,0x0F34,head,False,4,180,20,3,0,0x00000000,30,20,1/1,extreme_strengthened,9,15,27,0,27,2.7,24732,low,15,49,49,16,,,live-matched-configuration,natural-ui-getter-observation,0,0,36,0,35,0,0,weight;toughness;requirement_0;requirement_1;requirement_2;requirement_3;requirement_4;requirement_5;requirement_6,
24732,0x609C,暗行忍者装束　护额,防具,头部,忍者防具,head,777,alternate_source,3892,0x0F34,head,False,4,180,20,3,0,0x00000000,30,20,2/2,extreme_thickened,9,15,27,9,36,3.6,24732,low,0,49,49,16,,,live-matched-configuration,natural-ui-getter-observation,0,0,21,0,20,0,0,weight;toughness;requirement_0;requirement_1;requirement_2;requirement_3;requirement_4;requirement_5;requirement_6,
24732,0x609C,暗行忍者装束　护额,防具,头部,忍者防具,head,777,alternate_source,3892,0x0F34,head,False,4,180,20,3,0,0x00000000,30,20,1/2,strengthened_plus_thickened,9,15,27,4,31,3.1,24732,low,7,49,49,16,,,live-matched-configuration,natural-ui-getter-observation,0,0,28,0,27,0,0,weight;toughness;requirement_0;requirement_1;requirement_2;requirement_3;requirement_4;requirement_5;requirement_6,
24745,0x60A9,屈之装束　上衣,防具,身体,忍者防具,chest,749,alternate_source,4728,0x1278,chest,False,4,180,20,3,0,0x00000000,30,20,0/0,unmodified,9,15,16,0,16,1.6,24745,low,0,36,36,15,,,computed-only,computed-only,9,0,0,0,8,0,0,,
24745,0x60A9,屈之装束　上衣,防具,身体,忍者防具,chest,749,alternate_source,4728,0x1278,chest,False,4,180,20,3,0,0x00000000,30,20,1/0,strengthened,9,15,16,0,16,1.6,24745,low,7,36,36,15,,,computed-only,computed-only,16,0,0,0,15,0,0,,
24745,0x60A9,屈之装束　上衣,防具,身体,忍者防具,chest,749,alternate_source,4728,0x1278,chest,False,4,180,20,3,0,0x00000000,30,20,2/0,thickened,9,15,16,4,20,2.0,24745,low,0,36,36,15,,,computed-only,computed-only,9,0,0,0,8,0,0,,
24745,0x60A9,屈之装束　上衣,防具,身体,忍者防具,chest,749,alternate_source,4728,0x1278,chest,False,4,180,20,3,0,0x00000000,30,20,1/1,extreme_strengthened,9,15,16,0,16,1.6,24745,low,15,36,36,15,,,computed-only,computed-only,24,0,0,0,23,0,0,,
24745,0x60A9,屈之装束　上衣,防具,身体,忍者防具,chest,749,alternate_source,4728,0x1278,chest,False,4,180,20,3,0,0x00000000,30,20,2/2,extreme_thickened,9,15,16,9,25,2.5,24745,low,0,36,36,15,,,computed-only,computed-only,9,0,0,0,8,0,0,,
24745,0x60A9,屈之装束　上衣,防具,身体,忍者防具,chest,749,alternate_source,4728,0x1278,chest,False,4,180,20,3,0,0x00000000,30,20,1/2,strengthened_plus_thickened,9,15,16,4,20,2.0,24745,low,7,36,36,15,,,computed-only,computed-only,16,0,0,0,15,0,0,,
24909,0x614D,祈月斗将之铠　胸甲,防具,身体,武士防具,chest,1035,alternate_source,49295,0xC08F,chest,False,4,180,20,3,0,0x00000000,30,20,0/0,unmodified,9,15,30,0,30,3.0,24909,low,0,38,38,15,,,computed-only,computed-only,18,0,0,0,18,0,0,,
24909,0x614D,祈月斗将之铠　胸甲,防具,身体,武士防具,chest,1035,alternate_source,49295,0xC08F,chest,False,4,180,20,3,0,0x00000000,30,20,1/0,strengthened,9,15,30,0,30,3.0,24909,low,7,38,38,15,,,computed-only,computed-only,25,0,0,0,25,0,0,,
24909,0x614D,祈月斗将之铠　胸甲,防具,身体,武士防具,chest,1035,alternate_source,49295,0xC08F,chest,False,4,180,20,3,0,0x00000000,30,20,2/0,thickened,9,15,30,4,34,3.4,24909,low,0,38,38,15,,,computed-only,computed-only,18,0,0,0,18,0,0,,
24909,0x614D,祈月斗将之铠　胸甲,防具,身体,武士防具,chest,1035,alternate_source,49295,0xC08F,chest,False,4,180,20,3,0,0x00000000,30,20,1/1,extreme_strengthened,9,15,30,0,30,3.0,24909,low,15,38,38,15,,,computed-only,computed-only,33,0,0,0,33,0,0,,
24909,0x614D,祈月斗将之铠　胸甲,防具,身体,武士防具,chest,1035,alternate_source,49295,0xC08F,chest,False,4,180,20,3,0,0x00000000,30,20,2/2,extreme_thickened,9,15,30,9,39,3.9,24909,low,0,38,38,15,,,computed-only,computed-only,18,0,0,0,18,0,0,,
24909,0x614D,祈月斗将之铠　胸甲,防具,身体,武士防具,chest,1035,alternate_source,49295,0xC08F,chest,False,4,180,20,3,0,0x00000000,30,20,1/2,strengthened_plus_thickened,9,15,30,4,34,3.4,24909,low,7,38,38,15,,,computed-only,computed-only,25,0,0,0,25,0,0,,
25087,0x61FF,鸢加藤忍衣　腿甲,防具,足部,忍者防具,feet,924,alternate_source,24404,0x5F54,feet,False,4,180,20,3,0,0x00000000,30,20,0/0,unmodified,9,15,8,0,8,0.8,25087,low,0,18,18,15,,,computed-only,computed-only,16,0,0,0,15,0,0,,
25087,0x61FF,鸢加藤忍衣　腿甲,防具,足部,忍者防具,feet,924,alternate_source,24404,0x5F54,feet,False,4,180,20,3,0,0x00000000,30,20,1/0,strengthened,9,15,8,0,8,0.8,25087,low,7,18,18,15,,,computed-only,computed-only,23,0,0,0,22,0,0,,
25087,0x61FF,鸢加藤忍衣　腿甲,防具,足部,忍者防具,feet,924,alternate_source,24404,0x5F54,feet,False,4,180,20,3,0,0x00000000,30,20,2/0,thickened,9,15,8,4,12,1.2,25087,low,0,18,18,15,,,computed-only,computed-only,16,0,0,0,15,0,0,,
25087,0x61FF,鸢加藤忍衣　腿甲,防具,足部,忍者防具,feet,924,alternate_source,24404,0x5F54,feet,False,4,180,20,3,0,0x00000000,30,20,1/1,extreme_strengthened,9,15,8,0,8,0.8,25087,low,15,18,18,15,,,computed-only,computed-only,31,0,0,0,30,0,0,,
25087,0x61FF,鸢加藤忍衣　腿甲,防具,足部,忍者防具,feet,924,alternate_source,24404,0x5F54,feet,False,4,180,20,3,0,0x00000000,30,20,2/2,extreme_thickened,9,15,8,9,17,1.7,25087,low,0,18,18,15,,,computed-only,computed-only,16,0,0,0,15,0,0,,
25087,0x61FF,鸢加藤忍衣　腿甲,防具,足部,忍者防具,feet,924,alternate_source,24404,0x5F54,feet,False,4,180,20,3,0,0x00000000,30,20,1/2,strengthened_plus_thickened,9,15,8,4,12,1.2,25087,low,7,18,18,15,,,computed-only,computed-only,23,0,0,0,22,0,0,,
25169,0x6251,忍者装束　头巾,防具,头部,忍者防具,head,875,alternate_source,35931,0x8C5B,head,False,4,180,20,3,0,0x00000000,30,20,0/0,unmodified,9,15,7,0,7,0.7,25169,low,0,18,18,15,,,computed-only,computed-only,6,0,0,0,7,0,0,,
25169,0x6251,忍者装束　头巾,防具,头部,忍者防具,head,875,alternate_source,35931,0x8C5B,head,False,4,180,20,3,0,0x00000000,30,20,1/0,strengthened,9,15,7,0,7,0.7,25169,low,7,18,18,15,,,computed-only,computed-only,13,0,0,0,14,0,0,,
25169,0x6251,忍者装束　头巾,防具,头部,忍者防具,head,875,alternate_source,35931,0x8C5B,head,False,4,180,20,3,0,0x00000000,30,20,2/0,thickened,9,15,7,4,11,1.1,25169,low,0,18,18,15,,,computed-only,computed-only,6,0,0,0,7,0,0,,
25169,0x6251,忍者装束　头巾,防具,头部,忍者防具,head,875,alternate_source,35931,0x8C5B,head,False,4,180,20,3,0,0x00000000,30,20,1/1,extreme_strengthened,9,15,7,0,7,0.7,25169,low,15,18,18,15,,,computed-only,computed-only,21,0,0,0,22,0,0,,
25169,0x6251,忍者装束　头巾,防具,头部,忍者防具,head,875,alternate_source,35931,0x8C5B,head,False,4,180,20,3,0,0x00000000,30,20,2/2,extreme_thickened,9,15,7,9,16,1.6,25169,low,0,18,18,15,,,computed-only,computed-only,6,0,0,0,7,0,0,,
25169,0x6251,忍者装束　头巾,防具,头部,忍者防具,head,875,alternate_source,35931,0x8C5B,head,False,4,180,20,3,0,0x00000000,30,20,1/2,strengthened_plus_thickened,9,15,7,4,11,1.1,25169,low,7,18,18,15,,,computed-only,computed-only,13,0,0,0,14,0,0,,
25354,0x630A,新选组队服　裤裙,防具,腿部,武士防具,legs,675,alternate_source,17956,0x4624,legs,False,4,180,20,3,0,0x00000000,30,20,0/0,unmodified,9,15,26,0,26,2.6,25354,low,0,29,29,15,,,computed-only,computed-only,17,0,0,0,17,0,0,,
25354,0x630A,新选组队服　裤裙,防具,腿部,武士防具,legs,675,alternate_source,17956,0x4624,legs,False,4,180,20,3,0,0x00000000,30,20,1/0,strengthened,9,15,26,0,26,2.6,25354,low,7,29,29,15,,,computed-only,computed-only,24,0,0,0,24,0,0,,
25354,0x630A,新选组队服　裤裙,防具,腿部,武士防具,legs,675,alternate_source,17956,0x4624,legs,False,4,180,20,3,0,0x00000000,30,20,2/0,thickened,9,15,26,4,30,3.0,25354,low,0,29,29,15,,,computed-only,computed-only,17,0,0,0,17,0,0,,
25354,0x630A,新选组队服　裤裙,防具,腿部,武士防具,legs,675,alternate_source,17956,0x4624,legs,False,4,180,20,3,0,0x00000000,30,20,1/1,extreme_strengthened,9,15,26,0,26,2.6,25354,low,15,29,29,15,,,computed-only,computed-only,32,0,0,0,32,0,0,,
25354,0x630A,新选组队服　裤裙,防具,腿部,武士防具,legs,675,alternate_source,17956,0x4624,legs,False,4,180,20,3,0,0x00000000,30,20,2/2,extreme_thickened,9,15,26,9,35,3.5,25354,low,0,29,29,15,,,computed-only,computed-only,17,0,0,0,17,0,0,,
25354,0x630A,新选组队服　裤裙,防具,腿部,武士防具,legs,675,alternate_source,17956,0x4624,legs,False,4,180,20,3,0,0x00000000,30,20,1/2,strengthened_plus_thickened,9,15,26,4,30,3.0,25354,low,7,29,29,15,,,computed-only,computed-only,24,0,0,0,24,0,0,,
25533,0x63BD,燕尾中铠　胸甲,防具,身体,武士防具,chest,1030,alternate_source,24047,0x5DEF,chest,False,4,180,20,3,0,0x00000000,30,20,0/0,unmodified,9,15,78,0,78,7.8,25533,low,0,62,62,16,,,computed-only,computed-only,11,0,0,13,0,0,0,,
25533,0x63BD,燕尾中铠　胸甲,防具,身体,武士防具,chest,1030,alternate_source,24047,0x5DEF,chest,False,4,180,20,3,0,0x00000000,30,20,1/0,strengthened,9,15,78,0,78,7.8,25533,low,7,62,62,16,,,computed-only,computed-only,18,0,0,20,0,0,0,,
25533,0x63BD,燕尾中铠　胸甲,防具,身体,武士防具,chest,1030,alternate_source,24047,0x5DEF,chest,False,4,180,20,3,0,0x00000000,30,20,2/0,thickened,9,15,78,4,82,8.2,25533,low,0,62,62,16,,,computed-only,computed-only,11,0,0,13,0,0,0,,
25533,0x63BD,燕尾中铠　胸甲,防具,身体,武士防具,chest,1030,alternate_source,24047,0x5DEF,chest,False,4,180,20,3,0,0x00000000,30,20,1/1,extreme_strengthened,9,15,78,0,78,7.8,25533,low,15,62,62,16,,,computed-only,computed-only,26,0,0,28,0,0,0,,
25533,0x63BD,燕尾中铠　胸甲,防具,身体,武士防具,chest,1030,alternate_source,24047,0x5DEF,chest,False,4,180,20,3,0,0x00000000,30,20,2/2,extreme_thickened,9,15,78,9,87,8.7,25533,low,0,62,62,16,,,computed-only,computed-only,11,0,0,13,0,0,0,,
25533,0x63BD,燕尾中铠　胸甲,防具,身体,武士防具,chest,1030,alternate_source,24047,0x5DEF,chest,False,4,180,20,3,0,0x00000000,30,20,1/2,strengthened_plus_thickened,9,15,78,4,82,8.2,25533,low,7,62,62,16,,,computed-only,computed-only,18,0,0,20,0,0,0,,
25587,0x63F3,一玄居士之衣　面具,防具,头部,武士防具,head,1232,alternate_source,42512,0xA610,head,False,4,180,20,3,0,0x00000000,30,20,0/0,unmodified,9,15,34,0,34,3.4,25587,low,0,31,31,16,,,computed-only,computed-only,22,0,0,0,23,0,0,,
25587,0x63F3,一玄居士之衣　面具,防具,头部,武士防具,head,1232,alternate_source,42512,0xA610,head,False,4,180,20,3,0,0x00000000,30,20,1/0,strengthened,9,15,34,0,34,3.4,25587,low,7,31,31,16,,,computed-only,computed-only,29,0,0,0,30,0,0,,
25587,0x63F3,一玄居士之衣　面具,防具,头部,武士防具,head,1232,alternate_source,42512,0xA610,head,False,4,180,20,3,0,0x00000000,30,20,2/0,thickened,9,15,34,4,38,3.8,25587,low,0,31,31,16,,,computed-only,computed-only,22,0,0,0,23,0,0,,
25587,0x63F3,一玄居士之衣　面具,防具,头部,武士防具,head,1232,alternate_source,42512,0xA610,head,False,4,180,20,3,0,0x00000000,30,20,1/1,extreme_strengthened,9,15,34,0,34,3.4,25587,low,15,31,31,16,,,computed-only,computed-only,37,0,0,0,38,0,0,,
25587,0x63F3,一玄居士之衣　面具,防具,头部,武士防具,head,1232,alternate_source,42512,0xA610,head,False,4,180,20,3,0,0x00000000,30,20,2/2,extreme_thickened,9,15,34,9,43,4.3,25587,low,0,31,31,16,,,computed-only,computed-only,22,0,0,0,23,0,0,,
25587,0x63F3,一玄居士之衣　面具,防具,头部,武士防具,head,1232,alternate_source,42512,0xA610,head,False,4,180,20,3,0,0x00000000,30,20,1/2,strengthened_plus_thickened,9,15,34,4,38,3.8,25587,low,7,31,31,16,,,computed-only,computed-only,29,0,0,0,30,0,0,,
25617,0x6411,修验者装束　臂甲,防具,手臂,忍者防具,arms,760,alternate_source,17733,0x4545,arms,False,4,180,20,3,0,0x00000000,30,20,0/0,unmodified,9,15,23,0,23,2.3,25617,low,0,49,49,16,,,computed-only,computed-only,0,0,6,0,5,0,0,,
25617,0x6411,修验者装束　臂甲,防具,手臂,忍者防具,arms,760,alternate_source,17733,0x4545,arms,False,4,180,20,3,0,0x00000000,30,20,1/0,strengthened,9,15,23,0,23,2.3,25617,low,7,49,49,16,,,computed-only,computed-only,0,0,13,0,12,0,0,,
25617,0x6411,修验者装束　臂甲,防具,手臂,忍者防具,arms,760,alternate_source,17733,0x4545,arms,False,4,180,20,3,0,0x00000000,30,20,2/0,thickened,9,15,23,4,27,2.7,25617,low,0,49,49,16,,,computed-only,computed-only,0,0,6,0,5,0,0,,
25617,0x6411,修验者装束　臂甲,防具,手臂,忍者防具,arms,760,alternate_source,17733,0x4545,arms,False,4,180,20,3,0,0x00000000,30,20,1/1,extreme_strengthened,9,15,23,0,23,2.3,25617,low,15,49,49,16,,,computed-only,computed-only,0,0,21,0,20,0,0,,
25617,0x6411,修验者装束　臂甲,防具,手臂,忍者防具,arms,760,alternate_source,17733,0x4545,arms,False,4,180,20,3,0,0x00000000,30,20,2/2,extreme_thickened,9,15,23,9,32,3.2,25617,low,0,49,49,16,,,computed-only,computed-only,0,0,6,0,5,0,0,,
25617,0x6411,修验者装束　臂甲,防具,手臂,忍者防具,arms,760,alternate_source,17733,0x4545,arms,False,4,180,20,3,0,0x00000000,30,20,1/2,strengthened_plus_thickened,9,15,23,4,27,2.7,25617,low,7,49,49,16,,,computed-only,computed-only,0,0,13,0,12,0,0,,
25677,0x644D,,防具,,忍者防具,chest,996,standalone,25677,0x644D,chest,False,4,180,20,3,0,0x00000000,30,20,0/0,unmodified,9,15,28,0,28,2.8,25677,low,0,36,36,15,,,computed-only,computed-only,0,0,0,0,12,0,0,,
25677,0x644D,,防具,,忍者防具,chest,996,standalone,25677,0x644D,chest,False,4,180,20,3,0,0x00000000,30,20,1/0,strengthened,9,15,28,0,28,2.8,25677,low,7,36,36,15,,,computed-only,computed-only,0,0,0,0,19,0,0,,
25677,0x644D,,防具,,忍者防具,chest,996,standalone,25677,0x644D,chest,False,4,180,20,3,0,0x00000000,30,20,2/0,thickened,9,15,28,4,32,3.2,25677,low,0,36,36,15,,,computed-only,computed-only,0,0,0,0,12,0,0,,
25677,0x644D,,防具,,忍者防具,chest,996,standalone,25677,0x644D,chest,False,4,180,20,3,0,0x00000000,30,20,1/1,extreme_strengthened,9,15,28,0,28,2.8,25677,low,15,36,36,15,,,computed-only,computed-only,0,0,0,0,27,0,0,,
25677,0x644D,,防具,,忍者防具,chest,996,standalone,25677,0x644D,chest,False,4,180,20,3,0,0x00000000,30,20,2/2,extreme_thickened,9,15,28,9,37,3.7,25677,low,0,36,36,15,,,computed-only,computed-only,0,0,0,0,12,0,0,,
25677,0x644D,,防具,,忍者防具,chest,996,standalone,25677,0x644D,chest,False,4,180,20,3,0,0x00000000,30,20,1/2,strengthened_plus_thickened,9,15,28,4,32,3.2,25677,low,7,36,36,15,,,computed-only,computed-only,0,0,0,0,19,0,0,,
25778,0x64B2,甲斐之虎铠甲　腿甲,防具,足部,武士防具,feet,628,alternate_source,53903,0xD28F,feet,False,4,180,20,3,0,0x00000000,30,20,0/0,unmodified,9,15,50,0,50,5.0,25778,low,0,50,50,17,,,computed-only,computed-only,0,0,8,10,0,0,0,,
25778,0x64B2,甲斐之虎铠甲　腿甲,防具,足部,武士防具,feet,628,alternate_source,53903,0xD28F,feet,False,4,180,20,3,0,0x00000000,30,20,1/0,strengthened,9,15,50,0,50,5.0,25778,low,7,50,50,17,,,computed-only,computed-only,0,0,15,17,0,0,0,,
25778,0x64B2,甲斐之虎铠甲　腿甲,防具,足部,武士防具,feet,628,alternate_source,53903,0xD28F,feet,False,4,180,20,3,0,0x00000000,30,20,2/0,thickened,9,15,50,4,54,5.4,25778,low,0,50,50,17,,,computed-only,computed-only,0,0,8,10,0,0,0,,
25778,0x64B2,甲斐之虎铠甲　腿甲,防具,足部,武士防具,feet,628,alternate_source,53903,0xD28F,feet,False,4,180,20,3,0,0x00000000,30,20,1/1,extreme_strengthened,9,15,50,0,50,5.0,25778,low,15,50,50,17,,,computed-only,computed-only,0,0,23,25,0,0,0,,
25778,0x64B2,甲斐之虎铠甲　腿甲,防具,足部,武士防具,feet,628,alternate_source,53903,0xD28F,feet,False,4,180,20,3,0,0x00000000,30,20,2/2,extreme_thickened,9,15,50,9,59,5.9,25778,low,0,50,50,17,,,computed-only,computed-only,0,0,8,10,0,0,0,,
25778,0x64B2,甲斐之虎铠甲　腿甲,防具,足部,武士防具,feet,628,alternate_source,53903,0xD28F,feet,False,4,180,20,3,0,0x00000000,30,20,1/2,strengthened_plus_thickened,9,15,50,4,54,5.4,25778,low,7,50,50,17,,,computed-only,computed-only,0,0,15,17,0,0,0,,
25862,0x6506,怪童大铠　腿甲,防具,足部,武士防具,feet,1193,alternate_source,3737,0x0E99,feet,False,4,180,20,3,0,0x00000000,30,20,0/0,unmodified,9,15,53,0,53,5.3,25862,low,0,50,50,17,,,computed-only,computed-only,0,0,14,15,0,0,0,,
25862,0x6506,怪童大铠　腿甲,防具,足部,武士防具,feet,1193,alternate_source,3737,0x0E99,feet,False,4,180,20,3,0,0x00000000,30,20,1/0,strengthened,9,15,53,0,53,5.3,25862,low,7,50,50,17,,,computed-only,computed-only,0,0,21,22,0,0,0,,
25862,0x6506,怪童大铠　腿甲,防具,足部,武士防具,feet,1193,alternate_source,3737,0x0E99,feet,False,4,180,20,3,0,0x00000000,30,20,2/0,thickened,9,15,53,4,57,5.7,25862,low,0,50,50,17,,,computed-only,computed-only,0,0,14,15,0,0,0,,
25862,0x6506,怪童大铠　腿甲,防具,足部,武士防具,feet,1193,alternate_source,3737,0x0E99,feet,False,4,180,20,3,0,0x00000000,30,20,1/1,extreme_strengthened,9,15,53,0,53,5.3,25862,low,15,50,50,17,,,computed-only,computed-only,0,0,29,30,0,0,0,,
25862,0x6506,怪童大铠　腿甲,防具,足部,武士防具,feet,1193,alternate_source,3737,0x0E99,feet,False,4,180,20,3,0,0x00000000,30,20,2/2,extreme_thickened,9,15,53,9,62,6.2,25862,low,0,50,50,17,,,computed-only,computed-only,0,0,14,15,0,0,0,,
25862,0x6506,怪童大铠　腿甲,防具,足部,武士防具,feet,1193,alternate_source,3737,0x0E99,feet,False,4,180,20,3,0,0x00000000,30,20,1/2,strengthened_plus_thickened,9,15,53,4,57,5.7,25862,low,7,50,50,17,,,computed-only,computed-only,0,0,21,22,0,0,0,,
25962,0x656A,改良冠形盔,防具,头部,武士防具,head,1360,alternate_source,2028,0x07EC,head,False,4,180,20,3,0,0x00000000,30,20,0/0,unmodified,9,15,33,0,33,3.3,25962,low,0,31,31,16,,,computed-only,computed-only,8,0,0,8,0,0,0,,
25962,0x656A,改良冠形盔,防具,头部,武士防具,head,1360,alternate_source,2028,0x07EC,head,False,4,180,20,3,0,0x00000000,30,20,1/0,strengthened,9,15,33,0,33,3.3,25962,low,7,31,31,16,,,computed-only,computed-only,15,0,0,15,0,0,0,,
25962,0x656A,改良冠形盔,防具,头部,武士防具,head,1360,alternate_source,2028,0x07EC,head,False,4,180,20,3,0,0x00000000,30,20,2/0,thickened,9,15,33,4,37,3.7,25962,low,0,31,31,16,,,computed-only,computed-only,8,0,0,8,0,0,0,,
25962,0x656A,改良冠形盔,防具,头部,武士防具,head,1360,alternate_source,2028,0x07EC,head,False,4,180,20,3,0,0x00000000,30,20,1/1,extreme_strengthened,9,15,33,0,33,3.3,25962,low,15,31,31,16,,,computed-only,computed-only,23,0,0,23,0,0,0,,
25962,0x656A,改良冠形盔,防具,头部,武士防具,head,1360,alternate_source,2028,0x07EC,head,False,4,180,20,3,0,0x00000000,30,20,2/2,extreme_thickened,9,15,33,9,42,4.2,25962,low,0,31,31,16,,,computed-only,computed-only,8,0,0,8,0,0,0,,
25962,0x656A,改良冠形盔,防具,头部,武士防具,head,1360,alternate_source,2028,0x07EC,head,False,4,180,20,3,0,0x00000000,30,20,1/2,strengthened_plus_thickened,9,15,33,4,37,3.7,25962,low,7,31,31,16,,,computed-only,computed-only,15,0,0,15,0,0,0,,
26048,0x65C0,御家人之铠　胸甲,防具,身体,武士防具,chest,818,alternate_source,7240,0x1C48,chest,False,4,180,20,3,0,0x00000000,30,20,0/0,unmodified,9,15,74,0,74,7.4,26048,low,0,62,62,16,,,computed-only,computed-only,10,0,0,9,0,0,0,,
26048,0x65C0,御家人之铠　胸甲,防具,身体,武士防具,chest,818,alternate_source,7240,0x1C48,chest,False,4,180,20,3,0,0x00000000,30,20,1/0,strengthened,9,15,74,0,74,7.4,26048,low,7,62,62,16,,,computed-only,computed-only,17,0,0,16,0,0,0,,
26048,0x65C0,御家人之铠　胸甲,防具,身体,武士防具,chest,818,alternate_source,7240,0x1C48,chest,False,4,180,20,3,0,0x00000000,30,20,2/0,thickened,9,15,74,4,78,7.8,26048,low,0,62,62,16,,,computed-only,computed-only,10,0,0,9,0,0,0,,
26048,0x65C0,御家人之铠　胸甲,防具,身体,武士防具,chest,818,alternate_source,7240,0x1C48,chest,False,4,180,20,3,0,0x00000000,30,20,1/1,extreme_strengthened,9,15,74,0,74,7.4,26048,low,15,62,62,16,,,computed-only,computed-only,25,0,0,24,0,0,0,,
26048,0x65C0,御家人之铠　胸甲,防具,身体,武士防具,chest,818,alternate_source,7240,0x1C48,chest,False,4,180,20,3,0,0x00000000,30,20,2/2,extreme_thickened,9,15,74,9,83,8.3,26048,low,0,62,62,16,,,computed-only,computed-only,10,0,0,9,0,0,0,,
26048,0x65C0,御家人之铠　胸甲,防具,身体,武士防具,chest,818,alternate_source,7240,0x1C48,chest,False,4,180,20,3,0,0x00000000,30,20,1/2,strengthened_plus_thickened,9,15,74,4,78,7.8,26048,low,7,62,62,16,,,computed-only,computed-only,17,0,0,16,0,0,0,,
26084,0x65E4,一之谷形盔,防具,头部,武士防具,head,1374,alternate_source,35148,0x894C,head,False,4,180,20,3,0,0x00000000,30,20,0/0,unmodified,9,15,46,0,46,4.6,26084,low,0,50,50,17,,,computed-only,computed-only,0,0,8,8,0,0,0,,
26084,0x65E4,一之谷形盔,防具,头部,武士防具,head,1374,alternate_source,35148,0x894C,head,False,4,180,20,3,0,0x00000000,30,20,1/0,strengthened,9,15,46,0,46,4.6,26084,low,7,50,50,17,,,computed-only,computed-only,0,0,15,15,0,0,0,,
26084,0x65E4,一之谷形盔,防具,头部,武士防具,head,1374,alternate_source,35148,0x894C,head,False,4,180,20,3,0,0x00000000,30,20,2/0,thickened,9,15,46,4,50,5.0,26084,low,0,50,50,17,,,computed-only,computed-only,0,0,8,8,0,0,0,,
26084,0x65E4,一之谷形盔,防具,头部,武士防具,head,1374,alternate_source,35148,0x894C,head,False,4,180,20,3,0,0x00000000,30,20,1/1,extreme_strengthened,9,15,46,0,46,4.6,26084,low,15,50,50,17,,,computed-only,computed-only,0,0,23,23,0,0,0,,
26084,0x65E4,一之谷形盔,防具,头部,武士防具,head,1374,alternate_source,35148,0x894C,head,False,4,180,20,3,0,0x00000000,30,20,2/2,extreme_thickened,9,15,46,9,55,5.5,26084,low,0,50,50,17,,,computed-only,computed-only,0,0,8,8,0,0,0,,
26084,0x65E4,一之谷形盔,防具,头部,武士防具,head,1374,alternate_source,35148,0x894C,head,False,4,180,20,3,0,0x00000000,30,20,1/2,strengthened_plus_thickened,9,15,46,4,50,5.0,26084,low,7,50,50,17,,,computed-only,computed-only,0,0,15,15,0,0,0,,
26400,0x6720,炎狱忍者装束　膝甲,防具,腿部,忍者防具,legs,833,alternate_source,19992,0x4E18,legs,False,4,180,20,3,0,0x00000000,30,20,0/0,unmodified,9,15,24,0,24,2.4,26400,low,0,42,42,16,,,computed-only,computed-only,5,0,0,5,0,0,0,,
26400,0x6720,炎狱忍者装束　膝甲,防具,腿部,忍者防具,legs,833,alternate_source,19992,0x4E18,legs,False,4,180,20,3,0,0x00000000,30,20,1/0,strengthened,9,15,24,0,24,2.4,26400,low,7,42,42,16,,,computed-only,computed-only,12,0,0,12,0,0,0,,
26400,0x6720,炎狱忍者装束　膝甲,防具,腿部,忍者防具,legs,833,alternate_source,19992,0x4E18,legs,False,4,180,20,3,0,0x00000000,30,20,2/0,thickened,9,15,24,4,28,2.8,26400,low,0,42,42,16,,,computed-only,computed-only,5,0,0,5,0,0,0,,
26400,0x6720,炎狱忍者装束　膝甲,防具,腿部,忍者防具,legs,833,alternate_source,19992,0x4E18,legs,False,4,180,20,3,0,0x00000000,30,20,1/1,extreme_strengthened,9,15,24,0,24,2.4,26400,low,15,42,42,16,,,computed-only,computed-only,20,0,0,20,0,0,0,,
26400,0x6720,炎狱忍者装束　膝甲,防具,腿部,忍者防具,legs,833,alternate_source,19992,0x4E18,legs,False,4,180,20,3,0,0x00000000,30,20,2/2,extreme_thickened,9,15,24,9,33,3.3,26400,low,0,42,42,16,,,computed-only,computed-only,5,0,0,5,0,0,0,,
26400,0x6720,炎狱忍者装束　膝甲,防具,腿部,忍者防具,legs,833,alternate_source,19992,0x4E18,legs,False,4,180,20,3,0,0x00000000,30,20,1/2,strengthened_plus_thickened,9,15,24,4,28,2.8,26400,low,7,42,42,16,,,computed-only,computed-only,12,0,0,12,0,0,0,,
26511,0x678F,第一队队长队服　护额,防具,头部,武士防具,head,636,alternate_source,31332,0x7A64,head,False,4,180,20,3,0,0x00000000,30,20,0/0,unmodified,9,15,18,0,18,1.8,26511,low,0,19,19,15,,,computed-only,computed-only,18,0,0,0,17,0,0,,
26511,0x678F,第一队队长队服　护额,防具,头部,武士防具,head,636,alternate_source,31332,0x7A64,head,False,4,180,20,3,0,0x00000000,30,20,1/0,strengthened,9,15,18,0,18,1.8,26511,low,7,19,19,15,,,computed-only,computed-only,25,0,0,0,24,0,0,,
26511,0x678F,第一队队长队服　护额,防具,头部,武士防具,head,636,alternate_source,31332,0x7A64,head,False,4,180,20,3,0,0x00000000,30,20,2/0,thickened,9,15,18,4,22,2.2,26511,low,0,19,19,15,,,computed-only,computed-only,18,0,0,0,17,0,0,,
26511,0x678F,第一队队长队服　护额,防具,头部,武士防具,head,636,alternate_source,31332,0x7A64,head,False,4,180,20,3,0,0x00000000,30,20,1/1,extreme_strengthened,9,15,18,0,18,1.8,26511,low,15,19,19,15,,,computed-only,computed-only,33,0,0,0,32,0,0,,
26511,0x678F,第一队队长队服　护额,防具,头部,武士防具,head,636,alternate_source,31332,0x7A64,head,False,4,180,20,3,0,0x00000000,30,20,2/2,extreme_thickened,9,15,18,9,27,2.7,26511,low,0,19,19,15,,,computed-only,computed-only,18,0,0,0,17,0,0,,
26511,0x678F,第一队队长队服　护额,防具,头部,武士防具,head,636,alternate_source,31332,0x7A64,head,False,4,180,20,3,0,0x00000000,30,20,1/2,strengthened_plus_thickened,9,15,18,4,22,2.2,26511,low,7,19,19,15,,,computed-only,computed-only,25,0,0,0,24,0,0,,
26537,0x67A9,,防具,,忍者防具,arms,1002,standalone,26537,0x67A9,arms,False,4,180,20,3,0,0x00000000,30,20,0/0,unmodified,9,15,15,0,15,1.5,26537,low,0,18,18,15,,,computed-only,computed-only,0,0,0,0,12,0,0,,
26537,0x67A9,,防具,,忍者防具,arms,1002,standalone,26537,0x67A9,arms,False,4,180,20,3,0,0x00000000,30,20,1/0,strengthened,9,15,15,0,15,1.5,26537,low,7,18,18,15,,,computed-only,computed-only,0,0,0,0,19,0,0,,
26537,0x67A9,,防具,,忍者防具,arms,1002,standalone,26537,0x67A9,arms,False,4,180,20,3,0,0x00000000,30,20,2/0,thickened,9,15,15,4,19,1.9,26537,low,0,18,18,15,,,computed-only,computed-only,0,0,0,0,12,0,0,,
26537,0x67A9,,防具,,忍者防具,arms,1002,standalone,26537,0x67A9,arms,False,4,180,20,3,0,0x00000000,30,20,1/1,extreme_strengthened,9,15,15,0,15,1.5,26537,low,15,18,18,15,,,computed-only,computed-only,0,0,0,0,27,0,0,,
26537,0x67A9,,防具,,忍者防具,arms,1002,standalone,26537,0x67A9,arms,False,4,180,20,3,0,0x00000000,30,20,2/2,extreme_thickened,9,15,15,9,24,2.4,26537,low,0,18,18,15,,,computed-only,computed-only,0,0,0,0,12,0,0,,
26537,0x67A9,,防具,,忍者防具,arms,1002,standalone,26537,0x67A9,arms,False,4,180,20,3,0,0x00000000,30,20,1/2,strengthened_plus_thickened,9,15,15,4,19,1.9,26537,low,7,18,18,15,,,computed-only,computed-only,0,0,0,0,19,0,0,,
26635,0x680B,,防具或饰品,,装备,chest,1214,alternate_source,13303,0x33F7,chest,False,4,180,20,3,0,0x00000000,30,20,0/0,unmodified,9,15,66,0,66,6.6,26635,low,0,62,62,16,,,computed-only,computed-only,21,0,0,21,0,0,0,,
26635,0x680B,,防具或饰品,,装备,chest,1214,alternate_source,13303,0x33F7,chest,False,4,180,20,3,0,0x00000000,30,20,1/0,strengthened,9,15,66,0,66,6.6,26635,low,7,62,62,16,,,computed-only,computed-only,28,0,0,28,0,0,0,,
26635,0x680B,,防具或饰品,,装备,chest,1214,alternate_source,13303,0x33F7,chest,False,4,180,20,3,0,0x00000000,30,20,2/0,thickened,9,15,66,4,70,7.0,26635,low,0,62,62,16,,,computed-only,computed-only,21,0,0,21,0,0,0,,
26635,0x680B,,防具或饰品,,装备,chest,1214,alternate_source,13303,0x33F7,chest,False,4,180,20,3,0,0x00000000,30,20,1/1,extreme_strengthened,9,15,66,0,66,6.6,26635,low,15,62,62,16,,,computed-only,computed-only,36,0,0,36,0,0,0,,
26635,0x680B,,防具或饰品,,装备,chest,1214,alternate_source,13303,0x33F7,chest,False,4,180,20,3,0,0x00000000,30,20,2/2,extreme_thickened,9,15,66,9,75,7.5,26635,low,0,62,62,16,,,computed-only,computed-only,21,0,0,21,0,0,0,,
26635,0x680B,,防具或饰品,,装备,chest,1214,alternate_source,13303,0x33F7,chest,False,4,180,20,3,0,0x00000000,30,20,1/2,strengthened_plus_thickened,9,15,66,4,70,7.0,26635,low,7,62,62,16,,,computed-only,computed-only,28,0,0,28,0,0,0,,
26656,0x6820,甲斐之虎铠甲　膝甲,防具,腿部,武士防具,legs,629,alternate_source,5312,0x14C0,legs,False,4,180,20,3,0,0x00000000,30,20,0/0,unmodified,9,15,75,0,75,7.5,26656,low,0,75,75,17,,,computed-only,computed-only,0,0,8,10,0,0,0,,
26656,0x6820,甲斐之虎铠甲　膝甲,防具,腿部,武士防具,legs,629,alternate_source,5312,0x14C0,legs,False,4,180,20,3,0,0x00000000,30,20,1/0,strengthened,9,15,75,0,75,7.5,26656,low,7,75,75,17,,,computed-only,computed-only,0,0,15,17,0,0,0,,
26656,0x6820,甲斐之虎铠甲　膝甲,防具,腿部,武士防具,legs,629,alternate_source,5312,0x14C0,legs,False,4,180,20,3,0,0x00000000,30,20,2/0,thickened,9,15,75,4,79,7.9,26656,low,0,75,75,17,,,computed-only,computed-only,0,0,8,10,0,0,0,,
26656,0x6820,甲斐之虎铠甲　膝甲,防具,腿部,武士防具,legs,629,alternate_source,5312,0x14C0,legs,False,4,180,20,3,0,0x00000000,30,20,1/1,extreme_strengthened,9,15,75,0,75,7.5,26656,low,15,75,75,17,,,computed-only,computed-only,0,0,23,25,0,0,0,,
26656,0x6820,甲斐之虎铠甲　膝甲,防具,腿部,武士防具,legs,629,alternate_source,5312,0x14C0,legs,False,4,180,20,3,0,0x00000000,30,20,2/2,extreme_thickened,9,15,75,9,84,8.4,26656,low,0,75,75,17,,,computed-only,computed-only,0,0,8,10,0,0,0,,
26656,0x6820,甲斐之虎铠甲　膝甲,防具,腿部,武士防具,legs,629,alternate_source,5312,0x14C0,legs,False,4,180,20,3,0,0x00000000,30,20,1/2,strengthened_plus_thickened,9,15,75,4,79,7.9,26656,low,7,75,75,17,,,computed-only,computed-only,0,0,15,17,0,0,0,,
26849,0x68E1,叛军浪士之铠　膝甲,防具,腿部,武士防具,legs,1225,alternate_source,2948,0x0B84,legs,False,4,180,20,3,0,0x00000000,30,20,0/0,unmodified,9,15,50,0,50,5.0,26849,low,0,47,47,16,,,computed-only,computed-only,21,0,0,21,0,0,0,,
26849,0x68E1,叛军浪士之铠　膝甲,防具,腿部,武士防具,legs,1225,alternate_source,2948,0x0B84,legs,False,4,180,20,3,0,0x00000000,30,20,1/0,strengthened,9,15,50,0,50,5.0,26849,low,7,47,47,16,,,computed-only,computed-only,28,0,0,28,0,0,0,,
26849,0x68E1,叛军浪士之铠　膝甲,防具,腿部,武士防具,legs,1225,alternate_source,2948,0x0B84,legs,False,4,180,20,3,0,0x00000000,30,20,2/0,thickened,9,15,50,4,54,5.4,26849,low,0,47,47,16,,,computed-only,computed-only,21,0,0,21,0,0,0,,
26849,0x68E1,叛军浪士之铠　膝甲,防具,腿部,武士防具,legs,1225,alternate_source,2948,0x0B84,legs,False,4,180,20,3,0,0x00000000,30,20,1/1,extreme_strengthened,9,15,50,0,50,5.0,26849,low,15,47,47,16,,,computed-only,computed-only,36,0,0,36,0,0,0,,
26849,0x68E1,叛军浪士之铠　膝甲,防具,腿部,武士防具,legs,1225,alternate_source,2948,0x0B84,legs,False,4,180,20,3,0,0x00000000,30,20,2/2,extreme_thickened,9,15,50,9,59,5.9,26849,low,0,47,47,16,,,computed-only,computed-only,21,0,0,21,0,0,0,,
26849,0x68E1,叛军浪士之铠　膝甲,防具,腿部,武士防具,legs,1225,alternate_source,2948,0x0B84,legs,False,4,180,20,3,0,0x00000000,30,20,1/2,strengthened_plus_thickened,9,15,50,4,54,5.4,26849,low,7,47,47,16,,,computed-only,computed-only,28,0,0,28,0,0,0,,
26959,0x694F,山伏装束　头襟,防具,头部,忍者防具,head,900,alternate_source,35948,0x8C6C,head,False,4,180,20,3,0,0x00000000,30,20,0/0,unmodified,9,15,8,0,8,0.8,26959,low,0,18,18,15,,,computed-only,computed-only,10,0,0,0,11,0,0,,
26959,0x694F,山伏装束　头襟,防具,头部,忍者防具,head,900,alternate_source,35948,0x8C6C,head,False,4,180,20,3,0,0x00000000,30,20,1/0,strengthened,9,15,8,0,8,0.8,26959,low,7,18,18,15,,,computed-only,computed-only,17,0,0,0,18,0,0,,
26959,0x694F,山伏装束　头襟,防具,头部,忍者防具,head,900,alternate_source,35948,0x8C6C,head,False,4,180,20,3,0,0x00000000,30,20,2/0,thickened,9,15,8,4,12,1.2,26959,low,0,18,18,15,,,computed-only,computed-only,10,0,0,0,11,0,0,,
26959,0x694F,山伏装束　头襟,防具,头部,忍者防具,head,900,alternate_source,35948,0x8C6C,head,False,4,180,20,3,0,0x00000000,30,20,1/1,extreme_strengthened,9,15,8,0,8,0.8,26959,low,15,18,18,15,,,computed-only,computed-only,25,0,0,0,26,0,0,,
26959,0x694F,山伏装束　头襟,防具,头部,忍者防具,head,900,alternate_source,35948,0x8C6C,head,False,4,180,20,3,0,0x00000000,30,20,2/2,extreme_thickened,9,15,8,9,17,1.7,26959,low,0,18,18,15,,,computed-only,computed-only,10,0,0,0,11,0,0,,
26959,0x694F,山伏装束　头襟,防具,头部,忍者防具,head,900,alternate_source,35948,0x8C6C,head,False,4,180,20,3,0,0x00000000,30,20,1/2,strengthened_plus_thickened,9,15,8,4,12,1.2,26959,low,7,18,18,15,,,computed-only,computed-only,17,0,0,0,18,0,0,,
27184,0x6A30,女面,防具,头部,忍者防具,head,1388,alternate_source,12081,0x2F31,head,False,4,180,20,3,0,0x00000000,30,20,0/0,unmodified,9,15,6,0,6,0.6,27184,low,0,18,18,15,,,computed-only,computed-only,8,0,0,0,8,0,0,,
27184,0x6A30,女面,防具,头部,忍者防具,head,1388,alternate_source,12081,0x2F31,head,False,4,180,20,3,0,0x00000000,30,20,1/0,strengthened,9,15,6,0,6,0.6,27184,low,7,18,18,15,,,computed-only,computed-only,15,0,0,0,15,0,0,,
27184,0x6A30,女面,防具,头部,忍者防具,head,1388,alternate_source,12081,0x2F31,head,False,4,180,20,3,0,0x00000000,30,20,2/0,thickened,9,15,6,4,10,1.0,27184,low,0,18,18,15,,,computed-only,computed-only,8,0,0,0,8,0,0,,
27184,0x6A30,女面,防具,头部,忍者防具,head,1388,alternate_source,12081,0x2F31,head,False,4,180,20,3,0,0x00000000,30,20,1/1,extreme_strengthened,9,15,6,0,6,0.6,27184,low,15,18,18,15,,,computed-only,computed-only,23,0,0,0,23,0,0,,
27184,0x6A30,女面,防具,头部,忍者防具,head,1388,alternate_source,12081,0x2F31,head,False,4,180,20,3,0,0x00000000,30,20,2/2,extreme_thickened,9,15,6,9,15,1.5,27184,low,0,18,18,15,,,computed-only,computed-only,8,0,0,0,8,0,0,,
27184,0x6A30,女面,防具,头部,忍者防具,head,1388,alternate_source,12081,0x2F31,head,False,4,180,20,3,0,0x00000000,30,20,1/2,strengthened_plus_thickened,9,15,6,4,10,1.0,27184,low,7,18,18,15,,,computed-only,computed-only,15,0,0,0,15,0,0,,
27209,0x6A49,,防具,,忍者防具,arms,977,standalone,27209,0x6A49,arms,False,4,180,20,3,0,0x00000000,30,20,0/0,unmodified,9,15,10,0,10,1.0,27209,low,0,18,18,15,,,computed-only,computed-only,0,0,0,0,12,0,0,,
27209,0x6A49,,防具,,忍者防具,arms,977,standalone,27209,0x6A49,arms,False,4,180,20,3,0,0x00000000,30,20,1/0,strengthened,9,15,10,0,10,1.0,27209,low,7,18,18,15,,,computed-only,computed-only,0,0,0,0,19,0,0,,
27209,0x6A49,,防具,,忍者防具,arms,977,standalone,27209,0x6A49,arms,False,4,180,20,3,0,0x00000000,30,20,2/0,thickened,9,15,10,4,14,1.4,27209,low,0,18,18,15,,,computed-only,computed-only,0,0,0,0,12,0,0,,
27209,0x6A49,,防具,,忍者防具,arms,977,standalone,27209,0x6A49,arms,False,4,180,20,3,0,0x00000000,30,20,1/1,extreme_strengthened,9,15,10,0,10,1.0,27209,low,15,18,18,15,,,computed-only,computed-only,0,0,0,0,27,0,0,,
27209,0x6A49,,防具,,忍者防具,arms,977,standalone,27209,0x6A49,arms,False,4,180,20,3,0,0x00000000,30,20,2/2,extreme_thickened,9,15,10,9,19,1.9,27209,low,0,18,18,15,,,computed-only,computed-only,0,0,0,0,12,0,0,,
27209,0x6A49,,防具,,忍者防具,arms,977,standalone,27209,0x6A49,arms,False,4,180,20,3,0,0x00000000,30,20,1/2,strengthened_plus_thickened,9,15,10,4,14,1.4,27209,low,7,18,18,15,,,computed-only,computed-only,0,0,0,0,19,0,0,,
27315,0x6AB3,弓手上衣,防具,身体,武士防具,chest,891,alternate_source,24343,0x5F17,chest,False,4,180,20,3,0,0x00000000,30,20,0/0,unmodified,9,15,32,0,32,3.2,27315,low,0,38,38,15,,,computed-only,computed-only,9,0,0,0,9,0,0,,
27315,0x6AB3,弓手上衣,防具,身体,武士防具,chest,891,alternate_source,24343,0x5F17,chest,False,4,180,20,3,0,0x00000000,30,20,1/0,strengthened,9,15,32,0,32,3.2,27315,low,7,38,38,15,,,computed-only,computed-only,16,0,0,0,16,0,0,,
27315,0x6AB3,弓手上衣,防具,身体,武士防具,chest,891,alternate_source,24343,0x5F17,chest,False,4,180,20,3,0,0x00000000,30,20,2/0,thickened,9,15,32,4,36,3.6,27315,low,0,38,38,15,,,computed-only,computed-only,9,0,0,0,9,0,0,,
27315,0x6AB3,弓手上衣,防具,身体,武士防具,chest,891,alternate_source,24343,0x5F17,chest,False,4,180,20,3,0,0x00000000,30,20,1/1,extreme_strengthened,9,15,32,0,32,3.2,27315,low,15,38,38,15,,,computed-only,computed-only,24,0,0,0,24,0,0,,
27315,0x6AB3,弓手上衣,防具,身体,武士防具,chest,891,alternate_source,24343,0x5F17,chest,False,4,180,20,3,0,0x00000000,30,20,2/2,extreme_thickened,9,15,32,9,41,4.1,27315,low,0,38,38,15,,,computed-only,computed-only,9,0,0,0,9,0,0,,
27315,0x6AB3,弓手上衣,防具,身体,武士防具,chest,891,alternate_source,24343,0x5F17,chest,False,4,180,20,3,0,0x00000000,30,20,1/2,strengthened_plus_thickened,9,15,32,4,36,3.6,27315,low,7,38,38,15,,,computed-only,computed-only,16,0,0,0,16,0,0,,
27555,0x6BA3,千千古头盔,防具,头部,武士防具,head,1367,alternate_source,24733,0x609D,head,False,4,180,20,3,0,0x00000000,30,20,0/0,unmodified,9,15,15,0,15,1.5,27555,low,0,19,19,15,,,computed-only,computed-only,5,0,0,0,5,0,0,,
27555,0x6BA3,千千古头盔,防具,头部,武士防具,head,1367,alternate_source,24733,0x609D,head,False,4,180,20,3,0,0x00000000,30,20,1/0,strengthened,9,15,15,0,15,1.5,27555,low,7,19,19,15,,,computed-only,computed-only,12,0,0,0,12,0,0,,
27555,0x6BA3,千千古头盔,防具,头部,武士防具,head,1367,alternate_source,24733,0x609D,head,False,4,180,20,3,0,0x00000000,30,20,2/0,thickened,9,15,15,4,19,1.9,27555,low,0,19,19,15,,,computed-only,computed-only,5,0,0,0,5,0,0,,
27555,0x6BA3,千千古头盔,防具,头部,武士防具,head,1367,alternate_source,24733,0x609D,head,False,4,180,20,3,0,0x00000000,30,20,1/1,extreme_strengthened,9,15,15,0,15,1.5,27555,low,15,19,19,15,,,computed-only,computed-only,20,0,0,0,20,0,0,,
27555,0x6BA3,千千古头盔,防具,头部,武士防具,head,1367,alternate_source,24733,0x609D,head,False,4,180,20,3,0,0x00000000,30,20,2/2,extreme_thickened,9,15,15,9,24,2.4,27555,low,0,19,19,15,,,computed-only,computed-only,5,0,0,0,5,0,0,,
27555,0x6BA3,千千古头盔,防具,头部,武士防具,head,1367,alternate_source,24733,0x609D,head,False,4,180,20,3,0,0x00000000,30,20,1/2,strengthened_plus_thickened,9,15,15,4,19,1.9,27555,low,7,19,19,15,,,computed-only,computed-only,12,0,0,0,12,0,0,,
27618,0x6BE2,忍者装束　臂甲,防具,手臂,忍者防具,arms,877,alternate_source,21484,0x53EC,arms,False,4,180,20,3,0,0x00000000,30,20,0/0,unmodified,9,15,7,0,7,0.7,27618,low,0,18,18,15,,,computed-only,computed-only,6,0,0,0,7,0,0,,
27618,0x6BE2,忍者装束　臂甲,防具,手臂,忍者防具,arms,877,alternate_source,21484,0x53EC,arms,False,4,180,20,3,0,0x00000000,30,20,1/0,strengthened,9,15,7,0,7,0.7,27618,low,7,18,18,15,,,computed-only,computed-only,13,0,0,0,14,0,0,,
27618,0x6BE2,忍者装束　臂甲,防具,手臂,忍者防具,arms,877,alternate_source,21484,0x53EC,arms,False,4,180,20,3,0,0x00000000,30,20,2/0,thickened,9,15,7,4,11,1.1,27618,low,0,18,18,15,,,computed-only,computed-only,6,0,0,0,7,0,0,,
27618,0x6BE2,忍者装束　臂甲,防具,手臂,忍者防具,arms,877,alternate_source,21484,0x53EC,arms,False,4,180,20,3,0,0x00000000,30,20,1/1,extreme_strengthened,9,15,7,0,7,0.7,27618,low,15,18,18,15,,,computed-only,computed-only,21,0,0,0,22,0,0,,
27618,0x6BE2,忍者装束　臂甲,防具,手臂,忍者防具,arms,877,alternate_source,21484,0x53EC,arms,False,4,180,20,3,0,0x00000000,30,20,2/2,extreme_thickened,9,15,7,9,16,1.6,27618,low,0,18,18,15,,,computed-only,computed-only,6,0,0,0,7,0,0,,
27618,0x6BE2,忍者装束　臂甲,防具,手臂,忍者防具,arms,877,alternate_source,21484,0x53EC,arms,False,4,180,20,3,0,0x00000000,30,20,1/2,strengthened_plus_thickened,9,15,7,4,11,1.1,27618,low,7,18,18,15,,,computed-only,computed-only,13,0,0,0,14,0,0,,
27723,0x6C4B,盗贼之铠　胸甲,防具,身体,忍者防具,chest,1165,alternate_source,5102,0x13EE,chest,False,4,180,20,3,0,0x00000000,30,20,0/0,unmodified,9,15,32,0,32,3.2,27723,low,0,56,56,16,,,computed-only,computed-only,0,0,5,0,5,0,0,,
27723,0x6C4B,盗贼之铠　胸甲,防具,身体,忍者防具,chest,1165,alternate_source,5102,0x13EE,chest,False,4,180,20,3,0,0x00000000,30,20,1/0,strengthened,9,15,32,0,32,3.2,27723,low,7,56,56,16,,,computed-only,computed-only,0,0,12,0,12,0,0,,
27723,0x6C4B,盗贼之铠　胸甲,防具,身体,忍者防具,chest,1165,alternate_source,5102,0x13EE,chest,False,4,180,20,3,0,0x00000000,30,20,2/0,thickened,9,15,32,4,36,3.6,27723,low,0,56,56,16,,,computed-only,computed-only,0,0,5,0,5,0,0,,
27723,0x6C4B,盗贼之铠　胸甲,防具,身体,忍者防具,chest,1165,alternate_source,5102,0x13EE,chest,False,4,180,20,3,0,0x00000000,30,20,1/1,extreme_strengthened,9,15,32,0,32,3.2,27723,low,15,56,56,16,,,computed-only,computed-only,0,0,20,0,20,0,0,,
27723,0x6C4B,盗贼之铠　胸甲,防具,身体,忍者防具,chest,1165,alternate_source,5102,0x13EE,chest,False,4,180,20,3,0,0x00000000,30,20,2/2,extreme_thickened,9,15,32,9,41,4.1,27723,low,0,56,56,16,,,computed-only,computed-only,0,0,5,0,5,0,0,,
27723,0x6C4B,盗贼之铠　胸甲,防具,身体,忍者防具,chest,1165,alternate_source,5102,0x13EE,chest,False,4,180,20,3,0,0x00000000,30,20,1/2,strengthened_plus_thickened,9,15,32,4,36,3.6,27723,low,7,56,56,16,,,computed-only,computed-only,0,0,12,0,12,0,0,,
27862,0x6CD6,风魔头领忍者装束　臂甲,防具,手臂,忍者防具,arms,695,alternate_source,24866,0x6122,arms,False,4,180,20,3,0,0x00000000,30,20,0/0,unmodified,9,15,17,0,17,1.7,27862,low,0,28,28,16,,,computed-only,computed-only,0,0,6,0,8,0,0,,
27862,0x6CD6,风魔头领忍者装束　臂甲,防具,手臂,忍者防具,arms,695,alternate_source,24866,0x6122,arms,False,4,180,20,3,0,0x00000000,30,20,1/0,strengthened,9,15,17,0,17,1.7,27862,low,7,28,28,16,,,computed-only,computed-only,0,0,13,0,15,0,0,,
27862,0x6CD6,风魔头领忍者装束　臂甲,防具,手臂,忍者防具,arms,695,alternate_source,24866,0x6122,arms,False,4,180,20,3,0,0x00000000,30,20,2/0,thickened,9,15,17,4,21,2.1,27862,low,0,28,28,16,,,computed-only,computed-only,0,0,6,0,8,0,0,,
27862,0x6CD6,风魔头领忍者装束　臂甲,防具,手臂,忍者防具,arms,695,alternate_source,24866,0x6122,arms,False,4,180,20,3,0,0x00000000,30,20,1/1,extreme_strengthened,9,15,17,0,17,1.7,27862,low,15,28,28,16,,,computed-only,computed-only,0,0,21,0,23,0,0,,
27862,0x6CD6,风魔头领忍者装束　臂甲,防具,手臂,忍者防具,arms,695,alternate_source,24866,0x6122,arms,False,4,180,20,3,0,0x00000000,30,20,2/2,extreme_thickened,9,15,17,9,26,2.6,27862,low,0,28,28,16,,,computed-only,computed-only,0,0,6,0,8,0,0,,
27862,0x6CD6,风魔头领忍者装束　臂甲,防具,手臂,忍者防具,arms,695,alternate_source,24866,0x6122,arms,False,4,180,20,3,0,0x00000000,30,20,1/2,strengthened_plus_thickened,9,15,17,4,21,2.1,27862,low,7,28,28,16,,,computed-only,computed-only,0,0,13,0,15,0,0,,
28134,0x6DE6,东国无双之铠　头盔,防具,头部,武士防具,head,1179,alternate_source,58443,0xE44B,head,False,4,180,20,3,0,0x00000000,30,20,0/0,unmodified,9,15,47,0,47,4.7,28134,low,0,50,50,17,,,computed-only,computed-only,0,0,6,6,0,0,0,,
28134,0x6DE6,东国无双之铠　头盔,防具,头部,武士防具,head,1179,alternate_source,58443,0xE44B,head,False,4,180,20,3,0,0x00000000,30,20,1/0,strengthened,9,15,47,0,47,4.7,28134,low,7,50,50,17,,,computed-only,computed-only,0,0,13,13,0,0,0,,
28134,0x6DE6,东国无双之铠　头盔,防具,头部,武士防具,head,1179,alternate_source,58443,0xE44B,head,False,4,180,20,3,0,0x00000000,30,20,2/0,thickened,9,15,47,4,51,5.1,28134,low,0,50,50,17,,,computed-only,computed-only,0,0,6,6,0,0,0,,
28134,0x6DE6,东国无双之铠　头盔,防具,头部,武士防具,head,1179,alternate_source,58443,0xE44B,head,False,4,180,20,3,0,0x00000000,30,20,1/1,extreme_strengthened,9,15,47,0,47,4.7,28134,low,15,50,50,17,,,computed-only,computed-only,0,0,21,21,0,0,0,,
28134,0x6DE6,东国无双之铠　头盔,防具,头部,武士防具,head,1179,alternate_source,58443,0xE44B,head,False,4,180,20,3,0,0x00000000,30,20,2/2,extreme_thickened,9,15,47,9,56,5.6,28134,low,0,50,50,17,,,computed-only,computed-only,0,0,6,6,0,0,0,,
28134,0x6DE6,东国无双之铠　头盔,防具,头部,武士防具,head,1179,alternate_source,58443,0xE44B,head,False,4,180,20,3,0,0x00000000,30,20,1/2,strengthened_plus_thickened,9,15,47,4,51,5.1,28134,low,7,50,50,17,,,computed-only,computed-only,0,0,13,13,0,0,0,,
28301,0x6E8D,,防具或饰品,,装备,head,1247,alternate_source,26615,0x67F7,head,False,4,180,20,3,0,0x00000000,30,20,0/0,unmodified,9,15,51,0,51,5.1,28301,low,0,50,50,17,,,computed-only,computed-only,0,0,23,22,0,0,0,,
28301,0x6E8D,,防具或饰品,,装备,head,1247,alternate_source,26615,0x67F7,head,False,4,180,20,3,0,0x00000000,30,20,1/0,strengthened,9,15,51,0,51,5.1,28301,low,7,50,50,17,,,computed-only,computed-only,0,0,30,29,0,0,0,,
28301,0x6E8D,,防具或饰品,,装备,head,1247,alternate_source,26615,0x67F7,head,False,4,180,20,3,0,0x00000000,30,20,2/0,thickened,9,15,51,4,55,5.5,28301,low,0,50,50,17,,,computed-only,computed-only,0,0,23,22,0,0,0,,
28301,0x6E8D,,防具或饰品,,装备,head,1247,alternate_source,26615,0x67F7,head,False,4,180,20,3,0,0x00000000,30,20,1/1,extreme_strengthened,9,15,51,0,51,5.1,28301,low,15,50,50,17,,,computed-only,computed-only,0,0,38,37,0,0,0,,
28301,0x6E8D,,防具或饰品,,装备,head,1247,alternate_source,26615,0x67F7,head,False,4,180,20,3,0,0x00000000,30,20,2/2,extreme_thickened,9,15,51,9,60,6.0,28301,low,0,50,50,17,,,computed-only,computed-only,0,0,23,22,0,0,0,,
28301,0x6E8D,,防具或饰品,,装备,head,1247,alternate_source,26615,0x67F7,head,False,4,180,20,3,0,0x00000000,30,20,1/2,strengthened_plus_thickened,9,15,51,4,55,5.5,28301,low,7,50,50,17,,,computed-only,computed-only,0,0,30,29,0,0,0,,
28482,0x6F42,田村后裔之铠　臂甲,防具,手臂,武士防具,arms,1206,alternate_source,57803,0xE1CB,arms,False,4,180,20,3,0,0x00000000,30,20,0/0,unmodified,9,15,55,0,55,5.5,28482,low,0,50,50,17,,,computed-only,computed-only,0,0,19,19,0,0,0,,
28482,0x6F42,田村后裔之铠　臂甲,防具,手臂,武士防具,arms,1206,alternate_source,57803,0xE1CB,arms,False,4,180,20,3,0,0x00000000,30,20,1/0,strengthened,9,15,55,0,55,5.5,28482,low,7,50,50,17,,,computed-only,computed-only,0,0,26,26,0,0,0,,
28482,0x6F42,田村后裔之铠　臂甲,防具,手臂,武士防具,arms,1206,alternate_source,57803,0xE1CB,arms,False,4,180,20,3,0,0x00000000,30,20,2/0,thickened,9,15,55,4,59,5.9,28482,low,0,50,50,17,,,computed-only,computed-only,0,0,19,19,0,0,0,,
28482,0x6F42,田村后裔之铠　臂甲,防具,手臂,武士防具,arms,1206,alternate_source,57803,0xE1CB,arms,False,4,180,20,3,0,0x00000000,30,20,1/1,extreme_strengthened,9,15,55,0,55,5.5,28482,low,15,50,50,17,,,computed-only,computed-only,0,0,34,34,0,0,0,,
28482,0x6F42,田村后裔之铠　臂甲,防具,手臂,武士防具,arms,1206,alternate_source,57803,0xE1CB,arms,False,4,180,20,3,0,0x00000000,30,20,2/2,extreme_thickened,9,15,55,9,64,6.4,28482,low,0,50,50,17,,,computed-only,computed-only,0,0,19,19,0,0,0,,
28482,0x6F42,田村后裔之铠　臂甲,防具,手臂,武士防具,arms,1206,alternate_source,57803,0xE1CB,arms,False,4,180,20,3,0,0x00000000,30,20,1/2,strengthened_plus_thickened,9,15,55,4,59,5.9,28482,low,7,50,50,17,,,computed-only,computed-only,0,0,26,26,0,0,0,,
28529,0x6F71,怪童大铠　臂甲,防具,手臂,武士防具,arms,1191,alternate_source,48333,0xBCCD,arms,False,4,180,20,3,0,0x00000000,30,20,0/0,unmodified,9,15,53,0,53,5.3,28529,low,0,50,50,17,,,computed-only,computed-only,0,0,14,15,0,0,0,,
28529,0x6F71,怪童大铠　臂甲,防具,手臂,武士防具,arms,1191,alternate_source,48333,0xBCCD,arms,False,4,180,20,3,0,0x00000000,30,20,1/0,strengthened,9,15,53,0,53,5.3,28529,low,7,50,50,17,,,computed-only,computed-only,0,0,21,22,0,0,0,,
28529,0x6F71,怪童大铠　臂甲,防具,手臂,武士防具,arms,1191,alternate_source,48333,0xBCCD,arms,False,4,180,20,3,0,0x00000000,30,20,2/0,thickened,9,15,53,4,57,5.7,28529,low,0,50,50,17,,,computed-only,computed-only,0,0,14,15,0,0,0,,
28529,0x6F71,怪童大铠　臂甲,防具,手臂,武士防具,arms,1191,alternate_source,48333,0xBCCD,arms,False,4,180,20,3,0,0x00000000,30,20,1/1,extreme_strengthened,9,15,53,0,53,5.3,28529,low,15,50,50,17,,,computed-only,computed-only,0,0,29,30,0,0,0,,
28529,0x6F71,怪童大铠　臂甲,防具,手臂,武士防具,arms,1191,alternate_source,48333,0xBCCD,arms,False,4,180,20,3,0,0x00000000,30,20,2/2,extreme_thickened,9,15,53,9,62,6.2,28529,low,0,50,50,17,,,computed-only,computed-only,0,0,14,15,0,0,0,,
28529,0x6F71,怪童大铠　臂甲,防具,手臂,武士防具,arms,1191,alternate_source,48333,0xBCCD,arms,False,4,180,20,3,0,0x00000000,30,20,1/2,strengthened_plus_thickened,9,15,53,4,57,5.7,28529,low,7,50,50,17,,,computed-only,computed-only,0,0,21,22,0,0,0,,
28581,0x6FA5,百万石之铠　头盔,防具,头部,武士防具,head,1227,alternate_source,19000,0x4A38,head,False,4,180,20,3,0,0x00000000,30,20,0/0,unmodified,9,15,53,0,53,5.3,28581,low,0,50,50,17,,,computed-only,computed-only,22,0,0,0,23,0,0,,
28581,0x6FA5,百万石之铠　头盔,防具,头部,武士防具,head,1227,alternate_source,19000,0x4A38,head,False,4,180,20,3,0,0x00000000,30,20,1/0,strengthened,9,15,53,0,53,5.3,28581,low,7,50,50,17,,,computed-only,computed-only,29,0,0,0,30,0,0,,
28581,0x6FA5,百万石之铠　头盔,防具,头部,武士防具,head,1227,alternate_source,19000,0x4A38,head,False,4,180,20,3,0,0x00000000,30,20,2/0,thickened,9,15,53,4,57,5.7,28581,low,0,50,50,17,,,computed-only,computed-only,22,0,0,0,23,0,0,,
28581,0x6FA5,百万石之铠　头盔,防具,头部,武士防具,head,1227,alternate_source,19000,0x4A38,head,False,4,180,20,3,0,0x00000000,30,20,1/1,extreme_strengthened,9,15,53,0,53,5.3,28581,low,15,50,50,17,,,computed-only,computed-only,37,0,0,0,38,0,0,,
28581,0x6FA5,百万石之铠　头盔,防具,头部,武士防具,head,1227,alternate_source,19000,0x4A38,head,False,4,180,20,3,0,0x00000000,30,20,2/2,extreme_thickened,9,15,53,9,62,6.2,28581,low,0,50,50,17,,,computed-only,computed-only,22,0,0,0,23,0,0,,
28581,0x6FA5,百万石之铠　头盔,防具,头部,武士防具,head,1227,alternate_source,19000,0x4A38,head,False,4,180,20,3,0,0x00000000,30,20,1/2,strengthened_plus_thickened,9,15,53,4,57,5.7,28581,low,7,50,50,17,,,computed-only,computed-only,29,0,0,0,30,0,0,,
28630,0x6FD6,落难御曹司装束　臂甲,防具,手臂,忍者防具,arms,774,alternate_source,58519,0xE497,arms,False,4,180,20,3,0,0x00000000,30,20,0/0,unmodified,9,15,8,0,8,0.8,28630,low,0,18,18,15,,,computed-only,computed-only,12,0,0,0,12,0,0,,
28630,0x6FD6,落难御曹司装束　臂甲,防具,手臂,忍者防具,arms,774,alternate_source,58519,0xE497,arms,False,4,180,20,3,0,0x00000000,30,20,1/0,strengthened,9,15,8,0,8,0.8,28630,low,7,18,18,15,,,computed-only,computed-only,19,0,0,0,19,0,0,,
28630,0x6FD6,落难御曹司装束　臂甲,防具,手臂,忍者防具,arms,774,alternate_source,58519,0xE497,arms,False,4,180,20,3,0,0x00000000,30,20,2/0,thickened,9,15,8,4,12,1.2,28630,low,0,18,18,15,,,computed-only,computed-only,12,0,0,0,12,0,0,,
28630,0x6FD6,落难御曹司装束　臂甲,防具,手臂,忍者防具,arms,774,alternate_source,58519,0xE497,arms,False,4,180,20,3,0,0x00000000,30,20,1/1,extreme_strengthened,9,15,8,0,8,0.8,28630,low,15,18,18,15,,,computed-only,computed-only,27,0,0,0,27,0,0,,
28630,0x6FD6,落难御曹司装束　臂甲,防具,手臂,忍者防具,arms,774,alternate_source,58519,0xE497,arms,False,4,180,20,3,0,0x00000000,30,20,2/2,extreme_thickened,9,15,8,9,17,1.7,28630,low,0,18,18,15,,,computed-only,computed-only,12,0,0,0,12,0,0,,
28630,0x6FD6,落难御曹司装束　臂甲,防具,手臂,忍者防具,arms,774,alternate_source,58519,0xE497,arms,False,4,180,20,3,0,0x00000000,30,20,1/2,strengthened_plus_thickened,9,15,8,4,12,1.2,28630,low,7,18,18,15,,,computed-only,computed-only,19,0,0,0,19,0,0,,
28727,0x7037,阴阳师狩衣　上衣,防具,身体,忍者防具,chest,906,alternate_source,43208,0xA8C8,chest,False,4,180,20,3,0,0x00000000,30,20,0/0,unmodified,9,15,36,0,36,3.6,28727,low,0,56,56,16,,,computed-only,computed-only,0,0,10,0,11,0,0,,
28727,0x7037,阴阳师狩衣　上衣,防具,身体,忍者防具,chest,906,alternate_source,43208,0xA8C8,chest,False,4,180,20,3,0,0x00000000,30,20,1/0,strengthened,9,15,36,0,36,3.6,28727,low,7,56,56,16,,,computed-only,computed-only,0,0,17,0,18,0,0,,
28727,0x7037,阴阳师狩衣　上衣,防具,身体,忍者防具,chest,906,alternate_source,43208,0xA8C8,chest,False,4,180,20,3,0,0x00000000,30,20,2/0,thickened,9,15,36,4,40,4.0,28727,low,0,56,56,16,,,computed-only,computed-only,0,0,10,0,11,0,0,,
28727,0x7037,阴阳师狩衣　上衣,防具,身体,忍者防具,chest,906,alternate_source,43208,0xA8C8,chest,False,4,180,20,3,0,0x00000000,30,20,1/1,extreme_strengthened,9,15,36,0,36,3.6,28727,low,15,56,56,16,,,computed-only,computed-only,0,0,25,0,26,0,0,,
28727,0x7037,阴阳师狩衣　上衣,防具,身体,忍者防具,chest,906,alternate_source,43208,0xA8C8,chest,False,4,180,20,3,0,0x00000000,30,20,2/2,extreme_thickened,9,15,36,9,45,4.5,28727,low,0,56,56,16,,,computed-only,computed-only,0,0,10,0,11,0,0,,
28727,0x7037,阴阳师狩衣　上衣,防具,身体,忍者防具,chest,906,alternate_source,43208,0xA8C8,chest,False,4,180,20,3,0,0x00000000,30,20,1/2,strengthened_plus_thickened,9,15,36,4,40,4.0,28727,low,7,56,56,16,,,computed-only,computed-only,0,0,17,0,18,0,0,,
28944,0x7110,海内无双之衣　臂甲,防具,手臂,武士防具,arms,735,alternate_source,21828,0x5544,arms,False,4,180,20,3,0,0x00000000,30,20,0/0,unmodified,9,15,17,0,17,1.7,28944,low,0,19,19,15,,,computed-only,computed-only,17,0,0,0,16,0,0,,
28944,0x7110,海内无双之衣　臂甲,防具,手臂,武士防具,arms,735,alternate_source,21828,0x5544,arms,False,4,180,20,3,0,0x00000000,30,20,1/0,strengthened,9,15,17,0,17,1.7,28944,low,7,19,19,15,,,computed-only,computed-only,24,0,0,0,23,0,0,,
28944,0x7110,海内无双之衣　臂甲,防具,手臂,武士防具,arms,735,alternate_source,21828,0x5544,arms,False,4,180,20,3,0,0x00000000,30,20,2/0,thickened,9,15,17,4,21,2.1,28944,low,0,19,19,15,,,computed-only,computed-only,17,0,0,0,16,0,0,,
28944,0x7110,海内无双之衣　臂甲,防具,手臂,武士防具,arms,735,alternate_source,21828,0x5544,arms,False,4,180,20,3,0,0x00000000,30,20,1/1,extreme_strengthened,9,15,17,0,17,1.7,28944,low,15,19,19,15,,,computed-only,computed-only,32,0,0,0,31,0,0,,
28944,0x7110,海内无双之衣　臂甲,防具,手臂,武士防具,arms,735,alternate_source,21828,0x5544,arms,False,4,180,20,3,0,0x00000000,30,20,2/2,extreme_thickened,9,15,17,9,26,2.6,28944,low,0,19,19,15,,,computed-only,computed-only,17,0,0,0,16,0,0,,
28944,0x7110,海内无双之衣　臂甲,防具,手臂,武士防具,arms,735,alternate_source,21828,0x5544,arms,False,4,180,20,3,0,0x00000000,30,20,1/2,strengthened_plus_thickened,9,15,17,4,21,2.1,28944,low,7,19,19,15,,,computed-only,computed-only,24,0,0,0,23,0,0,,
29031,0x7167,射手装束　胸甲,防具,身体,忍者防具,chest,769,alternate_source,43208,0xA8C8,chest,False,4,180,20,3,0,0x00000000,30,20,0/0,unmodified,9,15,36,0,36,3.6,29031,low,0,56,56,16,,,computed-only,computed-only,0,0,18,0,17,0,0,,
29031,0x7167,射手装束　胸甲,防具,身体,忍者防具,chest,769,alternate_source,43208,0xA8C8,chest,False,4,180,20,3,0,0x00000000,30,20,1/0,strengthened,9,15,36,0,36,3.6,29031,low,7,56,56,16,,,computed-only,computed-only,0,0,25,0,24,0,0,,
29031,0x7167,射手装束　胸甲,防具,身体,忍者防具,chest,769,alternate_source,43208,0xA8C8,chest,False,4,180,20,3,0,0x00000000,30,20,2/0,thickened,9,15,36,4,40,4.0,29031,low,0,56,56,16,,,computed-only,computed-only,0,0,18,0,17,0,0,,
29031,0x7167,射手装束　胸甲,防具,身体,忍者防具,chest,769,alternate_source,43208,0xA8C8,chest,False,4,180,20,3,0,0x00000000,30,20,1/1,extreme_strengthened,9,15,36,0,36,3.6,29031,low,15,56,56,16,,,computed-only,computed-only,0,0,33,0,32,0,0,,
29031,0x7167,射手装束　胸甲,防具,身体,忍者防具,chest,769,alternate_source,43208,0xA8C8,chest,False,4,180,20,3,0,0x00000000,30,20,2/2,extreme_thickened,9,15,36,9,45,4.5,29031,low,0,56,56,16,,,computed-only,computed-only,0,0,18,0,17,0,0,,
29031,0x7167,射手装束　胸甲,防具,身体,忍者防具,chest,769,alternate_source,43208,0xA8C8,chest,False,4,180,20,3,0,0x00000000,30,20,1/2,strengthened_plus_thickened,9,15,36,4,40,4.0,29031,low,7,56,56,16,,,computed-only,computed-only,0,0,25,0,24,0,0,,
29203,0x7213,燕尾中铠　臂甲,防具,手臂,武士防具,arms,1031,alternate_source,57417,0xE049,arms,False,4,180,20,3,0,0x00000000,30,20,0/0,unmodified,9,15,39,0,39,3.9,29203,low,0,31,31,16,,,computed-only,computed-only,11,0,0,13,0,0,0,,
29203,0x7213,燕尾中铠　臂甲,防具,手臂,武士防具,arms,1031,alternate_source,57417,0xE049,arms,False,4,180,20,3,0,0x00000000,30,20,1/0,strengthened,9,15,39,0,39,3.9,29203,low,7,31,31,16,,,computed-only,computed-only,18,0,0,20,0,0,0,,
29203,0x7213,燕尾中铠　臂甲,防具,手臂,武士防具,arms,1031,alternate_source,57417,0xE049,arms,False,4,180,20,3,0,0x00000000,30,20,2/0,thickened,9,15,39,4,43,4.3,29203,low,0,31,31,16,,,computed-only,computed-only,11,0,0,13,0,0,0,,
29203,0x7213,燕尾中铠　臂甲,防具,手臂,武士防具,arms,1031,alternate_source,57417,0xE049,arms,False,4,180,20,3,0,0x00000000,30,20,1/1,extreme_strengthened,9,15,39,0,39,3.9,29203,low,15,31,31,16,,,computed-only,computed-only,26,0,0,28,0,0,0,,
29203,0x7213,燕尾中铠　臂甲,防具,手臂,武士防具,arms,1031,alternate_source,57417,0xE049,arms,False,4,180,20,3,0,0x00000000,30,20,2/2,extreme_thickened,9,15,39,9,48,4.8,29203,low,0,31,31,16,,,computed-only,computed-only,11,0,0,13,0,0,0,,
29203,0x7213,燕尾中铠　臂甲,防具,手臂,武士防具,arms,1031,alternate_source,57417,0xE049,arms,False,4,180,20,3,0,0x00000000,30,20,1/2,strengthened_plus_thickened,9,15,39,4,43,4.3,29203,low,7,31,31,16,,,computed-only,computed-only,18,0,0,20,0,0,0,,
29289,0x7269,三者忍者装束　上衣,防具,身体,忍者防具,chest,754,alternate_source,43208,0xA8C8,chest,False,4,180,20,3,0,0x00000000,30,20,0/0,unmodified,9,15,36,0,36,3.6,29289,low,0,56,56,16,,,computed-only,computed-only,0,0,9,0,8,0,0,,
29289,0x7269,三者忍者装束　上衣,防具,身体,忍者防具,chest,754,alternate_source,43208,0xA8C8,chest,False,4,180,20,3,0,0x00000000,30,20,1/0,strengthened,9,15,36,0,36,3.6,29289,low,7,56,56,16,,,computed-only,computed-only,0,0,16,0,15,0,0,,
29289,0x7269,三者忍者装束　上衣,防具,身体,忍者防具,chest,754,alternate_source,43208,0xA8C8,chest,False,4,180,20,3,0,0x00000000,30,20,2/0,thickened,9,15,36,4,40,4.0,29289,low,0,56,56,16,,,computed-only,computed-only,0,0,9,0,8,0,0,,
29289,0x7269,三者忍者装束　上衣,防具,身体,忍者防具,chest,754,alternate_source,43208,0xA8C8,chest,False,4,180,20,3,0,0x00000000,30,20,1/1,extreme_strengthened,9,15,36,0,36,3.6,29289,low,15,56,56,16,,,computed-only,computed-only,0,0,24,0,23,0,0,,
29289,0x7269,三者忍者装束　上衣,防具,身体,忍者防具,chest,754,alternate_source,43208,0xA8C8,chest,False,4,180,20,3,0,0x00000000,30,20,2/2,extreme_thickened,9,15,36,9,45,4.5,29289,low,0,56,56,16,,,computed-only,computed-only,0,0,9,0,8,0,0,,
29289,0x7269,三者忍者装束　上衣,防具,身体,忍者防具,chest,754,alternate_source,43208,0xA8C8,chest,False,4,180,20,3,0,0x00000000,30,20,1/2,strengthened_plus_thickened,9,15,36,4,40,4.0,29289,low,7,56,56,16,,,computed-only,computed-only,0,0,16,0,15,0,0,,
29340,0x729C,忍者装束　上衣,防具,身体,忍者防具,chest,876,alternate_source,10607,0x296F,chest,False,4,180,20,3,0,0x00000000,30,20,0/0,unmodified,9,15,14,0,14,1.4,29340,low,0,36,36,15,,,computed-only,computed-only,6,0,0,0,7,0,0,,
29340,0x729C,忍者装束　上衣,防具,身体,忍者防具,chest,876,alternate_source,10607,0x296F,chest,False,4,180,20,3,0,0x00000000,30,20,1/0,strengthened,9,15,14,0,14,1.4,29340,low,7,36,36,15,,,computed-only,computed-only,13,0,0,0,14,0,0,,
29340,0x729C,忍者装束　上衣,防具,身体,忍者防具,chest,876,alternate_source,10607,0x296F,chest,False,4,180,20,3,0,0x00000000,30,20,2/0,thickened,9,15,14,4,18,1.8,29340,low,0,36,36,15,,,computed-only,computed-only,6,0,0,0,7,0,0,,
29340,0x729C,忍者装束　上衣,防具,身体,忍者防具,chest,876,alternate_source,10607,0x296F,chest,False,4,180,20,3,0,0x00000000,30,20,1/1,extreme_strengthened,9,15,14,0,14,1.4,29340,low,15,36,36,15,,,computed-only,computed-only,21,0,0,0,22,0,0,,
29340,0x729C,忍者装束　上衣,防具,身体,忍者防具,chest,876,alternate_source,10607,0x296F,chest,False,4,180,20,3,0,0x00000000,30,20,2/2,extreme_thickened,9,15,14,9,23,2.3,29340,low,0,36,36,15,,,computed-only,computed-only,6,0,0,0,7,0,0,,
29340,0x729C,忍者装束　上衣,防具,身体,忍者防具,chest,876,alternate_source,10607,0x296F,chest,False,4,180,20,3,0,0x00000000,30,20,1/2,strengthened_plus_thickened,9,15,14,4,18,1.8,29340,low,7,36,36,15,,,computed-only,computed-only,13,0,0,0,14,0,0,,
29430,0x72F6,弁庆梦想装束　裤裙,防具,腿部,忍者防具,legs,1256,alternate_source,21992,0x55E8,legs,False,4,180,20,3,0,0x00000000,30,20,0/0,unmodified,9,15,26,0,26,2.6,29430,low,0,42,42,16,,,computed-only,computed-only,0,0,0,23,22,0,0,,
29430,0x72F6,弁庆梦想装束　裤裙,防具,腿部,忍者防具,legs,1256,alternate_source,21992,0x55E8,legs,False,4,180,20,3,0,0x00000000,30,20,1/0,strengthened,9,15,26,0,26,2.6,29430,low,7,42,42,16,,,computed-only,computed-only,0,0,0,30,29,0,0,,
29430,0x72F6,弁庆梦想装束　裤裙,防具,腿部,忍者防具,legs,1256,alternate_source,21992,0x55E8,legs,False,4,180,20,3,0,0x00000000,30,20,2/0,thickened,9,15,26,4,30,3.0,29430,low,0,42,42,16,,,computed-only,computed-only,0,0,0,23,22,0,0,,
29430,0x72F6,弁庆梦想装束　裤裙,防具,腿部,忍者防具,legs,1256,alternate_source,21992,0x55E8,legs,False,4,180,20,3,0,0x00000000,30,20,1/1,extreme_strengthened,9,15,26,0,26,2.6,29430,low,15,42,42,16,,,computed-only,computed-only,0,0,0,38,37,0,0,,
29430,0x72F6,弁庆梦想装束　裤裙,防具,腿部,忍者防具,legs,1256,alternate_source,21992,0x55E8,legs,False,4,180,20,3,0,0x00000000,30,20,2/2,extreme_thickened,9,15,26,9,35,3.5,29430,low,0,42,42,16,,,computed-only,computed-only,0,0,0,23,22,0,0,,
29430,0x72F6,弁庆梦想装束　裤裙,防具,腿部,忍者防具,legs,1256,alternate_source,21992,0x55E8,legs,False,4,180,20,3,0,0x00000000,30,20,1/2,strengthened_plus_thickened,9,15,26,4,30,3.0,29430,low,7,42,42,16,,,computed-only,computed-only,0,0,0,30,29,0,0,,
29450,0x730A,水军装束　腿甲,防具,足部,忍者防具,feet,767,alternate_source,24404,0x5F54,feet,False,4,180,20,3,0,0x00000000,30,20,0/0,unmodified,9,15,8,0,8,0.8,29450,low,0,18,18,15,,,computed-only,computed-only,12,0,0,0,13,0,0,,
29450,0x730A,水军装束　腿甲,防具,足部,忍者防具,feet,767,alternate_source,24404,0x5F54,feet,False,4,180,20,3,0,0x00000000,30,20,1/0,strengthened,9,15,8,0,8,0.8,29450,low,7,18,18,15,,,computed-only,computed-only,19,0,0,0,20,0,0,,
29450,0x730A,水军装束　腿甲,防具,足部,忍者防具,feet,767,alternate_source,24404,0x5F54,feet,False,4,180,20,3,0,0x00000000,30,20,2/0,thickened,9,15,8,4,12,1.2,29450,low,0,18,18,15,,,computed-only,computed-only,12,0,0,0,13,0,0,,
29450,0x730A,水军装束　腿甲,防具,足部,忍者防具,feet,767,alternate_source,24404,0x5F54,feet,False,4,180,20,3,0,0x00000000,30,20,1/1,extreme_strengthened,9,15,8,0,8,0.8,29450,low,15,18,18,15,,,computed-only,computed-only,27,0,0,0,28,0,0,,
29450,0x730A,水军装束　腿甲,防具,足部,忍者防具,feet,767,alternate_source,24404,0x5F54,feet,False,4,180,20,3,0,0x00000000,30,20,2/2,extreme_thickened,9,15,8,9,17,1.7,29450,low,0,18,18,15,,,computed-only,computed-only,12,0,0,0,13,0,0,,
29450,0x730A,水军装束　腿甲,防具,足部,忍者防具,feet,767,alternate_source,24404,0x5F54,feet,False,4,180,20,3,0,0x00000000,30,20,1/2,strengthened_plus_thickened,9,15,8,4,12,1.2,29450,low,7,18,18,15,,,computed-only,computed-only,19,0,0,0,20,0,0,,
29451,0x730B,游历剑士装束　上衣,防具,身体,武士防具,chest,783,alternate_source,49295,0xC08F,chest,False,4,180,20,3,0,0x00000000,30,20,0/0,unmodified,9,15,30,0,30,3.0,29451,low,0,38,38,15,,,computed-only,computed-only,6,0,0,0,8,0,0,,
29451,0x730B,游历剑士装束　上衣,防具,身体,武士防具,chest,783,alternate_source,49295,0xC08F,chest,False,4,180,20,3,0,0x00000000,30,20,1/0,strengthened,9,15,30,0,30,3.0,29451,low,7,38,38,15,,,computed-only,computed-only,13,0,0,0,15,0,0,,
29451,0x730B,游历剑士装束　上衣,防具,身体,武士防具,chest,783,alternate_source,49295,0xC08F,chest,False,4,180,20,3,0,0x00000000,30,20,2/0,thickened,9,15,30,4,34,3.4,29451,low,0,38,38,15,,,computed-only,computed-only,6,0,0,0,8,0,0,,
29451,0x730B,游历剑士装束　上衣,防具,身体,武士防具,chest,783,alternate_source,49295,0xC08F,chest,False,4,180,20,3,0,0x00000000,30,20,1/1,extreme_strengthened,9,15,30,0,30,3.0,29451,low,15,38,38,15,,,computed-only,computed-only,21,0,0,0,23,0,0,,
29451,0x730B,游历剑士装束　上衣,防具,身体,武士防具,chest,783,alternate_source,49295,0xC08F,chest,False,4,180,20,3,0,0x00000000,30,20,2/2,extreme_thickened,9,15,30,9,39,3.9,29451,low,0,38,38,15,,,computed-only,computed-only,6,0,0,0,8,0,0,,
29451,0x730B,游历剑士装束　上衣,防具,身体,武士防具,chest,783,alternate_source,49295,0xC08F,chest,False,4,180,20,3,0,0x00000000,30,20,1/2,strengthened_plus_thickened,9,15,30,4,34,3.4,29451,low,7,38,38,15,,,computed-only,computed-only,13,0,0,0,15,0,0,,
29485,0x732D,山伏装束　裤裙,防具,腿部,忍者防具,legs,903,alternate_source,5030,0x13A6,legs,False,4,180,20,3,0,0x00000000,30,20,0/0,unmodified,9,15,12,0,12,1.2,29485,low,0,27,27,15,,,computed-only,computed-only,10,0,0,0,11,0,0,,
29485,0x732D,山伏装束　裤裙,防具,腿部,忍者防具,legs,903,alternate_source,5030,0x13A6,legs,False,4,180,20,3,0,0x00000000,30,20,1/0,strengthened,9,15,12,0,12,1.2,29485,low,7,27,27,15,,,computed-only,computed-only,17,0,0,0,18,0,0,,
29485,0x732D,山伏装束　裤裙,防具,腿部,忍者防具,legs,903,alternate_source,5030,0x13A6,legs,False,4,180,20,3,0,0x00000000,30,20,2/0,thickened,9,15,12,4,16,1.6,29485,low,0,27,27,15,,,computed-only,computed-only,10,0,0,0,11,0,0,,
29485,0x732D,山伏装束　裤裙,防具,腿部,忍者防具,legs,903,alternate_source,5030,0x13A6,legs,False,4,180,20,3,0,0x00000000,30,20,1/1,extreme_strengthened,9,15,12,0,12,1.2,29485,low,15,27,27,15,,,computed-only,computed-only,25,0,0,0,26,0,0,,
29485,0x732D,山伏装束　裤裙,防具,腿部,忍者防具,legs,903,alternate_source,5030,0x13A6,legs,False,4,180,20,3,0,0x00000000,30,20,2/2,extreme_thickened,9,15,12,9,21,2.1,29485,low,0,27,27,15,,,computed-only,computed-only,10,0,0,0,11,0,0,,
29485,0x732D,山伏装束　裤裙,防具,腿部,忍者防具,legs,903,alternate_source,5030,0x13A6,legs,False,4,180,20,3,0,0x00000000,30,20,1/2,strengthened_plus_thickened,9,15,12,4,16,1.6,29485,low,7,27,27,15,,,computed-only,computed-only,17,0,0,0,18,0,0,,
29771,0x744B,风魔忍者装束　腿甲,防具,足部,忍者防具,feet,889,alternate_source,52829,0xCE5D,feet,False,4,180,20,3,0,0x00000000,30,20,0/0,unmodified,9,15,7,0,7,0.7,29771,low,0,18,18,15,,,computed-only,computed-only,8,0,0,0,7,0,0,,
29771,0x744B,风魔忍者装束　腿甲,防具,足部,忍者防具,feet,889,alternate_source,52829,0xCE5D,feet,False,4,180,20,3,0,0x00000000,30,20,1/0,strengthened,9,15,7,0,7,0.7,29771,low,7,18,18,15,,,computed-only,computed-only,15,0,0,0,14,0,0,,
29771,0x744B,风魔忍者装束　腿甲,防具,足部,忍者防具,feet,889,alternate_source,52829,0xCE5D,feet,False,4,180,20,3,0,0x00000000,30,20,2/0,thickened,9,15,7,4,11,1.1,29771,low,0,18,18,15,,,computed-only,computed-only,8,0,0,0,7,0,0,,
29771,0x744B,风魔忍者装束　腿甲,防具,足部,忍者防具,feet,889,alternate_source,52829,0xCE5D,feet,False,4,180,20,3,0,0x00000000,30,20,1/1,extreme_strengthened,9,15,7,0,7,0.7,29771,low,15,18,18,15,,,computed-only,computed-only,23,0,0,0,22,0,0,,
29771,0x744B,风魔忍者装束　腿甲,防具,足部,忍者防具,feet,889,alternate_source,52829,0xCE5D,feet,False,4,180,20,3,0,0x00000000,30,20,2/2,extreme_thickened,9,15,7,9,16,1.6,29771,low,0,18,18,15,,,computed-only,computed-only,8,0,0,0,7,0,0,,
29771,0x744B,风魔忍者装束　腿甲,防具,足部,忍者防具,feet,889,alternate_source,52829,0xCE5D,feet,False,4,180,20,3,0,0x00000000,30,20,1/2,strengthened_plus_thickened,9,15,7,4,11,1.1,29771,low,7,18,18,15,,,computed-only,computed-only,15,0,0,0,14,0,0,,
29951,0x74FF,,防具,,忍者防具,chest,986,standalone,29951,0x74FF,chest,False,4,180,20,3,0,0x00000000,30,20,0/0,unmodified,9,15,24,0,24,2.4,29951,low,0,36,36,15,,,computed-only,computed-only,0,0,0,0,12,0,0,,
29951,0x74FF,,防具,,忍者防具,chest,986,standalone,29951,0x74FF,chest,False,4,180,20,3,0,0x00000000,30,20,1/0,strengthened,9,15,24,0,24,2.4,29951,low,7,36,36,15,,,computed-only,computed-only,0,0,0,0,19,0,0,,
29951,0x74FF,,防具,,忍者防具,chest,986,standalone,29951,0x74FF,chest,False,4,180,20,3,0,0x00000000,30,20,2/0,thickened,9,15,24,4,28,2.8,29951,low,0,36,36,15,,,computed-only,computed-only,0,0,0,0,12,0,0,,
29951,0x74FF,,防具,,忍者防具,chest,986,standalone,29951,0x74FF,chest,False,4,180,20,3,0,0x00000000,30,20,1/1,extreme_strengthened,9,15,24,0,24,2.4,29951,low,15,36,36,15,,,computed-only,computed-only,0,0,0,0,27,0,0,,
29951,0x74FF,,防具,,忍者防具,chest,986,standalone,29951,0x74FF,chest,False,4,180,20,3,0,0x00000000,30,20,2/2,extreme_thickened,9,15,24,9,33,3.3,29951,low,0,36,36,15,,,computed-only,computed-only,0,0,0,0,12,0,0,,
29951,0x74FF,,防具,,忍者防具,chest,986,standalone,29951,0x74FF,chest,False,4,180,20,3,0,0x00000000,30,20,1/2,strengthened_plus_thickened,9,15,24,4,28,2.8,29951,low,7,36,36,15,,,computed-only,computed-only,0,0,0,0,19,0,0,,
29970,0x7512,,防具,,忍者防具,chest,1001,standalone,29970,0x7512,chest,False,4,180,20,3,0,0x00000000,30,20,0/0,unmodified,9,15,30,0,30,3.0,29970,low,0,36,36,15,,,computed-only,computed-only,0,0,0,0,12,0,0,,
29970,0x7512,,防具,,忍者防具,chest,1001,standalone,29970,0x7512,chest,False,4,180,20,3,0,0x00000000,30,20,1/0,strengthened,9,15,30,0,30,3.0,29970,low,7,36,36,15,,,computed-only,computed-only,0,0,0,0,19,0,0,,
29970,0x7512,,防具,,忍者防具,chest,1001,standalone,29970,0x7512,chest,False,4,180,20,3,0,0x00000000,30,20,2/0,thickened,9,15,30,4,34,3.4,29970,low,0,36,36,15,,,computed-only,computed-only,0,0,0,0,12,0,0,,
29970,0x7512,,防具,,忍者防具,chest,1001,standalone,29970,0x7512,chest,False,4,180,20,3,0,0x00000000,30,20,1/1,extreme_strengthened,9,15,30,0,30,3.0,29970,low,15,36,36,15,,,computed-only,computed-only,0,0,0,0,27,0,0,,
29970,0x7512,,防具,,忍者防具,chest,1001,standalone,29970,0x7512,chest,False,4,180,20,3,0,0x00000000,30,20,2/2,extreme_thickened,9,15,30,9,39,3.9,29970,low,0,36,36,15,,,computed-only,computed-only,0,0,0,0,12,0,0,,
29970,0x7512,,防具,,忍者防具,chest,1001,standalone,29970,0x7512,chest,False,4,180,20,3,0,0x00000000,30,20,1/2,strengthened_plus_thickened,9,15,30,4,34,3.4,29970,low,7,36,36,15,,,computed-only,computed-only,0,0,0,0,19,0,0,,
29975,0x7517,枭雄之铠　头盔,防具,头部,武士防具,head,1184,alternate_source,65103,0xFE4F,head,False,4,180,20,3,0,0x00000000,30,20,0/0,unmodified,9,15,50,0,50,5.0,29975,low,0,50,50,17,,,computed-only,computed-only,0,0,9,10,0,0,0,,
29975,0x7517,枭雄之铠　头盔,防具,头部,武士防具,head,1184,alternate_source,65103,0xFE4F,head,False,4,180,20,3,0,0x00000000,30,20,1/0,strengthened,9,15,50,0,50,5.0,29975,low,7,50,50,17,,,computed-only,computed-only,0,0,16,17,0,0,0,,
29975,0x7517,枭雄之铠　头盔,防具,头部,武士防具,head,1184,alternate_source,65103,0xFE4F,head,False,4,180,20,3,0,0x00000000,30,20,2/0,thickened,9,15,50,4,54,5.4,29975,low,0,50,50,17,,,computed-only,computed-only,0,0,9,10,0,0,0,,
29975,0x7517,枭雄之铠　头盔,防具,头部,武士防具,head,1184,alternate_source,65103,0xFE4F,head,False,4,180,20,3,0,0x00000000,30,20,1/1,extreme_strengthened,9,15,50,0,50,5.0,29975,low,15,50,50,17,,,computed-only,computed-only,0,0,24,25,0,0,0,,
29975,0x7517,枭雄之铠　头盔,防具,头部,武士防具,head,1184,alternate_source,65103,0xFE4F,head,False,4,180,20,3,0,0x00000000,30,20,2/2,extreme_thickened,9,15,50,9,59,5.9,29975,low,0,50,50,17,,,computed-only,computed-only,0,0,9,10,0,0,0,,
29975,0x7517,枭雄之铠　头盔,防具,头部,武士防具,head,1184,alternate_source,65103,0xFE4F,head,False,4,180,20,3,0,0x00000000,30,20,1/2,strengthened_plus_thickened,9,15,50,4,54,5.4,29975,low,7,50,50,17,,,computed-only,computed-only,0,0,16,17,0,0,0,,
30031,0x754F,忍铠　臂甲,防具,手臂,忍者防具,arms,912,alternate_source,45378,0xB142,arms,False,4,180,20,3,0,0x00000000,30,20,0/0,unmodified,9,15,24,0,24,2.4,30031,low,0,49,49,16,,,computed-only,computed-only,0,0,7,0,8,0,0,,
30031,0x754F,忍铠　臂甲,防具,手臂,忍者防具,arms,912,alternate_source,45378,0xB142,arms,False,4,180,20,3,0,0x00000000,30,20,1/0,strengthened,9,15,24,0,24,2.4,30031,low,7,49,49,16,,,computed-only,computed-only,0,0,14,0,15,0,0,,
30031,0x754F,忍铠　臂甲,防具,手臂,忍者防具,arms,912,alternate_source,45378,0xB142,arms,False,4,180,20,3,0,0x00000000,30,20,2/0,thickened,9,15,24,4,28,2.8,30031,low,0,49,49,16,,,computed-only,computed-only,0,0,7,0,8,0,0,,
30031,0x754F,忍铠　臂甲,防具,手臂,忍者防具,arms,912,alternate_source,45378,0xB142,arms,False,4,180,20,3,0,0x00000000,30,20,1/1,extreme_strengthened,9,15,24,0,24,2.4,30031,low,15,49,49,16,,,computed-only,computed-only,0,0,22,0,23,0,0,,
30031,0x754F,忍铠　臂甲,防具,手臂,忍者防具,arms,912,alternate_source,45378,0xB142,arms,False,4,180,20,3,0,0x00000000,30,20,2/2,extreme_thickened,9,15,24,9,33,3.3,30031,low,0,49,49,16,,,computed-only,computed-only,0,0,7,0,8,0,0,,
30031,0x754F,忍铠　臂甲,防具,手臂,忍者防具,arms,912,alternate_source,45378,0xB142,arms,False,4,180,20,3,0,0x00000000,30,20,1/2,strengthened_plus_thickened,9,15,24,4,28,2.8,30031,low,7,49,49,16,,,computed-only,computed-only,0,0,14,0,15,0,0,,
30090,0x758A,屈之装束　臂甲,防具,手臂,忍者防具,arms,750,alternate_source,58519,0xE497,arms,False,4,180,20,3,0,0x00000000,30,20,0/0,unmodified,9,15,8,0,8,0.8,30090,low,0,18,18,15,,,computed-only,computed-only,9,0,0,0,8,0,0,,
30090,0x758A,屈之装束　臂甲,防具,手臂,忍者防具,arms,750,alternate_source,58519,0xE497,arms,False,4,180,20,3,0,0x00000000,30,20,1/0,strengthened,9,15,8,0,8,0.8,30090,low,7,18,18,15,,,computed-only,computed-only,16,0,0,0,15,0,0,,
30090,0x758A,屈之装束　臂甲,防具,手臂,忍者防具,arms,750,alternate_source,58519,0xE497,arms,False,4,180,20,3,0,0x00000000,30,20,2/0,thickened,9,15,8,4,12,1.2,30090,low,0,18,18,15,,,computed-only,computed-only,9,0,0,0,8,0,0,,
30090,0x758A,屈之装束　臂甲,防具,手臂,忍者防具,arms,750,alternate_source,58519,0xE497,arms,False,4,180,20,3,0,0x00000000,30,20,1/1,extreme_strengthened,9,15,8,0,8,0.8,30090,low,15,18,18,15,,,computed-only,computed-only,24,0,0,0,23,0,0,,
30090,0x758A,屈之装束　臂甲,防具,手臂,忍者防具,arms,750,alternate_source,58519,0xE497,arms,False,4,180,20,3,0,0x00000000,30,20,2/2,extreme_thickened,9,15,8,9,17,1.7,30090,low,0,18,18,15,,,computed-only,computed-only,9,0,0,0,8,0,0,,
30090,0x758A,屈之装束　臂甲,防具,手臂,忍者防具,arms,750,alternate_source,58519,0xE497,arms,False,4,180,20,3,0,0x00000000,30,20,1/2,strengthened_plus_thickened,9,15,8,4,12,1.2,30090,low,7,18,18,15,,,computed-only,computed-only,16,0,0,0,15,0,0,,
30492,0x771C,落难御曹司装束　裤裙,防具,腿部,忍者防具,legs,775,alternate_source,5030,0x13A6,legs,False,4,180,20,3,0,0x00000000,30,20,0/0,unmodified,9,15,12,0,12,1.2,30492,low,0,27,27,15,,,computed-only,computed-only,12,0,0,0,12,0,0,,
30492,0x771C,落难御曹司装束　裤裙,防具,腿部,忍者防具,legs,775,alternate_source,5030,0x13A6,legs,False,4,180,20,3,0,0x00000000,30,20,1/0,strengthened,9,15,12,0,12,1.2,30492,low,7,27,27,15,,,computed-only,computed-only,19,0,0,0,19,0,0,,
30492,0x771C,落难御曹司装束　裤裙,防具,腿部,忍者防具,legs,775,alternate_source,5030,0x13A6,legs,False,4,180,20,3,0,0x00000000,30,20,2/0,thickened,9,15,12,4,16,1.6,30492,low,0,27,27,15,,,computed-only,computed-only,12,0,0,0,12,0,0,,
30492,0x771C,落难御曹司装束　裤裙,防具,腿部,忍者防具,legs,775,alternate_source,5030,0x13A6,legs,False,4,180,20,3,0,0x00000000,30,20,1/1,extreme_strengthened,9,15,12,0,12,1.2,30492,low,15,27,27,15,,,computed-only,computed-only,27,0,0,0,27,0,0,,
30492,0x771C,落难御曹司装束　裤裙,防具,腿部,忍者防具,legs,775,alternate_source,5030,0x13A6,legs,False,4,180,20,3,0,0x00000000,30,20,2/2,extreme_thickened,9,15,12,9,21,2.1,30492,low,0,27,27,15,,,computed-only,computed-only,12,0,0,0,12,0,0,,
30492,0x771C,落难御曹司装束　裤裙,防具,腿部,忍者防具,legs,775,alternate_source,5030,0x13A6,legs,False,4,180,20,3,0,0x00000000,30,20,1/2,strengthened_plus_thickened,9,15,12,4,16,1.6,30492,low,7,27,27,15,,,computed-only,computed-only,19,0,0,0,19,0,0,,
30531,0x7743,草薙形盔,防具,头部,武士防具,head,1368,alternate_source,2028,0x07EC,head,False,4,180,20,3,0,0x00000000,30,20,0/0,unmodified,9,15,33,0,33,3.3,30531,low,0,31,31,16,,,computed-only,computed-only,5,0,0,5,0,0,0,,
30531,0x7743,草薙形盔,防具,头部,武士防具,head,1368,alternate_source,2028,0x07EC,head,False,4,180,20,3,0,0x00000000,30,20,1/0,strengthened,9,15,33,0,33,3.3,30531,low,7,31,31,16,,,computed-only,computed-only,12,0,0,12,0,0,0,,
30531,0x7743,草薙形盔,防具,头部,武士防具,head,1368,alternate_source,2028,0x07EC,head,False,4,180,20,3,0,0x00000000,30,20,2/0,thickened,9,15,33,4,37,3.7,30531,low,0,31,31,16,,,computed-only,computed-only,5,0,0,5,0,0,0,,
30531,0x7743,草薙形盔,防具,头部,武士防具,head,1368,alternate_source,2028,0x07EC,head,False,4,180,20,3,0,0x00000000,30,20,1/1,extreme_strengthened,9,15,33,0,33,3.3,30531,low,15,31,31,16,,,computed-only,computed-only,20,0,0,20,0,0,0,,
30531,0x7743,草薙形盔,防具,头部,武士防具,head,1368,alternate_source,2028,0x07EC,head,False,4,180,20,3,0,0x00000000,30,20,2/2,extreme_thickened,9,15,33,9,42,4.2,30531,low,0,31,31,16,,,computed-only,computed-only,5,0,0,5,0,0,0,,
30531,0x7743,草薙形盔,防具,头部,武士防具,head,1368,alternate_source,2028,0x07EC,head,False,4,180,20,3,0,0x00000000,30,20,1/2,strengthened_plus_thickened,9,15,33,4,37,3.7,30531,low,7,31,31,16,,,computed-only,computed-only,12,0,0,12,0,0,0,,
30700,0x77EC,万两义贼之铠　臂甲,防具,手臂,忍者防具,arms,722,alternate_source,222,0x00DE,arms,False,4,180,20,3,0,0x00000000,30,20,0/0,unmodified,9,15,26,0,26,2.6,30700,low,0,49,49,16,,,computed-only,computed-only,0,0,21,0,15,0,0,,
30700,0x77EC,万两义贼之铠　臂甲,防具,手臂,忍者防具,arms,722,alternate_source,222,0x00DE,arms,False,4,180,20,3,0,0x00000000,30,20,1/0,strengthened,9,15,26,0,26,2.6,30700,low,7,49,49,16,,,computed-only,computed-only,0,0,28,0,22,0,0,,
30700,0x77EC,万两义贼之铠　臂甲,防具,手臂,忍者防具,arms,722,alternate_source,222,0x00DE,arms,False,4,180,20,3,0,0x00000000,30,20,2/0,thickened,9,15,26,4,30,3.0,30700,low,0,49,49,16,,,computed-only,computed-only,0,0,21,0,15,0,0,,
30700,0x77EC,万两义贼之铠　臂甲,防具,手臂,忍者防具,arms,722,alternate_source,222,0x00DE,arms,False,4,180,20,3,0,0x00000000,30,20,1/1,extreme_strengthened,9,15,26,0,26,2.6,30700,low,15,49,49,16,,,computed-only,computed-only,0,0,36,0,30,0,0,,
30700,0x77EC,万两义贼之铠　臂甲,防具,手臂,忍者防具,arms,722,alternate_source,222,0x00DE,arms,False,4,180,20,3,0,0x00000000,30,20,2/2,extreme_thickened,9,15,26,9,35,3.5,30700,low,0,49,49,16,,,computed-only,computed-only,0,0,21,0,15,0,0,,
30700,0x77EC,万两义贼之铠　臂甲,防具,手臂,忍者防具,arms,722,alternate_source,222,0x00DE,arms,False,4,180,20,3,0,0x00000000,30,20,1/2,strengthened_plus_thickened,9,15,26,4,30,3.0,30700,low,7,49,49,16,,,computed-only,computed-only,0,0,28,0,22,0,0,,
31025,0x7931,风魔头领忍者装束　覆面,防具,头部,忍者防具,head,696,alternate_source,36746,0x8F8A,head,False,4,180,20,3,0,0x00000000,30,20,0/0,unmodified,9,15,17,0,17,1.7,31025,low,0,28,28,16,,,computed-only,computed-only,0,0,6,0,8,0,0,,
31025,0x7931,风魔头领忍者装束　覆面,防具,头部,忍者防具,head,696,alternate_source,36746,0x8F8A,head,False,4,180,20,3,0,0x00000000,30,20,1/0,strengthened,9,15,17,0,17,1.7,31025,low,7,28,28,16,,,computed-only,computed-only,0,0,13,0,15,0,0,,
31025,0x7931,风魔头领忍者装束　覆面,防具,头部,忍者防具,head,696,alternate_source,36746,0x8F8A,head,False,4,180,20,3,0,0x00000000,30,20,2/0,thickened,9,15,17,4,21,2.1,31025,low,0,28,28,16,,,computed-only,computed-only,0,0,6,0,8,0,0,,
31025,0x7931,风魔头领忍者装束　覆面,防具,头部,忍者防具,head,696,alternate_source,36746,0x8F8A,head,False,4,180,20,3,0,0x00000000,30,20,1/1,extreme_strengthened,9,15,17,0,17,1.7,31025,low,15,28,28,16,,,computed-only,computed-only,0,0,21,0,23,0,0,,
31025,0x7931,风魔头领忍者装束　覆面,防具,头部,忍者防具,head,696,alternate_source,36746,0x8F8A,head,False,4,180,20,3,0,0x00000000,30,20,2/2,extreme_thickened,9,15,17,9,26,2.6,31025,low,0,28,28,16,,,computed-only,computed-only,0,0,6,0,8,0,0,,
31025,0x7931,风魔头领忍者装束　覆面,防具,头部,忍者防具,head,696,alternate_source,36746,0x8F8A,head,False,4,180,20,3,0,0x00000000,30,20,1/2,strengthened_plus_thickened,9,15,17,4,21,2.1,31025,low,7,28,28,16,,,computed-only,computed-only,0,0,13,0,15,0,0,,
31093,0x7975,,防具,,忍者防具,legs,1003,standalone,31093,0x7975,legs,False,4,180,20,3,0,0x00000000,30,20,0/0,unmodified,9,15,23,0,23,2.3,31093,low,0,27,27,15,,,computed-only,computed-only,0,0,0,0,12,0,0,,
31093,0x7975,,防具,,忍者防具,legs,1003,standalone,31093,0x7975,legs,False,4,180,20,3,0,0x00000000,30,20,1/0,strengthened,9,15,23,0,23,2.3,31093,low,7,27,27,15,,,computed-only,computed-only,0,0,0,0,19,0,0,,
31093,0x7975,,防具,,忍者防具,legs,1003,standalone,31093,0x7975,legs,False,4,180,20,3,0,0x00000000,30,20,2/0,thickened,9,15,23,4,27,2.7,31093,low,0,27,27,15,,,computed-only,computed-only,0,0,0,0,12,0,0,,
31093,0x7975,,防具,,忍者防具,legs,1003,standalone,31093,0x7975,legs,False,4,180,20,3,0,0x00000000,30,20,1/1,extreme_strengthened,9,15,23,0,23,2.3,31093,low,15,27,27,15,,,computed-only,computed-only,0,0,0,0,27,0,0,,
31093,0x7975,,防具,,忍者防具,legs,1003,standalone,31093,0x7975,legs,False,4,180,20,3,0,0x00000000,30,20,2/2,extreme_thickened,9,15,23,9,32,3.2,31093,low,0,27,27,15,,,computed-only,computed-only,0,0,0,0,12,0,0,,
31093,0x7975,,防具,,忍者防具,legs,1003,standalone,31093,0x7975,legs,False,4,180,20,3,0,0x00000000,30,20,1/2,strengthened_plus_thickened,9,15,23,4,27,2.7,31093,low,7,27,27,15,,,computed-only,computed-only,0,0,0,0,19,0,0,,
31129,0x7999,护国禅师的袈裟　斗笠,防具,头部,武士防具,head,701,alternate_source,42512,0xA610,head,False,4,180,20,3,0,0x00000000,30,20,0/0,unmodified,9,15,34,0,34,3.4,31129,low,0,31,31,16,,,computed-only,computed-only,6,0,0,5,0,0,0,,
31129,0x7999,护国禅师的袈裟　斗笠,防具,头部,武士防具,head,701,alternate_source,42512,0xA610,head,False,4,180,20,3,0,0x00000000,30,20,1/0,strengthened,9,15,34,0,34,3.4,31129,low,7,31,31,16,,,computed-only,computed-only,13,0,0,12,0,0,0,,
31129,0x7999,护国禅师的袈裟　斗笠,防具,头部,武士防具,head,701,alternate_source,42512,0xA610,head,False,4,180,20,3,0,0x00000000,30,20,2/0,thickened,9,15,34,4,38,3.8,31129,low,0,31,31,16,,,computed-only,computed-only,6,0,0,5,0,0,0,,
31129,0x7999,护国禅师的袈裟　斗笠,防具,头部,武士防具,head,701,alternate_source,42512,0xA610,head,False,4,180,20,3,0,0x00000000,30,20,1/1,extreme_strengthened,9,15,34,0,34,3.4,31129,low,15,31,31,16,,,computed-only,computed-only,21,0,0,20,0,0,0,,
31129,0x7999,护国禅师的袈裟　斗笠,防具,头部,武士防具,head,701,alternate_source,42512,0xA610,head,False,4,180,20,3,0,0x00000000,30,20,2/2,extreme_thickened,9,15,34,9,43,4.3,31129,low,0,31,31,16,,,computed-only,computed-only,6,0,0,5,0,0,0,,
31129,0x7999,护国禅师的袈裟　斗笠,防具,头部,武士防具,head,701,alternate_source,42512,0xA610,head,False,4,180,20,3,0,0x00000000,30,20,1/2,strengthened_plus_thickened,9,15,34,4,38,3.8,31129,low,7,31,31,16,,,computed-only,computed-only,13,0,0,12,0,0,0,,
31154,0x79B2,弓手臂甲,防具,手臂,武士防具,arms,892,alternate_source,27609,0x6BD9,arms,False,4,180,20,3,0,0x00000000,30,20,0/0,unmodified,9,15,16,0,16,1.6,31154,low,0,19,19,15,,,computed-only,computed-only,9,0,0,0,9,0,0,,
31154,0x79B2,弓手臂甲,防具,手臂,武士防具,arms,892,alternate_source,27609,0x6BD9,arms,False,4,180,20,3,0,0x00000000,30,20,1/0,strengthened,9,15,16,0,16,1.6,31154,low,7,19,19,15,,,computed-only,computed-only,16,0,0,0,16,0,0,,
31154,0x79B2,弓手臂甲,防具,手臂,武士防具,arms,892,alternate_source,27609,0x6BD9,arms,False,4,180,20,3,0,0x00000000,30,20,2/0,thickened,9,15,16,4,20,2.0,31154,low,0,19,19,15,,,computed-only,computed-only,9,0,0,0,9,0,0,,
31154,0x79B2,弓手臂甲,防具,手臂,武士防具,arms,892,alternate_source,27609,0x6BD9,arms,False,4,180,20,3,0,0x00000000,30,20,1/1,extreme_strengthened,9,15,16,0,16,1.6,31154,low,15,19,19,15,,,computed-only,computed-only,24,0,0,0,24,0,0,,
31154,0x79B2,弓手臂甲,防具,手臂,武士防具,arms,892,alternate_source,27609,0x6BD9,arms,False,4,180,20,3,0,0x00000000,30,20,2/2,extreme_thickened,9,15,16,9,25,2.5,31154,low,0,19,19,15,,,computed-only,computed-only,9,0,0,0,9,0,0,,
31154,0x79B2,弓手臂甲,防具,手臂,武士防具,arms,892,alternate_source,27609,0x6BD9,arms,False,4,180,20,3,0,0x00000000,30,20,1/2,strengthened_plus_thickened,9,15,16,4,20,2.0,31154,low,7,19,19,15,,,computed-only,computed-only,16,0,0,0,16,0,0,,
31164,0x79BC,,防具,,忍者防具,head,990,standalone,31164,0x79BC,head,False,4,180,20,3,0,0x00000000,30,20,0/0,unmodified,9,15,13,0,13,1.3,31164,low,0,18,18,15,,,computed-only,computed-only,0,0,0,0,12,0,0,,
31164,0x79BC,,防具,,忍者防具,head,990,standalone,31164,0x79BC,head,False,4,180,20,3,0,0x00000000,30,20,1/0,strengthened,9,15,13,0,13,1.3,31164,low,7,18,18,15,,,computed-only,computed-only,0,0,0,0,19,0,0,,
31164,0x79BC,,防具,,忍者防具,head,990,standalone,31164,0x79BC,head,False,4,180,20,3,0,0x00000000,30,20,2/0,thickened,9,15,13,4,17,1.7,31164,low,0,18,18,15,,,computed-only,computed-only,0,0,0,0,12,0,0,,
31164,0x79BC,,防具,,忍者防具,head,990,standalone,31164,0x79BC,head,False,4,180,20,3,0,0x00000000,30,20,1/1,extreme_strengthened,9,15,13,0,13,1.3,31164,low,15,18,18,15,,,computed-only,computed-only,0,0,0,0,27,0,0,,
31164,0x79BC,,防具,,忍者防具,head,990,standalone,31164,0x79BC,head,False,4,180,20,3,0,0x00000000,30,20,2/2,extreme_thickened,9,15,13,9,22,2.2,31164,low,0,18,18,15,,,computed-only,computed-only,0,0,0,0,12,0,0,,
31164,0x79BC,,防具,,忍者防具,head,990,standalone,31164,0x79BC,head,False,4,180,20,3,0,0x00000000,30,20,1/2,strengthened_plus_thickened,9,15,13,4,17,1.7,31164,low,7,18,18,15,,,computed-only,computed-only,0,0,0,0,19,0,0,,
31203,0x79E3,阴阳师狩衣　裤裙,防具,腿部,忍者防具,legs,908,alternate_source,52862,0xCE7E,legs,False,4,180,20,3,0,0x00000000,30,20,0/0,unmodified,9,15,27,0,27,2.7,31203,low,0,42,42,16,,,computed-only,computed-only,0,0,10,0,11,0,0,,
31203,0x79E3,阴阳师狩衣　裤裙,防具,腿部,忍者防具,legs,908,alternate_source,52862,0xCE7E,legs,False,4,180,20,3,0,0x00000000,30,20,1/0,strengthened,9,15,27,0,27,2.7,31203,low,7,42,42,16,,,computed-only,computed-only,0,0,17,0,18,0,0,,
31203,0x79E3,阴阳师狩衣　裤裙,防具,腿部,忍者防具,legs,908,alternate_source,52862,0xCE7E,legs,False,4,180,20,3,0,0x00000000,30,20,2/0,thickened,9,15,27,4,31,3.1,31203,low,0,42,42,16,,,computed-only,computed-only,0,0,10,0,11,0,0,,
31203,0x79E3,阴阳师狩衣　裤裙,防具,腿部,忍者防具,legs,908,alternate_source,52862,0xCE7E,legs,False,4,180,20,3,0,0x00000000,30,20,1/1,extreme_strengthened,9,15,27,0,27,2.7,31203,low,15,42,42,16,,,computed-only,computed-only,0,0,25,0,26,0,0,,
31203,0x79E3,阴阳师狩衣　裤裙,防具,腿部,忍者防具,legs,908,alternate_source,52862,0xCE7E,legs,False,4,180,20,3,0,0x00000000,30,20,2/2,extreme_thickened,9,15,27,9,36,3.6,31203,low,0,42,42,16,,,computed-only,computed-only,0,0,10,0,11,0,0,,
31203,0x79E3,阴阳师狩衣　裤裙,防具,腿部,忍者防具,legs,908,alternate_source,52862,0xCE7E,legs,False,4,180,20,3,0,0x00000000,30,20,1/2,strengthened_plus_thickened,9,15,27,4,31,3.1,31203,low,7,42,42,16,,,computed-only,computed-only,0,0,17,0,18,0,0,,
31292,0x7A3C,百万石之铠　腿甲,防具,足部,武士防具,feet,1231,alternate_source,3737,0x0E99,feet,False,4,180,20,3,0,0x00000000,30,20,0/0,unmodified,9,15,53,0,53,5.3,31292,low,0,50,50,17,,,computed-only,computed-only,22,0,0,0,23,0,0,,
31292,0x7A3C,百万石之铠　腿甲,防具,足部,武士防具,feet,1231,alternate_source,3737,0x0E99,feet,False,4,180,20,3,0,0x00000000,30,20,1/0,strengthened,9,15,53,0,53,5.3,31292,low,7,50,50,17,,,computed-only,computed-only,29,0,0,0,30,0,0,,
31292,0x7A3C,百万石之铠　腿甲,防具,足部,武士防具,feet,1231,alternate_source,3737,0x0E99,feet,False,4,180,20,3,0,0x00000000,30,20,2/0,thickened,9,15,53,4,57,5.7,31292,low,0,50,50,17,,,computed-only,computed-only,22,0,0,0,23,0,0,,
31292,0x7A3C,百万石之铠　腿甲,防具,足部,武士防具,feet,1231,alternate_source,3737,0x0E99,feet,False,4,180,20,3,0,0x00000000,30,20,1/1,extreme_strengthened,9,15,53,0,53,5.3,31292,low,15,50,50,17,,,computed-only,computed-only,37,0,0,0,38,0,0,,
31292,0x7A3C,百万石之铠　腿甲,防具,足部,武士防具,feet,1231,alternate_source,3737,0x0E99,feet,False,4,180,20,3,0,0x00000000,30,20,2/2,extreme_thickened,9,15,53,9,62,6.2,31292,low,0,50,50,17,,,computed-only,computed-only,22,0,0,0,23,0,0,,
31292,0x7A3C,百万石之铠　腿甲,防具,足部,武士防具,feet,1231,alternate_source,3737,0x0E99,feet,False,4,180,20,3,0,0x00000000,30,20,1/2,strengthened_plus_thickened,9,15,53,4,57,5.7,31292,low,7,50,50,17,,,computed-only,computed-only,29,0,0,0,30,0,0,,
31322,0x7A5A,八重垣流装束　胸甲,防具,身体,忍者防具,chest,813,alternate_source,62832,0xF570,chest,False,4,180,20,3,0,0x00000000,30,20,0/0,unmodified,9,15,52,0,52,5.2,31322,low,0,98,98,16,,,computed-only,computed-only,0,0,12,0,20,0,0,,
31322,0x7A5A,八重垣流装束　胸甲,防具,身体,忍者防具,chest,813,alternate_source,62832,0xF570,chest,False,4,180,20,3,0,0x00000000,30,20,1/0,strengthened,9,15,52,0,52,5.2,31322,low,7,98,98,16,,,computed-only,computed-only,0,0,19,0,27,0,0,,
31322,0x7A5A,八重垣流装束　胸甲,防具,身体,忍者防具,chest,813,alternate_source,62832,0xF570,chest,False,4,180,20,3,0,0x00000000,30,20,2/0,thickened,9,15,52,4,56,5.6,31322,low,0,98,98,16,,,computed-only,computed-only,0,0,12,0,20,0,0,,
31322,0x7A5A,八重垣流装束　胸甲,防具,身体,忍者防具,chest,813,alternate_source,62832,0xF570,chest,False,4,180,20,3,0,0x00000000,30,20,1/1,extreme_strengthened,9,15,52,0,52,5.2,31322,low,15,98,98,16,,,computed-only,computed-only,0,0,27,0,35,0,0,,
31322,0x7A5A,八重垣流装束　胸甲,防具,身体,忍者防具,chest,813,alternate_source,62832,0xF570,chest,False,4,180,20,3,0,0x00000000,30,20,2/2,extreme_thickened,9,15,52,9,61,6.1,31322,low,0,98,98,16,,,computed-only,computed-only,0,0,12,0,20,0,0,,
31322,0x7A5A,八重垣流装束　胸甲,防具,身体,忍者防具,chest,813,alternate_source,62832,0xF570,chest,False,4,180,20,3,0,0x00000000,30,20,1/2,strengthened_plus_thickened,9,15,52,4,56,5.6,31322,low,7,98,98,16,,,computed-only,computed-only,0,0,19,0,27,0,0,,
31570,0x7B52,冰狱忍者装束　面具,防具,头部,忍者防具,head,840,alternate_source,37269,0x9195,head,False,4,180,20,3,0,0x00000000,30,20,0/0,unmodified,9,15,16,0,16,1.6,31570,low,0,28,28,16,,,computed-only,computed-only,5,0,0,5,0,0,0,,
31570,0x7B52,冰狱忍者装束　面具,防具,头部,忍者防具,head,840,alternate_source,37269,0x9195,head,False,4,180,20,3,0,0x00000000,30,20,1/0,strengthened,9,15,16,0,16,1.6,31570,low,7,28,28,16,,,computed-only,computed-only,12,0,0,12,0,0,0,,
31570,0x7B52,冰狱忍者装束　面具,防具,头部,忍者防具,head,840,alternate_source,37269,0x9195,head,False,4,180,20,3,0,0x00000000,30,20,2/0,thickened,9,15,16,4,20,2.0,31570,low,0,28,28,16,,,computed-only,computed-only,5,0,0,5,0,0,0,,
31570,0x7B52,冰狱忍者装束　面具,防具,头部,忍者防具,head,840,alternate_source,37269,0x9195,head,False,4,180,20,3,0,0x00000000,30,20,1/1,extreme_strengthened,9,15,16,0,16,1.6,31570,low,15,28,28,16,,,computed-only,computed-only,20,0,0,20,0,0,0,,
31570,0x7B52,冰狱忍者装束　面具,防具,头部,忍者防具,head,840,alternate_source,37269,0x9195,head,False,4,180,20,3,0,0x00000000,30,20,2/2,extreme_thickened,9,15,16,9,25,2.5,31570,low,0,28,28,16,,,computed-only,computed-only,5,0,0,5,0,0,0,,
31570,0x7B52,冰狱忍者装束　面具,防具,头部,忍者防具,head,840,alternate_source,37269,0x9195,head,False,4,180,20,3,0,0x00000000,30,20,1/2,strengthened_plus_thickened,9,15,16,4,20,2.0,31570,low,7,28,28,16,,,computed-only,computed-only,12,0,0,12,0,0,0,,
31571,0x7B53,一玄居士之衣　裤裙,防具,腿部,武士防具,legs,1235,alternate_source,20047,0x4E4F,legs,False,4,180,20,3,0,0x00000000,30,20,0/0,unmodified,9,15,51,0,51,5.1,31571,low,0,47,47,16,,,computed-only,computed-only,22,0,0,0,23,0,0,,
31571,0x7B53,一玄居士之衣　裤裙,防具,腿部,武士防具,legs,1235,alternate_source,20047,0x4E4F,legs,False,4,180,20,3,0,0x00000000,30,20,1/0,strengthened,9,15,51,0,51,5.1,31571,low,7,47,47,16,,,computed-only,computed-only,29,0,0,0,30,0,0,,
31571,0x7B53,一玄居士之衣　裤裙,防具,腿部,武士防具,legs,1235,alternate_source,20047,0x4E4F,legs,False,4,180,20,3,0,0x00000000,30,20,2/0,thickened,9,15,51,4,55,5.5,31571,low,0,47,47,16,,,computed-only,computed-only,22,0,0,0,23,0,0,,
31571,0x7B53,一玄居士之衣　裤裙,防具,腿部,武士防具,legs,1235,alternate_source,20047,0x4E4F,legs,False,4,180,20,3,0,0x00000000,30,20,1/1,extreme_strengthened,9,15,51,0,51,5.1,31571,low,15,47,47,16,,,computed-only,computed-only,37,0,0,0,38,0,0,,
31571,0x7B53,一玄居士之衣　裤裙,防具,腿部,武士防具,legs,1235,alternate_source,20047,0x4E4F,legs,False,4,180,20,3,0,0x00000000,30,20,2/2,extreme_thickened,9,15,51,9,60,6.0,31571,low,0,47,47,16,,,computed-only,computed-only,22,0,0,0,23,0,0,,
31571,0x7B53,一玄居士之衣　裤裙,防具,腿部,武士防具,legs,1235,alternate_source,20047,0x4E4F,legs,False,4,180,20,3,0,0x00000000,30,20,1/2,strengthened_plus_thickened,9,15,51,4,55,5.5,31571,low,7,47,47,16,,,computed-only,computed-only,29,0,0,0,30,0,0,,
31842,0x7C62,副将军之铠　膝甲,防具,腿部,武士防具,legs,1245,alternate_source,60020,0xEA74,legs,False,4,180,20,3,0,0x00000000,30,20,0/0,unmodified,9,15,77,0,77,7.7,31842,low,0,75,75,17,,,computed-only,computed-only,0,0,23,22,0,0,0,,
31842,0x7C62,副将军之铠　膝甲,防具,腿部,武士防具,legs,1245,alternate_source,60020,0xEA74,legs,False,4,180,20,3,0,0x00000000,30,20,1/0,strengthened,9,15,77,0,77,7.7,31842,low,7,75,75,17,,,computed-only,computed-only,0,0,30,29,0,0,0,,
31842,0x7C62,副将军之铠　膝甲,防具,腿部,武士防具,legs,1245,alternate_source,60020,0xEA74,legs,False,4,180,20,3,0,0x00000000,30,20,2/0,thickened,9,15,77,4,81,8.1,31842,low,0,75,75,17,,,computed-only,computed-only,0,0,23,22,0,0,0,,
31842,0x7C62,副将军之铠　膝甲,防具,腿部,武士防具,legs,1245,alternate_source,60020,0xEA74,legs,False,4,180,20,3,0,0x00000000,30,20,1/1,extreme_strengthened,9,15,77,0,77,7.7,31842,low,15,75,75,17,,,computed-only,computed-only,0,0,38,37,0,0,0,,
31842,0x7C62,副将军之铠　膝甲,防具,腿部,武士防具,legs,1245,alternate_source,60020,0xEA74,legs,False,4,180,20,3,0,0x00000000,30,20,2/2,extreme_thickened,9,15,77,9,86,8.6,31842,low,0,75,75,17,,,computed-only,computed-only,0,0,23,22,0,0,0,,
31842,0x7C62,副将军之铠　膝甲,防具,腿部,武士防具,legs,1245,alternate_source,60020,0xEA74,legs,False,4,180,20,3,0,0x00000000,30,20,1/2,strengthened_plus_thickened,9,15,77,4,81,8.1,31842,low,7,75,75,17,,,computed-only,computed-only,0,0,30,29,0,0,0,,
31867,0x7C7B,屈之装束　头巾,防具,头部,忍者防具,head,748,alternate_source,35948,0x8C6C,head,False,4,180,20,3,0,0x00000000,30,20,0/0,unmodified,9,15,8,0,8,0.8,31867,low,0,18,18,15,,,computed-only,computed-only,9,0,0,0,8,0,0,,
31867,0x7C7B,屈之装束　头巾,防具,头部,忍者防具,head,748,alternate_source,35948,0x8C6C,head,False,4,180,20,3,0,0x00000000,30,20,1/0,strengthened,9,15,8,0,8,0.8,31867,low,7,18,18,15,,,computed-only,computed-only,16,0,0,0,15,0,0,,
31867,0x7C7B,屈之装束　头巾,防具,头部,忍者防具,head,748,alternate_source,35948,0x8C6C,head,False,4,180,20,3,0,0x00000000,30,20,2/0,thickened,9,15,8,4,12,1.2,31867,low,0,18,18,15,,,computed-only,computed-only,9,0,0,0,8,0,0,,
31867,0x7C7B,屈之装束　头巾,防具,头部,忍者防具,head,748,alternate_source,35948,0x8C6C,head,False,4,180,20,3,0,0x00000000,30,20,1/1,extreme_strengthened,9,15,8,0,8,0.8,31867,low,15,18,18,15,,,computed-only,computed-only,24,0,0,0,23,0,0,,
31867,0x7C7B,屈之装束　头巾,防具,头部,忍者防具,head,748,alternate_source,35948,0x8C6C,head,False,4,180,20,3,0,0x00000000,30,20,2/2,extreme_thickened,9,15,8,9,17,1.7,31867,low,0,18,18,15,,,computed-only,computed-only,9,0,0,0,8,0,0,,
31867,0x7C7B,屈之装束　头巾,防具,头部,忍者防具,head,748,alternate_source,35948,0x8C6C,head,False,4,180,20,3,0,0x00000000,30,20,1/2,strengthened_plus_thickened,9,15,8,4,12,1.2,31867,low,7,18,18,15,,,computed-only,computed-only,16,0,0,0,15,0,0,,
32010,0x7D0A,智慧伊豆之衣　肩衣,防具,身体,武士防具,chest,1259,alternate_source,49295,0xC08F,chest,False,4,180,20,3,0,0x00000000,30,20,0/0,unmodified,9,15,30,0,30,3.0,32010,low,0,38,38,15,,,computed-only,computed-only,0,0,0,22,22,0,0,,
32010,0x7D0A,智慧伊豆之衣　肩衣,防具,身体,武士防具,chest,1259,alternate_source,49295,0xC08F,chest,False,4,180,20,3,0,0x00000000,30,20,1/0,strengthened,9,15,30,0,30,3.0,32010,low,7,38,38,15,,,computed-only,computed-only,0,0,0,29,29,0,0,,
32010,0x7D0A,智慧伊豆之衣　肩衣,防具,身体,武士防具,chest,1259,alternate_source,49295,0xC08F,chest,False,4,180,20,3,0,0x00000000,30,20,2/0,thickened,9,15,30,4,34,3.4,32010,low,0,38,38,15,,,computed-only,computed-only,0,0,0,22,22,0,0,,
32010,0x7D0A,智慧伊豆之衣　肩衣,防具,身体,武士防具,chest,1259,alternate_source,49295,0xC08F,chest,False,4,180,20,3,0,0x00000000,30,20,1/1,extreme_strengthened,9,15,30,0,30,3.0,32010,low,15,38,38,15,,,computed-only,computed-only,0,0,0,37,37,0,0,,
32010,0x7D0A,智慧伊豆之衣　肩衣,防具,身体,武士防具,chest,1259,alternate_source,49295,0xC08F,chest,False,4,180,20,3,0,0x00000000,30,20,2/2,extreme_thickened,9,15,30,9,39,3.9,32010,low,0,38,38,15,,,computed-only,computed-only,0,0,0,22,22,0,0,,
32010,0x7D0A,智慧伊豆之衣　肩衣,防具,身体,武士防具,chest,1259,alternate_source,49295,0xC08F,chest,False,4,180,20,3,0,0x00000000,30,20,1/2,strengthened_plus_thickened,9,15,30,4,34,3.4,32010,low,7,38,38,15,,,computed-only,computed-only,0,0,0,29,29,0,0,,
32110,0x7D6E,浪人中铠　腿甲,防具,足部,武士防具,feet,1018,alternate_source,26555,0x67BB,feet,False,4,180,20,3,0,0x00000000,30,20,0/0,unmodified,9,15,36,0,36,3.6,32110,low,0,31,31,16,,,computed-only,computed-only,8,0,0,11,0,0,0,,
32110,0x7D6E,浪人中铠　腿甲,防具,足部,武士防具,feet,1018,alternate_source,26555,0x67BB,feet,False,4,180,20,3,0,0x00000000,30,20,1/0,strengthened,9,15,36,0,36,3.6,32110,low,7,31,31,16,,,computed-only,computed-only,15,0,0,18,0,0,0,,
32110,0x7D6E,浪人中铠　腿甲,防具,足部,武士防具,feet,1018,alternate_source,26555,0x67BB,feet,False,4,180,20,3,0,0x00000000,30,20,2/0,thickened,9,15,36,4,40,4.0,32110,low,0,31,31,16,,,computed-only,computed-only,8,0,0,11,0,0,0,,
32110,0x7D6E,浪人中铠　腿甲,防具,足部,武士防具,feet,1018,alternate_source,26555,0x67BB,feet,False,4,180,20,3,0,0x00000000,30,20,1/1,extreme_strengthened,9,15,36,0,36,3.6,32110,low,15,31,31,16,,,computed-only,computed-only,23,0,0,26,0,0,0,,
32110,0x7D6E,浪人中铠　腿甲,防具,足部,武士防具,feet,1018,alternate_source,26555,0x67BB,feet,False,4,180,20,3,0,0x00000000,30,20,2/2,extreme_thickened,9,15,36,9,45,4.5,32110,low,0,31,31,16,,,computed-only,computed-only,8,0,0,11,0,0,0,,
32110,0x7D6E,浪人中铠　腿甲,防具,足部,武士防具,feet,1018,alternate_source,26555,0x67BB,feet,False,4,180,20,3,0,0x00000000,30,20,1/2,strengthened_plus_thickened,9,15,36,4,40,4.0,32110,low,7,31,31,16,,,computed-only,computed-only,15,0,0,18,0,0,0,,
32609,0x7F61,奇兵队长装束　下衣,防具,腿部,忍者防具,legs,653,alternate_source,52862,0xCE7E,legs,False,4,180,20,3,0,0x00000000,30,20,0/0,unmodified,9,15,27,0,27,2.7,32609,low,0,42,42,16,,,computed-only,computed-only,0,0,16,0,17,0,0,,
32609,0x7F61,奇兵队长装束　下衣,防具,腿部,忍者防具,legs,653,alternate_source,52862,0xCE7E,legs,False,4,180,20,3,0,0x00000000,30,20,1/0,strengthened,9,15,27,0,27,2.7,32609,low,7,42,42,16,,,computed-only,computed-only,0,0,23,0,24,0,0,,
32609,0x7F61,奇兵队长装束　下衣,防具,腿部,忍者防具,legs,653,alternate_source,52862,0xCE7E,legs,False,4,180,20,3,0,0x00000000,30,20,2/0,thickened,9,15,27,4,31,3.1,32609,low,0,42,42,16,,,computed-only,computed-only,0,0,16,0,17,0,0,,
32609,0x7F61,奇兵队长装束　下衣,防具,腿部,忍者防具,legs,653,alternate_source,52862,0xCE7E,legs,False,4,180,20,3,0,0x00000000,30,20,1/1,extreme_strengthened,9,15,27,0,27,2.7,32609,low,15,42,42,16,,,computed-only,computed-only,0,0,31,0,32,0,0,,
32609,0x7F61,奇兵队长装束　下衣,防具,腿部,忍者防具,legs,653,alternate_source,52862,0xCE7E,legs,False,4,180,20,3,0,0x00000000,30,20,2/2,extreme_thickened,9,15,27,9,36,3.6,32609,low,0,42,42,16,,,computed-only,computed-only,0,0,16,0,17,0,0,,
32609,0x7F61,奇兵队长装束　下衣,防具,腿部,忍者防具,legs,653,alternate_source,52862,0xCE7E,legs,False,4,180,20,3,0,0x00000000,30,20,1/2,strengthened_plus_thickened,9,15,27,4,31,3.1,32609,low,7,42,42,16,,,computed-only,computed-only,0,0,23,0,24,0,0,,
32758,0x7FF6,燕尾中铠　腿甲,防具,足部,武士防具,feet,1033,alternate_source,31502,0x7B0E,feet,False,4,180,20,3,0,0x00000000,30,20,0/0,unmodified,9,15,39,0,39,3.9,32758,low,0,31,31,16,,,computed-only,computed-only,11,0,0,13,0,0,0,,
32758,0x7FF6,燕尾中铠　腿甲,防具,足部,武士防具,feet,1033,alternate_source,31502,0x7B0E,feet,False,4,180,20,3,0,0x00000000,30,20,1/0,strengthened,9,15,39,0,39,3.9,32758,low,7,31,31,16,,,computed-only,computed-only,18,0,0,20,0,0,0,,
32758,0x7FF6,燕尾中铠　腿甲,防具,足部,武士防具,feet,1033,alternate_source,31502,0x7B0E,feet,False,4,180,20,3,0,0x00000000,30,20,2/0,thickened,9,15,39,4,43,4.3,32758,low,0,31,31,16,,,computed-only,computed-only,11,0,0,13,0,0,0,,
32758,0x7FF6,燕尾中铠　腿甲,防具,足部,武士防具,feet,1033,alternate_source,31502,0x7B0E,feet,False,4,180,20,3,0,0x00000000,30,20,1/1,extreme_strengthened,9,15,39,0,39,3.9,32758,low,15,31,31,16,,,computed-only,computed-only,26,0,0,28,0,0,0,,
32758,0x7FF6,燕尾中铠　腿甲,防具,足部,武士防具,feet,1033,alternate_source,31502,0x7B0E,feet,False,4,180,20,3,0,0x00000000,30,20,2/2,extreme_thickened,9,15,39,9,48,4.8,32758,low,0,31,31,16,,,computed-only,computed-only,11,0,0,13,0,0,0,,
32758,0x7FF6,燕尾中铠　腿甲,防具,足部,武士防具,feet,1033,alternate_source,31502,0x7B0E,feet,False,4,180,20,3,0,0x00000000,30,20,1/2,strengthened_plus_thickened,9,15,39,4,43,4.3,32758,low,7,31,31,16,,,computed-only,computed-only,18,0,0,20,0,0,0,,
32824,0x8038,退魔师战甲　胸甲,防具,身体,忍者防具,chest,1020,alternate_source,37514,0x928A,chest,False,4,180,20,3,0,0x00000000,30,20,0/0,unmodified,9,15,48,0,48,4.8,32824,low,0,98,98,16,,,computed-only,computed-only,0,0,10,0,9,0,0,,
32824,0x8038,退魔师战甲　胸甲,防具,身体,忍者防具,chest,1020,alternate_source,37514,0x928A,chest,False,4,180,20,3,0,0x00000000,30,20,1/0,strengthened,9,15,48,0,48,4.8,32824,low,7,98,98,16,,,computed-only,computed-only,0,0,17,0,16,0,0,,
32824,0x8038,退魔师战甲　胸甲,防具,身体,忍者防具,chest,1020,alternate_source,37514,0x928A,chest,False,4,180,20,3,0,0x00000000,30,20,2/0,thickened,9,15,48,4,52,5.2,32824,low,0,98,98,16,,,computed-only,computed-only,0,0,10,0,9,0,0,,
32824,0x8038,退魔师战甲　胸甲,防具,身体,忍者防具,chest,1020,alternate_source,37514,0x928A,chest,False,4,180,20,3,0,0x00000000,30,20,1/1,extreme_strengthened,9,15,48,0,48,4.8,32824,low,15,98,98,16,,,computed-only,computed-only,0,0,25,0,24,0,0,,
32824,0x8038,退魔师战甲　胸甲,防具,身体,忍者防具,chest,1020,alternate_source,37514,0x928A,chest,False,4,180,20,3,0,0x00000000,30,20,2/2,extreme_thickened,9,15,48,9,57,5.7,32824,low,0,98,98,16,,,computed-only,computed-only,0,0,10,0,9,0,0,,
32824,0x8038,退魔师战甲　胸甲,防具,身体,忍者防具,chest,1020,alternate_source,37514,0x928A,chest,False,4,180,20,3,0,0x00000000,30,20,1/2,strengthened_plus_thickened,9,15,48,4,52,5.2,32824,low,7,98,98,16,,,computed-only,computed-only,0,0,17,0,16,0,0,,
32835,0x8043,螺形乌帽子,防具,头部,武士防具,head,1366,alternate_source,24733,0x609D,head,False,4,180,20,3,0,0x00000000,30,20,0/0,unmodified,9,15,15,0,15,1.5,32835,low,0,19,19,15,,,computed-only,computed-only,5,0,0,0,5,0,0,,
32835,0x8043,螺形乌帽子,防具,头部,武士防具,head,1366,alternate_source,24733,0x609D,head,False,4,180,20,3,0,0x00000000,30,20,1/0,strengthened,9,15,15,0,15,1.5,32835,low,7,19,19,15,,,computed-only,computed-only,12,0,0,0,12,0,0,,
32835,0x8043,螺形乌帽子,防具,头部,武士防具,head,1366,alternate_source,24733,0x609D,head,False,4,180,20,3,0,0x00000000,30,20,2/0,thickened,9,15,15,4,19,1.9,32835,low,0,19,19,15,,,computed-only,computed-only,5,0,0,0,5,0,0,,
32835,0x8043,螺形乌帽子,防具,头部,武士防具,head,1366,alternate_source,24733,0x609D,head,False,4,180,20,3,0,0x00000000,30,20,1/1,extreme_strengthened,9,15,15,0,15,1.5,32835,low,15,19,19,15,,,computed-only,computed-only,20,0,0,0,20,0,0,,
32835,0x8043,螺形乌帽子,防具,头部,武士防具,head,1366,alternate_source,24733,0x609D,head,False,4,180,20,3,0,0x00000000,30,20,2/2,extreme_thickened,9,15,15,9,24,2.4,32835,low,0,19,19,15,,,computed-only,computed-only,5,0,0,0,5,0,0,,
32835,0x8043,螺形乌帽子,防具,头部,武士防具,head,1366,alternate_source,24733,0x609D,head,False,4,180,20,3,0,0x00000000,30,20,1/2,strengthened_plus_thickened,9,15,15,4,19,1.9,32835,low,7,19,19,15,,,computed-only,computed-only,12,0,0,0,12,0,0,,
32844,0x804C,智慧伊豆之衣　草鞋,防具,足部,武士防具,feet,1262,alternate_source,1540,0x0604,feet,False,4,180,20,3,0,0x00000000,30,20,0/0,unmodified,9,15,15,0,15,1.5,32844,low,0,19,19,15,,,computed-only,computed-only,0,0,0,22,22,0,0,,
32844,0x804C,智慧伊豆之衣　草鞋,防具,足部,武士防具,feet,1262,alternate_source,1540,0x0604,feet,False,4,180,20,3,0,0x00000000,30,20,1/0,strengthened,9,15,15,0,15,1.5,32844,low,7,19,19,15,,,computed-only,computed-only,0,0,0,29,29,0,0,,
32844,0x804C,智慧伊豆之衣　草鞋,防具,足部,武士防具,feet,1262,alternate_source,1540,0x0604,feet,False,4,180,20,3,0,0x00000000,30,20,2/0,thickened,9,15,15,4,19,1.9,32844,low,0,19,19,15,,,computed-only,computed-only,0,0,0,22,22,0,0,,
32844,0x804C,智慧伊豆之衣　草鞋,防具,足部,武士防具,feet,1262,alternate_source,1540,0x0604,feet,False,4,180,20,3,0,0x00000000,30,20,1/1,extreme_strengthened,9,15,15,0,15,1.5,32844,low,15,19,19,15,,,computed-only,computed-only,0,0,0,37,37,0,0,,
32844,0x804C,智慧伊豆之衣　草鞋,防具,足部,武士防具,feet,1262,alternate_source,1540,0x0604,feet,False,4,180,20,3,0,0x00000000,30,20,2/2,extreme_thickened,9,15,15,9,24,2.4,32844,low,0,19,19,15,,,computed-only,computed-only,0,0,0,22,22,0,0,,
32844,0x804C,智慧伊豆之衣　草鞋,防具,足部,武士防具,feet,1262,alternate_source,1540,0x0604,feet,False,4,180,20,3,0,0x00000000,30,20,1/2,strengthened_plus_thickened,9,15,15,4,19,1.9,32844,low,7,19,19,15,,,computed-only,computed-only,0,0,0,29,29,0,0,,
32853,0x8055,新选组队服　羽织,防具,身体,武士防具,chest,673,alternate_source,55720,0xD9A8,chest,False,4,180,20,3,0,0x00000000,30,20,0/0,unmodified,9,15,34,0,34,3.4,32853,low,0,38,38,15,,,computed-only,computed-only,17,0,0,0,17,0,0,,
32853,0x8055,新选组队服　羽织,防具,身体,武士防具,chest,673,alternate_source,55720,0xD9A8,chest,False,4,180,20,3,0,0x00000000,30,20,1/0,strengthened,9,15,34,0,34,3.4,32853,low,7,38,38,15,,,computed-only,computed-only,24,0,0,0,24,0,0,,
32853,0x8055,新选组队服　羽织,防具,身体,武士防具,chest,673,alternate_source,55720,0xD9A8,chest,False,4,180,20,3,0,0x00000000,30,20,2/0,thickened,9,15,34,4,38,3.8,32853,low,0,38,38,15,,,computed-only,computed-only,17,0,0,0,17,0,0,,
32853,0x8055,新选组队服　羽织,防具,身体,武士防具,chest,673,alternate_source,55720,0xD9A8,chest,False,4,180,20,3,0,0x00000000,30,20,1/1,extreme_strengthened,9,15,34,0,34,3.4,32853,low,15,38,38,15,,,computed-only,computed-only,32,0,0,0,32,0,0,,
32853,0x8055,新选组队服　羽织,防具,身体,武士防具,chest,673,alternate_source,55720,0xD9A8,chest,False,4,180,20,3,0,0x00000000,30,20,2/2,extreme_thickened,9,15,34,9,43,4.3,32853,low,0,38,38,15,,,computed-only,computed-only,17,0,0,0,17,0,0,,
32853,0x8055,新选组队服　羽织,防具,身体,武士防具,chest,673,alternate_source,55720,0xD9A8,chest,False,4,180,20,3,0,0x00000000,30,20,1/2,strengthened_plus_thickened,9,15,34,4,38,3.8,32853,low,7,38,38,15,,,computed-only,computed-only,24,0,0,0,24,0,0,,
32876,0x806C,独眼剑豪之衣　胸甲,防具,身体,武士防具,chest,1273,alternate_source,13303,0x33F7,chest,False,4,180,20,3,0,0x00000000,30,20,0/0,unmodified,9,15,66,0,66,6.6,32876,low,0,62,62,16,,,computed-only,computed-only,21,0,0,0,21,0,0,,
32876,0x806C,独眼剑豪之衣　胸甲,防具,身体,武士防具,chest,1273,alternate_source,13303,0x33F7,chest,False,4,180,20,3,0,0x00000000,30,20,1/0,strengthened,9,15,66,0,66,6.6,32876,low,7,62,62,16,,,computed-only,computed-only,28,0,0,0,28,0,0,,
32876,0x806C,独眼剑豪之衣　胸甲,防具,身体,武士防具,chest,1273,alternate_source,13303,0x33F7,chest,False,4,180,20,3,0,0x00000000,30,20,2/0,thickened,9,15,66,4,70,7.0,32876,low,0,62,62,16,,,computed-only,computed-only,21,0,0,0,21,0,0,,
32876,0x806C,独眼剑豪之衣　胸甲,防具,身体,武士防具,chest,1273,alternate_source,13303,0x33F7,chest,False,4,180,20,3,0,0x00000000,30,20,1/1,extreme_strengthened,9,15,66,0,66,6.6,32876,low,15,62,62,16,,,computed-only,computed-only,36,0,0,0,36,0,0,,
32876,0x806C,独眼剑豪之衣　胸甲,防具,身体,武士防具,chest,1273,alternate_source,13303,0x33F7,chest,False,4,180,20,3,0,0x00000000,30,20,2/2,extreme_thickened,9,15,66,9,75,7.5,32876,low,0,62,62,16,,,computed-only,computed-only,21,0,0,0,21,0,0,,
32876,0x806C,独眼剑豪之衣　胸甲,防具,身体,武士防具,chest,1273,alternate_source,13303,0x33F7,chest,False,4,180,20,3,0,0x00000000,30,20,1/2,strengthened_plus_thickened,9,15,66,4,70,7.0,32876,low,7,62,62,16,,,computed-only,computed-only,28,0,0,0,28,0,0,,
33205,0x81B5,,防具,,忍者防具,feet,979,standalone,33205,0x81B5,feet,False,4,180,20,3,0,0x00000000,30,20,0/0,unmodified,9,15,10,0,10,1.0,33205,low,0,18,18,15,,,computed-only,computed-only,0,0,0,0,12,0,0,,
33205,0x81B5,,防具,,忍者防具,feet,979,standalone,33205,0x81B5,feet,False,4,180,20,3,0,0x00000000,30,20,1/0,strengthened,9,15,10,0,10,1.0,33205,low,7,18,18,15,,,computed-only,computed-only,0,0,0,0,19,0,0,,
33205,0x81B5,,防具,,忍者防具,feet,979,standalone,33205,0x81B5,feet,False,4,180,20,3,0,0x00000000,30,20,2/0,thickened,9,15,10,4,14,1.4,33205,low,0,18,18,15,,,computed-only,computed-only,0,0,0,0,12,0,0,,
33205,0x81B5,,防具,,忍者防具,feet,979,standalone,33205,0x81B5,feet,False,4,180,20,3,0,0x00000000,30,20,1/1,extreme_strengthened,9,15,10,0,10,1.0,33205,low,15,18,18,15,,,computed-only,computed-only,0,0,0,0,27,0,0,,
33205,0x81B5,,防具,,忍者防具,feet,979,standalone,33205,0x81B5,feet,False,4,180,20,3,0,0x00000000,30,20,2/2,extreme_thickened,9,15,10,9,19,1.9,33205,low,0,18,18,15,,,computed-only,computed-only,0,0,0,0,12,0,0,,
33205,0x81B5,,防具,,忍者防具,feet,979,standalone,33205,0x81B5,feet,False,4,180,20,3,0,0x00000000,30,20,1/2,strengthened_plus_thickened,9,15,10,4,14,1.4,33205,low,7,18,18,15,,,computed-only,computed-only,0,0,0,0,19,0,0,,
33260,0x81EC,崇佛诚心之铠　头盔,防具,头部,武士防具,head,1199,alternate_source,65430,0xFF96,head,False,4,180,20,3,0,0x00000000,30,20,0/0,unmodified,9,15,55,0,55,5.5,33260,low,0,50,50,17,,,computed-only,computed-only,0,0,18,17,0,0,0,,
33260,0x81EC,崇佛诚心之铠　头盔,防具,头部,武士防具,head,1199,alternate_source,65430,0xFF96,head,False,4,180,20,3,0,0x00000000,30,20,1/0,strengthened,9,15,55,0,55,5.5,33260,low,7,50,50,17,,,computed-only,computed-only,0,0,25,24,0,0,0,,
33260,0x81EC,崇佛诚心之铠　头盔,防具,头部,武士防具,head,1199,alternate_source,65430,0xFF96,head,False,4,180,20,3,0,0x00000000,30,20,2/0,thickened,9,15,55,4,59,5.9,33260,low,0,50,50,17,,,computed-only,computed-only,0,0,18,17,0,0,0,,
33260,0x81EC,崇佛诚心之铠　头盔,防具,头部,武士防具,head,1199,alternate_source,65430,0xFF96,head,False,4,180,20,3,0,0x00000000,30,20,1/1,extreme_strengthened,9,15,55,0,55,5.5,33260,low,15,50,50,17,,,computed-only,computed-only,0,0,33,32,0,0,0,,
33260,0x81EC,崇佛诚心之铠　头盔,防具,头部,武士防具,head,1199,alternate_source,65430,0xFF96,head,False,4,180,20,3,0,0x00000000,30,20,2/2,extreme_thickened,9,15,55,9,64,6.4,33260,low,0,50,50,17,,,computed-only,computed-only,0,0,18,17,0,0,0,,
33260,0x81EC,崇佛诚心之铠　头盔,防具,头部,武士防具,head,1199,alternate_source,65430,0xFF96,head,False,4,180,20,3,0,0x00000000,30,20,1/2,strengthened_plus_thickened,9,15,55,4,59,5.9,33260,low,7,50,50,17,,,computed-only,computed-only,0,0,25,24,0,0,0,,
33293,0x820D,美浓宿老之铠　臂甲,防具,手臂,武士防具,arms,1171,alternate_source,58523,0xE49B,arms,False,4,180,20,3,0,0x00000000,30,20,0/0,unmodified,9,15,48,0,48,4.8,33293,low,0,50,50,17,,,computed-only,computed-only,0,0,6,8,0,0,0,,
33293,0x820D,美浓宿老之铠　臂甲,防具,手臂,武士防具,arms,1171,alternate_source,58523,0xE49B,arms,False,4,180,20,3,0,0x00000000,30,20,1/0,strengthened,9,15,48,0,48,4.8,33293,low,7,50,50,17,,,computed-only,computed-only,0,0,13,15,0,0,0,,
33293,0x820D,美浓宿老之铠　臂甲,防具,手臂,武士防具,arms,1171,alternate_source,58523,0xE49B,arms,False,4,180,20,3,0,0x00000000,30,20,2/0,thickened,9,15,48,4,52,5.2,33293,low,0,50,50,17,,,computed-only,computed-only,0,0,6,8,0,0,0,,
33293,0x820D,美浓宿老之铠　臂甲,防具,手臂,武士防具,arms,1171,alternate_source,58523,0xE49B,arms,False,4,180,20,3,0,0x00000000,30,20,1/1,extreme_strengthened,9,15,48,0,48,4.8,33293,low,15,50,50,17,,,computed-only,computed-only,0,0,21,23,0,0,0,,
33293,0x820D,美浓宿老之铠　臂甲,防具,手臂,武士防具,arms,1171,alternate_source,58523,0xE49B,arms,False,4,180,20,3,0,0x00000000,30,20,2/2,extreme_thickened,9,15,48,9,57,5.7,33293,low,0,50,50,17,,,computed-only,computed-only,0,0,6,8,0,0,0,,
33293,0x820D,美浓宿老之铠　臂甲,防具,手臂,武士防具,arms,1171,alternate_source,58523,0xE49B,arms,False,4,180,20,3,0,0x00000000,30,20,1/2,strengthened_plus_thickened,9,15,48,4,52,5.2,33293,low,7,50,50,17,,,computed-only,computed-only,0,0,13,15,0,0,0,,
33321,0x8229,暗行忍者装束　腿甲,防具,足部,忍者防具,feet,781,alternate_source,4865,0x1301,feet,False,4,180,20,3,0,0x00000000,30,20,0/0,unmodified,9,15,27,0,27,2.7,33321,low,0,49,49,16,,,live-matched-configuration,natural-ui-getter-observation,0,0,21,0,20,0,0,weight;toughness;requirement_0;requirement_1;requirement_2;requirement_3;requirement_4;requirement_5;requirement_6,
33321,0x8229,暗行忍者装束　腿甲,防具,足部,忍者防具,feet,781,alternate_source,4865,0x1301,feet,False,4,180,20,3,0,0x00000000,30,20,1/0,strengthened,9,15,27,0,27,2.7,33321,low,7,49,49,16,,,live-matched-configuration,natural-ui-getter-observation,0,0,28,0,27,0,0,weight;toughness;requirement_0;requirement_1;requirement_2;requirement_3;requirement_4;requirement_5;requirement_6,
33321,0x8229,暗行忍者装束　腿甲,防具,足部,忍者防具,feet,781,alternate_source,4865,0x1301,feet,False,4,180,20,3,0,0x00000000,30,20,2/0,thickened,9,15,27,4,31,3.1,33321,low,0,49,49,16,,,live-matched-configuration,natural-ui-getter-observation,0,0,21,0,20,0,0,weight;toughness;requirement_0;requirement_1;requirement_2;requirement_3;requirement_4;requirement_5;requirement_6,
33321,0x8229,暗行忍者装束　腿甲,防具,足部,忍者防具,feet,781,alternate_source,4865,0x1301,feet,False,4,180,20,3,0,0x00000000,30,20,1/1,extreme_strengthened,9,15,27,0,27,2.7,33321,low,15,49,49,16,,,live-matched-configuration,natural-ui-getter-observation,0,0,36,0,35,0,0,weight;toughness;requirement_0;requirement_1;requirement_2;requirement_3;requirement_4;requirement_5;requirement_6,
33321,0x8229,暗行忍者装束　腿甲,防具,足部,忍者防具,feet,781,alternate_source,4865,0x1301,feet,False,4,180,20,3,0,0x00000000,30,20,2/2,extreme_thickened,9,15,27,9,36,3.6,33321,low,0,49,49,16,,,live-matched-configuration,natural-ui-getter-observation,0,0,21,0,20,0,0,weight;toughness;requirement_0;requirement_1;requirement_2;requirement_3;requirement_4;requirement_5;requirement_6,
33321,0x8229,暗行忍者装束　腿甲,防具,足部,忍者防具,feet,781,alternate_source,4865,0x1301,feet,False,4,180,20,3,0,0x00000000,30,20,1/2,strengthened_plus_thickened,9,15,27,4,31,3.1,33321,low,7,49,49,16,,,live-matched-configuration,natural-ui-getter-observation,0,0,28,0,27,0,0,weight;toughness;requirement_0;requirement_1;requirement_2;requirement_3;requirement_4;requirement_5;requirement_6,
33382,0x8266,世嗣忍者装束　膝甲,防具,腿部,忍者防具,legs,615,alternate_source,39639,0x9AD7,legs,False,4,180,20,3,0,0x00000000,30,20,0/0,unmodified,9,15,9,0,9,0.9,33382,low,0,27,27,15,,,computed-only,computed-only,5,0,0,0,5,0,0,,
33382,0x8266,世嗣忍者装束　膝甲,防具,腿部,忍者防具,legs,615,alternate_source,39639,0x9AD7,legs,False,4,180,20,3,0,0x00000000,30,20,1/0,strengthened,9,15,9,0,9,0.9,33382,low,7,27,27,15,,,computed-only,computed-only,12,0,0,0,12,0,0,,
33382,0x8266,世嗣忍者装束　膝甲,防具,腿部,忍者防具,legs,615,alternate_source,39639,0x9AD7,legs,False,4,180,20,3,0,0x00000000,30,20,2/0,thickened,9,15,9,4,13,1.3,33382,low,0,27,27,15,,,computed-only,computed-only,5,0,0,0,5,0,0,,
33382,0x8266,世嗣忍者装束　膝甲,防具,腿部,忍者防具,legs,615,alternate_source,39639,0x9AD7,legs,False,4,180,20,3,0,0x00000000,30,20,1/1,extreme_strengthened,9,15,9,0,9,0.9,33382,low,15,27,27,15,,,computed-only,computed-only,20,0,0,0,20,0,0,,
33382,0x8266,世嗣忍者装束　膝甲,防具,腿部,忍者防具,legs,615,alternate_source,39639,0x9AD7,legs,False,4,180,20,3,0,0x00000000,30,20,2/2,extreme_thickened,9,15,9,9,18,1.8,33382,low,0,27,27,15,,,computed-only,computed-only,5,0,0,0,5,0,0,,
33382,0x8266,世嗣忍者装束　膝甲,防具,腿部,忍者防具,legs,615,alternate_source,39639,0x9AD7,legs,False,4,180,20,3,0,0x00000000,30,20,1/2,strengthened_plus_thickened,9,15,9,4,13,1.3,33382,low,7,27,27,15,,,computed-only,computed-only,12,0,0,0,12,0,0,,
33701,0x83A5,第一队队长队服　袖套,防具,手臂,武士防具,arms,635,alternate_source,33879,0x8457,arms,False,4,180,20,3,0,0x00000000,30,20,0/0,unmodified,9,15,18,0,18,1.8,33701,low,0,19,19,15,,,computed-only,computed-only,18,0,0,0,17,0,0,,
33701,0x83A5,第一队队长队服　袖套,防具,手臂,武士防具,arms,635,alternate_source,33879,0x8457,arms,False,4,180,20,3,0,0x00000000,30,20,1/0,strengthened,9,15,18,0,18,1.8,33701,low,7,19,19,15,,,computed-only,computed-only,25,0,0,0,24,0,0,,
33701,0x83A5,第一队队长队服　袖套,防具,手臂,武士防具,arms,635,alternate_source,33879,0x8457,arms,False,4,180,20,3,0,0x00000000,30,20,2/0,thickened,9,15,18,4,22,2.2,33701,low,0,19,19,15,,,computed-only,computed-only,18,0,0,0,17,0,0,,
33701,0x83A5,第一队队长队服　袖套,防具,手臂,武士防具,arms,635,alternate_source,33879,0x8457,arms,False,4,180,20,3,0,0x00000000,30,20,1/1,extreme_strengthened,9,15,18,0,18,1.8,33701,low,15,19,19,15,,,computed-only,computed-only,33,0,0,0,32,0,0,,
33701,0x83A5,第一队队长队服　袖套,防具,手臂,武士防具,arms,635,alternate_source,33879,0x8457,arms,False,4,180,20,3,0,0x00000000,30,20,2/2,extreme_thickened,9,15,18,9,27,2.7,33701,low,0,19,19,15,,,computed-only,computed-only,18,0,0,0,17,0,0,,
33701,0x83A5,第一队队长队服　袖套,防具,手臂,武士防具,arms,635,alternate_source,33879,0x8457,arms,False,4,180,20,3,0,0x00000000,30,20,1/2,strengthened_plus_thickened,9,15,18,4,22,2.2,33701,low,7,19,19,15,,,computed-only,computed-only,25,0,0,0,24,0,0,,
33762,0x83E2,,防具或饰品,,装备,legs,1280,alternate_source,20047,0x4E4F,legs,False,4,180,20,3,0,0x00000000,30,20,0/0,unmodified,9,15,51,0,51,5.1,33762,low,0,47,47,16,,,computed-only,computed-only,21,0,0,21,0,0,0,,
33762,0x83E2,,防具或饰品,,装备,legs,1280,alternate_source,20047,0x4E4F,legs,False,4,180,20,3,0,0x00000000,30,20,1/0,strengthened,9,15,51,0,51,5.1,33762,low,7,47,47,16,,,computed-only,computed-only,28,0,0,28,0,0,0,,
33762,0x83E2,,防具或饰品,,装备,legs,1280,alternate_source,20047,0x4E4F,legs,False,4,180,20,3,0,0x00000000,30,20,2/0,thickened,9,15,51,4,55,5.5,33762,low,0,47,47,16,,,computed-only,computed-only,21,0,0,21,0,0,0,,
33762,0x83E2,,防具或饰品,,装备,legs,1280,alternate_source,20047,0x4E4F,legs,False,4,180,20,3,0,0x00000000,30,20,1/1,extreme_strengthened,9,15,51,0,51,5.1,33762,low,15,47,47,16,,,computed-only,computed-only,36,0,0,36,0,0,0,,
33762,0x83E2,,防具或饰品,,装备,legs,1280,alternate_source,20047,0x4E4F,legs,False,4,180,20,3,0,0x00000000,30,20,2/2,extreme_thickened,9,15,51,9,60,6.0,33762,low,0,47,47,16,,,computed-only,computed-only,21,0,0,21,0,0,0,,
33762,0x83E2,,防具或饰品,,装备,legs,1280,alternate_source,20047,0x4E4F,legs,False,4,180,20,3,0,0x00000000,30,20,1/2,strengthened_plus_thickened,9,15,51,4,55,5.5,33762,low,7,47,47,16,,,computed-only,computed-only,28,0,0,28,0,0,0,,
33876,0x8454,绝群倾奇之铠　膝甲,防具,腿部,武士防具,legs,1057,alternate_source,8900,0x22C4,legs,False,4,180,20,3,0,0x00000000,30,20,0/0,unmodified,9,15,60,0,60,6.0,33876,low,0,47,47,16,,,computed-only,computed-only,13,0,0,18,0,0,0,,
33876,0x8454,绝群倾奇之铠　膝甲,防具,腿部,武士防具,legs,1057,alternate_source,8900,0x22C4,legs,False,4,180,20,3,0,0x00000000,30,20,1/0,strengthened,9,15,60,0,60,6.0,33876,low,7,47,47,16,,,computed-only,computed-only,20,0,0,25,0,0,0,,
33876,0x8454,绝群倾奇之铠　膝甲,防具,腿部,武士防具,legs,1057,alternate_source,8900,0x22C4,legs,False,4,180,20,3,0,0x00000000,30,20,2/0,thickened,9,15,60,4,64,6.4,33876,low,0,47,47,16,,,computed-only,computed-only,13,0,0,18,0,0,0,,
33876,0x8454,绝群倾奇之铠　膝甲,防具,腿部,武士防具,legs,1057,alternate_source,8900,0x22C4,legs,False,4,180,20,3,0,0x00000000,30,20,1/1,extreme_strengthened,9,15,60,0,60,6.0,33876,low,15,47,47,16,,,computed-only,computed-only,28,0,0,33,0,0,0,,
33876,0x8454,绝群倾奇之铠　膝甲,防具,腿部,武士防具,legs,1057,alternate_source,8900,0x22C4,legs,False,4,180,20,3,0,0x00000000,30,20,2/2,extreme_thickened,9,15,60,9,69,6.9,33876,low,0,47,47,16,,,computed-only,computed-only,13,0,0,18,0,0,0,,
33876,0x8454,绝群倾奇之铠　膝甲,防具,腿部,武士防具,legs,1057,alternate_source,8900,0x22C4,legs,False,4,180,20,3,0,0x00000000,30,20,1/2,strengthened_plus_thickened,9,15,60,4,64,6.4,33876,low,7,47,47,16,,,computed-only,computed-only,20,0,0,25,0,0,0,,
34001,0x84D1,御家人之铠　臂甲,防具,手臂,武士防具,arms,816,alternate_source,5458,0x1552,arms,False,4,180,20,3,0,0x00000000,30,20,0/0,unmodified,9,15,37,0,37,3.7,34001,low,0,31,31,16,,,computed-only,computed-only,10,0,0,9,0,0,0,,
34001,0x84D1,御家人之铠　臂甲,防具,手臂,武士防具,arms,816,alternate_source,5458,0x1552,arms,False,4,180,20,3,0,0x00000000,30,20,1/0,strengthened,9,15,37,0,37,3.7,34001,low,7,31,31,16,,,computed-only,computed-only,17,0,0,16,0,0,0,,
34001,0x84D1,御家人之铠　臂甲,防具,手臂,武士防具,arms,816,alternate_source,5458,0x1552,arms,False,4,180,20,3,0,0x00000000,30,20,2/0,thickened,9,15,37,4,41,4.1,34001,low,0,31,31,16,,,computed-only,computed-only,10,0,0,9,0,0,0,,
34001,0x84D1,御家人之铠　臂甲,防具,手臂,武士防具,arms,816,alternate_source,5458,0x1552,arms,False,4,180,20,3,0,0x00000000,30,20,1/1,extreme_strengthened,9,15,37,0,37,3.7,34001,low,15,31,31,16,,,computed-only,computed-only,25,0,0,24,0,0,0,,
34001,0x84D1,御家人之铠　臂甲,防具,手臂,武士防具,arms,816,alternate_source,5458,0x1552,arms,False,4,180,20,3,0,0x00000000,30,20,2/2,extreme_thickened,9,15,37,9,46,4.6,34001,low,0,31,31,16,,,computed-only,computed-only,10,0,0,9,0,0,0,,
34001,0x84D1,御家人之铠　臂甲,防具,手臂,武士防具,arms,816,alternate_source,5458,0x1552,arms,False,4,180,20,3,0,0x00000000,30,20,1/2,strengthened_plus_thickened,9,15,37,4,41,4.1,34001,low,7,31,31,16,,,computed-only,computed-only,17,0,0,16,0,0,0,,
34246,0x85C6,弁庆梦想装束　上衣,防具,身体,忍者防具,chest,1254,alternate_source,30310,0x7666,chest,False,4,180,20,3,0,0x00000000,30,20,0/0,unmodified,9,15,34,0,34,3.4,34246,low,0,56,56,16,,,computed-only,computed-only,0,0,0,23,22,0,0,,
34246,0x85C6,弁庆梦想装束　上衣,防具,身体,忍者防具,chest,1254,alternate_source,30310,0x7666,chest,False,4,180,20,3,0,0x00000000,30,20,1/0,strengthened,9,15,34,0,34,3.4,34246,low,7,56,56,16,,,computed-only,computed-only,0,0,0,30,29,0,0,,
34246,0x85C6,弁庆梦想装束　上衣,防具,身体,忍者防具,chest,1254,alternate_source,30310,0x7666,chest,False,4,180,20,3,0,0x00000000,30,20,2/0,thickened,9,15,34,4,38,3.8,34246,low,0,56,56,16,,,computed-only,computed-only,0,0,0,23,22,0,0,,
34246,0x85C6,弁庆梦想装束　上衣,防具,身体,忍者防具,chest,1254,alternate_source,30310,0x7666,chest,False,4,180,20,3,0,0x00000000,30,20,1/1,extreme_strengthened,9,15,34,0,34,3.4,34246,low,15,56,56,16,,,computed-only,computed-only,0,0,0,38,37,0,0,,
34246,0x85C6,弁庆梦想装束　上衣,防具,身体,忍者防具,chest,1254,alternate_source,30310,0x7666,chest,False,4,180,20,3,0,0x00000000,30,20,2/2,extreme_thickened,9,15,34,9,43,4.3,34246,low,0,56,56,16,,,computed-only,computed-only,0,0,0,23,22,0,0,,
34246,0x85C6,弁庆梦想装束　上衣,防具,身体,忍者防具,chest,1254,alternate_source,30310,0x7666,chest,False,4,180,20,3,0,0x00000000,30,20,1/2,strengthened_plus_thickened,9,15,34,4,38,3.8,34246,low,7,56,56,16,,,computed-only,computed-only,0,0,0,30,29,0,0,,
34352,0x8630,弘法大师僧衣　袈裟,防具,身体,忍者防具,chest,936,alternate_source,43208,0xA8C8,chest,False,4,180,20,3,0,0x00000000,30,20,0/0,unmodified,9,15,36,0,36,3.6,34352,low,0,56,56,16,,,computed-only,computed-only,0,0,18,0,12,0,0,,
34352,0x8630,弘法大师僧衣　袈裟,防具,身体,忍者防具,chest,936,alternate_source,43208,0xA8C8,chest,False,4,180,20,3,0,0x00000000,30,20,1/0,strengthened,9,15,36,0,36,3.6,34352,low,7,56,56,16,,,computed-only,computed-only,0,0,25,0,19,0,0,,
34352,0x8630,弘法大师僧衣　袈裟,防具,身体,忍者防具,chest,936,alternate_source,43208,0xA8C8,chest,False,4,180,20,3,0,0x00000000,30,20,2/0,thickened,9,15,36,4,40,4.0,34352,low,0,56,56,16,,,computed-only,computed-only,0,0,18,0,12,0,0,,
34352,0x8630,弘法大师僧衣　袈裟,防具,身体,忍者防具,chest,936,alternate_source,43208,0xA8C8,chest,False,4,180,20,3,0,0x00000000,30,20,1/1,extreme_strengthened,9,15,36,0,36,3.6,34352,low,15,56,56,16,,,computed-only,computed-only,0,0,33,0,27,0,0,,
34352,0x8630,弘法大师僧衣　袈裟,防具,身体,忍者防具,chest,936,alternate_source,43208,0xA8C8,chest,False,4,180,20,3,0,0x00000000,30,20,2/2,extreme_thickened,9,15,36,9,45,4.5,34352,low,0,56,56,16,,,computed-only,computed-only,0,0,18,0,12,0,0,,
34352,0x8630,弘法大师僧衣　袈裟,防具,身体,忍者防具,chest,936,alternate_source,43208,0xA8C8,chest,False,4,180,20,3,0,0x00000000,30,20,1/2,strengthened_plus_thickened,9,15,36,4,40,4.0,34352,low,7,56,56,16,,,computed-only,computed-only,0,0,25,0,19,0,0,,
34395,0x865B,风魔忍者装束　臂甲,防具,手臂,忍者防具,arms,887,alternate_source,21484,0x53EC,arms,False,4,180,20,3,0,0x00000000,30,20,0/0,unmodified,9,15,7,0,7,0.7,34395,low,0,18,18,15,,,computed-only,computed-only,8,0,0,0,7,0,0,,
34395,0x865B,风魔忍者装束　臂甲,防具,手臂,忍者防具,arms,887,alternate_source,21484,0x53EC,arms,False,4,180,20,3,0,0x00000000,30,20,1/0,strengthened,9,15,7,0,7,0.7,34395,low,7,18,18,15,,,computed-only,computed-only,15,0,0,0,14,0,0,,
34395,0x865B,风魔忍者装束　臂甲,防具,手臂,忍者防具,arms,887,alternate_source,21484,0x53EC,arms,False,4,180,20,3,0,0x00000000,30,20,2/0,thickened,9,15,7,4,11,1.1,34395,low,0,18,18,15,,,computed-only,computed-only,8,0,0,0,7,0,0,,
34395,0x865B,风魔忍者装束　臂甲,防具,手臂,忍者防具,arms,887,alternate_source,21484,0x53EC,arms,False,4,180,20,3,0,0x00000000,30,20,1/1,extreme_strengthened,9,15,7,0,7,0.7,34395,low,15,18,18,15,,,computed-only,computed-only,23,0,0,0,22,0,0,,
34395,0x865B,风魔忍者装束　臂甲,防具,手臂,忍者防具,arms,887,alternate_source,21484,0x53EC,arms,False,4,180,20,3,0,0x00000000,30,20,2/2,extreme_thickened,9,15,7,9,16,1.6,34395,low,0,18,18,15,,,computed-only,computed-only,8,0,0,0,7,0,0,,
34395,0x865B,风魔忍者装束　臂甲,防具,手臂,忍者防具,arms,887,alternate_source,21484,0x53EC,arms,False,4,180,20,3,0,0x00000000,30,20,1/2,strengthened_plus_thickened,9,15,7,4,11,1.1,34395,low,7,18,18,15,,,computed-only,computed-only,15,0,0,0,14,0,0,,
34493,0x86BD,,防具或饰品,,装备,arms,1279,alternate_source,58324,0xE3D4,arms,False,4,180,20,3,0,0x00000000,30,20,0/0,unmodified,9,15,34,0,34,3.4,34493,low,0,31,31,16,,,computed-only,computed-only,21,0,0,21,0,0,0,,
34493,0x86BD,,防具或饰品,,装备,arms,1279,alternate_source,58324,0xE3D4,arms,False,4,180,20,3,0,0x00000000,30,20,1/0,strengthened,9,15,34,0,34,3.4,34493,low,7,31,31,16,,,computed-only,computed-only,28,0,0,28,0,0,0,,
34493,0x86BD,,防具或饰品,,装备,arms,1279,alternate_source,58324,0xE3D4,arms,False,4,180,20,3,0,0x00000000,30,20,2/0,thickened,9,15,34,4,38,3.8,34493,low,0,31,31,16,,,computed-only,computed-only,21,0,0,21,0,0,0,,
34493,0x86BD,,防具或饰品,,装备,arms,1279,alternate_source,58324,0xE3D4,arms,False,4,180,20,3,0,0x00000000,30,20,1/1,extreme_strengthened,9,15,34,0,34,3.4,34493,low,15,31,31,16,,,computed-only,computed-only,36,0,0,36,0,0,0,,
34493,0x86BD,,防具或饰品,,装备,arms,1279,alternate_source,58324,0xE3D4,arms,False,4,180,20,3,0,0x00000000,30,20,2/2,extreme_thickened,9,15,34,9,43,4.3,34493,low,0,31,31,16,,,computed-only,computed-only,21,0,0,21,0,0,0,,
34493,0x86BD,,防具或饰品,,装备,arms,1279,alternate_source,58324,0xE3D4,arms,False,4,180,20,3,0,0x00000000,30,20,1/2,strengthened_plus_thickened,9,15,34,4,38,3.8,34493,low,7,31,31,16,,,computed-only,computed-only,28,0,0,28,0,0,0,,
34594,0x8722,邪马台国轻铠　臂甲,防具,手臂,忍者防具,arms,685,alternate_source,38896,0x97F0,arms,False,4,180,20,3,0,0x00000000,30,20,0/0,unmodified,9,15,18,0,18,1.8,34594,low,0,28,28,16,,,computed-only,computed-only,0,0,13,0,18,0,0,,
34594,0x8722,邪马台国轻铠　臂甲,防具,手臂,忍者防具,arms,685,alternate_source,38896,0x97F0,arms,False,4,180,20,3,0,0x00000000,30,20,1/0,strengthened,9,15,18,0,18,1.8,34594,low,7,28,28,16,,,computed-only,computed-only,0,0,20,0,25,0,0,,
34594,0x8722,邪马台国轻铠　臂甲,防具,手臂,忍者防具,arms,685,alternate_source,38896,0x97F0,arms,False,4,180,20,3,0,0x00000000,30,20,2/0,thickened,9,15,18,4,22,2.2,34594,low,0,28,28,16,,,computed-only,computed-only,0,0,13,0,18,0,0,,
34594,0x8722,邪马台国轻铠　臂甲,防具,手臂,忍者防具,arms,685,alternate_source,38896,0x97F0,arms,False,4,180,20,3,0,0x00000000,30,20,1/1,extreme_strengthened,9,15,18,0,18,1.8,34594,low,15,28,28,16,,,computed-only,computed-only,0,0,28,0,33,0,0,,
34594,0x8722,邪马台国轻铠　臂甲,防具,手臂,忍者防具,arms,685,alternate_source,38896,0x97F0,arms,False,4,180,20,3,0,0x00000000,30,20,2/2,extreme_thickened,9,15,18,9,27,2.7,34594,low,0,28,28,16,,,computed-only,computed-only,0,0,13,0,18,0,0,,
34594,0x8722,邪马台国轻铠　臂甲,防具,手臂,忍者防具,arms,685,alternate_source,38896,0x97F0,arms,False,4,180,20,3,0,0x00000000,30,20,1/2,strengthened_plus_thickened,9,15,18,4,22,2.2,34594,low,7,28,28,16,,,computed-only,computed-only,0,0,20,0,25,0,0,,
34651,0x875B,智慧伊豆之衣　臂甲,防具,手臂,武士防具,arms,1260,alternate_source,64438,0xFBB6,arms,False,4,180,20,3,0,0x00000000,30,20,0/0,unmodified,9,15,15,0,15,1.5,34651,low,0,19,19,15,,,computed-only,computed-only,0,0,0,22,22,0,0,,
34651,0x875B,智慧伊豆之衣　臂甲,防具,手臂,武士防具,arms,1260,alternate_source,64438,0xFBB6,arms,False,4,180,20,3,0,0x00000000,30,20,1/0,strengthened,9,15,15,0,15,1.5,34651,low,7,19,19,15,,,computed-only,computed-only,0,0,0,29,29,0,0,,
34651,0x875B,智慧伊豆之衣　臂甲,防具,手臂,武士防具,arms,1260,alternate_source,64438,0xFBB6,arms,False,4,180,20,3,0,0x00000000,30,20,2/0,thickened,9,15,15,4,19,1.9,34651,low,0,19,19,15,,,computed-only,computed-only,0,0,0,22,22,0,0,,
34651,0x875B,智慧伊豆之衣　臂甲,防具,手臂,武士防具,arms,1260,alternate_source,64438,0xFBB6,arms,False,4,180,20,3,0,0x00000000,30,20,1/1,extreme_strengthened,9,15,15,0,15,1.5,34651,low,15,19,19,15,,,computed-only,computed-only,0,0,0,37,37,0,0,,
34651,0x875B,智慧伊豆之衣　臂甲,防具,手臂,武士防具,arms,1260,alternate_source,64438,0xFBB6,arms,False,4,180,20,3,0,0x00000000,30,20,2/2,extreme_thickened,9,15,15,9,24,2.4,34651,low,0,19,19,15,,,computed-only,computed-only,0,0,0,22,22,0,0,,
34651,0x875B,智慧伊豆之衣　臂甲,防具,手臂,武士防具,arms,1260,alternate_source,64438,0xFBB6,arms,False,4,180,20,3,0,0x00000000,30,20,1/2,strengthened_plus_thickened,9,15,15,4,19,1.9,34651,low,7,19,19,15,,,computed-only,computed-only,0,0,0,29,29,0,0,,
34760,0x87C8,凶王之衣　项链,防具,身体,忍者防具,chest,622,alternate_source,4728,0x1278,chest,False,4,180,20,3,0,0x00000000,30,20,0/0,unmodified,9,15,16,0,16,1.6,34760,low,0,36,36,15,,,computed-only,computed-only,19,0,0,0,20,0,0,,
34760,0x87C8,凶王之衣　项链,防具,身体,忍者防具,chest,622,alternate_source,4728,0x1278,chest,False,4,180,20,3,0,0x00000000,30,20,1/0,strengthened,9,15,16,0,16,1.6,34760,low,7,36,36,15,,,computed-only,computed-only,26,0,0,0,27,0,0,,
34760,0x87C8,凶王之衣　项链,防具,身体,忍者防具,chest,622,alternate_source,4728,0x1278,chest,False,4,180,20,3,0,0x00000000,30,20,2/0,thickened,9,15,16,4,20,2.0,34760,low,0,36,36,15,,,computed-only,computed-only,19,0,0,0,20,0,0,,
34760,0x87C8,凶王之衣　项链,防具,身体,忍者防具,chest,622,alternate_source,4728,0x1278,chest,False,4,180,20,3,0,0x00000000,30,20,1/1,extreme_strengthened,9,15,16,0,16,1.6,34760,low,15,36,36,15,,,computed-only,computed-only,34,0,0,0,35,0,0,,
34760,0x87C8,凶王之衣　项链,防具,身体,忍者防具,chest,622,alternate_source,4728,0x1278,chest,False,4,180,20,3,0,0x00000000,30,20,2/2,extreme_thickened,9,15,16,9,25,2.5,34760,low,0,36,36,15,,,computed-only,computed-only,19,0,0,0,20,0,0,,
34760,0x87C8,凶王之衣　项链,防具,身体,忍者防具,chest,622,alternate_source,4728,0x1278,chest,False,4,180,20,3,0,0x00000000,30,20,1/2,strengthened_plus_thickened,9,15,16,4,20,2.0,34760,low,7,36,36,15,,,computed-only,computed-only,26,0,0,0,27,0,0,,
34828,0x880C,西洋炮术家装束　上衣,防具,身体,武士防具,chest,808,alternate_source,55720,0xD9A8,chest,False,4,180,20,3,0,0x00000000,30,20,0/0,unmodified,9,15,34,0,34,3.4,34828,low,0,38,38,15,,,computed-only,computed-only,18,0,0,0,19,0,0,,
34828,0x880C,西洋炮术家装束　上衣,防具,身体,武士防具,chest,808,alternate_source,55720,0xD9A8,chest,False,4,180,20,3,0,0x00000000,30,20,1/0,strengthened,9,15,34,0,34,3.4,34828,low,7,38,38,15,,,computed-only,computed-only,25,0,0,0,26,0,0,,
34828,0x880C,西洋炮术家装束　上衣,防具,身体,武士防具,chest,808,alternate_source,55720,0xD9A8,chest,False,4,180,20,3,0,0x00000000,30,20,2/0,thickened,9,15,34,4,38,3.8,34828,low,0,38,38,15,,,computed-only,computed-only,18,0,0,0,19,0,0,,
34828,0x880C,西洋炮术家装束　上衣,防具,身体,武士防具,chest,808,alternate_source,55720,0xD9A8,chest,False,4,180,20,3,0,0x00000000,30,20,1/1,extreme_strengthened,9,15,34,0,34,3.4,34828,low,15,38,38,15,,,computed-only,computed-only,33,0,0,0,34,0,0,,
34828,0x880C,西洋炮术家装束　上衣,防具,身体,武士防具,chest,808,alternate_source,55720,0xD9A8,chest,False,4,180,20,3,0,0x00000000,30,20,2/2,extreme_thickened,9,15,34,9,43,4.3,34828,low,0,38,38,15,,,computed-only,computed-only,18,0,0,0,19,0,0,,
34828,0x880C,西洋炮术家装束　上衣,防具,身体,武士防具,chest,808,alternate_source,55720,0xD9A8,chest,False,4,180,20,3,0,0x00000000,30,20,1/2,strengthened_plus_thickened,9,15,34,4,38,3.8,34828,low,7,38,38,15,,,computed-only,computed-only,25,0,0,0,26,0,0,,
34856,0x8828,鬼神面,防具,头部,忍者防具,head,1392,alternate_source,37269,0x9195,head,False,4,180,20,3,0,0x00000000,30,20,0/0,unmodified,9,15,16,0,16,1.6,34856,low,0,28,28,16,,,computed-only,computed-only,0,0,13,0,13,0,0,,
34856,0x8828,鬼神面,防具,头部,忍者防具,head,1392,alternate_source,37269,0x9195,head,False,4,180,20,3,0,0x00000000,30,20,1/0,strengthened,9,15,16,0,16,1.6,34856,low,7,28,28,16,,,computed-only,computed-only,0,0,20,0,20,0,0,,
34856,0x8828,鬼神面,防具,头部,忍者防具,head,1392,alternate_source,37269,0x9195,head,False,4,180,20,3,0,0x00000000,30,20,2/0,thickened,9,15,16,4,20,2.0,34856,low,0,28,28,16,,,computed-only,computed-only,0,0,13,0,13,0,0,,
34856,0x8828,鬼神面,防具,头部,忍者防具,head,1392,alternate_source,37269,0x9195,head,False,4,180,20,3,0,0x00000000,30,20,1/1,extreme_strengthened,9,15,16,0,16,1.6,34856,low,15,28,28,16,,,computed-only,computed-only,0,0,28,0,28,0,0,,
34856,0x8828,鬼神面,防具,头部,忍者防具,head,1392,alternate_source,37269,0x9195,head,False,4,180,20,3,0,0x00000000,30,20,2/2,extreme_thickened,9,15,16,9,25,2.5,34856,low,0,28,28,16,,,computed-only,computed-only,0,0,13,0,13,0,0,,
34856,0x8828,鬼神面,防具,头部,忍者防具,head,1392,alternate_source,37269,0x9195,head,False,4,180,20,3,0,0x00000000,30,20,1/2,strengthened_plus_thickened,9,15,16,4,20,2.0,34856,low,7,28,28,16,,,computed-only,computed-only,0,0,20,0,20,0,0,,
34899,0x8853,霸王狙击装束　阵笠,防具,头部,忍者防具,head,788,alternate_source,36746,0x8F8A,head,False,4,180,20,3,0,0x00000000,30,20,0/0,unmodified,9,15,17,0,17,1.7,34899,low,0,28,28,16,,,computed-only,computed-only,0,0,7,0,6,0,0,,
34899,0x8853,霸王狙击装束　阵笠,防具,头部,忍者防具,head,788,alternate_source,36746,0x8F8A,head,False,4,180,20,3,0,0x00000000,30,20,1/0,strengthened,9,15,17,0,17,1.7,34899,low,7,28,28,16,,,computed-only,computed-only,0,0,14,0,13,0,0,,
34899,0x8853,霸王狙击装束　阵笠,防具,头部,忍者防具,head,788,alternate_source,36746,0x8F8A,head,False,4,180,20,3,0,0x00000000,30,20,2/0,thickened,9,15,17,4,21,2.1,34899,low,0,28,28,16,,,computed-only,computed-only,0,0,7,0,6,0,0,,
34899,0x8853,霸王狙击装束　阵笠,防具,头部,忍者防具,head,788,alternate_source,36746,0x8F8A,head,False,4,180,20,3,0,0x00000000,30,20,1/1,extreme_strengthened,9,15,17,0,17,1.7,34899,low,15,28,28,16,,,computed-only,computed-only,0,0,22,0,21,0,0,,
34899,0x8853,霸王狙击装束　阵笠,防具,头部,忍者防具,head,788,alternate_source,36746,0x8F8A,head,False,4,180,20,3,0,0x00000000,30,20,2/2,extreme_thickened,9,15,17,9,26,2.6,34899,low,0,28,28,16,,,computed-only,computed-only,0,0,7,0,6,0,0,,
34899,0x8853,霸王狙击装束　阵笠,防具,头部,忍者防具,head,788,alternate_source,36746,0x8F8A,head,False,4,180,20,3,0,0x00000000,30,20,1/2,strengthened_plus_thickened,9,15,17,4,21,2.1,34899,low,7,28,28,16,,,computed-only,computed-only,0,0,14,0,13,0,0,,
34901,0x8855,侍大将中铠　臂甲,防具,手臂,武士防具,arms,1041,alternate_source,57417,0xE049,arms,False,4,180,20,3,0,0x00000000,30,20,0/0,unmodified,9,15,39,0,39,3.9,34901,low,0,31,31,16,,,computed-only,computed-only,11,0,0,16,0,0,0,,
34901,0x8855,侍大将中铠　臂甲,防具,手臂,武士防具,arms,1041,alternate_source,57417,0xE049,arms,False,4,180,20,3,0,0x00000000,30,20,1/0,strengthened,9,15,39,0,39,3.9,34901,low,7,31,31,16,,,computed-only,computed-only,18,0,0,23,0,0,0,,
34901,0x8855,侍大将中铠　臂甲,防具,手臂,武士防具,arms,1041,alternate_source,57417,0xE049,arms,False,4,180,20,3,0,0x00000000,30,20,2/0,thickened,9,15,39,4,43,4.3,34901,low,0,31,31,16,,,computed-only,computed-only,11,0,0,16,0,0,0,,
34901,0x8855,侍大将中铠　臂甲,防具,手臂,武士防具,arms,1041,alternate_source,57417,0xE049,arms,False,4,180,20,3,0,0x00000000,30,20,1/1,extreme_strengthened,9,15,39,0,39,3.9,34901,low,15,31,31,16,,,computed-only,computed-only,26,0,0,31,0,0,0,,
34901,0x8855,侍大将中铠　臂甲,防具,手臂,武士防具,arms,1041,alternate_source,57417,0xE049,arms,False,4,180,20,3,0,0x00000000,30,20,2/2,extreme_thickened,9,15,39,9,48,4.8,34901,low,0,31,31,16,,,computed-only,computed-only,11,0,0,16,0,0,0,,
34901,0x8855,侍大将中铠　臂甲,防具,手臂,武士防具,arms,1041,alternate_source,57417,0xE049,arms,False,4,180,20,3,0,0x00000000,30,20,1/2,strengthened_plus_thickened,9,15,39,4,43,4.3,34901,low,7,31,31,16,,,computed-only,computed-only,18,0,0,23,0,0,0,,
34930,0x8872,忍铠　腿甲,防具,足部,忍者防具,feet,914,alternate_source,1554,0x0612,feet,False,4,180,20,3,0,0x00000000,30,20,0/0,unmodified,9,15,24,0,24,2.4,34930,low,0,49,49,16,,,computed-only,computed-only,0,0,7,0,8,0,0,,
34930,0x8872,忍铠　腿甲,防具,足部,忍者防具,feet,914,alternate_source,1554,0x0612,feet,False,4,180,20,3,0,0x00000000,30,20,1/0,strengthened,9,15,24,0,24,2.4,34930,low,7,49,49,16,,,computed-only,computed-only,0,0,14,0,15,0,0,,
34930,0x8872,忍铠　腿甲,防具,足部,忍者防具,feet,914,alternate_source,1554,0x0612,feet,False,4,180,20,3,0,0x00000000,30,20,2/0,thickened,9,15,24,4,28,2.8,34930,low,0,49,49,16,,,computed-only,computed-only,0,0,7,0,8,0,0,,
34930,0x8872,忍铠　腿甲,防具,足部,忍者防具,feet,914,alternate_source,1554,0x0612,feet,False,4,180,20,3,0,0x00000000,30,20,1/1,extreme_strengthened,9,15,24,0,24,2.4,34930,low,15,49,49,16,,,computed-only,computed-only,0,0,22,0,23,0,0,,
34930,0x8872,忍铠　腿甲,防具,足部,忍者防具,feet,914,alternate_source,1554,0x0612,feet,False,4,180,20,3,0,0x00000000,30,20,2/2,extreme_thickened,9,15,24,9,33,3.3,34930,low,0,49,49,16,,,computed-only,computed-only,0,0,7,0,8,0,0,,
34930,0x8872,忍铠　腿甲,防具,足部,忍者防具,feet,914,alternate_source,1554,0x0612,feet,False,4,180,20,3,0,0x00000000,30,20,1/2,strengthened_plus_thickened,9,15,24,4,28,2.8,34930,low,7,49,49,16,,,computed-only,computed-only,0,0,14,0,15,0,0,,
34950,0x8886,修验者装束　草鞋,防具,足部,忍者防具,feet,762,alternate_source,58560,0xE4C0,feet,False,4,180,20,3,0,0x00000000,30,20,0/0,unmodified,9,15,23,0,23,2.3,34950,low,0,49,49,16,,,computed-only,computed-only,0,0,6,0,5,0,0,,
34950,0x8886,修验者装束　草鞋,防具,足部,忍者防具,feet,762,alternate_source,58560,0xE4C0,feet,False,4,180,20,3,0,0x00000000,30,20,1/0,strengthened,9,15,23,0,23,2.3,34950,low,7,49,49,16,,,computed-only,computed-only,0,0,13,0,12,0,0,,
34950,0x8886,修验者装束　草鞋,防具,足部,忍者防具,feet,762,alternate_source,58560,0xE4C0,feet,False,4,180,20,3,0,0x00000000,30,20,2/0,thickened,9,15,23,4,27,2.7,34950,low,0,49,49,16,,,computed-only,computed-only,0,0,6,0,5,0,0,,
34950,0x8886,修验者装束　草鞋,防具,足部,忍者防具,feet,762,alternate_source,58560,0xE4C0,feet,False,4,180,20,3,0,0x00000000,30,20,1/1,extreme_strengthened,9,15,23,0,23,2.3,34950,low,15,49,49,16,,,computed-only,computed-only,0,0,21,0,20,0,0,,
34950,0x8886,修验者装束　草鞋,防具,足部,忍者防具,feet,762,alternate_source,58560,0xE4C0,feet,False,4,180,20,3,0,0x00000000,30,20,2/2,extreme_thickened,9,15,23,9,32,3.2,34950,low,0,49,49,16,,,computed-only,computed-only,0,0,6,0,5,0,0,,
34950,0x8886,修验者装束　草鞋,防具,足部,忍者防具,feet,762,alternate_source,58560,0xE4C0,feet,False,4,180,20,3,0,0x00000000,30,20,1/2,strengthened_plus_thickened,9,15,23,4,27,2.7,34950,low,7,49,49,16,,,computed-only,computed-only,0,0,13,0,12,0,0,,
35040,0x88E0,屈之装束　裤裙,防具,腿部,忍者防具,legs,751,alternate_source,5030,0x13A6,legs,False,4,180,20,3,0,0x00000000,30,20,0/0,unmodified,9,15,12,0,12,1.2,35040,low,0,27,27,15,,,computed-only,computed-only,9,0,0,0,8,0,0,,
35040,0x88E0,屈之装束　裤裙,防具,腿部,忍者防具,legs,751,alternate_source,5030,0x13A6,legs,False,4,180,20,3,0,0x00000000,30,20,1/0,strengthened,9,15,12,0,12,1.2,35040,low,7,27,27,15,,,computed-only,computed-only,16,0,0,0,15,0,0,,
35040,0x88E0,屈之装束　裤裙,防具,腿部,忍者防具,legs,751,alternate_source,5030,0x13A6,legs,False,4,180,20,3,0,0x00000000,30,20,2/0,thickened,9,15,12,4,16,1.6,35040,low,0,27,27,15,,,computed-only,computed-only,9,0,0,0,8,0,0,,
35040,0x88E0,屈之装束　裤裙,防具,腿部,忍者防具,legs,751,alternate_source,5030,0x13A6,legs,False,4,180,20,3,0,0x00000000,30,20,1/1,extreme_strengthened,9,15,12,0,12,1.2,35040,low,15,27,27,15,,,computed-only,computed-only,24,0,0,0,23,0,0,,
35040,0x88E0,屈之装束　裤裙,防具,腿部,忍者防具,legs,751,alternate_source,5030,0x13A6,legs,False,4,180,20,3,0,0x00000000,30,20,2/2,extreme_thickened,9,15,12,9,21,2.1,35040,low,0,27,27,15,,,computed-only,computed-only,9,0,0,0,8,0,0,,
35040,0x88E0,屈之装束　裤裙,防具,腿部,忍者防具,legs,751,alternate_source,5030,0x13A6,legs,False,4,180,20,3,0,0x00000000,30,20,1/2,strengthened_plus_thickened,9,15,12,4,16,1.6,35040,low,7,27,27,15,,,computed-only,computed-only,16,0,0,0,15,0,0,,
35123,0x8933,铁三枚张峰界形盔,防具,头部,武士防具,head,1355,alternate_source,58443,0xE44B,head,False,4,180,20,3,0,0x00000000,30,20,0/0,unmodified,9,15,47,0,47,4.7,35123,low,0,50,50,17,,,computed-only,computed-only,0,0,8,8,0,0,0,,
35123,0x8933,铁三枚张峰界形盔,防具,头部,武士防具,head,1355,alternate_source,58443,0xE44B,head,False,4,180,20,3,0,0x00000000,30,20,1/0,strengthened,9,15,47,0,47,4.7,35123,low,7,50,50,17,,,computed-only,computed-only,0,0,15,15,0,0,0,,
35123,0x8933,铁三枚张峰界形盔,防具,头部,武士防具,head,1355,alternate_source,58443,0xE44B,head,False,4,180,20,3,0,0x00000000,30,20,2/0,thickened,9,15,47,4,51,5.1,35123,low,0,50,50,17,,,computed-only,computed-only,0,0,8,8,0,0,0,,
35123,0x8933,铁三枚张峰界形盔,防具,头部,武士防具,head,1355,alternate_source,58443,0xE44B,head,False,4,180,20,3,0,0x00000000,30,20,1/1,extreme_strengthened,9,15,47,0,47,4.7,35123,low,15,50,50,17,,,computed-only,computed-only,0,0,23,23,0,0,0,,
35123,0x8933,铁三枚张峰界形盔,防具,头部,武士防具,head,1355,alternate_source,58443,0xE44B,head,False,4,180,20,3,0,0x00000000,30,20,2/2,extreme_thickened,9,15,47,9,56,5.6,35123,low,0,50,50,17,,,computed-only,computed-only,0,0,8,8,0,0,0,,
35123,0x8933,铁三枚张峰界形盔,防具,头部,武士防具,head,1355,alternate_source,58443,0xE44B,head,False,4,180,20,3,0,0x00000000,30,20,1/2,strengthened_plus_thickened,9,15,47,4,51,5.1,35123,low,7,50,50,17,,,computed-only,computed-only,0,0,15,15,0,0,0,,
35189,0x8975,道服上衣,防具,身体,忍者防具,chest,863,alternate_source,54701,0xD5AD,chest,False,4,180,20,3,0,0x00000000,30,20,0/0,unmodified,9,15,12,0,12,1.2,35189,low,0,36,36,15,,,computed-only,computed-only,5,0,0,0,5,0,0,,
35189,0x8975,道服上衣,防具,身体,忍者防具,chest,863,alternate_source,54701,0xD5AD,chest,False,4,180,20,3,0,0x00000000,30,20,1/0,strengthened,9,15,12,0,12,1.2,35189,low,7,36,36,15,,,computed-only,computed-only,12,0,0,0,12,0,0,,
35189,0x8975,道服上衣,防具,身体,忍者防具,chest,863,alternate_source,54701,0xD5AD,chest,False,4,180,20,3,0,0x00000000,30,20,2/0,thickened,9,15,12,4,16,1.6,35189,low,0,36,36,15,,,computed-only,computed-only,5,0,0,0,5,0,0,,
35189,0x8975,道服上衣,防具,身体,忍者防具,chest,863,alternate_source,54701,0xD5AD,chest,False,4,180,20,3,0,0x00000000,30,20,1/1,extreme_strengthened,9,15,12,0,12,1.2,35189,low,15,36,36,15,,,computed-only,computed-only,20,0,0,0,20,0,0,,
35189,0x8975,道服上衣,防具,身体,忍者防具,chest,863,alternate_source,54701,0xD5AD,chest,False,4,180,20,3,0,0x00000000,30,20,2/2,extreme_thickened,9,15,12,9,21,2.1,35189,low,0,36,36,15,,,computed-only,computed-only,5,0,0,0,5,0,0,,
35189,0x8975,道服上衣,防具,身体,忍者防具,chest,863,alternate_source,54701,0xD5AD,chest,False,4,180,20,3,0,0x00000000,30,20,1/2,strengthened_plus_thickened,9,15,12,4,16,1.6,35189,low,7,36,36,15,,,computed-only,computed-only,12,0,0,0,12,0,0,,
35209,0x8989,无缘人之铠　头巾,防具,头部,忍者防具,head,1049,alternate_source,37269,0x9195,head,False,4,180,20,3,0,0x00000000,30,20,0/0,unmodified,9,15,16,0,16,1.6,35209,low,0,28,28,16,,,computed-only,computed-only,5,0,0,5,0,0,0,,
35209,0x8989,无缘人之铠　头巾,防具,头部,忍者防具,head,1049,alternate_source,37269,0x9195,head,False,4,180,20,3,0,0x00000000,30,20,1/0,strengthened,9,15,16,0,16,1.6,35209,low,7,28,28,16,,,computed-only,computed-only,12,0,0,12,0,0,0,,
35209,0x8989,无缘人之铠　头巾,防具,头部,忍者防具,head,1049,alternate_source,37269,0x9195,head,False,4,180,20,3,0,0x00000000,30,20,2/0,thickened,9,15,16,4,20,2.0,35209,low,0,28,28,16,,,computed-only,computed-only,5,0,0,5,0,0,0,,
35209,0x8989,无缘人之铠　头巾,防具,头部,忍者防具,head,1049,alternate_source,37269,0x9195,head,False,4,180,20,3,0,0x00000000,30,20,1/1,extreme_strengthened,9,15,16,0,16,1.6,35209,low,15,28,28,16,,,computed-only,computed-only,20,0,0,20,0,0,0,,
35209,0x8989,无缘人之铠　头巾,防具,头部,忍者防具,head,1049,alternate_source,37269,0x9195,head,False,4,180,20,3,0,0x00000000,30,20,2/2,extreme_thickened,9,15,16,9,25,2.5,35209,low,0,28,28,16,,,computed-only,computed-only,5,0,0,5,0,0,0,,
35209,0x8989,无缘人之铠　头巾,防具,头部,忍者防具,head,1049,alternate_source,37269,0x9195,head,False,4,180,20,3,0,0x00000000,30,20,1/2,strengthened_plus_thickened,9,15,16,4,20,2.0,35209,low,7,28,28,16,,,computed-only,computed-only,12,0,0,12,0,0,0,,
35229,0x899D,讨鬼勇猛之铠　头盔,防具,头部,武士防具,head,1064,alternate_source,46614,0xB616,head,False,4,180,20,3,0,0x00000000,30,20,0/0,unmodified,9,15,37,0,37,3.7,35229,low,0,31,31,16,,,computed-only,computed-only,8,0,0,11,0,0,0,,
35229,0x899D,讨鬼勇猛之铠　头盔,防具,头部,武士防具,head,1064,alternate_source,46614,0xB616,head,False,4,180,20,3,0,0x00000000,30,20,1/0,strengthened,9,15,37,0,37,3.7,35229,low,7,31,31,16,,,computed-only,computed-only,15,0,0,18,0,0,0,,
35229,0x899D,讨鬼勇猛之铠　头盔,防具,头部,武士防具,head,1064,alternate_source,46614,0xB616,head,False,4,180,20,3,0,0x00000000,30,20,2/0,thickened,9,15,37,4,41,4.1,35229,low,0,31,31,16,,,computed-only,computed-only,8,0,0,11,0,0,0,,
35229,0x899D,讨鬼勇猛之铠　头盔,防具,头部,武士防具,head,1064,alternate_source,46614,0xB616,head,False,4,180,20,3,0,0x00000000,30,20,1/1,extreme_strengthened,9,15,37,0,37,3.7,35229,low,15,31,31,16,,,computed-only,computed-only,23,0,0,26,0,0,0,,
35229,0x899D,讨鬼勇猛之铠　头盔,防具,头部,武士防具,head,1064,alternate_source,46614,0xB616,head,False,4,180,20,3,0,0x00000000,30,20,2/2,extreme_thickened,9,15,37,9,46,4.6,35229,low,0,31,31,16,,,computed-only,computed-only,8,0,0,11,0,0,0,,
35229,0x899D,讨鬼勇猛之铠　头盔,防具,头部,武士防具,head,1064,alternate_source,46614,0xB616,head,False,4,180,20,3,0,0x00000000,30,20,1/2,strengthened_plus_thickened,9,15,37,4,41,4.1,35229,low,7,31,31,16,,,computed-only,computed-only,15,0,0,18,0,0,0,,
35357,0x8A1D,柳生众装束　膝甲,防具,腿部,忍者防具,legs,1240,alternate_source,19992,0x4E18,legs,False,4,180,20,3,0,0x00000000,30,20,0/0,unmodified,9,15,24,0,24,2.4,35357,low,0,42,42,16,,,computed-only,computed-only,0,21,0,0,21,0,0,,
35357,0x8A1D,柳生众装束　膝甲,防具,腿部,忍者防具,legs,1240,alternate_source,19992,0x4E18,legs,False,4,180,20,3,0,0x00000000,30,20,1/0,strengthened,9,15,24,0,24,2.4,35357,low,7,42,42,16,,,computed-only,computed-only,0,28,0,0,28,0,0,,
35357,0x8A1D,柳生众装束　膝甲,防具,腿部,忍者防具,legs,1240,alternate_source,19992,0x4E18,legs,False,4,180,20,3,0,0x00000000,30,20,2/0,thickened,9,15,24,4,28,2.8,35357,low,0,42,42,16,,,computed-only,computed-only,0,21,0,0,21,0,0,,
35357,0x8A1D,柳生众装束　膝甲,防具,腿部,忍者防具,legs,1240,alternate_source,19992,0x4E18,legs,False,4,180,20,3,0,0x00000000,30,20,1/1,extreme_strengthened,9,15,24,0,24,2.4,35357,low,15,42,42,16,,,computed-only,computed-only,0,36,0,0,36,0,0,,
35357,0x8A1D,柳生众装束　膝甲,防具,腿部,忍者防具,legs,1240,alternate_source,19992,0x4E18,legs,False,4,180,20,3,0,0x00000000,30,20,2/2,extreme_thickened,9,15,24,9,33,3.3,35357,low,0,42,42,16,,,computed-only,computed-only,0,21,0,0,21,0,0,,
35357,0x8A1D,柳生众装束　膝甲,防具,腿部,忍者防具,legs,1240,alternate_source,19992,0x4E18,legs,False,4,180,20,3,0,0x00000000,30,20,1/2,strengthened_plus_thickened,9,15,24,4,28,2.8,35357,low,7,42,42,16,,,computed-only,computed-only,0,28,0,0,28,0,0,,
35437,0x8A6D,少武者中铠　臂甲,防具,手臂,武士防具,arms,1006,alternate_source,6486,0x1956,arms,False,4,180,20,3,0,0x00000000,30,20,0/0,unmodified,9,15,33,0,33,3.3,35437,low,0,31,31,16,,,computed-only,computed-only,5,0,0,5,0,0,0,,
35437,0x8A6D,少武者中铠　臂甲,防具,手臂,武士防具,arms,1006,alternate_source,6486,0x1956,arms,False,4,180,20,3,0,0x00000000,30,20,1/0,strengthened,9,15,33,0,33,3.3,35437,low,7,31,31,16,,,computed-only,computed-only,12,0,0,12,0,0,0,,
35437,0x8A6D,少武者中铠　臂甲,防具,手臂,武士防具,arms,1006,alternate_source,6486,0x1956,arms,False,4,180,20,3,0,0x00000000,30,20,2/0,thickened,9,15,33,4,37,3.7,35437,low,0,31,31,16,,,computed-only,computed-only,5,0,0,5,0,0,0,,
35437,0x8A6D,少武者中铠　臂甲,防具,手臂,武士防具,arms,1006,alternate_source,6486,0x1956,arms,False,4,180,20,3,0,0x00000000,30,20,1/1,extreme_strengthened,9,15,33,0,33,3.3,35437,low,15,31,31,16,,,computed-only,computed-only,20,0,0,20,0,0,0,,
35437,0x8A6D,少武者中铠　臂甲,防具,手臂,武士防具,arms,1006,alternate_source,6486,0x1956,arms,False,4,180,20,3,0,0x00000000,30,20,2/2,extreme_thickened,9,15,33,9,42,4.2,35437,low,0,31,31,16,,,computed-only,computed-only,5,0,0,5,0,0,0,,
35437,0x8A6D,少武者中铠　臂甲,防具,手臂,武士防具,arms,1006,alternate_source,6486,0x1956,arms,False,4,180,20,3,0,0x00000000,30,20,1/2,strengthened_plus_thickened,9,15,33,4,37,3.7,35437,low,7,31,31,16,,,computed-only,computed-only,12,0,0,12,0,0,0,,
36041,0x8CC9,盗贼轻铠　面具,防具,头部,忍者防具,head,870,alternate_source,12081,0x2F31,head,False,4,180,20,3,0,0x00000000,30,20,0/0,unmodified,9,15,6,0,6,0.6,36041,low,0,18,18,15,,,computed-only,computed-only,6,0,0,0,5,0,0,,
36041,0x8CC9,盗贼轻铠　面具,防具,头部,忍者防具,head,870,alternate_source,12081,0x2F31,head,False,4,180,20,3,0,0x00000000,30,20,1/0,strengthened,9,15,6,0,6,0.6,36041,low,7,18,18,15,,,computed-only,computed-only,13,0,0,0,12,0,0,,
36041,0x8CC9,盗贼轻铠　面具,防具,头部,忍者防具,head,870,alternate_source,12081,0x2F31,head,False,4,180,20,3,0,0x00000000,30,20,2/0,thickened,9,15,6,4,10,1.0,36041,low,0,18,18,15,,,computed-only,computed-only,6,0,0,0,5,0,0,,
36041,0x8CC9,盗贼轻铠　面具,防具,头部,忍者防具,head,870,alternate_source,12081,0x2F31,head,False,4,180,20,3,0,0x00000000,30,20,1/1,extreme_strengthened,9,15,6,0,6,0.6,36041,low,15,18,18,15,,,computed-only,computed-only,21,0,0,0,20,0,0,,
36041,0x8CC9,盗贼轻铠　面具,防具,头部,忍者防具,head,870,alternate_source,12081,0x2F31,head,False,4,180,20,3,0,0x00000000,30,20,2/2,extreme_thickened,9,15,6,9,15,1.5,36041,low,0,18,18,15,,,computed-only,computed-only,6,0,0,0,5,0,0,,
36041,0x8CC9,盗贼轻铠　面具,防具,头部,忍者防具,head,870,alternate_source,12081,0x2F31,head,False,4,180,20,3,0,0x00000000,30,20,1/2,strengthened_plus_thickened,9,15,6,4,10,1.0,36041,low,7,18,18,15,,,computed-only,computed-only,13,0,0,0,12,0,0,,
36101,0x8D05,弘法大师僧衣　袖套,防具,手臂,忍者防具,arms,937,alternate_source,38896,0x97F0,arms,False,4,180,20,3,0,0x00000000,30,20,0/0,unmodified,9,15,18,0,18,1.8,36101,low,0,28,28,16,,,computed-only,computed-only,0,0,18,0,12,0,0,,
36101,0x8D05,弘法大师僧衣　袖套,防具,手臂,忍者防具,arms,937,alternate_source,38896,0x97F0,arms,False,4,180,20,3,0,0x00000000,30,20,1/0,strengthened,9,15,18,0,18,1.8,36101,low,7,28,28,16,,,computed-only,computed-only,0,0,25,0,19,0,0,,
36101,0x8D05,弘法大师僧衣　袖套,防具,手臂,忍者防具,arms,937,alternate_source,38896,0x97F0,arms,False,4,180,20,3,0,0x00000000,30,20,2/0,thickened,9,15,18,4,22,2.2,36101,low,0,28,28,16,,,computed-only,computed-only,0,0,18,0,12,0,0,,
36101,0x8D05,弘法大师僧衣　袖套,防具,手臂,忍者防具,arms,937,alternate_source,38896,0x97F0,arms,False,4,180,20,3,0,0x00000000,30,20,1/1,extreme_strengthened,9,15,18,0,18,1.8,36101,low,15,28,28,16,,,computed-only,computed-only,0,0,33,0,27,0,0,,
36101,0x8D05,弘法大师僧衣　袖套,防具,手臂,忍者防具,arms,937,alternate_source,38896,0x97F0,arms,False,4,180,20,3,0,0x00000000,30,20,2/2,extreme_thickened,9,15,18,9,27,2.7,36101,low,0,28,28,16,,,computed-only,computed-only,0,0,18,0,12,0,0,,
36101,0x8D05,弘法大师僧衣　袖套,防具,手臂,忍者防具,arms,937,alternate_source,38896,0x97F0,arms,False,4,180,20,3,0,0x00000000,30,20,1/2,strengthened_plus_thickened,9,15,18,4,22,2.2,36101,low,7,28,28,16,,,computed-only,computed-only,0,0,25,0,19,0,0,,
36161,0x8D41,万雷武士之铠　头盔,防具,头部,武士防具,head,845,alternate_source,42512,0xA610,head,False,4,180,20,3,0,0x00000000,30,20,0/0,unmodified,9,15,34,0,34,3.4,36161,low,0,31,31,16,,,computed-only,computed-only,5,0,0,5,0,0,0,,
36161,0x8D41,万雷武士之铠　头盔,防具,头部,武士防具,head,845,alternate_source,42512,0xA610,head,False,4,180,20,3,0,0x00000000,30,20,1/0,strengthened,9,15,34,0,34,3.4,36161,low,7,31,31,16,,,computed-only,computed-only,12,0,0,12,0,0,0,,
36161,0x8D41,万雷武士之铠　头盔,防具,头部,武士防具,head,845,alternate_source,42512,0xA610,head,False,4,180,20,3,0,0x00000000,30,20,2/0,thickened,9,15,34,4,38,3.8,36161,low,0,31,31,16,,,computed-only,computed-only,5,0,0,5,0,0,0,,
36161,0x8D41,万雷武士之铠　头盔,防具,头部,武士防具,head,845,alternate_source,42512,0xA610,head,False,4,180,20,3,0,0x00000000,30,20,1/1,extreme_strengthened,9,15,34,0,34,3.4,36161,low,15,31,31,16,,,computed-only,computed-only,20,0,0,20,0,0,0,,
36161,0x8D41,万雷武士之铠　头盔,防具,头部,武士防具,head,845,alternate_source,42512,0xA610,head,False,4,180,20,3,0,0x00000000,30,20,2/2,extreme_thickened,9,15,34,9,43,4.3,36161,low,0,31,31,16,,,computed-only,computed-only,5,0,0,5,0,0,0,,
36161,0x8D41,万雷武士之铠　头盔,防具,头部,武士防具,head,845,alternate_source,42512,0xA610,head,False,4,180,20,3,0,0x00000000,30,20,1/2,strengthened_plus_thickened,9,15,34,4,38,3.8,36161,low,7,31,31,16,,,computed-only,computed-only,12,0,0,12,0,0,0,,
36374,0x8E16,无缘人之铠　腿甲,防具,足部,忍者防具,feet,1053,alternate_source,15871,0x3DFF,feet,False,4,180,20,3,0,0x00000000,30,20,0/0,unmodified,9,15,16,0,16,1.6,36374,low,0,28,28,16,,,computed-only,computed-only,5,0,0,5,0,0,0,,
36374,0x8E16,无缘人之铠　腿甲,防具,足部,忍者防具,feet,1053,alternate_source,15871,0x3DFF,feet,False,4,180,20,3,0,0x00000000,30,20,1/0,strengthened,9,15,16,0,16,1.6,36374,low,7,28,28,16,,,computed-only,computed-only,12,0,0,12,0,0,0,,
36374,0x8E16,无缘人之铠　腿甲,防具,足部,忍者防具,feet,1053,alternate_source,15871,0x3DFF,feet,False,4,180,20,3,0,0x00000000,30,20,2/0,thickened,9,15,16,4,20,2.0,36374,low,0,28,28,16,,,computed-only,computed-only,5,0,0,5,0,0,0,,
36374,0x8E16,无缘人之铠　腿甲,防具,足部,忍者防具,feet,1053,alternate_source,15871,0x3DFF,feet,False,4,180,20,3,0,0x00000000,30,20,1/1,extreme_strengthened,9,15,16,0,16,1.6,36374,low,15,28,28,16,,,computed-only,computed-only,20,0,0,20,0,0,0,,
36374,0x8E16,无缘人之铠　腿甲,防具,足部,忍者防具,feet,1053,alternate_source,15871,0x3DFF,feet,False,4,180,20,3,0,0x00000000,30,20,2/2,extreme_thickened,9,15,16,9,25,2.5,36374,low,0,28,28,16,,,computed-only,computed-only,5,0,0,5,0,0,0,,
36374,0x8E16,无缘人之铠　腿甲,防具,足部,忍者防具,feet,1053,alternate_source,15871,0x3DFF,feet,False,4,180,20,3,0,0x00000000,30,20,1/2,strengthened_plus_thickened,9,15,16,4,20,2.0,36374,low,7,28,28,16,,,computed-only,computed-only,12,0,0,12,0,0,0,,
36552,0x8EC8,叛军浪士之铠　胸甲,防具,身体,武士防具,chest,1218,alternate_source,13303,0x33F7,chest,False,4,180,20,3,0,0x00000000,30,20,0/0,unmodified,9,15,66,0,66,6.6,36552,low,0,62,62,16,,,computed-only,computed-only,21,0,0,21,0,0,0,,
36552,0x8EC8,叛军浪士之铠　胸甲,防具,身体,武士防具,chest,1218,alternate_source,13303,0x33F7,chest,False,4,180,20,3,0,0x00000000,30,20,1/0,strengthened,9,15,66,0,66,6.6,36552,low,7,62,62,16,,,computed-only,computed-only,28,0,0,28,0,0,0,,
36552,0x8EC8,叛军浪士之铠　胸甲,防具,身体,武士防具,chest,1218,alternate_source,13303,0x33F7,chest,False,4,180,20,3,0,0x00000000,30,20,2/0,thickened,9,15,66,4,70,7.0,36552,low,0,62,62,16,,,computed-only,computed-only,21,0,0,21,0,0,0,,
36552,0x8EC8,叛军浪士之铠　胸甲,防具,身体,武士防具,chest,1218,alternate_source,13303,0x33F7,chest,False,4,180,20,3,0,0x00000000,30,20,1/1,extreme_strengthened,9,15,66,0,66,6.6,36552,low,15,62,62,16,,,computed-only,computed-only,36,0,0,36,0,0,0,,
36552,0x8EC8,叛军浪士之铠　胸甲,防具,身体,武士防具,chest,1218,alternate_source,13303,0x33F7,chest,False,4,180,20,3,0,0x00000000,30,20,2/2,extreme_thickened,9,15,66,9,75,7.5,36552,low,0,62,62,16,,,computed-only,computed-only,21,0,0,21,0,0,0,,
36552,0x8EC8,叛军浪士之铠　胸甲,防具,身体,武士防具,chest,1218,alternate_source,13303,0x33F7,chest,False,4,180,20,3,0,0x00000000,30,20,1/2,strengthened_plus_thickened,9,15,66,4,70,7.0,36552,low,7,62,62,16,,,computed-only,computed-only,28,0,0,28,0,0,0,,
36584,0x8EE8,水军装束　头巾,防具,头部,忍者防具,head,763,alternate_source,35948,0x8C6C,head,False,4,180,20,3,0,0x00000000,30,20,0/0,unmodified,9,15,8,0,8,0.8,36584,low,0,18,18,15,,,computed-only,computed-only,12,0,0,0,13,0,0,,
36584,0x8EE8,水军装束　头巾,防具,头部,忍者防具,head,763,alternate_source,35948,0x8C6C,head,False,4,180,20,3,0,0x00000000,30,20,1/0,strengthened,9,15,8,0,8,0.8,36584,low,7,18,18,15,,,computed-only,computed-only,19,0,0,0,20,0,0,,
36584,0x8EE8,水军装束　头巾,防具,头部,忍者防具,head,763,alternate_source,35948,0x8C6C,head,False,4,180,20,3,0,0x00000000,30,20,2/0,thickened,9,15,8,4,12,1.2,36584,low,0,18,18,15,,,computed-only,computed-only,12,0,0,0,13,0,0,,
36584,0x8EE8,水军装束　头巾,防具,头部,忍者防具,head,763,alternate_source,35948,0x8C6C,head,False,4,180,20,3,0,0x00000000,30,20,1/1,extreme_strengthened,9,15,8,0,8,0.8,36584,low,15,18,18,15,,,computed-only,computed-only,27,0,0,0,28,0,0,,
36584,0x8EE8,水军装束　头巾,防具,头部,忍者防具,head,763,alternate_source,35948,0x8C6C,head,False,4,180,20,3,0,0x00000000,30,20,2/2,extreme_thickened,9,15,8,9,17,1.7,36584,low,0,18,18,15,,,computed-only,computed-only,12,0,0,0,13,0,0,,
36584,0x8EE8,水军装束　头巾,防具,头部,忍者防具,head,763,alternate_source,35948,0x8C6C,head,False,4,180,20,3,0,0x00000000,30,20,1/2,strengthened_plus_thickened,9,15,8,4,12,1.2,36584,low,7,18,18,15,,,computed-only,computed-only,19,0,0,0,20,0,0,,
36895,0x901F,副将军之铠　胸甲,防具,身体,武士防具,chest,1243,alternate_source,27067,0x69BB,chest,False,4,180,20,3,0,0x00000000,30,20,0/0,unmodified,9,15,102,0,102,10.2,36895,low,0,100,100,17,,,computed-only,computed-only,0,0,23,22,0,0,0,,
36895,0x901F,副将军之铠　胸甲,防具,身体,武士防具,chest,1243,alternate_source,27067,0x69BB,chest,False,4,180,20,3,0,0x00000000,30,20,1/0,strengthened,9,15,102,0,102,10.2,36895,low,7,100,100,17,,,computed-only,computed-only,0,0,30,29,0,0,0,,
36895,0x901F,副将军之铠　胸甲,防具,身体,武士防具,chest,1243,alternate_source,27067,0x69BB,chest,False,4,180,20,3,0,0x00000000,30,20,2/0,thickened,9,15,102,4,106,10.6,36895,low,0,100,100,17,,,computed-only,computed-only,0,0,23,22,0,0,0,,
36895,0x901F,副将军之铠　胸甲,防具,身体,武士防具,chest,1243,alternate_source,27067,0x69BB,chest,False,4,180,20,3,0,0x00000000,30,20,1/1,extreme_strengthened,9,15,102,0,102,10.2,36895,low,15,100,100,17,,,computed-only,computed-only,0,0,38,37,0,0,0,,
36895,0x901F,副将军之铠　胸甲,防具,身体,武士防具,chest,1243,alternate_source,27067,0x69BB,chest,False,4,180,20,3,0,0x00000000,30,20,2/2,extreme_thickened,9,15,102,9,111,11.1,36895,low,0,100,100,17,,,computed-only,computed-only,0,0,23,22,0,0,0,,
36895,0x901F,副将军之铠　胸甲,防具,身体,武士防具,chest,1243,alternate_source,27067,0x69BB,chest,False,4,180,20,3,0,0x00000000,30,20,1/2,strengthened_plus_thickened,9,15,102,4,106,10.6,36895,low,7,100,100,17,,,computed-only,computed-only,0,0,30,29,0,0,0,,
37625,0x92F9,葵纹之铠　裙裤,防具,腿部,武士防具,legs,661,alternate_source,8900,0x22C4,legs,False,4,180,20,3,0,0x00000000,30,20,0/0,unmodified,9,15,60,0,60,6.0,37625,low,0,47,47,16,,,computed-only,computed-only,14,0,0,19,0,0,0,,
37625,0x92F9,葵纹之铠　裙裤,防具,腿部,武士防具,legs,661,alternate_source,8900,0x22C4,legs,False,4,180,20,3,0,0x00000000,30,20,1/0,strengthened,9,15,60,0,60,6.0,37625,low,7,47,47,16,,,computed-only,computed-only,21,0,0,26,0,0,0,,
37625,0x92F9,葵纹之铠　裙裤,防具,腿部,武士防具,legs,661,alternate_source,8900,0x22C4,legs,False,4,180,20,3,0,0x00000000,30,20,2/0,thickened,9,15,60,4,64,6.4,37625,low,0,47,47,16,,,computed-only,computed-only,14,0,0,19,0,0,0,,
37625,0x92F9,葵纹之铠　裙裤,防具,腿部,武士防具,legs,661,alternate_source,8900,0x22C4,legs,False,4,180,20,3,0,0x00000000,30,20,1/1,extreme_strengthened,9,15,60,0,60,6.0,37625,low,15,47,47,16,,,computed-only,computed-only,29,0,0,34,0,0,0,,
37625,0x92F9,葵纹之铠　裙裤,防具,腿部,武士防具,legs,661,alternate_source,8900,0x22C4,legs,False,4,180,20,3,0,0x00000000,30,20,2/2,extreme_thickened,9,15,60,9,69,6.9,37625,low,0,47,47,16,,,computed-only,computed-only,14,0,0,19,0,0,0,,
37625,0x92F9,葵纹之铠　裙裤,防具,腿部,武士防具,legs,661,alternate_source,8900,0x22C4,legs,False,4,180,20,3,0,0x00000000,30,20,1/2,strengthened_plus_thickened,9,15,60,4,64,6.4,37625,low,7,47,47,16,,,computed-only,computed-only,21,0,0,26,0,0,0,,
38010,0x947A,九郎判官之铠　头盔,防具,头部,武士防具,head,641,alternate_source,42512,0xA610,head,False,4,180,20,3,0,0x00000000,30,20,0/0,unmodified,9,15,34,0,34,3.4,38010,low,0,31,31,16,,,computed-only,computed-only,12,0,0,12,0,0,0,,
38010,0x947A,九郎判官之铠　头盔,防具,头部,武士防具,head,641,alternate_source,42512,0xA610,head,False,4,180,20,3,0,0x00000000,30,20,1/0,strengthened,9,15,34,0,34,3.4,38010,low,7,31,31,16,,,computed-only,computed-only,19,0,0,19,0,0,0,,
38010,0x947A,九郎判官之铠　头盔,防具,头部,武士防具,head,641,alternate_source,42512,0xA610,head,False,4,180,20,3,0,0x00000000,30,20,2/0,thickened,9,15,34,4,38,3.8,38010,low,0,31,31,16,,,computed-only,computed-only,12,0,0,12,0,0,0,,
38010,0x947A,九郎判官之铠　头盔,防具,头部,武士防具,head,641,alternate_source,42512,0xA610,head,False,4,180,20,3,0,0x00000000,30,20,1/1,extreme_strengthened,9,15,34,0,34,3.4,38010,low,15,31,31,16,,,computed-only,computed-only,27,0,0,27,0,0,0,,
38010,0x947A,九郎判官之铠　头盔,防具,头部,武士防具,head,641,alternate_source,42512,0xA610,head,False,4,180,20,3,0,0x00000000,30,20,2/2,extreme_thickened,9,15,34,9,43,4.3,38010,low,0,31,31,16,,,computed-only,computed-only,12,0,0,12,0,0,0,,
38010,0x947A,九郎判官之铠　头盔,防具,头部,武士防具,head,641,alternate_source,42512,0xA610,head,False,4,180,20,3,0,0x00000000,30,20,1/2,strengthened_plus_thickened,9,15,34,4,38,3.8,38010,low,7,31,31,16,,,computed-only,computed-only,19,0,0,19,0,0,0,,
38196,0x9534,三者忍者装束　面具,防具,头部,忍者防具,head,753,alternate_source,25630,0x641E,head,False,4,180,20,3,0,0x00000000,30,20,0/0,unmodified,9,15,18,0,18,1.8,38196,low,0,28,28,16,,,computed-only,computed-only,0,0,9,0,8,0,0,,
38196,0x9534,三者忍者装束　面具,防具,头部,忍者防具,head,753,alternate_source,25630,0x641E,head,False,4,180,20,3,0,0x00000000,30,20,1/0,strengthened,9,15,18,0,18,1.8,38196,low,7,28,28,16,,,computed-only,computed-only,0,0,16,0,15,0,0,,
38196,0x9534,三者忍者装束　面具,防具,头部,忍者防具,head,753,alternate_source,25630,0x641E,head,False,4,180,20,3,0,0x00000000,30,20,2/0,thickened,9,15,18,4,22,2.2,38196,low,0,28,28,16,,,computed-only,computed-only,0,0,9,0,8,0,0,,
38196,0x9534,三者忍者装束　面具,防具,头部,忍者防具,head,753,alternate_source,25630,0x641E,head,False,4,180,20,3,0,0x00000000,30,20,1/1,extreme_strengthened,9,15,18,0,18,1.8,38196,low,15,28,28,16,,,computed-only,computed-only,0,0,24,0,23,0,0,,
38196,0x9534,三者忍者装束　面具,防具,头部,忍者防具,head,753,alternate_source,25630,0x641E,head,False,4,180,20,3,0,0x00000000,30,20,2/2,extreme_thickened,9,15,18,9,27,2.7,38196,low,0,28,28,16,,,computed-only,computed-only,0,0,9,0,8,0,0,,
38196,0x9534,三者忍者装束　面具,防具,头部,忍者防具,head,753,alternate_source,25630,0x641E,head,False,4,180,20,3,0,0x00000000,30,20,1/2,strengthened_plus_thickened,9,15,18,4,22,2.2,38196,low,7,28,28,16,,,computed-only,computed-only,0,0,16,0,15,0,0,,
38219,0x954B,暗行忍者装束　膝甲,防具,腿部,忍者防具,legs,780,alternate_source,18459,0x481B,legs,False,4,180,20,3,0,0x00000000,30,20,0/0,unmodified,9,15,41,0,41,4.1,38219,low,0,74,74,16,,,live-matched-configuration,natural-ui-getter-observation,0,0,21,0,20,0,0,weight;toughness;requirement_0;requirement_1;requirement_2;requirement_3;requirement_4;requirement_5;requirement_6,
38219,0x954B,暗行忍者装束　膝甲,防具,腿部,忍者防具,legs,780,alternate_source,18459,0x481B,legs,False,4,180,20,3,0,0x00000000,30,20,1/0,strengthened,9,15,41,0,41,4.1,38219,low,7,74,74,16,,,live-matched-configuration,natural-ui-getter-observation,0,0,28,0,27,0,0,weight;toughness;requirement_0;requirement_1;requirement_2;requirement_3;requirement_4;requirement_5;requirement_6,
38219,0x954B,暗行忍者装束　膝甲,防具,腿部,忍者防具,legs,780,alternate_source,18459,0x481B,legs,False,4,180,20,3,0,0x00000000,30,20,2/0,thickened,9,15,41,4,45,4.5,38219,low,0,74,74,16,,,live-matched-configuration,natural-ui-getter-observation,0,0,21,0,20,0,0,weight;toughness;requirement_0;requirement_1;requirement_2;requirement_3;requirement_4;requirement_5;requirement_6,
38219,0x954B,暗行忍者装束　膝甲,防具,腿部,忍者防具,legs,780,alternate_source,18459,0x481B,legs,False,4,180,20,3,0,0x00000000,30,20,1/1,extreme_strengthened,9,15,41,0,41,4.1,38219,low,15,74,74,16,,,live-matched-configuration,natural-ui-getter-observation,0,0,36,0,35,0,0,weight;toughness;requirement_0;requirement_1;requirement_2;requirement_3;requirement_4;requirement_5;requirement_6,
38219,0x954B,暗行忍者装束　膝甲,防具,腿部,忍者防具,legs,780,alternate_source,18459,0x481B,legs,False,4,180,20,3,0,0x00000000,30,20,2/2,extreme_thickened,9,15,41,9,50,5.0,38219,low,0,74,74,16,,,live-matched-configuration,natural-ui-getter-observation,0,0,21,0,20,0,0,weight;toughness;requirement_0;requirement_1;requirement_2;requirement_3;requirement_4;requirement_5;requirement_6,
38219,0x954B,暗行忍者装束　膝甲,防具,腿部,忍者防具,legs,780,alternate_source,18459,0x481B,legs,False,4,180,20,3,0,0x00000000,30,20,1/2,strengthened_plus_thickened,9,15,41,4,45,4.5,38219,low,7,74,74,16,,,live-matched-configuration,natural-ui-getter-observation,0,0,28,0,27,0,0,weight;toughness;requirement_0;requirement_1;requirement_2;requirement_3;requirement_4;requirement_5;requirement_6,
38223,0x954F,风魔忍者装束　面具,防具,头部,忍者防具,head,885,alternate_source,35931,0x8C5B,head,False,4,180,20,3,0,0x00000000,30,20,0/0,unmodified,9,15,7,0,7,0.7,38223,low,0,18,18,15,,,computed-only,computed-only,8,0,0,0,7,0,0,,
38223,0x954F,风魔忍者装束　面具,防具,头部,忍者防具,head,885,alternate_source,35931,0x8C5B,head,False,4,180,20,3,0,0x00000000,30,20,1/0,strengthened,9,15,7,0,7,0.7,38223,low,7,18,18,15,,,computed-only,computed-only,15,0,0,0,14,0,0,,
38223,0x954F,风魔忍者装束　面具,防具,头部,忍者防具,head,885,alternate_source,35931,0x8C5B,head,False,4,180,20,3,0,0x00000000,30,20,2/0,thickened,9,15,7,4,11,1.1,38223,low,0,18,18,15,,,computed-only,computed-only,8,0,0,0,7,0,0,,
38223,0x954F,风魔忍者装束　面具,防具,头部,忍者防具,head,885,alternate_source,35931,0x8C5B,head,False,4,180,20,3,0,0x00000000,30,20,1/1,extreme_strengthened,9,15,7,0,7,0.7,38223,low,15,18,18,15,,,computed-only,computed-only,23,0,0,0,22,0,0,,
38223,0x954F,风魔忍者装束　面具,防具,头部,忍者防具,head,885,alternate_source,35931,0x8C5B,head,False,4,180,20,3,0,0x00000000,30,20,2/2,extreme_thickened,9,15,7,9,16,1.6,38223,low,0,18,18,15,,,computed-only,computed-only,8,0,0,0,7,0,0,,
38223,0x954F,风魔忍者装束　面具,防具,头部,忍者防具,head,885,alternate_source,35931,0x8C5B,head,False,4,180,20,3,0,0x00000000,30,20,1/2,strengthened_plus_thickened,9,15,7,4,11,1.1,38223,low,7,18,18,15,,,computed-only,computed-only,15,0,0,0,14,0,0,,
38271,0x957F,独眼剑豪之衣　膝甲,防具,腿部,武士防具,legs,1275,alternate_source,2948,0x0B84,legs,False,4,180,20,3,0,0x00000000,30,20,0/0,unmodified,9,15,50,0,50,5.0,38271,low,0,47,47,16,,,computed-only,computed-only,21,0,0,0,21,0,0,,
38271,0x957F,独眼剑豪之衣　膝甲,防具,腿部,武士防具,legs,1275,alternate_source,2948,0x0B84,legs,False,4,180,20,3,0,0x00000000,30,20,1/0,strengthened,9,15,50,0,50,5.0,38271,low,7,47,47,16,,,computed-only,computed-only,28,0,0,0,28,0,0,,
38271,0x957F,独眼剑豪之衣　膝甲,防具,腿部,武士防具,legs,1275,alternate_source,2948,0x0B84,legs,False,4,180,20,3,0,0x00000000,30,20,2/0,thickened,9,15,50,4,54,5.4,38271,low,0,47,47,16,,,computed-only,computed-only,21,0,0,0,21,0,0,,
38271,0x957F,独眼剑豪之衣　膝甲,防具,腿部,武士防具,legs,1275,alternate_source,2948,0x0B84,legs,False,4,180,20,3,0,0x00000000,30,20,1/1,extreme_strengthened,9,15,50,0,50,5.0,38271,low,15,47,47,16,,,computed-only,computed-only,36,0,0,0,36,0,0,,
38271,0x957F,独眼剑豪之衣　膝甲,防具,腿部,武士防具,legs,1275,alternate_source,2948,0x0B84,legs,False,4,180,20,3,0,0x00000000,30,20,2/2,extreme_thickened,9,15,50,9,59,5.9,38271,low,0,47,47,16,,,computed-only,computed-only,21,0,0,0,21,0,0,,
38271,0x957F,独眼剑豪之衣　膝甲,防具,腿部,武士防具,legs,1275,alternate_source,2948,0x0B84,legs,False,4,180,20,3,0,0x00000000,30,20,1/2,strengthened_plus_thickened,9,15,50,4,54,5.4,38271,low,7,47,47,16,,,computed-only,computed-only,28,0,0,0,28,0,0,,
38361,0x95D9,护国禅师的袈裟　绑腿,防具,足部,武士防具,feet,703,alternate_source,26227,0x6673,feet,False,4,180,20,3,0,0x00000000,30,20,0/0,unmodified,9,15,34,0,34,3.4,38361,low,0,31,31,16,,,computed-only,computed-only,6,0,0,5,0,0,0,,
38361,0x95D9,护国禅师的袈裟　绑腿,防具,足部,武士防具,feet,703,alternate_source,26227,0x6673,feet,False,4,180,20,3,0,0x00000000,30,20,1/0,strengthened,9,15,34,0,34,3.4,38361,low,7,31,31,16,,,computed-only,computed-only,13,0,0,12,0,0,0,,
38361,0x95D9,护国禅师的袈裟　绑腿,防具,足部,武士防具,feet,703,alternate_source,26227,0x6673,feet,False,4,180,20,3,0,0x00000000,30,20,2/0,thickened,9,15,34,4,38,3.8,38361,low,0,31,31,16,,,computed-only,computed-only,6,0,0,5,0,0,0,,
38361,0x95D9,护国禅师的袈裟　绑腿,防具,足部,武士防具,feet,703,alternate_source,26227,0x6673,feet,False,4,180,20,3,0,0x00000000,30,20,1/1,extreme_strengthened,9,15,34,0,34,3.4,38361,low,15,31,31,16,,,computed-only,computed-only,21,0,0,20,0,0,0,,
38361,0x95D9,护国禅师的袈裟　绑腿,防具,足部,武士防具,feet,703,alternate_source,26227,0x6673,feet,False,4,180,20,3,0,0x00000000,30,20,2/2,extreme_thickened,9,15,34,9,43,4.3,38361,low,0,31,31,16,,,computed-only,computed-only,6,0,0,5,0,0,0,,
38361,0x95D9,护国禅师的袈裟　绑腿,防具,足部,武士防具,feet,703,alternate_source,26227,0x6673,feet,False,4,180,20,3,0,0x00000000,30,20,1/2,strengthened_plus_thickened,9,15,34,4,38,3.8,38361,low,7,31,31,16,,,computed-only,computed-only,13,0,0,12,0,0,0,,
38421,0x9615,绝群倾奇之铠　臂甲,防具,手臂,武士防具,arms,1056,alternate_source,34745,0x87B9,arms,False,4,180,20,3,0,0x00000000,30,20,0/0,unmodified,9,15,40,0,40,4.0,38421,low,0,31,31,16,,,computed-only,computed-only,13,0,0,18,0,0,0,,
38421,0x9615,绝群倾奇之铠　臂甲,防具,手臂,武士防具,arms,1056,alternate_source,34745,0x87B9,arms,False,4,180,20,3,0,0x00000000,30,20,1/0,strengthened,9,15,40,0,40,4.0,38421,low,7,31,31,16,,,computed-only,computed-only,20,0,0,25,0,0,0,,
38421,0x9615,绝群倾奇之铠　臂甲,防具,手臂,武士防具,arms,1056,alternate_source,34745,0x87B9,arms,False,4,180,20,3,0,0x00000000,30,20,2/0,thickened,9,15,40,4,44,4.4,38421,low,0,31,31,16,,,computed-only,computed-only,13,0,0,18,0,0,0,,
38421,0x9615,绝群倾奇之铠　臂甲,防具,手臂,武士防具,arms,1056,alternate_source,34745,0x87B9,arms,False,4,180,20,3,0,0x00000000,30,20,1/1,extreme_strengthened,9,15,40,0,40,4.0,38421,low,15,31,31,16,,,computed-only,computed-only,28,0,0,33,0,0,0,,
38421,0x9615,绝群倾奇之铠　臂甲,防具,手臂,武士防具,arms,1056,alternate_source,34745,0x87B9,arms,False,4,180,20,3,0,0x00000000,30,20,2/2,extreme_thickened,9,15,40,9,49,4.9,38421,low,0,31,31,16,,,computed-only,computed-only,13,0,0,18,0,0,0,,
38421,0x9615,绝群倾奇之铠　臂甲,防具,手臂,武士防具,arms,1056,alternate_source,34745,0x87B9,arms,False,4,180,20,3,0,0x00000000,30,20,1/2,strengthened_plus_thickened,9,15,40,4,44,4.4,38421,low,7,31,31,16,,,computed-only,computed-only,20,0,0,25,0,0,0,,
38463,0x963F,万雷忍者装束　上衣,防具,身体,忍者防具,chest,851,alternate_source,5102,0x13EE,chest,False,4,180,20,3,0,0x00000000,30,20,0/0,unmodified,9,15,32,0,32,3.2,38463,low,0,56,56,16,,,computed-only,computed-only,0,0,5,0,5,0,0,,
38463,0x963F,万雷忍者装束　上衣,防具,身体,忍者防具,chest,851,alternate_source,5102,0x13EE,chest,False,4,180,20,3,0,0x00000000,30,20,1/0,strengthened,9,15,32,0,32,3.2,38463,low,7,56,56,16,,,computed-only,computed-only,0,0,12,0,12,0,0,,
38463,0x963F,万雷忍者装束　上衣,防具,身体,忍者防具,chest,851,alternate_source,5102,0x13EE,chest,False,4,180,20,3,0,0x00000000,30,20,2/0,thickened,9,15,32,4,36,3.6,38463,low,0,56,56,16,,,computed-only,computed-only,0,0,5,0,5,0,0,,
38463,0x963F,万雷忍者装束　上衣,防具,身体,忍者防具,chest,851,alternate_source,5102,0x13EE,chest,False,4,180,20,3,0,0x00000000,30,20,1/1,extreme_strengthened,9,15,32,0,32,3.2,38463,low,15,56,56,16,,,computed-only,computed-only,0,0,20,0,20,0,0,,
38463,0x963F,万雷忍者装束　上衣,防具,身体,忍者防具,chest,851,alternate_source,5102,0x13EE,chest,False,4,180,20,3,0,0x00000000,30,20,2/2,extreme_thickened,9,15,32,9,41,4.1,38463,low,0,56,56,16,,,computed-only,computed-only,0,0,5,0,5,0,0,,
38463,0x963F,万雷忍者装束　上衣,防具,身体,忍者防具,chest,851,alternate_source,5102,0x13EE,chest,False,4,180,20,3,0,0x00000000,30,20,1/2,strengthened_plus_thickened,9,15,32,4,36,3.6,38463,low,7,56,56,16,,,computed-only,computed-only,0,0,12,0,12,0,0,,
38625,0x96E1,弘法大师僧衣　斗笠,防具,头部,忍者防具,head,935,alternate_source,25630,0x641E,head,False,4,180,20,3,0,0x00000000,30,20,0/0,unmodified,9,15,18,0,18,1.8,38625,low,0,28,28,16,,,computed-only,computed-only,0,0,18,0,12,0,0,,
38625,0x96E1,弘法大师僧衣　斗笠,防具,头部,忍者防具,head,935,alternate_source,25630,0x641E,head,False,4,180,20,3,0,0x00000000,30,20,1/0,strengthened,9,15,18,0,18,1.8,38625,low,7,28,28,16,,,computed-only,computed-only,0,0,25,0,19,0,0,,
38625,0x96E1,弘法大师僧衣　斗笠,防具,头部,忍者防具,head,935,alternate_source,25630,0x641E,head,False,4,180,20,3,0,0x00000000,30,20,2/0,thickened,9,15,18,4,22,2.2,38625,low,0,28,28,16,,,computed-only,computed-only,0,0,18,0,12,0,0,,
38625,0x96E1,弘法大师僧衣　斗笠,防具,头部,忍者防具,head,935,alternate_source,25630,0x641E,head,False,4,180,20,3,0,0x00000000,30,20,1/1,extreme_strengthened,9,15,18,0,18,1.8,38625,low,15,28,28,16,,,computed-only,computed-only,0,0,33,0,27,0,0,,
38625,0x96E1,弘法大师僧衣　斗笠,防具,头部,忍者防具,head,935,alternate_source,25630,0x641E,head,False,4,180,20,3,0,0x00000000,30,20,2/2,extreme_thickened,9,15,18,9,27,2.7,38625,low,0,28,28,16,,,computed-only,computed-only,0,0,18,0,12,0,0,,
38625,0x96E1,弘法大师僧衣　斗笠,防具,头部,忍者防具,head,935,alternate_source,25630,0x641E,head,False,4,180,20,3,0,0x00000000,30,20,1/2,strengthened_plus_thickened,9,15,18,4,22,2.2,38625,low,7,28,28,16,,,computed-only,computed-only,0,0,25,0,19,0,0,,
38786,0x9782,,防具,,忍者防具,chest,857,standalone,38786,0x9782,chest,False,4,180,20,3,0,0x00000000,30,20,0/0,unmodified,9,15,33,0,33,3.3,38786,low,0,20,20,17,,,computed-only,computed-only,5,0,0,5,0,0,0,,
38786,0x9782,,防具,,忍者防具,chest,857,standalone,38786,0x9782,chest,False,4,180,20,3,0,0x00000000,30,20,1/0,strengthened,9,15,33,0,33,3.3,38786,low,7,20,20,17,,,computed-only,computed-only,12,0,0,12,0,0,0,,
38786,0x9782,,防具,,忍者防具,chest,857,standalone,38786,0x9782,chest,False,4,180,20,3,0,0x00000000,30,20,2/0,thickened,9,15,33,4,37,3.7,38786,low,0,20,20,17,,,computed-only,computed-only,5,0,0,5,0,0,0,,
38786,0x9782,,防具,,忍者防具,chest,857,standalone,38786,0x9782,chest,False,4,180,20,3,0,0x00000000,30,20,1/1,extreme_strengthened,9,15,33,0,33,3.3,38786,low,15,20,20,17,,,computed-only,computed-only,20,0,0,20,0,0,0,,
38786,0x9782,,防具,,忍者防具,chest,857,standalone,38786,0x9782,chest,False,4,180,20,3,0,0x00000000,30,20,2/2,extreme_thickened,9,15,33,9,42,4.2,38786,low,0,20,20,17,,,computed-only,computed-only,5,0,0,5,0,0,0,,
38786,0x9782,,防具,,忍者防具,chest,857,standalone,38786,0x9782,chest,False,4,180,20,3,0,0x00000000,30,20,1/2,strengthened_plus_thickened,9,15,33,4,37,3.7,38786,low,7,20,20,17,,,computed-only,computed-only,12,0,0,12,0,0,0,,
39189,0x9915,,防具,,忍者防具,head,975,standalone,39189,0x9915,head,False,4,180,20,3,0,0x00000000,30,20,0/0,unmodified,9,15,10,0,10,1.0,39189,low,0,18,18,15,,,computed-only,computed-only,0,0,0,0,12,0,0,,
39189,0x9915,,防具,,忍者防具,head,975,standalone,39189,0x9915,head,False,4,180,20,3,0,0x00000000,30,20,1/0,strengthened,9,15,10,0,10,1.0,39189,low,7,18,18,15,,,computed-only,computed-only,0,0,0,0,19,0,0,,
39189,0x9915,,防具,,忍者防具,head,975,standalone,39189,0x9915,head,False,4,180,20,3,0,0x00000000,30,20,2/0,thickened,9,15,10,4,14,1.4,39189,low,0,18,18,15,,,computed-only,computed-only,0,0,0,0,12,0,0,,
39189,0x9915,,防具,,忍者防具,head,975,standalone,39189,0x9915,head,False,4,180,20,3,0,0x00000000,30,20,1/1,extreme_strengthened,9,15,10,0,10,1.0,39189,low,15,18,18,15,,,computed-only,computed-only,0,0,0,0,27,0,0,,
39189,0x9915,,防具,,忍者防具,head,975,standalone,39189,0x9915,head,False,4,180,20,3,0,0x00000000,30,20,2/2,extreme_thickened,9,15,10,9,19,1.9,39189,low,0,18,18,15,,,computed-only,computed-only,0,0,0,0,12,0,0,,
39189,0x9915,,防具,,忍者防具,head,975,standalone,39189,0x9915,head,False,4,180,20,3,0,0x00000000,30,20,1/2,strengthened_plus_thickened,9,15,10,4,14,1.4,39189,low,7,18,18,15,,,computed-only,computed-only,0,0,0,0,19,0,0,,
39415,0x99F7,美浓宿老之铠　腿甲,防具,足部,武士防具,feet,1173,alternate_source,18930,0x49F2,feet,False,4,180,20,3,0,0x00000000,30,20,0/0,unmodified,9,15,48,0,48,4.8,39415,low,0,50,50,17,,,computed-only,computed-only,0,0,6,8,0,0,0,,
39415,0x99F7,美浓宿老之铠　腿甲,防具,足部,武士防具,feet,1173,alternate_source,18930,0x49F2,feet,False,4,180,20,3,0,0x00000000,30,20,1/0,strengthened,9,15,48,0,48,4.8,39415,low,7,50,50,17,,,computed-only,computed-only,0,0,13,15,0,0,0,,
39415,0x99F7,美浓宿老之铠　腿甲,防具,足部,武士防具,feet,1173,alternate_source,18930,0x49F2,feet,False,4,180,20,3,0,0x00000000,30,20,2/0,thickened,9,15,48,4,52,5.2,39415,low,0,50,50,17,,,computed-only,computed-only,0,0,6,8,0,0,0,,
39415,0x99F7,美浓宿老之铠　腿甲,防具,足部,武士防具,feet,1173,alternate_source,18930,0x49F2,feet,False,4,180,20,3,0,0x00000000,30,20,1/1,extreme_strengthened,9,15,48,0,48,4.8,39415,low,15,50,50,17,,,computed-only,computed-only,0,0,21,23,0,0,0,,
39415,0x99F7,美浓宿老之铠　腿甲,防具,足部,武士防具,feet,1173,alternate_source,18930,0x49F2,feet,False,4,180,20,3,0,0x00000000,30,20,2/2,extreme_thickened,9,15,48,9,57,5.7,39415,low,0,50,50,17,,,computed-only,computed-only,0,0,6,8,0,0,0,,
39415,0x99F7,美浓宿老之铠　腿甲,防具,足部,武士防具,feet,1173,alternate_source,18930,0x49F2,feet,False,4,180,20,3,0,0x00000000,30,20,1/2,strengthened_plus_thickened,9,15,48,4,52,5.2,39415,low,7,50,50,17,,,computed-only,computed-only,0,0,13,15,0,0,0,,
39458,0x9A22,,防具,,忍者防具,head,1000,standalone,39458,0x9A22,head,False,4,180,20,3,0,0x00000000,30,20,0/0,unmodified,9,15,15,0,15,1.5,39458,low,0,18,18,15,,,computed-only,computed-only,0,0,0,0,12,0,0,,
39458,0x9A22,,防具,,忍者防具,head,1000,standalone,39458,0x9A22,head,False,4,180,20,3,0,0x00000000,30,20,1/0,strengthened,9,15,15,0,15,1.5,39458,low,7,18,18,15,,,computed-only,computed-only,0,0,0,0,19,0,0,,
39458,0x9A22,,防具,,忍者防具,head,1000,standalone,39458,0x9A22,head,False,4,180,20,3,0,0x00000000,30,20,2/0,thickened,9,15,15,4,19,1.9,39458,low,0,18,18,15,,,computed-only,computed-only,0,0,0,0,12,0,0,,
39458,0x9A22,,防具,,忍者防具,head,1000,standalone,39458,0x9A22,head,False,4,180,20,3,0,0x00000000,30,20,1/1,extreme_strengthened,9,15,15,0,15,1.5,39458,low,15,18,18,15,,,computed-only,computed-only,0,0,0,0,27,0,0,,
39458,0x9A22,,防具,,忍者防具,head,1000,standalone,39458,0x9A22,head,False,4,180,20,3,0,0x00000000,30,20,2/2,extreme_thickened,9,15,15,9,24,2.4,39458,low,0,18,18,15,,,computed-only,computed-only,0,0,0,0,12,0,0,,
39458,0x9A22,,防具,,忍者防具,head,1000,standalone,39458,0x9A22,head,False,4,180,20,3,0,0x00000000,30,20,1/2,strengthened_plus_thickened,9,15,15,4,19,1.9,39458,low,7,18,18,15,,,computed-only,computed-only,0,0,0,0,19,0,0,,
39582,0x9A9E,,防具,,忍者防具,head,980,standalone,39582,0x9A9E,head,False,4,180,20,3,0,0x00000000,30,20,0/0,unmodified,9,15,11,0,11,1.1,39582,low,0,18,18,15,,,computed-only,computed-only,0,0,0,0,12,0,0,,
39582,0x9A9E,,防具,,忍者防具,head,980,standalone,39582,0x9A9E,head,False,4,180,20,3,0,0x00000000,30,20,1/0,strengthened,9,15,11,0,11,1.1,39582,low,7,18,18,15,,,computed-only,computed-only,0,0,0,0,19,0,0,,
39582,0x9A9E,,防具,,忍者防具,head,980,standalone,39582,0x9A9E,head,False,4,180,20,3,0,0x00000000,30,20,2/0,thickened,9,15,11,4,15,1.5,39582,low,0,18,18,15,,,computed-only,computed-only,0,0,0,0,12,0,0,,
39582,0x9A9E,,防具,,忍者防具,head,980,standalone,39582,0x9A9E,head,False,4,180,20,3,0,0x00000000,30,20,1/1,extreme_strengthened,9,15,11,0,11,1.1,39582,low,15,18,18,15,,,computed-only,computed-only,0,0,0,0,27,0,0,,
39582,0x9A9E,,防具,,忍者防具,head,980,standalone,39582,0x9A9E,head,False,4,180,20,3,0,0x00000000,30,20,2/2,extreme_thickened,9,15,11,9,20,2.0,39582,low,0,18,18,15,,,computed-only,computed-only,0,0,0,0,12,0,0,,
39582,0x9A9E,,防具,,忍者防具,head,980,standalone,39582,0x9A9E,head,False,4,180,20,3,0,0x00000000,30,20,1/2,strengthened_plus_thickened,9,15,11,4,15,1.5,39582,low,7,18,18,15,,,computed-only,computed-only,0,0,0,0,19,0,0,,
39607,0x9AB7,万两义贼之铠　面具,防具,头部,忍者防具,head,720,alternate_source,40967,0xA007,head,False,4,180,20,3,0,0x00000000,30,20,0/0,unmodified,9,15,26,0,26,2.6,39607,low,0,49,49,16,,,computed-only,computed-only,0,0,21,0,15,0,0,,
39607,0x9AB7,万两义贼之铠　面具,防具,头部,忍者防具,head,720,alternate_source,40967,0xA007,head,False,4,180,20,3,0,0x00000000,30,20,1/0,strengthened,9,15,26,0,26,2.6,39607,low,7,49,49,16,,,computed-only,computed-only,0,0,28,0,22,0,0,,
39607,0x9AB7,万两义贼之铠　面具,防具,头部,忍者防具,head,720,alternate_source,40967,0xA007,head,False,4,180,20,3,0,0x00000000,30,20,2/0,thickened,9,15,26,4,30,3.0,39607,low,0,49,49,16,,,computed-only,computed-only,0,0,21,0,15,0,0,,
39607,0x9AB7,万两义贼之铠　面具,防具,头部,忍者防具,head,720,alternate_source,40967,0xA007,head,False,4,180,20,3,0,0x00000000,30,20,1/1,extreme_strengthened,9,15,26,0,26,2.6,39607,low,15,49,49,16,,,computed-only,computed-only,0,0,36,0,30,0,0,,
39607,0x9AB7,万两义贼之铠　面具,防具,头部,忍者防具,head,720,alternate_source,40967,0xA007,head,False,4,180,20,3,0,0x00000000,30,20,2/2,extreme_thickened,9,15,26,9,35,3.5,39607,low,0,49,49,16,,,computed-only,computed-only,0,0,21,0,15,0,0,,
39607,0x9AB7,万两义贼之铠　面具,防具,头部,忍者防具,head,720,alternate_source,40967,0xA007,head,False,4,180,20,3,0,0x00000000,30,20,1/2,strengthened_plus_thickened,9,15,26,4,30,3.0,39607,low,7,49,49,16,,,computed-only,computed-only,0,0,28,0,22,0,0,,
39620,0x9AC4,御一门众之铠　膝甲,防具,腿部,武士防具,legs,709,alternate_source,56456,0xDC88,legs,False,4,180,20,3,0,0x00000000,30,20,0/0,unmodified,9,15,72,0,72,7.2,39620,low,0,75,75,17,,,computed-only,computed-only,0,0,7,6,0,0,0,,
39620,0x9AC4,御一门众之铠　膝甲,防具,腿部,武士防具,legs,709,alternate_source,56456,0xDC88,legs,False,4,180,20,3,0,0x00000000,30,20,1/0,strengthened,9,15,72,0,72,7.2,39620,low,7,75,75,17,,,computed-only,computed-only,0,0,14,13,0,0,0,,
39620,0x9AC4,御一门众之铠　膝甲,防具,腿部,武士防具,legs,709,alternate_source,56456,0xDC88,legs,False,4,180,20,3,0,0x00000000,30,20,2/0,thickened,9,15,72,4,76,7.6,39620,low,0,75,75,17,,,computed-only,computed-only,0,0,7,6,0,0,0,,
39620,0x9AC4,御一门众之铠　膝甲,防具,腿部,武士防具,legs,709,alternate_source,56456,0xDC88,legs,False,4,180,20,3,0,0x00000000,30,20,1/1,extreme_strengthened,9,15,72,0,72,7.2,39620,low,15,75,75,17,,,computed-only,computed-only,0,0,22,21,0,0,0,,
39620,0x9AC4,御一门众之铠　膝甲,防具,腿部,武士防具,legs,709,alternate_source,56456,0xDC88,legs,False,4,180,20,3,0,0x00000000,30,20,2/2,extreme_thickened,9,15,72,9,81,8.1,39620,low,0,75,75,17,,,computed-only,computed-only,0,0,7,6,0,0,0,,
39620,0x9AC4,御一门众之铠　膝甲,防具,腿部,武士防具,legs,709,alternate_source,56456,0xDC88,legs,False,4,180,20,3,0,0x00000000,30,20,1/2,strengthened_plus_thickened,9,15,72,4,76,7.6,39620,low,7,75,75,17,,,computed-only,computed-only,0,0,14,13,0,0,0,,
39675,0x9AFB,副将军之铠　腿甲,防具,足部,武士防具,feet,1246,alternate_source,38677,0x9715,feet,False,4,180,20,3,0,0x00000000,30,20,0/0,unmodified,9,15,51,0,51,5.1,39675,low,0,50,50,17,,,computed-only,computed-only,0,0,23,22,0,0,0,,
39675,0x9AFB,副将军之铠　腿甲,防具,足部,武士防具,feet,1246,alternate_source,38677,0x9715,feet,False,4,180,20,3,0,0x00000000,30,20,1/0,strengthened,9,15,51,0,51,5.1,39675,low,7,50,50,17,,,computed-only,computed-only,0,0,30,29,0,0,0,,
39675,0x9AFB,副将军之铠　腿甲,防具,足部,武士防具,feet,1246,alternate_source,38677,0x9715,feet,False,4,180,20,3,0,0x00000000,30,20,2/0,thickened,9,15,51,4,55,5.5,39675,low,0,50,50,17,,,computed-only,computed-only,0,0,23,22,0,0,0,,
39675,0x9AFB,副将军之铠　腿甲,防具,足部,武士防具,feet,1246,alternate_source,38677,0x9715,feet,False,4,180,20,3,0,0x00000000,30,20,1/1,extreme_strengthened,9,15,51,0,51,5.1,39675,low,15,50,50,17,,,computed-only,computed-only,0,0,38,37,0,0,0,,
39675,0x9AFB,副将军之铠　腿甲,防具,足部,武士防具,feet,1246,alternate_source,38677,0x9715,feet,False,4,180,20,3,0,0x00000000,30,20,2/2,extreme_thickened,9,15,51,9,60,6.0,39675,low,0,50,50,17,,,computed-only,computed-only,0,0,23,22,0,0,0,,
39675,0x9AFB,副将军之铠　腿甲,防具,足部,武士防具,feet,1246,alternate_source,38677,0x9715,feet,False,4,180,20,3,0,0x00000000,30,20,1/2,strengthened_plus_thickened,9,15,51,4,55,5.5,39675,low,7,50,50,17,,,computed-only,computed-only,0,0,30,29,0,0,0,,
39726,0x9B2E,,防具或饰品,,装备,feet,1216,alternate_source,2948,0x0B84,legs,True,4,180,20,3,0,0x00000000,30,20,0/0,unmodified,9,15,50,0,50,5.0,39726,low,0,47,47,16,,,computed-only,computed-only,21,0,0,21,0,0,0,,
39726,0x9B2E,,防具或饰品,,装备,feet,1216,alternate_source,2948,0x0B84,legs,True,4,180,20,3,0,0x00000000,30,20,1/0,strengthened,9,15,50,0,50,5.0,39726,low,7,47,47,16,,,computed-only,computed-only,28,0,0,28,0,0,0,,
39726,0x9B2E,,防具或饰品,,装备,feet,1216,alternate_source,2948,0x0B84,legs,True,4,180,20,3,0,0x00000000,30,20,2/0,thickened,9,15,50,4,54,5.4,39726,low,0,47,47,16,,,computed-only,computed-only,21,0,0,21,0,0,0,,
39726,0x9B2E,,防具或饰品,,装备,feet,1216,alternate_source,2948,0x0B84,legs,True,4,180,20,3,0,0x00000000,30,20,1/1,extreme_strengthened,9,15,50,0,50,5.0,39726,low,15,47,47,16,,,computed-only,computed-only,36,0,0,36,0,0,0,,
39726,0x9B2E,,防具或饰品,,装备,feet,1216,alternate_source,2948,0x0B84,legs,True,4,180,20,3,0,0x00000000,30,20,2/2,extreme_thickened,9,15,50,9,59,5.9,39726,low,0,47,47,16,,,computed-only,computed-only,21,0,0,21,0,0,0,,
39726,0x9B2E,,防具或饰品,,装备,feet,1216,alternate_source,2948,0x0B84,legs,True,4,180,20,3,0,0x00000000,30,20,1/2,strengthened_plus_thickened,9,15,50,4,54,5.4,39726,low,7,47,47,16,,,computed-only,computed-only,28,0,0,28,0,0,0,,
39760,0x9B50,炎狱武者之铠　胸甲,防具,身体,武士防具,chest,826,alternate_source,41288,0xA148,chest,False,4,180,20,3,0,0x00000000,30,20,0/0,unmodified,9,15,68,0,68,6.8,39760,low,0,62,62,16,,,computed-only,computed-only,5,0,0,5,0,0,0,,
39760,0x9B50,炎狱武者之铠　胸甲,防具,身体,武士防具,chest,826,alternate_source,41288,0xA148,chest,False,4,180,20,3,0,0x00000000,30,20,1/0,strengthened,9,15,68,0,68,6.8,39760,low,7,62,62,16,,,computed-only,computed-only,12,0,0,12,0,0,0,,
39760,0x9B50,炎狱武者之铠　胸甲,防具,身体,武士防具,chest,826,alternate_source,41288,0xA148,chest,False,4,180,20,3,0,0x00000000,30,20,2/0,thickened,9,15,68,4,72,7.2,39760,low,0,62,62,16,,,computed-only,computed-only,5,0,0,5,0,0,0,,
39760,0x9B50,炎狱武者之铠　胸甲,防具,身体,武士防具,chest,826,alternate_source,41288,0xA148,chest,False,4,180,20,3,0,0x00000000,30,20,1/1,extreme_strengthened,9,15,68,0,68,6.8,39760,low,15,62,62,16,,,computed-only,computed-only,20,0,0,20,0,0,0,,
39760,0x9B50,炎狱武者之铠　胸甲,防具,身体,武士防具,chest,826,alternate_source,41288,0xA148,chest,False,4,180,20,3,0,0x00000000,30,20,2/2,extreme_thickened,9,15,68,9,77,7.7,39760,low,0,62,62,16,,,computed-only,computed-only,5,0,0,5,0,0,0,,
39760,0x9B50,炎狱武者之铠　胸甲,防具,身体,武士防具,chest,826,alternate_source,41288,0xA148,chest,False,4,180,20,3,0,0x00000000,30,20,1/2,strengthened_plus_thickened,9,15,68,4,72,7.2,39760,low,7,62,62,16,,,computed-only,computed-only,12,0,0,12,0,0,0,,
39858,0x9BB2,田村后裔之铠　胸甲,防具,身体,武士防具,chest,1205,alternate_source,64059,0xFA3B,chest,False,4,180,20,3,0,0x00000000,30,20,0/0,unmodified,9,15,110,0,110,11.0,39858,low,0,100,100,17,,,computed-only,computed-only,0,0,19,19,0,0,0,,
39858,0x9BB2,田村后裔之铠　胸甲,防具,身体,武士防具,chest,1205,alternate_source,64059,0xFA3B,chest,False,4,180,20,3,0,0x00000000,30,20,1/0,strengthened,9,15,110,0,110,11.0,39858,low,7,100,100,17,,,computed-only,computed-only,0,0,26,26,0,0,0,,
39858,0x9BB2,田村后裔之铠　胸甲,防具,身体,武士防具,chest,1205,alternate_source,64059,0xFA3B,chest,False,4,180,20,3,0,0x00000000,30,20,2/0,thickened,9,15,110,4,114,11.4,39858,low,0,100,100,17,,,computed-only,computed-only,0,0,19,19,0,0,0,,
39858,0x9BB2,田村后裔之铠　胸甲,防具,身体,武士防具,chest,1205,alternate_source,64059,0xFA3B,chest,False,4,180,20,3,0,0x00000000,30,20,1/1,extreme_strengthened,9,15,110,0,110,11.0,39858,low,15,100,100,17,,,computed-only,computed-only,0,0,34,34,0,0,0,,
39858,0x9BB2,田村后裔之铠　胸甲,防具,身体,武士防具,chest,1205,alternate_source,64059,0xFA3B,chest,False,4,180,20,3,0,0x00000000,30,20,2/2,extreme_thickened,9,15,110,9,119,11.9,39858,low,0,100,100,17,,,computed-only,computed-only,0,0,19,19,0,0,0,,
39858,0x9BB2,田村后裔之铠　胸甲,防具,身体,武士防具,chest,1205,alternate_source,64059,0xFA3B,chest,False,4,180,20,3,0,0x00000000,30,20,1/2,strengthened_plus_thickened,9,15,110,4,114,11.4,39858,low,7,100,100,17,,,computed-only,computed-only,0,0,26,26,0,0,0,,
39862,0x9BB6,足轻中铠　腿甲,防具,足部,武士防具,feet,1013,alternate_source,38340,0x95C4,feet,False,4,180,20,3,0,0x00000000,30,20,0/0,unmodified,9,15,35,0,35,3.5,39862,low,0,31,31,16,,,computed-only,computed-only,7,0,0,6,0,0,0,,
39862,0x9BB6,足轻中铠　腿甲,防具,足部,武士防具,feet,1013,alternate_source,38340,0x95C4,feet,False,4,180,20,3,0,0x00000000,30,20,1/0,strengthened,9,15,35,0,35,3.5,39862,low,7,31,31,16,,,computed-only,computed-only,14,0,0,13,0,0,0,,
39862,0x9BB6,足轻中铠　腿甲,防具,足部,武士防具,feet,1013,alternate_source,38340,0x95C4,feet,False,4,180,20,3,0,0x00000000,30,20,2/0,thickened,9,15,35,4,39,3.9,39862,low,0,31,31,16,,,computed-only,computed-only,7,0,0,6,0,0,0,,
39862,0x9BB6,足轻中铠　腿甲,防具,足部,武士防具,feet,1013,alternate_source,38340,0x95C4,feet,False,4,180,20,3,0,0x00000000,30,20,1/1,extreme_strengthened,9,15,35,0,35,3.5,39862,low,15,31,31,16,,,computed-only,computed-only,22,0,0,21,0,0,0,,
39862,0x9BB6,足轻中铠　腿甲,防具,足部,武士防具,feet,1013,alternate_source,38340,0x95C4,feet,False,4,180,20,3,0,0x00000000,30,20,2/2,extreme_thickened,9,15,35,9,44,4.4,39862,low,0,31,31,16,,,computed-only,computed-only,7,0,0,6,0,0,0,,
39862,0x9BB6,足轻中铠　腿甲,防具,足部,武士防具,feet,1013,alternate_source,38340,0x95C4,feet,False,4,180,20,3,0,0x00000000,30,20,1/2,strengthened_plus_thickened,9,15,35,4,39,3.9,39862,low,7,31,31,16,,,computed-only,computed-only,14,0,0,13,0,0,0,,
39891,0x9BD3,独眼剑豪之衣　腿甲,防具,足部,武士防具,feet,1276,alternate_source,61193,0xEF09,feet,False,4,180,20,3,0,0x00000000,30,20,0/0,unmodified,9,15,33,0,33,3.3,39891,low,0,31,31,16,,,computed-only,computed-only,21,0,0,0,21,0,0,,
39891,0x9BD3,独眼剑豪之衣　腿甲,防具,足部,武士防具,feet,1276,alternate_source,61193,0xEF09,feet,False,4,180,20,3,0,0x00000000,30,20,1/0,strengthened,9,15,33,0,33,3.3,39891,low,7,31,31,16,,,computed-only,computed-only,28,0,0,0,28,0,0,,
39891,0x9BD3,独眼剑豪之衣　腿甲,防具,足部,武士防具,feet,1276,alternate_source,61193,0xEF09,feet,False,4,180,20,3,0,0x00000000,30,20,2/0,thickened,9,15,33,4,37,3.7,39891,low,0,31,31,16,,,computed-only,computed-only,21,0,0,0,21,0,0,,
39891,0x9BD3,独眼剑豪之衣　腿甲,防具,足部,武士防具,feet,1276,alternate_source,61193,0xEF09,feet,False,4,180,20,3,0,0x00000000,30,20,1/1,extreme_strengthened,9,15,33,0,33,3.3,39891,low,15,31,31,16,,,computed-only,computed-only,36,0,0,0,36,0,0,,
39891,0x9BD3,独眼剑豪之衣　腿甲,防具,足部,武士防具,feet,1276,alternate_source,61193,0xEF09,feet,False,4,180,20,3,0,0x00000000,30,20,2/2,extreme_thickened,9,15,33,9,42,4.2,39891,low,0,31,31,16,,,computed-only,computed-only,21,0,0,0,21,0,0,,
39891,0x9BD3,独眼剑豪之衣　腿甲,防具,足部,武士防具,feet,1276,alternate_source,61193,0xEF09,feet,False,4,180,20,3,0,0x00000000,30,20,1/2,strengthened_plus_thickened,9,15,33,4,37,3.7,39891,low,7,31,31,16,,,computed-only,computed-only,28,0,0,0,28,0,0,,
39911,0x9BE7,修验者装束　裤裙,防具,腿部,忍者防具,legs,761,alternate_source,18062,0x468E,legs,False,4,180,20,3,0,0x00000000,30,20,0/0,unmodified,9,15,35,0,35,3.5,39911,low,0,74,74,16,,,computed-only,computed-only,0,0,6,0,5,0,0,,
39911,0x9BE7,修验者装束　裤裙,防具,腿部,忍者防具,legs,761,alternate_source,18062,0x468E,legs,False,4,180,20,3,0,0x00000000,30,20,1/0,strengthened,9,15,35,0,35,3.5,39911,low,7,74,74,16,,,computed-only,computed-only,0,0,13,0,12,0,0,,
39911,0x9BE7,修验者装束　裤裙,防具,腿部,忍者防具,legs,761,alternate_source,18062,0x468E,legs,False,4,180,20,3,0,0x00000000,30,20,2/0,thickened,9,15,35,4,39,3.9,39911,low,0,74,74,16,,,computed-only,computed-only,0,0,6,0,5,0,0,,
39911,0x9BE7,修验者装束　裤裙,防具,腿部,忍者防具,legs,761,alternate_source,18062,0x468E,legs,False,4,180,20,3,0,0x00000000,30,20,1/1,extreme_strengthened,9,15,35,0,35,3.5,39911,low,15,74,74,16,,,computed-only,computed-only,0,0,21,0,20,0,0,,
39911,0x9BE7,修验者装束　裤裙,防具,腿部,忍者防具,legs,761,alternate_source,18062,0x468E,legs,False,4,180,20,3,0,0x00000000,30,20,2/2,extreme_thickened,9,15,35,9,44,4.4,39911,low,0,74,74,16,,,computed-only,computed-only,0,0,6,0,5,0,0,,
39911,0x9BE7,修验者装束　裤裙,防具,腿部,忍者防具,legs,761,alternate_source,18062,0x468E,legs,False,4,180,20,3,0,0x00000000,30,20,1/2,strengthened_plus_thickened,9,15,35,4,39,3.9,39911,low,7,74,74,16,,,computed-only,computed-only,0,0,13,0,12,0,0,,
40423,0x9DE7,海内无双之衣　裤裙,防具,腿部,武士防具,legs,738,alternate_source,17956,0x4624,legs,False,4,180,20,3,0,0x00000000,30,20,0/0,unmodified,9,15,26,0,26,2.6,40423,low,0,29,29,15,,,computed-only,computed-only,17,0,0,0,16,0,0,,
40423,0x9DE7,海内无双之衣　裤裙,防具,腿部,武士防具,legs,738,alternate_source,17956,0x4624,legs,False,4,180,20,3,0,0x00000000,30,20,1/0,strengthened,9,15,26,0,26,2.6,40423,low,7,29,29,15,,,computed-only,computed-only,24,0,0,0,23,0,0,,
40423,0x9DE7,海内无双之衣　裤裙,防具,腿部,武士防具,legs,738,alternate_source,17956,0x4624,legs,False,4,180,20,3,0,0x00000000,30,20,2/0,thickened,9,15,26,4,30,3.0,40423,low,0,29,29,15,,,computed-only,computed-only,17,0,0,0,16,0,0,,
40423,0x9DE7,海内无双之衣　裤裙,防具,腿部,武士防具,legs,738,alternate_source,17956,0x4624,legs,False,4,180,20,3,0,0x00000000,30,20,1/1,extreme_strengthened,9,15,26,0,26,2.6,40423,low,15,29,29,15,,,computed-only,computed-only,32,0,0,0,31,0,0,,
40423,0x9DE7,海内无双之衣　裤裙,防具,腿部,武士防具,legs,738,alternate_source,17956,0x4624,legs,False,4,180,20,3,0,0x00000000,30,20,2/2,extreme_thickened,9,15,26,9,35,3.5,40423,low,0,29,29,15,,,computed-only,computed-only,17,0,0,0,16,0,0,,
40423,0x9DE7,海内无双之衣　裤裙,防具,腿部,武士防具,legs,738,alternate_source,17956,0x4624,legs,False,4,180,20,3,0,0x00000000,30,20,1/2,strengthened_plus_thickened,9,15,26,4,30,3.0,40423,low,7,29,29,15,,,computed-only,computed-only,24,0,0,0,23,0,0,,
40461,0x9E0D,怪童大铠　膝甲,防具,腿部,武士防具,legs,1192,alternate_source,53701,0xD1C5,legs,False,4,180,20,3,0,0x00000000,30,20,0/0,unmodified,9,15,80,0,80,8.0,40461,low,0,75,75,17,,,computed-only,computed-only,0,0,14,15,0,0,0,,
40461,0x9E0D,怪童大铠　膝甲,防具,腿部,武士防具,legs,1192,alternate_source,53701,0xD1C5,legs,False,4,180,20,3,0,0x00000000,30,20,1/0,strengthened,9,15,80,0,80,8.0,40461,low,7,75,75,17,,,computed-only,computed-only,0,0,21,22,0,0,0,,
40461,0x9E0D,怪童大铠　膝甲,防具,腿部,武士防具,legs,1192,alternate_source,53701,0xD1C5,legs,False,4,180,20,3,0,0x00000000,30,20,2/0,thickened,9,15,80,4,84,8.4,40461,low,0,75,75,17,,,computed-only,computed-only,0,0,14,15,0,0,0,,
40461,0x9E0D,怪童大铠　膝甲,防具,腿部,武士防具,legs,1192,alternate_source,53701,0xD1C5,legs,False,4,180,20,3,0,0x00000000,30,20,1/1,extreme_strengthened,9,15,80,0,80,8.0,40461,low,15,75,75,17,,,computed-only,computed-only,0,0,29,30,0,0,0,,
40461,0x9E0D,怪童大铠　膝甲,防具,腿部,武士防具,legs,1192,alternate_source,53701,0xD1C5,legs,False,4,180,20,3,0,0x00000000,30,20,2/2,extreme_thickened,9,15,80,9,89,8.9,40461,low,0,75,75,17,,,computed-only,computed-only,0,0,14,15,0,0,0,,
40461,0x9E0D,怪童大铠　膝甲,防具,腿部,武士防具,legs,1192,alternate_source,53701,0xD1C5,legs,False,4,180,20,3,0,0x00000000,30,20,1/2,strengthened_plus_thickened,9,15,80,4,84,8.4,40461,low,7,75,75,17,,,computed-only,computed-only,0,0,21,22,0,0,0,,
40484,0x9E24,风魔头领忍者装束　膝甲,防具,腿部,忍者防具,legs,699,alternate_source,21992,0x55E8,legs,False,4,180,20,3,0,0x00000000,30,20,0/0,unmodified,9,15,26,0,26,2.6,40484,low,0,42,42,16,,,computed-only,computed-only,0,0,6,0,8,0,0,,
40484,0x9E24,风魔头领忍者装束　膝甲,防具,腿部,忍者防具,legs,699,alternate_source,21992,0x55E8,legs,False,4,180,20,3,0,0x00000000,30,20,1/0,strengthened,9,15,26,0,26,2.6,40484,low,7,42,42,16,,,computed-only,computed-only,0,0,13,0,15,0,0,,
40484,0x9E24,风魔头领忍者装束　膝甲,防具,腿部,忍者防具,legs,699,alternate_source,21992,0x55E8,legs,False,4,180,20,3,0,0x00000000,30,20,2/0,thickened,9,15,26,4,30,3.0,40484,low,0,42,42,16,,,computed-only,computed-only,0,0,6,0,8,0,0,,
40484,0x9E24,风魔头领忍者装束　膝甲,防具,腿部,忍者防具,legs,699,alternate_source,21992,0x55E8,legs,False,4,180,20,3,0,0x00000000,30,20,1/1,extreme_strengthened,9,15,26,0,26,2.6,40484,low,15,42,42,16,,,computed-only,computed-only,0,0,21,0,23,0,0,,
40484,0x9E24,风魔头领忍者装束　膝甲,防具,腿部,忍者防具,legs,699,alternate_source,21992,0x55E8,legs,False,4,180,20,3,0,0x00000000,30,20,2/2,extreme_thickened,9,15,26,9,35,3.5,40484,low,0,42,42,16,,,computed-only,computed-only,0,0,6,0,8,0,0,,
40484,0x9E24,风魔头领忍者装束　膝甲,防具,腿部,忍者防具,legs,699,alternate_source,21992,0x55E8,legs,False,4,180,20,3,0,0x00000000,30,20,1/2,strengthened_plus_thickened,9,15,26,4,30,3.0,40484,low,7,42,42,16,,,computed-only,computed-only,0,0,13,0,15,0,0,,
40683,0x9EEB,世嗣中铠　胸甲,防具,身体,武士防具,chest,608,alternate_source,13303,0x33F7,chest,False,4,180,20,3,0,0x00000000,30,20,0/0,unmodified,9,15,66,0,66,6.6,40683,low,0,62,62,16,,,computed-only,computed-only,5,0,0,5,0,0,0,,
40683,0x9EEB,世嗣中铠　胸甲,防具,身体,武士防具,chest,608,alternate_source,13303,0x33F7,chest,False,4,180,20,3,0,0x00000000,30,20,1/0,strengthened,9,15,66,0,66,6.6,40683,low,7,62,62,16,,,computed-only,computed-only,12,0,0,12,0,0,0,,
40683,0x9EEB,世嗣中铠　胸甲,防具,身体,武士防具,chest,608,alternate_source,13303,0x33F7,chest,False,4,180,20,3,0,0x00000000,30,20,2/0,thickened,9,15,66,4,70,7.0,40683,low,0,62,62,16,,,computed-only,computed-only,5,0,0,5,0,0,0,,
40683,0x9EEB,世嗣中铠　胸甲,防具,身体,武士防具,chest,608,alternate_source,13303,0x33F7,chest,False,4,180,20,3,0,0x00000000,30,20,1/1,extreme_strengthened,9,15,66,0,66,6.6,40683,low,15,62,62,16,,,computed-only,computed-only,20,0,0,20,0,0,0,,
40683,0x9EEB,世嗣中铠　胸甲,防具,身体,武士防具,chest,608,alternate_source,13303,0x33F7,chest,False,4,180,20,3,0,0x00000000,30,20,2/2,extreme_thickened,9,15,66,9,75,7.5,40683,low,0,62,62,16,,,computed-only,computed-only,5,0,0,5,0,0,0,,
40683,0x9EEB,世嗣中铠　胸甲,防具,身体,武士防具,chest,608,alternate_source,13303,0x33F7,chest,False,4,180,20,3,0,0x00000000,30,20,1/2,strengthened_plus_thickened,9,15,66,4,70,7.0,40683,low,7,62,62,16,,,computed-only,computed-only,12,0,0,12,0,0,0,,
40790,0x9F56,绝群倾奇之铠　腿甲,防具,足部,武士防具,feet,1058,alternate_source,43752,0xAAE8,feet,False,4,180,20,3,0,0x00000000,30,20,0/0,unmodified,9,15,40,0,40,4.0,40790,low,0,31,31,16,,,computed-only,computed-only,13,0,0,18,0,0,0,,
40790,0x9F56,绝群倾奇之铠　腿甲,防具,足部,武士防具,feet,1058,alternate_source,43752,0xAAE8,feet,False,4,180,20,3,0,0x00000000,30,20,1/0,strengthened,9,15,40,0,40,4.0,40790,low,7,31,31,16,,,computed-only,computed-only,20,0,0,25,0,0,0,,
40790,0x9F56,绝群倾奇之铠　腿甲,防具,足部,武士防具,feet,1058,alternate_source,43752,0xAAE8,feet,False,4,180,20,3,0,0x00000000,30,20,2/0,thickened,9,15,40,4,44,4.4,40790,low,0,31,31,16,,,computed-only,computed-only,13,0,0,18,0,0,0,,
40790,0x9F56,绝群倾奇之铠　腿甲,防具,足部,武士防具,feet,1058,alternate_source,43752,0xAAE8,feet,False,4,180,20,3,0,0x00000000,30,20,1/1,extreme_strengthened,9,15,40,0,40,4.0,40790,low,15,31,31,16,,,computed-only,computed-only,28,0,0,33,0,0,0,,
40790,0x9F56,绝群倾奇之铠　腿甲,防具,足部,武士防具,feet,1058,alternate_source,43752,0xAAE8,feet,False,4,180,20,3,0,0x00000000,30,20,2/2,extreme_thickened,9,15,40,9,49,4.9,40790,low,0,31,31,16,,,computed-only,computed-only,13,0,0,18,0,0,0,,
40790,0x9F56,绝群倾奇之铠　腿甲,防具,足部,武士防具,feet,1058,alternate_source,43752,0xAAE8,feet,False,4,180,20,3,0,0x00000000,30,20,1/2,strengthened_plus_thickened,9,15,40,4,44,4.4,40790,low,7,31,31,16,,,computed-only,computed-only,20,0,0,25,0,0,0,,
40824,0x9F78,御一门众之铠　臂甲,防具,手臂,武士防具,arms,705,alternate_source,58523,0xE49B,arms,False,4,180,20,3,0,0x00000000,30,20,0/0,unmodified,9,15,48,0,48,4.8,40824,low,0,50,50,17,,,computed-only,computed-only,0,0,7,6,0,0,0,,
40824,0x9F78,御一门众之铠　臂甲,防具,手臂,武士防具,arms,705,alternate_source,58523,0xE49B,arms,False,4,180,20,3,0,0x00000000,30,20,1/0,strengthened,9,15,48,0,48,4.8,40824,low,7,50,50,17,,,computed-only,computed-only,0,0,14,13,0,0,0,,
40824,0x9F78,御一门众之铠　臂甲,防具,手臂,武士防具,arms,705,alternate_source,58523,0xE49B,arms,False,4,180,20,3,0,0x00000000,30,20,2/0,thickened,9,15,48,4,52,5.2,40824,low,0,50,50,17,,,computed-only,computed-only,0,0,7,6,0,0,0,,
40824,0x9F78,御一门众之铠　臂甲,防具,手臂,武士防具,arms,705,alternate_source,58523,0xE49B,arms,False,4,180,20,3,0,0x00000000,30,20,1/1,extreme_strengthened,9,15,48,0,48,4.8,40824,low,15,50,50,17,,,computed-only,computed-only,0,0,22,21,0,0,0,,
40824,0x9F78,御一门众之铠　臂甲,防具,手臂,武士防具,arms,705,alternate_source,58523,0xE49B,arms,False,4,180,20,3,0,0x00000000,30,20,2/2,extreme_thickened,9,15,48,9,57,5.7,40824,low,0,50,50,17,,,computed-only,computed-only,0,0,7,6,0,0,0,,
40824,0x9F78,御一门众之铠　臂甲,防具,手臂,武士防具,arms,705,alternate_source,58523,0xE49B,arms,False,4,180,20,3,0,0x00000000,30,20,1/2,strengthened_plus_thickened,9,15,48,4,52,5.2,40824,low,7,50,50,17,,,computed-only,computed-only,0,0,14,13,0,0,0,,
41041,0xA051,圣人旅装　草鞋,防具,足部,忍者防具,feet,806,alternate_source,24404,0x5F54,feet,False,4,180,20,3,0,0x00000000,30,20,0/0,unmodified,9,15,8,0,8,0.8,41041,low,0,18,18,15,,,computed-only,computed-only,12,0,0,0,11,0,0,,
41041,0xA051,圣人旅装　草鞋,防具,足部,忍者防具,feet,806,alternate_source,24404,0x5F54,feet,False,4,180,20,3,0,0x00000000,30,20,1/0,strengthened,9,15,8,0,8,0.8,41041,low,7,18,18,15,,,computed-only,computed-only,19,0,0,0,18,0,0,,
41041,0xA051,圣人旅装　草鞋,防具,足部,忍者防具,feet,806,alternate_source,24404,0x5F54,feet,False,4,180,20,3,0,0x00000000,30,20,2/0,thickened,9,15,8,4,12,1.2,41041,low,0,18,18,15,,,computed-only,computed-only,12,0,0,0,11,0,0,,
41041,0xA051,圣人旅装　草鞋,防具,足部,忍者防具,feet,806,alternate_source,24404,0x5F54,feet,False,4,180,20,3,0,0x00000000,30,20,1/1,extreme_strengthened,9,15,8,0,8,0.8,41041,low,15,18,18,15,,,computed-only,computed-only,27,0,0,0,26,0,0,,
41041,0xA051,圣人旅装　草鞋,防具,足部,忍者防具,feet,806,alternate_source,24404,0x5F54,feet,False,4,180,20,3,0,0x00000000,30,20,2/2,extreme_thickened,9,15,8,9,17,1.7,41041,low,0,18,18,15,,,computed-only,computed-only,12,0,0,0,11,0,0,,
41041,0xA051,圣人旅装　草鞋,防具,足部,忍者防具,feet,806,alternate_source,24404,0x5F54,feet,False,4,180,20,3,0,0x00000000,30,20,1/2,strengthened_plus_thickened,9,15,8,4,12,1.2,41041,low,7,18,18,15,,,computed-only,computed-only,19,0,0,0,18,0,0,,
41347,0xA183,万两义贼之铠　胸甲,防具,身体,忍者防具,chest,721,alternate_source,62832,0xF570,chest,False,4,180,20,3,0,0x00000000,30,20,0/0,unmodified,9,15,52,0,52,5.2,41347,low,0,98,98,16,,,computed-only,computed-only,0,0,21,0,15,0,0,,
41347,0xA183,万两义贼之铠　胸甲,防具,身体,忍者防具,chest,721,alternate_source,62832,0xF570,chest,False,4,180,20,3,0,0x00000000,30,20,1/0,strengthened,9,15,52,0,52,5.2,41347,low,7,98,98,16,,,computed-only,computed-only,0,0,28,0,22,0,0,,
41347,0xA183,万两义贼之铠　胸甲,防具,身体,忍者防具,chest,721,alternate_source,62832,0xF570,chest,False,4,180,20,3,0,0x00000000,30,20,2/0,thickened,9,15,52,4,56,5.6,41347,low,0,98,98,16,,,computed-only,computed-only,0,0,21,0,15,0,0,,
41347,0xA183,万两义贼之铠　胸甲,防具,身体,忍者防具,chest,721,alternate_source,62832,0xF570,chest,False,4,180,20,3,0,0x00000000,30,20,1/1,extreme_strengthened,9,15,52,0,52,5.2,41347,low,15,98,98,16,,,computed-only,computed-only,0,0,36,0,30,0,0,,
41347,0xA183,万两义贼之铠　胸甲,防具,身体,忍者防具,chest,721,alternate_source,62832,0xF570,chest,False,4,180,20,3,0,0x00000000,30,20,2/2,extreme_thickened,9,15,52,9,61,6.1,41347,low,0,98,98,16,,,computed-only,computed-only,0,0,21,0,15,0,0,,
41347,0xA183,万两义贼之铠　胸甲,防具,身体,忍者防具,chest,721,alternate_source,62832,0xF570,chest,False,4,180,20,3,0,0x00000000,30,20,1/2,strengthened_plus_thickened,9,15,52,4,56,5.6,41347,low,7,98,98,16,,,computed-only,computed-only,0,0,28,0,22,0,0,,
41380,0xA1A4,万雷忍者装束　腿甲,防具,足部,忍者防具,feet,854,alternate_source,15871,0x3DFF,feet,False,4,180,20,3,0,0x00000000,30,20,0/0,unmodified,9,15,16,0,16,1.6,41380,low,0,28,28,16,,,computed-only,computed-only,0,0,5,0,5,0,0,,
41380,0xA1A4,万雷忍者装束　腿甲,防具,足部,忍者防具,feet,854,alternate_source,15871,0x3DFF,feet,False,4,180,20,3,0,0x00000000,30,20,1/0,strengthened,9,15,16,0,16,1.6,41380,low,7,28,28,16,,,computed-only,computed-only,0,0,12,0,12,0,0,,
41380,0xA1A4,万雷忍者装束　腿甲,防具,足部,忍者防具,feet,854,alternate_source,15871,0x3DFF,feet,False,4,180,20,3,0,0x00000000,30,20,2/0,thickened,9,15,16,4,20,2.0,41380,low,0,28,28,16,,,computed-only,computed-only,0,0,5,0,5,0,0,,
41380,0xA1A4,万雷忍者装束　腿甲,防具,足部,忍者防具,feet,854,alternate_source,15871,0x3DFF,feet,False,4,180,20,3,0,0x00000000,30,20,1/1,extreme_strengthened,9,15,16,0,16,1.6,41380,low,15,28,28,16,,,computed-only,computed-only,0,0,20,0,20,0,0,,
41380,0xA1A4,万雷忍者装束　腿甲,防具,足部,忍者防具,feet,854,alternate_source,15871,0x3DFF,feet,False,4,180,20,3,0,0x00000000,30,20,2/2,extreme_thickened,9,15,16,9,25,2.5,41380,low,0,28,28,16,,,computed-only,computed-only,0,0,5,0,5,0,0,,
41380,0xA1A4,万雷忍者装束　腿甲,防具,足部,忍者防具,feet,854,alternate_source,15871,0x3DFF,feet,False,4,180,20,3,0,0x00000000,30,20,1/2,strengthened_plus_thickened,9,15,16,4,20,2.0,41380,low,7,28,28,16,,,computed-only,computed-only,0,0,12,0,12,0,0,,
41515,0xA22B,柳生众装束　胸甲,防具,身体,忍者防具,chest,1238,alternate_source,5102,0x13EE,chest,False,4,180,20,3,0,0x00000000,30,20,0/0,unmodified,9,15,32,0,32,3.2,41515,low,0,56,56,16,,,computed-only,computed-only,0,21,0,0,21,0,0,,
41515,0xA22B,柳生众装束　胸甲,防具,身体,忍者防具,chest,1238,alternate_source,5102,0x13EE,chest,False,4,180,20,3,0,0x00000000,30,20,1/0,strengthened,9,15,32,0,32,3.2,41515,low,7,56,56,16,,,computed-only,computed-only,0,28,0,0,28,0,0,,
41515,0xA22B,柳生众装束　胸甲,防具,身体,忍者防具,chest,1238,alternate_source,5102,0x13EE,chest,False,4,180,20,3,0,0x00000000,30,20,2/0,thickened,9,15,32,4,36,3.6,41515,low,0,56,56,16,,,computed-only,computed-only,0,21,0,0,21,0,0,,
41515,0xA22B,柳生众装束　胸甲,防具,身体,忍者防具,chest,1238,alternate_source,5102,0x13EE,chest,False,4,180,20,3,0,0x00000000,30,20,1/1,extreme_strengthened,9,15,32,0,32,3.2,41515,low,15,56,56,16,,,computed-only,computed-only,0,36,0,0,36,0,0,,
41515,0xA22B,柳生众装束　胸甲,防具,身体,忍者防具,chest,1238,alternate_source,5102,0x13EE,chest,False,4,180,20,3,0,0x00000000,30,20,2/2,extreme_thickened,9,15,32,9,41,4.1,41515,low,0,56,56,16,,,computed-only,computed-only,0,21,0,0,21,0,0,,
41515,0xA22B,柳生众装束　胸甲,防具,身体,忍者防具,chest,1238,alternate_source,5102,0x13EE,chest,False,4,180,20,3,0,0x00000000,30,20,1/2,strengthened_plus_thickened,9,15,32,4,36,3.6,41515,low,7,56,56,16,,,computed-only,computed-only,0,28,0,0,28,0,0,,
41660,0xA2BC,叛军浪士之铠　斗笠,防具,头部,武士防具,head,1222,alternate_source,2028,0x07EC,head,False,4,180,20,3,0,0x00000000,30,20,0/0,unmodified,9,15,33,0,33,3.3,41660,low,0,31,31,16,,,computed-only,computed-only,21,0,0,21,0,0,0,,
41660,0xA2BC,叛军浪士之铠　斗笠,防具,头部,武士防具,head,1222,alternate_source,2028,0x07EC,head,False,4,180,20,3,0,0x00000000,30,20,1/0,strengthened,9,15,33,0,33,3.3,41660,low,7,31,31,16,,,computed-only,computed-only,28,0,0,28,0,0,0,,
41660,0xA2BC,叛军浪士之铠　斗笠,防具,头部,武士防具,head,1222,alternate_source,2028,0x07EC,head,False,4,180,20,3,0,0x00000000,30,20,2/0,thickened,9,15,33,4,37,3.7,41660,low,0,31,31,16,,,computed-only,computed-only,21,0,0,21,0,0,0,,
41660,0xA2BC,叛军浪士之铠　斗笠,防具,头部,武士防具,head,1222,alternate_source,2028,0x07EC,head,False,4,180,20,3,0,0x00000000,30,20,1/1,extreme_strengthened,9,15,33,0,33,3.3,41660,low,15,31,31,16,,,computed-only,computed-only,36,0,0,36,0,0,0,,
41660,0xA2BC,叛军浪士之铠　斗笠,防具,头部,武士防具,head,1222,alternate_source,2028,0x07EC,head,False,4,180,20,3,0,0x00000000,30,20,2/2,extreme_thickened,9,15,33,9,42,4.2,41660,low,0,31,31,16,,,computed-only,computed-only,21,0,0,21,0,0,0,,
41660,0xA2BC,叛军浪士之铠　斗笠,防具,头部,武士防具,head,1222,alternate_source,2028,0x07EC,head,False,4,180,20,3,0,0x00000000,30,20,1/2,strengthened_plus_thickened,9,15,33,4,37,3.7,41660,low,7,31,31,16,,,computed-only,computed-only,28,0,0,28,0,0,0,,
41751,0xA317,浪人中铠　胸甲,防具,身体,武士防具,chest,1015,alternate_source,14950,0x3A66,chest,False,4,180,20,3,0,0x00000000,30,20,0/0,unmodified,9,15,72,0,72,7.2,41751,low,0,62,62,16,,,computed-only,computed-only,8,0,0,11,0,0,0,,
41751,0xA317,浪人中铠　胸甲,防具,身体,武士防具,chest,1015,alternate_source,14950,0x3A66,chest,False,4,180,20,3,0,0x00000000,30,20,1/0,strengthened,9,15,72,0,72,7.2,41751,low,7,62,62,16,,,computed-only,computed-only,15,0,0,18,0,0,0,,
41751,0xA317,浪人中铠　胸甲,防具,身体,武士防具,chest,1015,alternate_source,14950,0x3A66,chest,False,4,180,20,3,0,0x00000000,30,20,2/0,thickened,9,15,72,4,76,7.6,41751,low,0,62,62,16,,,computed-only,computed-only,8,0,0,11,0,0,0,,
41751,0xA317,浪人中铠　胸甲,防具,身体,武士防具,chest,1015,alternate_source,14950,0x3A66,chest,False,4,180,20,3,0,0x00000000,30,20,1/1,extreme_strengthened,9,15,72,0,72,7.2,41751,low,15,62,62,16,,,computed-only,computed-only,23,0,0,26,0,0,0,,
41751,0xA317,浪人中铠　胸甲,防具,身体,武士防具,chest,1015,alternate_source,14950,0x3A66,chest,False,4,180,20,3,0,0x00000000,30,20,2/2,extreme_thickened,9,15,72,9,81,8.1,41751,low,0,62,62,16,,,computed-only,computed-only,8,0,0,11,0,0,0,,
41751,0xA317,浪人中铠　胸甲,防具,身体,武士防具,chest,1015,alternate_source,14950,0x3A66,chest,False,4,180,20,3,0,0x00000000,30,20,1/2,strengthened_plus_thickened,9,15,72,4,76,7.6,41751,low,7,62,62,16,,,computed-only,computed-only,15,0,0,18,0,0,0,,
41927,0xA3C7,木曾紫之铠　腿甲,防具,足部,武士防具,feet,801,alternate_source,3737,0x0E99,feet,False,4,180,20,3,0,0x00000000,30,20,0/0,unmodified,9,15,53,0,53,5.3,41927,low,0,50,50,17,,,computed-only,computed-only,0,0,15,13,0,0,0,,
41927,0xA3C7,木曾紫之铠　腿甲,防具,足部,武士防具,feet,801,alternate_source,3737,0x0E99,feet,False,4,180,20,3,0,0x00000000,30,20,1/0,strengthened,9,15,53,0,53,5.3,41927,low,7,50,50,17,,,computed-only,computed-only,0,0,22,20,0,0,0,,
41927,0xA3C7,木曾紫之铠　腿甲,防具,足部,武士防具,feet,801,alternate_source,3737,0x0E99,feet,False,4,180,20,3,0,0x00000000,30,20,2/0,thickened,9,15,53,4,57,5.7,41927,low,0,50,50,17,,,computed-only,computed-only,0,0,15,13,0,0,0,,
41927,0xA3C7,木曾紫之铠　腿甲,防具,足部,武士防具,feet,801,alternate_source,3737,0x0E99,feet,False,4,180,20,3,0,0x00000000,30,20,1/1,extreme_strengthened,9,15,53,0,53,5.3,41927,low,15,50,50,17,,,computed-only,computed-only,0,0,30,28,0,0,0,,
41927,0xA3C7,木曾紫之铠　腿甲,防具,足部,武士防具,feet,801,alternate_source,3737,0x0E99,feet,False,4,180,20,3,0,0x00000000,30,20,2/2,extreme_thickened,9,15,53,9,62,6.2,41927,low,0,50,50,17,,,computed-only,computed-only,0,0,15,13,0,0,0,,
41927,0xA3C7,木曾紫之铠　腿甲,防具,足部,武士防具,feet,801,alternate_source,3737,0x0E99,feet,False,4,180,20,3,0,0x00000000,30,20,1/2,strengthened_plus_thickened,9,15,53,4,57,5.7,41927,low,7,50,50,17,,,computed-only,computed-only,0,0,22,20,0,0,0,,
42257,0xA511,侍大将中铠　膝甲,防具,腿部,武士防具,legs,1042,alternate_source,14470,0x3886,legs,False,4,180,20,3,0,0x00000000,30,20,0/0,unmodified,9,15,59,0,59,5.9,42257,low,0,47,47,16,,,computed-only,computed-only,11,0,0,16,0,0,0,,
42257,0xA511,侍大将中铠　膝甲,防具,腿部,武士防具,legs,1042,alternate_source,14470,0x3886,legs,False,4,180,20,3,0,0x00000000,30,20,1/0,strengthened,9,15,59,0,59,5.9,42257,low,7,47,47,16,,,computed-only,computed-only,18,0,0,23,0,0,0,,
42257,0xA511,侍大将中铠　膝甲,防具,腿部,武士防具,legs,1042,alternate_source,14470,0x3886,legs,False,4,180,20,3,0,0x00000000,30,20,2/0,thickened,9,15,59,4,63,6.3,42257,low,0,47,47,16,,,computed-only,computed-only,11,0,0,16,0,0,0,,
42257,0xA511,侍大将中铠　膝甲,防具,腿部,武士防具,legs,1042,alternate_source,14470,0x3886,legs,False,4,180,20,3,0,0x00000000,30,20,1/1,extreme_strengthened,9,15,59,0,59,5.9,42257,low,15,47,47,16,,,computed-only,computed-only,26,0,0,31,0,0,0,,
42257,0xA511,侍大将中铠　膝甲,防具,腿部,武士防具,legs,1042,alternate_source,14470,0x3886,legs,False,4,180,20,3,0,0x00000000,30,20,2/2,extreme_thickened,9,15,59,9,68,6.8,42257,low,0,47,47,16,,,computed-only,computed-only,11,0,0,16,0,0,0,,
42257,0xA511,侍大将中铠　膝甲,防具,腿部,武士防具,legs,1042,alternate_source,14470,0x3886,legs,False,4,180,20,3,0,0x00000000,30,20,1/2,strengthened_plus_thickened,9,15,59,4,63,6.3,42257,low,7,47,47,16,,,computed-only,computed-only,18,0,0,23,0,0,0,,
42340,0xA564,大义之铠　头盔,防具,头部,武士防具,head,631,alternate_source,61503,0xF03F,head,False,4,180,20,3,0,0x00000000,30,20,0/0,unmodified,9,15,36,0,36,3.6,42340,low,0,31,31,16,,,computed-only,computed-only,7,0,0,10,0,0,0,,
42340,0xA564,大义之铠　头盔,防具,头部,武士防具,head,631,alternate_source,61503,0xF03F,head,False,4,180,20,3,0,0x00000000,30,20,1/0,strengthened,9,15,36,0,36,3.6,42340,low,7,31,31,16,,,computed-only,computed-only,14,0,0,17,0,0,0,,
42340,0xA564,大义之铠　头盔,防具,头部,武士防具,head,631,alternate_source,61503,0xF03F,head,False,4,180,20,3,0,0x00000000,30,20,2/0,thickened,9,15,36,4,40,4.0,42340,low,0,31,31,16,,,computed-only,computed-only,7,0,0,10,0,0,0,,
42340,0xA564,大义之铠　头盔,防具,头部,武士防具,head,631,alternate_source,61503,0xF03F,head,False,4,180,20,3,0,0x00000000,30,20,1/1,extreme_strengthened,9,15,36,0,36,3.6,42340,low,15,31,31,16,,,computed-only,computed-only,22,0,0,25,0,0,0,,
42340,0xA564,大义之铠　头盔,防具,头部,武士防具,head,631,alternate_source,61503,0xF03F,head,False,4,180,20,3,0,0x00000000,30,20,2/2,extreme_thickened,9,15,36,9,45,4.5,42340,low,0,31,31,16,,,computed-only,computed-only,7,0,0,10,0,0,0,,
42340,0xA564,大义之铠　头盔,防具,头部,武士防具,head,631,alternate_source,61503,0xF03F,head,False,4,180,20,3,0,0x00000000,30,20,1/2,strengthened_plus_thickened,9,15,36,4,40,4.0,42340,low,7,31,31,16,,,computed-only,computed-only,14,0,0,17,0,0,0,,
42344,0xA568,鸢加藤忍衣　上衣,防具,身体,忍者防具,chest,921,alternate_source,4728,0x1278,chest,False,4,180,20,3,0,0x00000000,30,20,0/0,unmodified,9,15,16,0,16,1.6,42344,low,0,36,36,15,,,computed-only,computed-only,16,0,0,0,15,0,0,,
42344,0xA568,鸢加藤忍衣　上衣,防具,身体,忍者防具,chest,921,alternate_source,4728,0x1278,chest,False,4,180,20,3,0,0x00000000,30,20,1/0,strengthened,9,15,16,0,16,1.6,42344,low,7,36,36,15,,,computed-only,computed-only,23,0,0,0,22,0,0,,
42344,0xA568,鸢加藤忍衣　上衣,防具,身体,忍者防具,chest,921,alternate_source,4728,0x1278,chest,False,4,180,20,3,0,0x00000000,30,20,2/0,thickened,9,15,16,4,20,2.0,42344,low,0,36,36,15,,,computed-only,computed-only,16,0,0,0,15,0,0,,
42344,0xA568,鸢加藤忍衣　上衣,防具,身体,忍者防具,chest,921,alternate_source,4728,0x1278,chest,False,4,180,20,3,0,0x00000000,30,20,1/1,extreme_strengthened,9,15,16,0,16,1.6,42344,low,15,36,36,15,,,computed-only,computed-only,31,0,0,0,30,0,0,,
42344,0xA568,鸢加藤忍衣　上衣,防具,身体,忍者防具,chest,921,alternate_source,4728,0x1278,chest,False,4,180,20,3,0,0x00000000,30,20,2/2,extreme_thickened,9,15,16,9,25,2.5,42344,low,0,36,36,15,,,computed-only,computed-only,16,0,0,0,15,0,0,,
42344,0xA568,鸢加藤忍衣　上衣,防具,身体,忍者防具,chest,921,alternate_source,4728,0x1278,chest,False,4,180,20,3,0,0x00000000,30,20,1/2,strengthened_plus_thickened,9,15,16,4,20,2.0,42344,low,7,36,36,15,,,computed-only,computed-only,23,0,0,0,22,0,0,,
42370,0xA582,怨灵面,防具,头部,忍者防具,head,1389,alternate_source,37269,0x9195,head,False,4,180,20,3,0,0x00000000,30,20,0/0,unmodified,9,15,16,0,16,1.6,42370,low,0,28,28,16,,,computed-only,computed-only,0,0,18,0,18,0,0,,
42370,0xA582,怨灵面,防具,头部,忍者防具,head,1389,alternate_source,37269,0x9195,head,False,4,180,20,3,0,0x00000000,30,20,1/0,strengthened,9,15,16,0,16,1.6,42370,low,7,28,28,16,,,computed-only,computed-only,0,0,25,0,25,0,0,,
42370,0xA582,怨灵面,防具,头部,忍者防具,head,1389,alternate_source,37269,0x9195,head,False,4,180,20,3,0,0x00000000,30,20,2/0,thickened,9,15,16,4,20,2.0,42370,low,0,28,28,16,,,computed-only,computed-only,0,0,18,0,18,0,0,,
42370,0xA582,怨灵面,防具,头部,忍者防具,head,1389,alternate_source,37269,0x9195,head,False,4,180,20,3,0,0x00000000,30,20,1/1,extreme_strengthened,9,15,16,0,16,1.6,42370,low,15,28,28,16,,,computed-only,computed-only,0,0,33,0,33,0,0,,
42370,0xA582,怨灵面,防具,头部,忍者防具,head,1389,alternate_source,37269,0x9195,head,False,4,180,20,3,0,0x00000000,30,20,2/2,extreme_thickened,9,15,16,9,25,2.5,42370,low,0,28,28,16,,,computed-only,computed-only,0,0,18,0,18,0,0,,
42370,0xA582,怨灵面,防具,头部,忍者防具,head,1389,alternate_source,37269,0x9195,head,False,4,180,20,3,0,0x00000000,30,20,1/2,strengthened_plus_thickened,9,15,16,4,20,2.0,42370,low,7,28,28,16,,,computed-only,computed-only,0,0,25,0,25,0,0,,
42396,0xA59C,九郎判官之铠　膝甲,防具,腿部,武士防具,legs,644,alternate_source,20047,0x4E4F,legs,False,4,180,20,3,0,0x00000000,30,20,0/0,unmodified,9,15,51,0,51,5.1,42396,low,0,47,47,16,,,computed-only,computed-only,12,0,0,12,0,0,0,,
42396,0xA59C,九郎判官之铠　膝甲,防具,腿部,武士防具,legs,644,alternate_source,20047,0x4E4F,legs,False,4,180,20,3,0,0x00000000,30,20,1/0,strengthened,9,15,51,0,51,5.1,42396,low,7,47,47,16,,,computed-only,computed-only,19,0,0,19,0,0,0,,
42396,0xA59C,九郎判官之铠　膝甲,防具,腿部,武士防具,legs,644,alternate_source,20047,0x4E4F,legs,False,4,180,20,3,0,0x00000000,30,20,2/0,thickened,9,15,51,4,55,5.5,42396,low,0,47,47,16,,,computed-only,computed-only,12,0,0,12,0,0,0,,
42396,0xA59C,九郎判官之铠　膝甲,防具,腿部,武士防具,legs,644,alternate_source,20047,0x4E4F,legs,False,4,180,20,3,0,0x00000000,30,20,1/1,extreme_strengthened,9,15,51,0,51,5.1,42396,low,15,47,47,16,,,computed-only,computed-only,27,0,0,27,0,0,0,,
42396,0xA59C,九郎判官之铠　膝甲,防具,腿部,武士防具,legs,644,alternate_source,20047,0x4E4F,legs,False,4,180,20,3,0,0x00000000,30,20,2/2,extreme_thickened,9,15,51,9,60,6.0,42396,low,0,47,47,16,,,computed-only,computed-only,12,0,0,12,0,0,0,,
42396,0xA59C,九郎判官之铠　膝甲,防具,腿部,武士防具,legs,644,alternate_source,20047,0x4E4F,legs,False,4,180,20,3,0,0x00000000,30,20,1/2,strengthened_plus_thickened,9,15,51,4,55,5.5,42396,low,7,47,47,16,,,computed-only,computed-only,19,0,0,19,0,0,0,,
42464,0xA5E0,平三之铠　膝甲,防具,腿部,忍者防具,legs,795,alternate_source,37141,0x9115,legs,False,4,180,20,3,0,0x00000000,30,20,0/0,unmodified,9,15,38,0,38,3.8,42464,low,0,74,74,16,,,computed-only,computed-only,0,0,17,0,11,0,0,,
42464,0xA5E0,平三之铠　膝甲,防具,腿部,忍者防具,legs,795,alternate_source,37141,0x9115,legs,False,4,180,20,3,0,0x00000000,30,20,1/0,strengthened,9,15,38,0,38,3.8,42464,low,7,74,74,16,,,computed-only,computed-only,0,0,24,0,18,0,0,,
42464,0xA5E0,平三之铠　膝甲,防具,腿部,忍者防具,legs,795,alternate_source,37141,0x9115,legs,False,4,180,20,3,0,0x00000000,30,20,2/0,thickened,9,15,38,4,42,4.2,42464,low,0,74,74,16,,,computed-only,computed-only,0,0,17,0,11,0,0,,
42464,0xA5E0,平三之铠　膝甲,防具,腿部,忍者防具,legs,795,alternate_source,37141,0x9115,legs,False,4,180,20,3,0,0x00000000,30,20,1/1,extreme_strengthened,9,15,38,0,38,3.8,42464,low,15,74,74,16,,,computed-only,computed-only,0,0,32,0,26,0,0,,
42464,0xA5E0,平三之铠　膝甲,防具,腿部,忍者防具,legs,795,alternate_source,37141,0x9115,legs,False,4,180,20,3,0,0x00000000,30,20,2/2,extreme_thickened,9,15,38,9,47,4.7,42464,low,0,74,74,16,,,computed-only,computed-only,0,0,17,0,11,0,0,,
42464,0xA5E0,平三之铠　膝甲,防具,腿部,忍者防具,legs,795,alternate_source,37141,0x9115,legs,False,4,180,20,3,0,0x00000000,30,20,1/2,strengthened_plus_thickened,9,15,38,4,42,4.2,42464,low,7,74,74,16,,,computed-only,computed-only,0,0,24,0,18,0,0,,
42722,0xA6E2,万两义贼之铠　膝甲,防具,腿部,忍者防具,legs,728,alternate_source,46504,0xB5A8,legs,False,4,180,20,3,0,0x00000000,30,20,0/0,unmodified,9,15,39,0,39,3.9,42722,low,0,74,74,16,,,computed-only,computed-only,0,0,21,0,15,0,0,,
42722,0xA6E2,万两义贼之铠　膝甲,防具,腿部,忍者防具,legs,728,alternate_source,46504,0xB5A8,legs,False,4,180,20,3,0,0x00000000,30,20,1/0,strengthened,9,15,39,0,39,3.9,42722,low,7,74,74,16,,,computed-only,computed-only,0,0,28,0,22,0,0,,
42722,0xA6E2,万两义贼之铠　膝甲,防具,腿部,忍者防具,legs,728,alternate_source,46504,0xB5A8,legs,False,4,180,20,3,0,0x00000000,30,20,2/0,thickened,9,15,39,4,43,4.3,42722,low,0,74,74,16,,,computed-only,computed-only,0,0,21,0,15,0,0,,
42722,0xA6E2,万两义贼之铠　膝甲,防具,腿部,忍者防具,legs,728,alternate_source,46504,0xB5A8,legs,False,4,180,20,3,0,0x00000000,30,20,1/1,extreme_strengthened,9,15,39,0,39,3.9,42722,low,15,74,74,16,,,computed-only,computed-only,0,0,36,0,30,0,0,,
42722,0xA6E2,万两义贼之铠　膝甲,防具,腿部,忍者防具,legs,728,alternate_source,46504,0xB5A8,legs,False,4,180,20,3,0,0x00000000,30,20,2/2,extreme_thickened,9,15,39,9,48,4.8,42722,low,0,74,74,16,,,computed-only,computed-only,0,0,21,0,15,0,0,,
42722,0xA6E2,万两义贼之铠　膝甲,防具,腿部,忍者防具,legs,728,alternate_source,46504,0xB5A8,legs,False,4,180,20,3,0,0x00000000,30,20,1/2,strengthened_plus_thickened,9,15,39,4,43,4.3,42722,low,7,74,74,16,,,computed-only,computed-only,0,0,28,0,22,0,0,,
42723,0xA6E3,蝾螺形盔,防具,头部,武士防具,head,1353,alternate_source,2028,0x07EC,head,False,4,180,20,3,0,0x00000000,30,20,0/0,unmodified,9,15,33,0,33,3.3,42723,low,0,31,31,16,,,computed-only,computed-only,5,0,0,5,0,0,0,,
42723,0xA6E3,蝾螺形盔,防具,头部,武士防具,head,1353,alternate_source,2028,0x07EC,head,False,4,180,20,3,0,0x00000000,30,20,1/0,strengthened,9,15,33,0,33,3.3,42723,low,7,31,31,16,,,computed-only,computed-only,12,0,0,12,0,0,0,,
42723,0xA6E3,蝾螺形盔,防具,头部,武士防具,head,1353,alternate_source,2028,0x07EC,head,False,4,180,20,3,0,0x00000000,30,20,2/0,thickened,9,15,33,4,37,3.7,42723,low,0,31,31,16,,,computed-only,computed-only,5,0,0,5,0,0,0,,
42723,0xA6E3,蝾螺形盔,防具,头部,武士防具,head,1353,alternate_source,2028,0x07EC,head,False,4,180,20,3,0,0x00000000,30,20,1/1,extreme_strengthened,9,15,33,0,33,3.3,42723,low,15,31,31,16,,,computed-only,computed-only,20,0,0,20,0,0,0,,
42723,0xA6E3,蝾螺形盔,防具,头部,武士防具,head,1353,alternate_source,2028,0x07EC,head,False,4,180,20,3,0,0x00000000,30,20,2/2,extreme_thickened,9,15,33,9,42,4.2,42723,low,0,31,31,16,,,computed-only,computed-only,5,0,0,5,0,0,0,,
42723,0xA6E3,蝾螺形盔,防具,头部,武士防具,head,1353,alternate_source,2028,0x07EC,head,False,4,180,20,3,0,0x00000000,30,20,1/2,strengthened_plus_thickened,9,15,33,4,37,3.7,42723,low,7,31,31,16,,,computed-only,computed-only,12,0,0,12,0,0,0,,
42784,0xA720,百万石之铠　臂甲,防具,手臂,武士防具,arms,1229,alternate_source,48333,0xBCCD,arms,False,4,180,20,3,0,0x00000000,30,20,0/0,unmodified,9,15,53,0,53,5.3,42784,low,0,50,50,17,,,computed-only,computed-only,22,0,0,0,23,0,0,,
42784,0xA720,百万石之铠　臂甲,防具,手臂,武士防具,arms,1229,alternate_source,48333,0xBCCD,arms,False,4,180,20,3,0,0x00000000,30,20,1/0,strengthened,9,15,53,0,53,5.3,42784,low,7,50,50,17,,,computed-only,computed-only,29,0,0,0,30,0,0,,
42784,0xA720,百万石之铠　臂甲,防具,手臂,武士防具,arms,1229,alternate_source,48333,0xBCCD,arms,False,4,180,20,3,0,0x00000000,30,20,2/0,thickened,9,15,53,4,57,5.7,42784,low,0,50,50,17,,,computed-only,computed-only,22,0,0,0,23,0,0,,
42784,0xA720,百万石之铠　臂甲,防具,手臂,武士防具,arms,1229,alternate_source,48333,0xBCCD,arms,False,4,180,20,3,0,0x00000000,30,20,1/1,extreme_strengthened,9,15,53,0,53,5.3,42784,low,15,50,50,17,,,computed-only,computed-only,37,0,0,0,38,0,0,,
42784,0xA720,百万石之铠　臂甲,防具,手臂,武士防具,arms,1229,alternate_source,48333,0xBCCD,arms,False,4,180,20,3,0,0x00000000,30,20,2/2,extreme_thickened,9,15,53,9,62,6.2,42784,low,0,50,50,17,,,computed-only,computed-only,22,0,0,0,23,0,0,,
42784,0xA720,百万石之铠　臂甲,防具,手臂,武士防具,arms,1229,alternate_source,48333,0xBCCD,arms,False,4,180,20,3,0,0x00000000,30,20,1/2,strengthened_plus_thickened,9,15,53,4,57,5.7,42784,low,7,50,50,17,,,computed-only,computed-only,29,0,0,0,30,0,0,,
43048,0xA828,,防具或饰品,,装备,chest,1278,alternate_source,41288,0xA148,chest,False,4,180,20,3,0,0x00000000,30,20,0/0,unmodified,9,15,68,0,68,6.8,43048,low,0,62,62,16,,,computed-only,computed-only,21,0,0,21,0,0,0,,
43048,0xA828,,防具或饰品,,装备,chest,1278,alternate_source,41288,0xA148,chest,False,4,180,20,3,0,0x00000000,30,20,1/0,strengthened,9,15,68,0,68,6.8,43048,low,7,62,62,16,,,computed-only,computed-only,28,0,0,28,0,0,0,,
43048,0xA828,,防具或饰品,,装备,chest,1278,alternate_source,41288,0xA148,chest,False,4,180,20,3,0,0x00000000,30,20,2/0,thickened,9,15,68,4,72,7.2,43048,low,0,62,62,16,,,computed-only,computed-only,21,0,0,21,0,0,0,,
43048,0xA828,,防具或饰品,,装备,chest,1278,alternate_source,41288,0xA148,chest,False,4,180,20,3,0,0x00000000,30,20,1/1,extreme_strengthened,9,15,68,0,68,6.8,43048,low,15,62,62,16,,,computed-only,computed-only,36,0,0,36,0,0,0,,
43048,0xA828,,防具或饰品,,装备,chest,1278,alternate_source,41288,0xA148,chest,False,4,180,20,3,0,0x00000000,30,20,2/2,extreme_thickened,9,15,68,9,77,7.7,43048,low,0,62,62,16,,,computed-only,computed-only,21,0,0,21,0,0,0,,
43048,0xA828,,防具或饰品,,装备,chest,1278,alternate_source,41288,0xA148,chest,False,4,180,20,3,0,0x00000000,30,20,1/2,strengthened_plus_thickened,9,15,68,4,72,7.2,43048,low,7,62,62,16,,,computed-only,computed-only,28,0,0,28,0,0,0,,
43087,0xA84F,道服裤裙,防具,腿部,武士防具,legs,862,standalone,43087,0xA84F,legs,False,4,180,20,3,0,0x00000000,30,20,0/0,unmodified,9,15,23,0,23,2.3,43087,low,0,12,12,15,,,computed-only,computed-only,5,0,0,0,5,0,0,,
43087,0xA84F,道服裤裙,防具,腿部,武士防具,legs,862,standalone,43087,0xA84F,legs,False,4,180,20,3,0,0x00000000,30,20,1/0,strengthened,9,15,23,0,23,2.3,43087,low,7,12,12,15,,,computed-only,computed-only,12,0,0,0,12,0,0,,
43087,0xA84F,道服裤裙,防具,腿部,武士防具,legs,862,standalone,43087,0xA84F,legs,False,4,180,20,3,0,0x00000000,30,20,2/0,thickened,9,15,23,4,27,2.7,43087,low,0,12,12,15,,,computed-only,computed-only,5,0,0,0,5,0,0,,
43087,0xA84F,道服裤裙,防具,腿部,武士防具,legs,862,standalone,43087,0xA84F,legs,False,4,180,20,3,0,0x00000000,30,20,1/1,extreme_strengthened,9,15,23,0,23,2.3,43087,low,15,12,12,15,,,computed-only,computed-only,20,0,0,0,20,0,0,,
43087,0xA84F,道服裤裙,防具,腿部,武士防具,legs,862,standalone,43087,0xA84F,legs,False,4,180,20,3,0,0x00000000,30,20,2/2,extreme_thickened,9,15,23,9,32,3.2,43087,low,0,12,12,15,,,computed-only,computed-only,5,0,0,0,5,0,0,,
43087,0xA84F,道服裤裙,防具,腿部,武士防具,legs,862,standalone,43087,0xA84F,legs,False,4,180,20,3,0,0x00000000,30,20,1/2,strengthened_plus_thickened,9,15,23,4,27,2.7,43087,low,7,12,12,15,,,computed-only,computed-only,12,0,0,0,12,0,0,,
43096,0xA858,,防具或饰品,,装备,legs,1266,alternate_source,13357,0x342D,legs,False,4,180,20,3,0,0x00000000,30,20,0/0,unmodified,9,15,21,0,21,2.1,43096,low,0,29,29,15,,,computed-only,computed-only,0,0,0,22,22,0,0,,
43096,0xA858,,防具或饰品,,装备,legs,1266,alternate_source,13357,0x342D,legs,False,4,180,20,3,0,0x00000000,30,20,1/0,strengthened,9,15,21,0,21,2.1,43096,low,7,29,29,15,,,computed-only,computed-only,0,0,0,29,29,0,0,,
43096,0xA858,,防具或饰品,,装备,legs,1266,alternate_source,13357,0x342D,legs,False,4,180,20,3,0,0x00000000,30,20,2/0,thickened,9,15,21,4,25,2.5,43096,low,0,29,29,15,,,computed-only,computed-only,0,0,0,22,22,0,0,,
43096,0xA858,,防具或饰品,,装备,legs,1266,alternate_source,13357,0x342D,legs,False,4,180,20,3,0,0x00000000,30,20,1/1,extreme_strengthened,9,15,21,0,21,2.1,43096,low,15,29,29,15,,,computed-only,computed-only,0,0,0,37,37,0,0,,
43096,0xA858,,防具或饰品,,装备,legs,1266,alternate_source,13357,0x342D,legs,False,4,180,20,3,0,0x00000000,30,20,2/2,extreme_thickened,9,15,21,9,30,3.0,43096,low,0,29,29,15,,,computed-only,computed-only,0,0,0,22,22,0,0,,
43096,0xA858,,防具或饰品,,装备,legs,1266,alternate_source,13357,0x342D,legs,False,4,180,20,3,0,0x00000000,30,20,1/2,strengthened_plus_thickened,9,15,21,4,25,2.5,43096,low,7,29,29,15,,,computed-only,computed-only,0,0,0,29,29,0,0,,
43454,0xA9BE,怨灵面,防具,头部,忍者防具,head,1354,alternate_source,37269,0x9195,head,False,4,180,20,3,0,0x00000000,30,20,0/0,unmodified,9,15,16,0,16,1.6,43454,low,0,28,28,16,,,computed-only,computed-only,0,0,18,0,18,0,0,,
43454,0xA9BE,怨灵面,防具,头部,忍者防具,head,1354,alternate_source,37269,0x9195,head,False,4,180,20,3,0,0x00000000,30,20,1/0,strengthened,9,15,16,0,16,1.6,43454,low,7,28,28,16,,,computed-only,computed-only,0,0,25,0,25,0,0,,
43454,0xA9BE,怨灵面,防具,头部,忍者防具,head,1354,alternate_source,37269,0x9195,head,False,4,180,20,3,0,0x00000000,30,20,2/0,thickened,9,15,16,4,20,2.0,43454,low,0,28,28,16,,,computed-only,computed-only,0,0,18,0,18,0,0,,
43454,0xA9BE,怨灵面,防具,头部,忍者防具,head,1354,alternate_source,37269,0x9195,head,False,4,180,20,3,0,0x00000000,30,20,1/1,extreme_strengthened,9,15,16,0,16,1.6,43454,low,15,28,28,16,,,computed-only,computed-only,0,0,33,0,33,0,0,,
43454,0xA9BE,怨灵面,防具,头部,忍者防具,head,1354,alternate_source,37269,0x9195,head,False,4,180,20,3,0,0x00000000,30,20,2/2,extreme_thickened,9,15,16,9,25,2.5,43454,low,0,28,28,16,,,computed-only,computed-only,0,0,18,0,18,0,0,,
43454,0xA9BE,怨灵面,防具,头部,忍者防具,head,1354,alternate_source,37269,0x9195,head,False,4,180,20,3,0,0x00000000,30,20,1/2,strengthened_plus_thickened,9,15,16,4,20,2.0,43454,low,7,28,28,16,,,computed-only,computed-only,0,0,25,0,25,0,0,,
43465,0xA9C9,冰狱忍者装束　臂甲,防具,手臂,忍者防具,arms,842,alternate_source,13877,0x3635,arms,False,4,180,20,3,0,0x00000000,30,20,0/0,unmodified,9,15,16,0,16,1.6,43465,low,0,28,28,16,,,computed-only,computed-only,5,0,0,5,0,0,0,,
43465,0xA9C9,冰狱忍者装束　臂甲,防具,手臂,忍者防具,arms,842,alternate_source,13877,0x3635,arms,False,4,180,20,3,0,0x00000000,30,20,1/0,strengthened,9,15,16,0,16,1.6,43465,low,7,28,28,16,,,computed-only,computed-only,12,0,0,12,0,0,0,,
43465,0xA9C9,冰狱忍者装束　臂甲,防具,手臂,忍者防具,arms,842,alternate_source,13877,0x3635,arms,False,4,180,20,3,0,0x00000000,30,20,2/0,thickened,9,15,16,4,20,2.0,43465,low,0,28,28,16,,,computed-only,computed-only,5,0,0,5,0,0,0,,
43465,0xA9C9,冰狱忍者装束　臂甲,防具,手臂,忍者防具,arms,842,alternate_source,13877,0x3635,arms,False,4,180,20,3,0,0x00000000,30,20,1/1,extreme_strengthened,9,15,16,0,16,1.6,43465,low,15,28,28,16,,,computed-only,computed-only,20,0,0,20,0,0,0,,
43465,0xA9C9,冰狱忍者装束　臂甲,防具,手臂,忍者防具,arms,842,alternate_source,13877,0x3635,arms,False,4,180,20,3,0,0x00000000,30,20,2/2,extreme_thickened,9,15,16,9,25,2.5,43465,low,0,28,28,16,,,computed-only,computed-only,5,0,0,5,0,0,0,,
43465,0xA9C9,冰狱忍者装束　臂甲,防具,手臂,忍者防具,arms,842,alternate_source,13877,0x3635,arms,False,4,180,20,3,0,0x00000000,30,20,1/2,strengthened_plus_thickened,9,15,16,4,20,2.0,43465,low,7,28,28,16,,,computed-only,computed-only,12,0,0,12,0,0,0,,
43526,0xAA06,射手装束　腿甲,防具,足部,忍者防具,feet,772,alternate_source,49723,0xC23B,feet,False,4,180,20,3,0,0x00000000,30,20,0/0,unmodified,9,15,18,0,18,1.8,43526,low,0,28,28,16,,,computed-only,computed-only,0,0,18,0,17,0,0,,
43526,0xAA06,射手装束　腿甲,防具,足部,忍者防具,feet,772,alternate_source,49723,0xC23B,feet,False,4,180,20,3,0,0x00000000,30,20,1/0,strengthened,9,15,18,0,18,1.8,43526,low,7,28,28,16,,,computed-only,computed-only,0,0,25,0,24,0,0,,
43526,0xAA06,射手装束　腿甲,防具,足部,忍者防具,feet,772,alternate_source,49723,0xC23B,feet,False,4,180,20,3,0,0x00000000,30,20,2/0,thickened,9,15,18,4,22,2.2,43526,low,0,28,28,16,,,computed-only,computed-only,0,0,18,0,17,0,0,,
43526,0xAA06,射手装束　腿甲,防具,足部,忍者防具,feet,772,alternate_source,49723,0xC23B,feet,False,4,180,20,3,0,0x00000000,30,20,1/1,extreme_strengthened,9,15,18,0,18,1.8,43526,low,15,28,28,16,,,computed-only,computed-only,0,0,33,0,32,0,0,,
43526,0xAA06,射手装束　腿甲,防具,足部,忍者防具,feet,772,alternate_source,49723,0xC23B,feet,False,4,180,20,3,0,0x00000000,30,20,2/2,extreme_thickened,9,15,18,9,27,2.7,43526,low,0,28,28,16,,,computed-only,computed-only,0,0,18,0,17,0,0,,
43526,0xAA06,射手装束　腿甲,防具,足部,忍者防具,feet,772,alternate_source,49723,0xC23B,feet,False,4,180,20,3,0,0x00000000,30,20,1/2,strengthened_plus_thickened,9,15,18,4,22,2.2,43526,low,7,28,28,16,,,computed-only,computed-only,0,0,25,0,24,0,0,,
43657,0xAA89,世嗣忍者装束　护额,防具,头部,忍者防具,head,612,alternate_source,12081,0x2F31,head,False,4,180,20,3,0,0x00000000,30,20,0/0,unmodified,9,15,6,0,6,0.6,43657,low,0,18,18,15,,,computed-only,computed-only,5,0,0,0,5,0,0,,
43657,0xAA89,世嗣忍者装束　护额,防具,头部,忍者防具,head,612,alternate_source,12081,0x2F31,head,False,4,180,20,3,0,0x00000000,30,20,1/0,strengthened,9,15,6,0,6,0.6,43657,low,7,18,18,15,,,computed-only,computed-only,12,0,0,0,12,0,0,,
43657,0xAA89,世嗣忍者装束　护额,防具,头部,忍者防具,head,612,alternate_source,12081,0x2F31,head,False,4,180,20,3,0,0x00000000,30,20,2/0,thickened,9,15,6,4,10,1.0,43657,low,0,18,18,15,,,computed-only,computed-only,5,0,0,0,5,0,0,,
43657,0xAA89,世嗣忍者装束　护额,防具,头部,忍者防具,head,612,alternate_source,12081,0x2F31,head,False,4,180,20,3,0,0x00000000,30,20,1/1,extreme_strengthened,9,15,6,0,6,0.6,43657,low,15,18,18,15,,,computed-only,computed-only,20,0,0,0,20,0,0,,
43657,0xAA89,世嗣忍者装束　护额,防具,头部,忍者防具,head,612,alternate_source,12081,0x2F31,head,False,4,180,20,3,0,0x00000000,30,20,2/2,extreme_thickened,9,15,6,9,15,1.5,43657,low,0,18,18,15,,,computed-only,computed-only,5,0,0,0,5,0,0,,
43657,0xAA89,世嗣忍者装束　护额,防具,头部,忍者防具,head,612,alternate_source,12081,0x2F31,head,False,4,180,20,3,0,0x00000000,30,20,1/2,strengthened_plus_thickened,9,15,6,4,10,1.0,43657,low,7,18,18,15,,,computed-only,computed-only,12,0,0,0,12,0,0,,
43668,0xAA94,百战武者中铠　头盔,防具,头部,武士防具,head,1044,alternate_source,65053,0xFE1D,head,False,4,180,20,3,0,0x00000000,30,20,0/0,unmodified,9,15,39,0,39,3.9,43668,low,0,31,31,16,,,computed-only,computed-only,16,0,0,12,0,0,0,,
43668,0xAA94,百战武者中铠　头盔,防具,头部,武士防具,head,1044,alternate_source,65053,0xFE1D,head,False,4,180,20,3,0,0x00000000,30,20,1/0,strengthened,9,15,39,0,39,3.9,43668,low,7,31,31,16,,,computed-only,computed-only,23,0,0,19,0,0,0,,
43668,0xAA94,百战武者中铠　头盔,防具,头部,武士防具,head,1044,alternate_source,65053,0xFE1D,head,False,4,180,20,3,0,0x00000000,30,20,2/0,thickened,9,15,39,4,43,4.3,43668,low,0,31,31,16,,,computed-only,computed-only,16,0,0,12,0,0,0,,
43668,0xAA94,百战武者中铠　头盔,防具,头部,武士防具,head,1044,alternate_source,65053,0xFE1D,head,False,4,180,20,3,0,0x00000000,30,20,1/1,extreme_strengthened,9,15,39,0,39,3.9,43668,low,15,31,31,16,,,computed-only,computed-only,31,0,0,27,0,0,0,,
43668,0xAA94,百战武者中铠　头盔,防具,头部,武士防具,head,1044,alternate_source,65053,0xFE1D,head,False,4,180,20,3,0,0x00000000,30,20,2/2,extreme_thickened,9,15,39,9,48,4.8,43668,low,0,31,31,16,,,computed-only,computed-only,16,0,0,12,0,0,0,,
43668,0xAA94,百战武者中铠　头盔,防具,头部,武士防具,head,1044,alternate_source,65053,0xFE1D,head,False,4,180,20,3,0,0x00000000,30,20,1/2,strengthened_plus_thickened,9,15,39,4,43,4.3,43668,low,7,31,31,16,,,computed-only,computed-only,23,0,0,19,0,0,0,,
43843,0xAB43,伊贺上忍装束　膝甲,防具,腿部,忍者防具,legs,928,alternate_source,7238,0x1C46,legs,False,4,180,20,3,0,0x00000000,30,20,0/0,unmodified,9,15,11,0,11,1.1,43843,low,0,27,27,15,,,computed-only,computed-only,8,0,0,0,9,0,0,,
43843,0xAB43,伊贺上忍装束　膝甲,防具,腿部,忍者防具,legs,928,alternate_source,7238,0x1C46,legs,False,4,180,20,3,0,0x00000000,30,20,1/0,strengthened,9,15,11,0,11,1.1,43843,low,7,27,27,15,,,computed-only,computed-only,15,0,0,0,16,0,0,,
43843,0xAB43,伊贺上忍装束　膝甲,防具,腿部,忍者防具,legs,928,alternate_source,7238,0x1C46,legs,False,4,180,20,3,0,0x00000000,30,20,2/0,thickened,9,15,11,4,15,1.5,43843,low,0,27,27,15,,,computed-only,computed-only,8,0,0,0,9,0,0,,
43843,0xAB43,伊贺上忍装束　膝甲,防具,腿部,忍者防具,legs,928,alternate_source,7238,0x1C46,legs,False,4,180,20,3,0,0x00000000,30,20,1/1,extreme_strengthened,9,15,11,0,11,1.1,43843,low,15,27,27,15,,,computed-only,computed-only,23,0,0,0,24,0,0,,
43843,0xAB43,伊贺上忍装束　膝甲,防具,腿部,忍者防具,legs,928,alternate_source,7238,0x1C46,legs,False,4,180,20,3,0,0x00000000,30,20,2/2,extreme_thickened,9,15,11,9,20,2.0,43843,low,0,27,27,15,,,computed-only,computed-only,8,0,0,0,9,0,0,,
43843,0xAB43,伊贺上忍装束　膝甲,防具,腿部,忍者防具,legs,928,alternate_source,7238,0x1C46,legs,False,4,180,20,3,0,0x00000000,30,20,1/2,strengthened_plus_thickened,9,15,11,4,15,1.5,43843,low,7,27,27,15,,,computed-only,computed-only,15,0,0,0,16,0,0,,
43893,0xAB75,游历剑士装束　袖套,防具,手臂,武士防具,arms,784,alternate_source,64438,0xFBB6,arms,False,4,180,20,3,0,0x00000000,30,20,0/0,unmodified,9,15,15,0,15,1.5,43893,low,0,19,19,15,,,computed-only,computed-only,6,0,0,0,8,0,0,,
43893,0xAB75,游历剑士装束　袖套,防具,手臂,武士防具,arms,784,alternate_source,64438,0xFBB6,arms,False,4,180,20,3,0,0x00000000,30,20,1/0,strengthened,9,15,15,0,15,1.5,43893,low,7,19,19,15,,,computed-only,computed-only,13,0,0,0,15,0,0,,
43893,0xAB75,游历剑士装束　袖套,防具,手臂,武士防具,arms,784,alternate_source,64438,0xFBB6,arms,False,4,180,20,3,0,0x00000000,30,20,2/0,thickened,9,15,15,4,19,1.9,43893,low,0,19,19,15,,,computed-only,computed-only,6,0,0,0,8,0,0,,
43893,0xAB75,游历剑士装束　袖套,防具,手臂,武士防具,arms,784,alternate_source,64438,0xFBB6,arms,False,4,180,20,3,0,0x00000000,30,20,1/1,extreme_strengthened,9,15,15,0,15,1.5,43893,low,15,19,19,15,,,computed-only,computed-only,21,0,0,0,23,0,0,,
43893,0xAB75,游历剑士装束　袖套,防具,手臂,武士防具,arms,784,alternate_source,64438,0xFBB6,arms,False,4,180,20,3,0,0x00000000,30,20,2/2,extreme_thickened,9,15,15,9,24,2.4,43893,low,0,19,19,15,,,computed-only,computed-only,6,0,0,0,8,0,0,,
43893,0xAB75,游历剑士装束　袖套,防具,手臂,武士防具,arms,784,alternate_source,64438,0xFBB6,arms,False,4,180,20,3,0,0x00000000,30,20,1/2,strengthened_plus_thickened,9,15,15,4,19,1.9,43893,low,7,19,19,15,,,computed-only,computed-only,13,0,0,0,15,0,0,,
43906,0xAB82,燕尾中铠　头盔,防具,头部,武士防具,head,1029,alternate_source,65053,0xFE1D,head,False,4,180,20,3,0,0x00000000,30,20,0/0,unmodified,9,15,39,0,39,3.9,43906,low,0,31,31,16,,,computed-only,computed-only,11,0,0,13,0,0,0,,
43906,0xAB82,燕尾中铠　头盔,防具,头部,武士防具,head,1029,alternate_source,65053,0xFE1D,head,False,4,180,20,3,0,0x00000000,30,20,1/0,strengthened,9,15,39,0,39,3.9,43906,low,7,31,31,16,,,computed-only,computed-only,18,0,0,20,0,0,0,,
43906,0xAB82,燕尾中铠　头盔,防具,头部,武士防具,head,1029,alternate_source,65053,0xFE1D,head,False,4,180,20,3,0,0x00000000,30,20,2/0,thickened,9,15,39,4,43,4.3,43906,low,0,31,31,16,,,computed-only,computed-only,11,0,0,13,0,0,0,,
43906,0xAB82,燕尾中铠　头盔,防具,头部,武士防具,head,1029,alternate_source,65053,0xFE1D,head,False,4,180,20,3,0,0x00000000,30,20,1/1,extreme_strengthened,9,15,39,0,39,3.9,43906,low,15,31,31,16,,,computed-only,computed-only,26,0,0,28,0,0,0,,
43906,0xAB82,燕尾中铠　头盔,防具,头部,武士防具,head,1029,alternate_source,65053,0xFE1D,head,False,4,180,20,3,0,0x00000000,30,20,2/2,extreme_thickened,9,15,39,9,48,4.8,43906,low,0,31,31,16,,,computed-only,computed-only,11,0,0,13,0,0,0,,
43906,0xAB82,燕尾中铠　头盔,防具,头部,武士防具,head,1029,alternate_source,65053,0xFE1D,head,False,4,180,20,3,0,0x00000000,30,20,1/2,strengthened_plus_thickened,9,15,39,4,43,4.3,43906,low,7,31,31,16,,,computed-only,computed-only,18,0,0,20,0,0,0,,
43945,0xABA9,威光中铠　胸甲,防具,身体,武士防具,chest,739,alternate_source,36419,0x8E43,chest,False,4,180,20,3,0,0x00000000,30,20,0/0,unmodified,9,15,80,0,80,8.0,43945,low,0,62,62,16,,,computed-only,computed-only,16,0,0,15,0,0,0,,
43945,0xABA9,威光中铠　胸甲,防具,身体,武士防具,chest,739,alternate_source,36419,0x8E43,chest,False,4,180,20,3,0,0x00000000,30,20,1/0,strengthened,9,15,80,0,80,8.0,43945,low,7,62,62,16,,,computed-only,computed-only,23,0,0,22,0,0,0,,
43945,0xABA9,威光中铠　胸甲,防具,身体,武士防具,chest,739,alternate_source,36419,0x8E43,chest,False,4,180,20,3,0,0x00000000,30,20,2/0,thickened,9,15,80,4,84,8.4,43945,low,0,62,62,16,,,computed-only,computed-only,16,0,0,15,0,0,0,,
43945,0xABA9,威光中铠　胸甲,防具,身体,武士防具,chest,739,alternate_source,36419,0x8E43,chest,False,4,180,20,3,0,0x00000000,30,20,1/1,extreme_strengthened,9,15,80,0,80,8.0,43945,low,15,62,62,16,,,computed-only,computed-only,31,0,0,30,0,0,0,,
43945,0xABA9,威光中铠　胸甲,防具,身体,武士防具,chest,739,alternate_source,36419,0x8E43,chest,False,4,180,20,3,0,0x00000000,30,20,2/2,extreme_thickened,9,15,80,9,89,8.9,43945,low,0,62,62,16,,,computed-only,computed-only,16,0,0,15,0,0,0,,
43945,0xABA9,威光中铠　胸甲,防具,身体,武士防具,chest,739,alternate_source,36419,0x8E43,chest,False,4,180,20,3,0,0x00000000,30,20,1/2,strengthened_plus_thickened,9,15,80,4,84,8.4,43945,low,7,62,62,16,,,computed-only,computed-only,23,0,0,22,0,0,0,,
43978,0xABCA,善擦帽子,防具,头部,忍者防具,head,1380,alternate_source,37269,0x9195,head,False,4,180,20,3,0,0x00000000,30,20,0/0,unmodified,9,15,16,0,16,1.6,43978,low,0,28,28,16,,,computed-only,computed-only,0,0,5,0,5,0,0,,
43978,0xABCA,善擦帽子,防具,头部,忍者防具,head,1380,alternate_source,37269,0x9195,head,False,4,180,20,3,0,0x00000000,30,20,1/0,strengthened,9,15,16,0,16,1.6,43978,low,7,28,28,16,,,computed-only,computed-only,0,0,12,0,12,0,0,,
43978,0xABCA,善擦帽子,防具,头部,忍者防具,head,1380,alternate_source,37269,0x9195,head,False,4,180,20,3,0,0x00000000,30,20,2/0,thickened,9,15,16,4,20,2.0,43978,low,0,28,28,16,,,computed-only,computed-only,0,0,5,0,5,0,0,,
43978,0xABCA,善擦帽子,防具,头部,忍者防具,head,1380,alternate_source,37269,0x9195,head,False,4,180,20,3,0,0x00000000,30,20,1/1,extreme_strengthened,9,15,16,0,16,1.6,43978,low,15,28,28,16,,,computed-only,computed-only,0,0,20,0,20,0,0,,
43978,0xABCA,善擦帽子,防具,头部,忍者防具,head,1380,alternate_source,37269,0x9195,head,False,4,180,20,3,0,0x00000000,30,20,2/2,extreme_thickened,9,15,16,9,25,2.5,43978,low,0,28,28,16,,,computed-only,computed-only,0,0,5,0,5,0,0,,
43978,0xABCA,善擦帽子,防具,头部,忍者防具,head,1380,alternate_source,37269,0x9195,head,False,4,180,20,3,0,0x00000000,30,20,1/2,strengthened_plus_thickened,9,15,16,4,20,2.0,43978,low,7,28,28,16,,,computed-only,computed-only,0,0,12,0,12,0,0,,
44108,0xAC4C,御庭番忍者装束　护额,防具,头部,忍者防具,head,743,alternate_source,35948,0x8C6C,head,False,4,180,20,3,0,0x00000000,30,20,0/0,unmodified,9,15,8,0,8,0.8,44108,low,0,18,18,15,,,computed-only,computed-only,14,0,0,0,15,0,0,,
44108,0xAC4C,御庭番忍者装束　护额,防具,头部,忍者防具,head,743,alternate_source,35948,0x8C6C,head,False,4,180,20,3,0,0x00000000,30,20,1/0,strengthened,9,15,8,0,8,0.8,44108,low,7,18,18,15,,,computed-only,computed-only,21,0,0,0,22,0,0,,
44108,0xAC4C,御庭番忍者装束　护额,防具,头部,忍者防具,head,743,alternate_source,35948,0x8C6C,head,False,4,180,20,3,0,0x00000000,30,20,2/0,thickened,9,15,8,4,12,1.2,44108,low,0,18,18,15,,,computed-only,computed-only,14,0,0,0,15,0,0,,
44108,0xAC4C,御庭番忍者装束　护额,防具,头部,忍者防具,head,743,alternate_source,35948,0x8C6C,head,False,4,180,20,3,0,0x00000000,30,20,1/1,extreme_strengthened,9,15,8,0,8,0.8,44108,low,15,18,18,15,,,computed-only,computed-only,29,0,0,0,30,0,0,,
44108,0xAC4C,御庭番忍者装束　护额,防具,头部,忍者防具,head,743,alternate_source,35948,0x8C6C,head,False,4,180,20,3,0,0x00000000,30,20,2/2,extreme_thickened,9,15,8,9,17,1.7,44108,low,0,18,18,15,,,computed-only,computed-only,14,0,0,0,15,0,0,,
44108,0xAC4C,御庭番忍者装束　护额,防具,头部,忍者防具,head,743,alternate_source,35948,0x8C6C,head,False,4,180,20,3,0,0x00000000,30,20,1/2,strengthened_plus_thickened,9,15,8,4,12,1.2,44108,low,7,18,18,15,,,computed-only,computed-only,21,0,0,0,22,0,0,,
44124,0xAC5C,善擦帽子,防具,头部,忍者防具,head,1379,alternate_source,37269,0x9195,head,False,4,180,20,3,0,0x00000000,30,20,0/0,unmodified,9,15,16,0,16,1.6,44124,low,0,28,28,16,,,computed-only,computed-only,0,0,5,0,5,0,0,,
44124,0xAC5C,善擦帽子,防具,头部,忍者防具,head,1379,alternate_source,37269,0x9195,head,False,4,180,20,3,0,0x00000000,30,20,1/0,strengthened,9,15,16,0,16,1.6,44124,low,7,28,28,16,,,computed-only,computed-only,0,0,12,0,12,0,0,,
44124,0xAC5C,善擦帽子,防具,头部,忍者防具,head,1379,alternate_source,37269,0x9195,head,False,4,180,20,3,0,0x00000000,30,20,2/0,thickened,9,15,16,4,20,2.0,44124,low,0,28,28,16,,,computed-only,computed-only,0,0,5,0,5,0,0,,
44124,0xAC5C,善擦帽子,防具,头部,忍者防具,head,1379,alternate_source,37269,0x9195,head,False,4,180,20,3,0,0x00000000,30,20,1/1,extreme_strengthened,9,15,16,0,16,1.6,44124,low,15,28,28,16,,,computed-only,computed-only,0,0,20,0,20,0,0,,
44124,0xAC5C,善擦帽子,防具,头部,忍者防具,head,1379,alternate_source,37269,0x9195,head,False,4,180,20,3,0,0x00000000,30,20,2/2,extreme_thickened,9,15,16,9,25,2.5,44124,low,0,28,28,16,,,computed-only,computed-only,0,0,5,0,5,0,0,,
44124,0xAC5C,善擦帽子,防具,头部,忍者防具,head,1379,alternate_source,37269,0x9195,head,False,4,180,20,3,0,0x00000000,30,20,1/2,strengthened_plus_thickened,9,15,16,4,20,2.0,44124,low,7,28,28,16,,,computed-only,computed-only,0,0,12,0,12,0,0,,
44206,0xACAE,不请自来者之铠　阵笠,防具,头部,武士防具,head,865,alternate_source,24733,0x609D,head,False,4,180,20,3,0,0x00000000,30,20,0/0,unmodified,9,15,15,0,15,1.5,44206,low,0,19,19,15,,,computed-only,computed-only,5,0,0,0,6,0,0,,
44206,0xACAE,不请自来者之铠　阵笠,防具,头部,武士防具,head,865,alternate_source,24733,0x609D,head,False,4,180,20,3,0,0x00000000,30,20,1/0,strengthened,9,15,15,0,15,1.5,44206,low,7,19,19,15,,,computed-only,computed-only,12,0,0,0,13,0,0,,
44206,0xACAE,不请自来者之铠　阵笠,防具,头部,武士防具,head,865,alternate_source,24733,0x609D,head,False,4,180,20,3,0,0x00000000,30,20,2/0,thickened,9,15,15,4,19,1.9,44206,low,0,19,19,15,,,computed-only,computed-only,5,0,0,0,6,0,0,,
44206,0xACAE,不请自来者之铠　阵笠,防具,头部,武士防具,head,865,alternate_source,24733,0x609D,head,False,4,180,20,3,0,0x00000000,30,20,1/1,extreme_strengthened,9,15,15,0,15,1.5,44206,low,15,19,19,15,,,computed-only,computed-only,20,0,0,0,21,0,0,,
44206,0xACAE,不请自来者之铠　阵笠,防具,头部,武士防具,head,865,alternate_source,24733,0x609D,head,False,4,180,20,3,0,0x00000000,30,20,2/2,extreme_thickened,9,15,15,9,24,2.4,44206,low,0,19,19,15,,,computed-only,computed-only,5,0,0,0,6,0,0,,
44206,0xACAE,不请自来者之铠　阵笠,防具,头部,武士防具,head,865,alternate_source,24733,0x609D,head,False,4,180,20,3,0,0x00000000,30,20,1/2,strengthened_plus_thickened,9,15,15,4,19,1.9,44206,low,7,19,19,15,,,computed-only,computed-only,12,0,0,0,13,0,0,,
44213,0xACB5,幕府军装束　绑腿,防具,足部,忍者防具,feet,669,alternate_source,24404,0x5F54,feet,False,4,180,20,3,0,0x00000000,30,20,0/0,unmodified,9,15,8,0,8,0.8,44213,low,0,18,18,15,,,computed-only,computed-only,16,0,0,0,16,0,0,,
44213,0xACB5,幕府军装束　绑腿,防具,足部,忍者防具,feet,669,alternate_source,24404,0x5F54,feet,False,4,180,20,3,0,0x00000000,30,20,1/0,strengthened,9,15,8,0,8,0.8,44213,low,7,18,18,15,,,computed-only,computed-only,23,0,0,0,23,0,0,,
44213,0xACB5,幕府军装束　绑腿,防具,足部,忍者防具,feet,669,alternate_source,24404,0x5F54,feet,False,4,180,20,3,0,0x00000000,30,20,2/0,thickened,9,15,8,4,12,1.2,44213,low,0,18,18,15,,,computed-only,computed-only,16,0,0,0,16,0,0,,
44213,0xACB5,幕府军装束　绑腿,防具,足部,忍者防具,feet,669,alternate_source,24404,0x5F54,feet,False,4,180,20,3,0,0x00000000,30,20,1/1,extreme_strengthened,9,15,8,0,8,0.8,44213,low,15,18,18,15,,,computed-only,computed-only,31,0,0,0,31,0,0,,
44213,0xACB5,幕府军装束　绑腿,防具,足部,忍者防具,feet,669,alternate_source,24404,0x5F54,feet,False,4,180,20,3,0,0x00000000,30,20,2/2,extreme_thickened,9,15,8,9,17,1.7,44213,low,0,18,18,15,,,computed-only,computed-only,16,0,0,0,16,0,0,,
44213,0xACB5,幕府军装束　绑腿,防具,足部,忍者防具,feet,669,alternate_source,24404,0x5F54,feet,False,4,180,20,3,0,0x00000000,30,20,1/2,strengthened_plus_thickened,9,15,8,4,12,1.2,44213,low,7,18,18,15,,,computed-only,computed-only,23,0,0,0,23,0,0,,
44300,0xAD0C,弘法大师僧衣　绑腿,防具,足部,忍者防具,feet,939,alternate_source,49723,0xC23B,feet,False,4,180,20,3,0,0x00000000,30,20,0/0,unmodified,9,15,18,0,18,1.8,44300,low,0,28,28,16,,,computed-only,computed-only,0,0,18,0,12,0,0,,
44300,0xAD0C,弘法大师僧衣　绑腿,防具,足部,忍者防具,feet,939,alternate_source,49723,0xC23B,feet,False,4,180,20,3,0,0x00000000,30,20,1/0,strengthened,9,15,18,0,18,1.8,44300,low,7,28,28,16,,,computed-only,computed-only,0,0,25,0,19,0,0,,
44300,0xAD0C,弘法大师僧衣　绑腿,防具,足部,忍者防具,feet,939,alternate_source,49723,0xC23B,feet,False,4,180,20,3,0,0x00000000,30,20,2/0,thickened,9,15,18,4,22,2.2,44300,low,0,28,28,16,,,computed-only,computed-only,0,0,18,0,12,0,0,,
44300,0xAD0C,弘法大师僧衣　绑腿,防具,足部,忍者防具,feet,939,alternate_source,49723,0xC23B,feet,False,4,180,20,3,0,0x00000000,30,20,1/1,extreme_strengthened,9,15,18,0,18,1.8,44300,low,15,28,28,16,,,computed-only,computed-only,0,0,33,0,27,0,0,,
44300,0xAD0C,弘法大师僧衣　绑腿,防具,足部,忍者防具,feet,939,alternate_source,49723,0xC23B,feet,False,4,180,20,3,0,0x00000000,30,20,2/2,extreme_thickened,9,15,18,9,27,2.7,44300,low,0,28,28,16,,,computed-only,computed-only,0,0,18,0,12,0,0,,
44300,0xAD0C,弘法大师僧衣　绑腿,防具,足部,忍者防具,feet,939,alternate_source,49723,0xC23B,feet,False,4,180,20,3,0,0x00000000,30,20,1/2,strengthened_plus_thickened,9,15,18,4,22,2.2,44300,low,7,28,28,16,,,computed-only,computed-only,0,0,25,0,19,0,0,,
44351,0xAD3F,修理亮之铠　臂甲,防具,手臂,武士防具,arms,710,alternate_source,9394,0x24B2,arms,False,4,180,20,3,0,0x00000000,30,20,0/0,unmodified,9,15,49,0,49,4.9,44351,low,0,50,50,17,,,computed-only,computed-only,0,0,9,8,0,0,0,,
44351,0xAD3F,修理亮之铠　臂甲,防具,手臂,武士防具,arms,710,alternate_source,9394,0x24B2,arms,False,4,180,20,3,0,0x00000000,30,20,1/0,strengthened,9,15,49,0,49,4.9,44351,low,7,50,50,17,,,computed-only,computed-only,0,0,16,15,0,0,0,,
44351,0xAD3F,修理亮之铠　臂甲,防具,手臂,武士防具,arms,710,alternate_source,9394,0x24B2,arms,False,4,180,20,3,0,0x00000000,30,20,2/0,thickened,9,15,49,4,53,5.3,44351,low,0,50,50,17,,,computed-only,computed-only,0,0,9,8,0,0,0,,
44351,0xAD3F,修理亮之铠　臂甲,防具,手臂,武士防具,arms,710,alternate_source,9394,0x24B2,arms,False,4,180,20,3,0,0x00000000,30,20,1/1,extreme_strengthened,9,15,49,0,49,4.9,44351,low,15,50,50,17,,,computed-only,computed-only,0,0,24,23,0,0,0,,
44351,0xAD3F,修理亮之铠　臂甲,防具,手臂,武士防具,arms,710,alternate_source,9394,0x24B2,arms,False,4,180,20,3,0,0x00000000,30,20,2/2,extreme_thickened,9,15,49,9,58,5.8,44351,low,0,50,50,17,,,computed-only,computed-only,0,0,9,8,0,0,0,,
44351,0xAD3F,修理亮之铠　臂甲,防具,手臂,武士防具,arms,710,alternate_source,9394,0x24B2,arms,False,4,180,20,3,0,0x00000000,30,20,1/2,strengthened_plus_thickened,9,15,49,4,53,5.3,44351,low,7,50,50,17,,,computed-only,computed-only,0,0,16,15,0,0,0,,
44476,0xADBC,三者忍者装束　裤裙,防具,腿部,忍者防具,legs,756,alternate_source,52862,0xCE7E,legs,False,4,180,20,3,0,0x00000000,30,20,0/0,unmodified,9,15,27,0,27,2.7,44476,low,0,42,42,16,,,computed-only,computed-only,0,0,9,0,8,0,0,,
44476,0xADBC,三者忍者装束　裤裙,防具,腿部,忍者防具,legs,756,alternate_source,52862,0xCE7E,legs,False,4,180,20,3,0,0x00000000,30,20,1/0,strengthened,9,15,27,0,27,2.7,44476,low,7,42,42,16,,,computed-only,computed-only,0,0,16,0,15,0,0,,
44476,0xADBC,三者忍者装束　裤裙,防具,腿部,忍者防具,legs,756,alternate_source,52862,0xCE7E,legs,False,4,180,20,3,0,0x00000000,30,20,2/0,thickened,9,15,27,4,31,3.1,44476,low,0,42,42,16,,,computed-only,computed-only,0,0,9,0,8,0,0,,
44476,0xADBC,三者忍者装束　裤裙,防具,腿部,忍者防具,legs,756,alternate_source,52862,0xCE7E,legs,False,4,180,20,3,0,0x00000000,30,20,1/1,extreme_strengthened,9,15,27,0,27,2.7,44476,low,15,42,42,16,,,computed-only,computed-only,0,0,24,0,23,0,0,,
44476,0xADBC,三者忍者装束　裤裙,防具,腿部,忍者防具,legs,756,alternate_source,52862,0xCE7E,legs,False,4,180,20,3,0,0x00000000,30,20,2/2,extreme_thickened,9,15,27,9,36,3.6,44476,low,0,42,42,16,,,computed-only,computed-only,0,0,9,0,8,0,0,,
44476,0xADBC,三者忍者装束　裤裙,防具,腿部,忍者防具,legs,756,alternate_source,52862,0xCE7E,legs,False,4,180,20,3,0,0x00000000,30,20,1/2,strengthened_plus_thickened,9,15,27,4,31,3.1,44476,low,7,42,42,16,,,computed-only,computed-only,0,0,16,0,15,0,0,,
44502,0xADD6,宫司净衣　裤裙,防具,腿部,忍者防具,legs,918,alternate_source,5030,0x13A6,legs,False,4,180,20,3,0,0x00000000,30,20,0/0,unmodified,9,15,12,0,12,1.2,44502,low,0,27,27,15,,,computed-only,computed-only,14,0,0,0,13,0,0,,
44502,0xADD6,宫司净衣　裤裙,防具,腿部,忍者防具,legs,918,alternate_source,5030,0x13A6,legs,False,4,180,20,3,0,0x00000000,30,20,1/0,strengthened,9,15,12,0,12,1.2,44502,low,7,27,27,15,,,computed-only,computed-only,21,0,0,0,20,0,0,,
44502,0xADD6,宫司净衣　裤裙,防具,腿部,忍者防具,legs,918,alternate_source,5030,0x13A6,legs,False,4,180,20,3,0,0x00000000,30,20,2/0,thickened,9,15,12,4,16,1.6,44502,low,0,27,27,15,,,computed-only,computed-only,14,0,0,0,13,0,0,,
44502,0xADD6,宫司净衣　裤裙,防具,腿部,忍者防具,legs,918,alternate_source,5030,0x13A6,legs,False,4,180,20,3,0,0x00000000,30,20,1/1,extreme_strengthened,9,15,12,0,12,1.2,44502,low,15,27,27,15,,,computed-only,computed-only,29,0,0,0,28,0,0,,
44502,0xADD6,宫司净衣　裤裙,防具,腿部,忍者防具,legs,918,alternate_source,5030,0x13A6,legs,False,4,180,20,3,0,0x00000000,30,20,2/2,extreme_thickened,9,15,12,9,21,2.1,44502,low,0,27,27,15,,,computed-only,computed-only,14,0,0,0,13,0,0,,
44502,0xADD6,宫司净衣　裤裙,防具,腿部,忍者防具,legs,918,alternate_source,5030,0x13A6,legs,False,4,180,20,3,0,0x00000000,30,20,1/2,strengthened_plus_thickened,9,15,12,4,16,1.6,44502,low,7,27,27,15,,,computed-only,computed-only,21,0,0,0,20,0,0,,
44527,0xADEF,炎狱武者之铠　臂甲,防具,手臂,武士防具,arms,827,alternate_source,58324,0xE3D4,arms,False,4,180,20,3,0,0x00000000,30,20,0/0,unmodified,9,15,34,0,34,3.4,44527,low,0,31,31,16,,,computed-only,computed-only,5,0,0,5,0,0,0,,
44527,0xADEF,炎狱武者之铠　臂甲,防具,手臂,武士防具,arms,827,alternate_source,58324,0xE3D4,arms,False,4,180,20,3,0,0x00000000,30,20,1/0,strengthened,9,15,34,0,34,3.4,44527,low,7,31,31,16,,,computed-only,computed-only,12,0,0,12,0,0,0,,
44527,0xADEF,炎狱武者之铠　臂甲,防具,手臂,武士防具,arms,827,alternate_source,58324,0xE3D4,arms,False,4,180,20,3,0,0x00000000,30,20,2/0,thickened,9,15,34,4,38,3.8,44527,low,0,31,31,16,,,computed-only,computed-only,5,0,0,5,0,0,0,,
44527,0xADEF,炎狱武者之铠　臂甲,防具,手臂,武士防具,arms,827,alternate_source,58324,0xE3D4,arms,False,4,180,20,3,0,0x00000000,30,20,1/1,extreme_strengthened,9,15,34,0,34,3.4,44527,low,15,31,31,16,,,computed-only,computed-only,20,0,0,20,0,0,0,,
44527,0xADEF,炎狱武者之铠　臂甲,防具,手臂,武士防具,arms,827,alternate_source,58324,0xE3D4,arms,False,4,180,20,3,0,0x00000000,30,20,2/2,extreme_thickened,9,15,34,9,43,4.3,44527,low,0,31,31,16,,,computed-only,computed-only,5,0,0,5,0,0,0,,
44527,0xADEF,炎狱武者之铠　臂甲,防具,手臂,武士防具,arms,827,alternate_source,58324,0xE3D4,arms,False,4,180,20,3,0,0x00000000,30,20,1/2,strengthened_plus_thickened,9,15,34,4,38,3.8,44527,low,7,31,31,16,,,computed-only,computed-only,12,0,0,12,0,0,0,,
44748,0xAECC,新选组队服　足履,防具,足部,武士防具,feet,674,alternate_source,36285,0x8DBD,feet,False,4,180,20,3,0,0x00000000,30,20,0/0,unmodified,9,15,17,0,17,1.7,44748,low,0,19,19,15,,,computed-only,computed-only,17,0,0,0,17,0,0,,
44748,0xAECC,新选组队服　足履,防具,足部,武士防具,feet,674,alternate_source,36285,0x8DBD,feet,False,4,180,20,3,0,0x00000000,30,20,1/0,strengthened,9,15,17,0,17,1.7,44748,low,7,19,19,15,,,computed-only,computed-only,24,0,0,0,24,0,0,,
44748,0xAECC,新选组队服　足履,防具,足部,武士防具,feet,674,alternate_source,36285,0x8DBD,feet,False,4,180,20,3,0,0x00000000,30,20,2/0,thickened,9,15,17,4,21,2.1,44748,low,0,19,19,15,,,computed-only,computed-only,17,0,0,0,17,0,0,,
44748,0xAECC,新选组队服　足履,防具,足部,武士防具,feet,674,alternate_source,36285,0x8DBD,feet,False,4,180,20,3,0,0x00000000,30,20,1/1,extreme_strengthened,9,15,17,0,17,1.7,44748,low,15,19,19,15,,,computed-only,computed-only,32,0,0,0,32,0,0,,
44748,0xAECC,新选组队服　足履,防具,足部,武士防具,feet,674,alternate_source,36285,0x8DBD,feet,False,4,180,20,3,0,0x00000000,30,20,2/2,extreme_thickened,9,15,17,9,26,2.6,44748,low,0,19,19,15,,,computed-only,computed-only,17,0,0,0,17,0,0,,
44748,0xAECC,新选组队服　足履,防具,足部,武士防具,feet,674,alternate_source,36285,0x8DBD,feet,False,4,180,20,3,0,0x00000000,30,20,1/2,strengthened_plus_thickened,9,15,17,4,21,2.1,44748,low,7,19,19,15,,,computed-only,computed-only,24,0,0,0,24,0,0,,
44753,0xAED1,叛军浪士之铠　腿甲,防具,足部,武士防具,feet,1221,alternate_source,61193,0xEF09,feet,False,4,180,20,3,0,0x00000000,30,20,0/0,unmodified,9,15,33,0,33,3.3,44753,low,0,31,31,16,,,computed-only,computed-only,21,0,0,21,0,0,0,,
44753,0xAED1,叛军浪士之铠　腿甲,防具,足部,武士防具,feet,1221,alternate_source,61193,0xEF09,feet,False,4,180,20,3,0,0x00000000,30,20,1/0,strengthened,9,15,33,0,33,3.3,44753,low,7,31,31,16,,,computed-only,computed-only,28,0,0,28,0,0,0,,
44753,0xAED1,叛军浪士之铠　腿甲,防具,足部,武士防具,feet,1221,alternate_source,61193,0xEF09,feet,False,4,180,20,3,0,0x00000000,30,20,2/0,thickened,9,15,33,4,37,3.7,44753,low,0,31,31,16,,,computed-only,computed-only,21,0,0,21,0,0,0,,
44753,0xAED1,叛军浪士之铠　腿甲,防具,足部,武士防具,feet,1221,alternate_source,61193,0xEF09,feet,False,4,180,20,3,0,0x00000000,30,20,1/1,extreme_strengthened,9,15,33,0,33,3.3,44753,low,15,31,31,16,,,computed-only,computed-only,36,0,0,36,0,0,0,,
44753,0xAED1,叛军浪士之铠　腿甲,防具,足部,武士防具,feet,1221,alternate_source,61193,0xEF09,feet,False,4,180,20,3,0,0x00000000,30,20,2/2,extreme_thickened,9,15,33,9,42,4.2,44753,low,0,31,31,16,,,computed-only,computed-only,21,0,0,21,0,0,0,,
44753,0xAED1,叛军浪士之铠　腿甲,防具,足部,武士防具,feet,1221,alternate_source,61193,0xEF09,feet,False,4,180,20,3,0,0x00000000,30,20,1/2,strengthened_plus_thickened,9,15,33,4,37,3.7,44753,low,7,31,31,16,,,computed-only,computed-only,28,0,0,28,0,0,0,,
44918,0xAF76,祈月斗将之铠　臂甲,防具,手臂,武士防具,arms,1036,alternate_source,64438,0xFBB6,arms,False,4,180,20,3,0,0x00000000,30,20,0/0,unmodified,9,15,15,0,15,1.5,44918,low,0,19,19,15,,,computed-only,computed-only,18,0,0,0,18,0,0,,
44918,0xAF76,祈月斗将之铠　臂甲,防具,手臂,武士防具,arms,1036,alternate_source,64438,0xFBB6,arms,False,4,180,20,3,0,0x00000000,30,20,1/0,strengthened,9,15,15,0,15,1.5,44918,low,7,19,19,15,,,computed-only,computed-only,25,0,0,0,25,0,0,,
44918,0xAF76,祈月斗将之铠　臂甲,防具,手臂,武士防具,arms,1036,alternate_source,64438,0xFBB6,arms,False,4,180,20,3,0,0x00000000,30,20,2/0,thickened,9,15,15,4,19,1.9,44918,low,0,19,19,15,,,computed-only,computed-only,18,0,0,0,18,0,0,,
44918,0xAF76,祈月斗将之铠　臂甲,防具,手臂,武士防具,arms,1036,alternate_source,64438,0xFBB6,arms,False,4,180,20,3,0,0x00000000,30,20,1/1,extreme_strengthened,9,15,15,0,15,1.5,44918,low,15,19,19,15,,,computed-only,computed-only,33,0,0,0,33,0,0,,
44918,0xAF76,祈月斗将之铠　臂甲,防具,手臂,武士防具,arms,1036,alternate_source,64438,0xFBB6,arms,False,4,180,20,3,0,0x00000000,30,20,2/2,extreme_thickened,9,15,15,9,24,2.4,44918,low,0,19,19,15,,,computed-only,computed-only,18,0,0,0,18,0,0,,
44918,0xAF76,祈月斗将之铠　臂甲,防具,手臂,武士防具,arms,1036,alternate_source,64438,0xFBB6,arms,False,4,180,20,3,0,0x00000000,30,20,1/2,strengthened_plus_thickened,9,15,15,4,19,1.9,44918,low,7,19,19,15,,,computed-only,computed-only,25,0,0,0,25,0,0,,
45005,0xAFCD,枭雄之铠　臂甲,防具,手臂,武士防具,arms,1186,alternate_source,36,0x0024,arms,False,4,180,20,3,0,0x00000000,30,20,0/0,unmodified,9,15,50,0,50,5.0,45005,low,0,50,50,17,,,computed-only,computed-only,0,0,9,10,0,0,0,,
45005,0xAFCD,枭雄之铠　臂甲,防具,手臂,武士防具,arms,1186,alternate_source,36,0x0024,arms,False,4,180,20,3,0,0x00000000,30,20,1/0,strengthened,9,15,50,0,50,5.0,45005,low,7,50,50,17,,,computed-only,computed-only,0,0,16,17,0,0,0,,
45005,0xAFCD,枭雄之铠　臂甲,防具,手臂,武士防具,arms,1186,alternate_source,36,0x0024,arms,False,4,180,20,3,0,0x00000000,30,20,2/0,thickened,9,15,50,4,54,5.4,45005,low,0,50,50,17,,,computed-only,computed-only,0,0,9,10,0,0,0,,
45005,0xAFCD,枭雄之铠　臂甲,防具,手臂,武士防具,arms,1186,alternate_source,36,0x0024,arms,False,4,180,20,3,0,0x00000000,30,20,1/1,extreme_strengthened,9,15,50,0,50,5.0,45005,low,15,50,50,17,,,computed-only,computed-only,0,0,24,25,0,0,0,,
45005,0xAFCD,枭雄之铠　臂甲,防具,手臂,武士防具,arms,1186,alternate_source,36,0x0024,arms,False,4,180,20,3,0,0x00000000,30,20,2/2,extreme_thickened,9,15,50,9,59,5.9,45005,low,0,50,50,17,,,computed-only,computed-only,0,0,9,10,0,0,0,,
45005,0xAFCD,枭雄之铠　臂甲,防具,手臂,武士防具,arms,1186,alternate_source,36,0x0024,arms,False,4,180,20,3,0,0x00000000,30,20,1/2,strengthened_plus_thickened,9,15,50,4,54,5.4,45005,low,7,50,50,17,,,computed-only,computed-only,0,0,16,17,0,0,0,,
45059,0xB003,冰狱武者之铠　腿甲,防具,足部,武士防具,feet,839,alternate_source,26227,0x6673,feet,False,4,180,20,3,0,0x00000000,30,20,0/0,unmodified,9,15,34,0,34,3.4,45059,low,0,31,31,16,,,computed-only,computed-only,0,0,5,0,5,0,0,,
45059,0xB003,冰狱武者之铠　腿甲,防具,足部,武士防具,feet,839,alternate_source,26227,0x6673,feet,False,4,180,20,3,0,0x00000000,30,20,1/0,strengthened,9,15,34,0,34,3.4,45059,low,7,31,31,16,,,computed-only,computed-only,0,0,12,0,12,0,0,,
45059,0xB003,冰狱武者之铠　腿甲,防具,足部,武士防具,feet,839,alternate_source,26227,0x6673,feet,False,4,180,20,3,0,0x00000000,30,20,2/0,thickened,9,15,34,4,38,3.8,45059,low,0,31,31,16,,,computed-only,computed-only,0,0,5,0,5,0,0,,
45059,0xB003,冰狱武者之铠　腿甲,防具,足部,武士防具,feet,839,alternate_source,26227,0x6673,feet,False,4,180,20,3,0,0x00000000,30,20,1/1,extreme_strengthened,9,15,34,0,34,3.4,45059,low,15,31,31,16,,,computed-only,computed-only,0,0,20,0,20,0,0,,
45059,0xB003,冰狱武者之铠　腿甲,防具,足部,武士防具,feet,839,alternate_source,26227,0x6673,feet,False,4,180,20,3,0,0x00000000,30,20,2/2,extreme_thickened,9,15,34,9,43,4.3,45059,low,0,31,31,16,,,computed-only,computed-only,0,0,5,0,5,0,0,,
45059,0xB003,冰狱武者之铠　腿甲,防具,足部,武士防具,feet,839,alternate_source,26227,0x6673,feet,False,4,180,20,3,0,0x00000000,30,20,1/2,strengthened_plus_thickened,9,15,34,4,38,3.8,45059,low,7,31,31,16,,,computed-only,computed-only,0,0,12,0,12,0,0,,
45376,0xB140,盗贼轻铠　胸甲,防具,身体,忍者防具,chest,20,standalone,45376,0xB140,chest,False,4,180,20,3,0,0x00000000,30,20,0/0,unmodified,9,15,20,0,20,2.0,45376,low,0,16,16,15,,,computed-only,computed-only,4,0,0,0,5,0,0,,
45376,0xB140,盗贼轻铠　胸甲,防具,身体,忍者防具,chest,20,standalone,45376,0xB140,chest,False,4,180,20,3,0,0x00000000,30,20,1/0,strengthened,9,15,20,0,20,2.0,45376,low,7,16,16,15,,,computed-only,computed-only,11,0,0,0,12,0,0,,
45376,0xB140,盗贼轻铠　胸甲,防具,身体,忍者防具,chest,20,standalone,45376,0xB140,chest,False,4,180,20,3,0,0x00000000,30,20,2/0,thickened,9,15,20,4,24,2.4,45376,low,0,16,16,15,,,computed-only,computed-only,4,0,0,0,5,0,0,,
45376,0xB140,盗贼轻铠　胸甲,防具,身体,忍者防具,chest,20,standalone,45376,0xB140,chest,False,4,180,20,3,0,0x00000000,30,20,1/1,extreme_strengthened,9,15,20,0,20,2.0,45376,low,15,16,16,15,,,computed-only,computed-only,19,0,0,0,20,0,0,,
45376,0xB140,盗贼轻铠　胸甲,防具,身体,忍者防具,chest,20,standalone,45376,0xB140,chest,False,4,180,20,3,0,0x00000000,30,20,2/2,extreme_thickened,9,15,20,9,29,2.9,45376,low,0,16,16,15,,,computed-only,computed-only,4,0,0,0,5,0,0,,
45376,0xB140,盗贼轻铠　胸甲,防具,身体,忍者防具,chest,20,standalone,45376,0xB140,chest,False,4,180,20,3,0,0x00000000,30,20,1/2,strengthened_plus_thickened,9,15,20,4,24,2.4,45376,low,7,16,16,15,,,computed-only,computed-only,11,0,0,0,12,0,0,,
45486,0xB1AE,山伏装束　上衣,防具,身体,忍者防具,chest,901,alternate_source,4728,0x1278,chest,False,4,180,20,3,0,0x00000000,30,20,0/0,unmodified,9,15,16,0,16,1.6,45486,low,0,36,36,15,,,computed-only,computed-only,10,0,0,0,11,0,0,,
45486,0xB1AE,山伏装束　上衣,防具,身体,忍者防具,chest,901,alternate_source,4728,0x1278,chest,False,4,180,20,3,0,0x00000000,30,20,1/0,strengthened,9,15,16,0,16,1.6,45486,low,7,36,36,15,,,computed-only,computed-only,17,0,0,0,18,0,0,,
45486,0xB1AE,山伏装束　上衣,防具,身体,忍者防具,chest,901,alternate_source,4728,0x1278,chest,False,4,180,20,3,0,0x00000000,30,20,2/0,thickened,9,15,16,4,20,2.0,45486,low,0,36,36,15,,,computed-only,computed-only,10,0,0,0,11,0,0,,
45486,0xB1AE,山伏装束　上衣,防具,身体,忍者防具,chest,901,alternate_source,4728,0x1278,chest,False,4,180,20,3,0,0x00000000,30,20,1/1,extreme_strengthened,9,15,16,0,16,1.6,45486,low,15,36,36,15,,,computed-only,computed-only,25,0,0,0,26,0,0,,
45486,0xB1AE,山伏装束　上衣,防具,身体,忍者防具,chest,901,alternate_source,4728,0x1278,chest,False,4,180,20,3,0,0x00000000,30,20,2/2,extreme_thickened,9,15,16,9,25,2.5,45486,low,0,36,36,15,,,computed-only,computed-only,10,0,0,0,11,0,0,,
45486,0xB1AE,山伏装束　上衣,防具,身体,忍者防具,chest,901,alternate_source,4728,0x1278,chest,False,4,180,20,3,0,0x00000000,30,20,1/2,strengthened_plus_thickened,9,15,16,4,20,2.0,45486,low,7,36,36,15,,,computed-only,computed-only,17,0,0,0,18,0,0,,
45505,0xB1C1,,防具,,忍者防具,legs,998,standalone,45505,0xB1C1,legs,False,4,180,20,3,0,0x00000000,30,20,0/0,unmodified,9,15,21,0,21,2.1,45505,low,0,27,27,15,,,computed-only,computed-only,0,0,0,0,12,0,0,,
45505,0xB1C1,,防具,,忍者防具,legs,998,standalone,45505,0xB1C1,legs,False,4,180,20,3,0,0x00000000,30,20,1/0,strengthened,9,15,21,0,21,2.1,45505,low,7,27,27,15,,,computed-only,computed-only,0,0,0,0,19,0,0,,
45505,0xB1C1,,防具,,忍者防具,legs,998,standalone,45505,0xB1C1,legs,False,4,180,20,3,0,0x00000000,30,20,2/0,thickened,9,15,21,4,25,2.5,45505,low,0,27,27,15,,,computed-only,computed-only,0,0,0,0,12,0,0,,
45505,0xB1C1,,防具,,忍者防具,legs,998,standalone,45505,0xB1C1,legs,False,4,180,20,3,0,0x00000000,30,20,1/1,extreme_strengthened,9,15,21,0,21,2.1,45505,low,15,27,27,15,,,computed-only,computed-only,0,0,0,0,27,0,0,,
45505,0xB1C1,,防具,,忍者防具,legs,998,standalone,45505,0xB1C1,legs,False,4,180,20,3,0,0x00000000,30,20,2/2,extreme_thickened,9,15,21,9,30,3.0,45505,low,0,27,27,15,,,computed-only,computed-only,0,0,0,0,12,0,0,,
45505,0xB1C1,,防具,,忍者防具,legs,998,standalone,45505,0xB1C1,legs,False,4,180,20,3,0,0x00000000,30,20,1/2,strengthened_plus_thickened,9,15,21,4,25,2.5,45505,low,7,27,27,15,,,computed-only,computed-only,0,0,0,0,19,0,0,,
45919,0xB35F,黑魔法师服装（躯干防具）,防具,,忍者防具,chest,855,standalone,45919,0xB35F,chest,False,4,180,20,3,0,0x00000000,30,20,0/0,unmodified,9,15,33,0,33,3.3,45919,low,0,20,20,17,,,computed-only,computed-only,5,0,0,5,0,0,0,,
45919,0xB35F,黑魔法师服装（躯干防具）,防具,,忍者防具,chest,855,standalone,45919,0xB35F,chest,False,4,180,20,3,0,0x00000000,30,20,1/0,strengthened,9,15,33,0,33,3.3,45919,low,7,20,20,17,,,computed-only,computed-only,12,0,0,12,0,0,0,,
45919,0xB35F,黑魔法师服装（躯干防具）,防具,,忍者防具,chest,855,standalone,45919,0xB35F,chest,False,4,180,20,3,0,0x00000000,30,20,2/0,thickened,9,15,33,4,37,3.7,45919,low,0,20,20,17,,,computed-only,computed-only,5,0,0,5,0,0,0,,
45919,0xB35F,黑魔法师服装（躯干防具）,防具,,忍者防具,chest,855,standalone,45919,0xB35F,chest,False,4,180,20,3,0,0x00000000,30,20,1/1,extreme_strengthened,9,15,33,0,33,3.3,45919,low,15,20,20,17,,,computed-only,computed-only,20,0,0,20,0,0,0,,
45919,0xB35F,黑魔法师服装（躯干防具）,防具,,忍者防具,chest,855,standalone,45919,0xB35F,chest,False,4,180,20,3,0,0x00000000,30,20,2/2,extreme_thickened,9,15,33,9,42,4.2,45919,low,0,20,20,17,,,computed-only,computed-only,5,0,0,5,0,0,0,,
45919,0xB35F,黑魔法师服装（躯干防具）,防具,,忍者防具,chest,855,standalone,45919,0xB35F,chest,False,4,180,20,3,0,0x00000000,30,20,1/2,strengthened_plus_thickened,9,15,33,4,37,3.7,45919,low,7,20,20,17,,,computed-only,computed-only,12,0,0,12,0,0,0,,
45946,0xB37A,,防具,,忍者防具,arms,997,standalone,45946,0xB37A,arms,False,4,180,20,3,0,0x00000000,30,20,0/0,unmodified,9,15,14,0,14,1.4,45946,low,0,18,18,15,,,computed-only,computed-only,0,0,0,0,12,0,0,,
45946,0xB37A,,防具,,忍者防具,arms,997,standalone,45946,0xB37A,arms,False,4,180,20,3,0,0x00000000,30,20,1/0,strengthened,9,15,14,0,14,1.4,45946,low,7,18,18,15,,,computed-only,computed-only,0,0,0,0,19,0,0,,
45946,0xB37A,,防具,,忍者防具,arms,997,standalone,45946,0xB37A,arms,False,4,180,20,3,0,0x00000000,30,20,2/0,thickened,9,15,14,4,18,1.8,45946,low,0,18,18,15,,,computed-only,computed-only,0,0,0,0,12,0,0,,
45946,0xB37A,,防具,,忍者防具,arms,997,standalone,45946,0xB37A,arms,False,4,180,20,3,0,0x00000000,30,20,1/1,extreme_strengthened,9,15,14,0,14,1.4,45946,low,15,18,18,15,,,computed-only,computed-only,0,0,0,0,27,0,0,,
45946,0xB37A,,防具,,忍者防具,arms,997,standalone,45946,0xB37A,arms,False,4,180,20,3,0,0x00000000,30,20,2/2,extreme_thickened,9,15,14,9,23,2.3,45946,low,0,18,18,15,,,computed-only,computed-only,0,0,0,0,12,0,0,,
45946,0xB37A,,防具,,忍者防具,arms,997,standalone,45946,0xB37A,arms,False,4,180,20,3,0,0x00000000,30,20,1/2,strengthened_plus_thickened,9,15,14,4,18,1.8,45946,low,7,18,18,15,,,computed-only,computed-only,0,0,0,0,19,0,0,,
45961,0xB389,副将军之铠　臂甲,防具,手臂,武士防具,arms,1244,alternate_source,23903,0x5D5F,arms,False,4,180,20,3,0,0x00000000,30,20,0/0,unmodified,9,15,51,0,51,5.1,45961,low,0,50,50,17,,,computed-only,computed-only,0,0,23,22,0,0,0,,
45961,0xB389,副将军之铠　臂甲,防具,手臂,武士防具,arms,1244,alternate_source,23903,0x5D5F,arms,False,4,180,20,3,0,0x00000000,30,20,1/0,strengthened,9,15,51,0,51,5.1,45961,low,7,50,50,17,,,computed-only,computed-only,0,0,30,29,0,0,0,,
45961,0xB389,副将军之铠　臂甲,防具,手臂,武士防具,arms,1244,alternate_source,23903,0x5D5F,arms,False,4,180,20,3,0,0x00000000,30,20,2/0,thickened,9,15,51,4,55,5.5,45961,low,0,50,50,17,,,computed-only,computed-only,0,0,23,22,0,0,0,,
45961,0xB389,副将军之铠　臂甲,防具,手臂,武士防具,arms,1244,alternate_source,23903,0x5D5F,arms,False,4,180,20,3,0,0x00000000,30,20,1/1,extreme_strengthened,9,15,51,0,51,5.1,45961,low,15,50,50,17,,,computed-only,computed-only,0,0,38,37,0,0,0,,
45961,0xB389,副将军之铠　臂甲,防具,手臂,武士防具,arms,1244,alternate_source,23903,0x5D5F,arms,False,4,180,20,3,0,0x00000000,30,20,2/2,extreme_thickened,9,15,51,9,60,6.0,45961,low,0,50,50,17,,,computed-only,computed-only,0,0,23,22,0,0,0,,
45961,0xB389,副将军之铠　臂甲,防具,手臂,武士防具,arms,1244,alternate_source,23903,0x5D5F,arms,False,4,180,20,3,0,0x00000000,30,20,1/2,strengthened_plus_thickened,9,15,51,4,55,5.5,45961,low,7,50,50,17,,,computed-only,computed-only,0,0,30,29,0,0,0,,
46045,0xB3DD,总黑熊毛植盔,防具,头部,武士防具,head,1373,alternate_source,42512,0xA610,head,False,4,180,20,3,0,0x00000000,30,20,0/0,unmodified,9,15,34,0,34,3.4,46045,low,0,31,31,16,,,computed-only,computed-only,18,0,0,18,0,0,0,,
46045,0xB3DD,总黑熊毛植盔,防具,头部,武士防具,head,1373,alternate_source,42512,0xA610,head,False,4,180,20,3,0,0x00000000,30,20,1/0,strengthened,9,15,34,0,34,3.4,46045,low,7,31,31,16,,,computed-only,computed-only,25,0,0,25,0,0,0,,
46045,0xB3DD,总黑熊毛植盔,防具,头部,武士防具,head,1373,alternate_source,42512,0xA610,head,False,4,180,20,3,0,0x00000000,30,20,2/0,thickened,9,15,34,4,38,3.8,46045,low,0,31,31,16,,,computed-only,computed-only,18,0,0,18,0,0,0,,
46045,0xB3DD,总黑熊毛植盔,防具,头部,武士防具,head,1373,alternate_source,42512,0xA610,head,False,4,180,20,3,0,0x00000000,30,20,1/1,extreme_strengthened,9,15,34,0,34,3.4,46045,low,15,31,31,16,,,computed-only,computed-only,33,0,0,33,0,0,0,,
46045,0xB3DD,总黑熊毛植盔,防具,头部,武士防具,head,1373,alternate_source,42512,0xA610,head,False,4,180,20,3,0,0x00000000,30,20,2/2,extreme_thickened,9,15,34,9,43,4.3,46045,low,0,31,31,16,,,computed-only,computed-only,18,0,0,18,0,0,0,,
46045,0xB3DD,总黑熊毛植盔,防具,头部,武士防具,head,1373,alternate_source,42512,0xA610,head,False,4,180,20,3,0,0x00000000,30,20,1/2,strengthened_plus_thickened,9,15,34,4,38,3.8,46045,low,7,31,31,16,,,computed-only,computed-only,25,0,0,25,0,0,0,,
46410,0xB54A,枭雄之铠　膝甲,防具,腿部,武士防具,legs,1187,alternate_source,5312,0x14C0,legs,False,4,180,20,3,0,0x00000000,30,20,0/0,unmodified,9,15,75,0,75,7.5,46410,low,0,75,75,17,,,computed-only,computed-only,0,0,9,10,0,0,0,,
46410,0xB54A,枭雄之铠　膝甲,防具,腿部,武士防具,legs,1187,alternate_source,5312,0x14C0,legs,False,4,180,20,3,0,0x00000000,30,20,1/0,strengthened,9,15,75,0,75,7.5,46410,low,7,75,75,17,,,computed-only,computed-only,0,0,16,17,0,0,0,,
46410,0xB54A,枭雄之铠　膝甲,防具,腿部,武士防具,legs,1187,alternate_source,5312,0x14C0,legs,False,4,180,20,3,0,0x00000000,30,20,2/0,thickened,9,15,75,4,79,7.9,46410,low,0,75,75,17,,,computed-only,computed-only,0,0,9,10,0,0,0,,
46410,0xB54A,枭雄之铠　膝甲,防具,腿部,武士防具,legs,1187,alternate_source,5312,0x14C0,legs,False,4,180,20,3,0,0x00000000,30,20,1/1,extreme_strengthened,9,15,75,0,75,7.5,46410,low,15,75,75,17,,,computed-only,computed-only,0,0,24,25,0,0,0,,
46410,0xB54A,枭雄之铠　膝甲,防具,腿部,武士防具,legs,1187,alternate_source,5312,0x14C0,legs,False,4,180,20,3,0,0x00000000,30,20,2/2,extreme_thickened,9,15,75,9,84,8.4,46410,low,0,75,75,17,,,computed-only,computed-only,0,0,9,10,0,0,0,,
46410,0xB54A,枭雄之铠　膝甲,防具,腿部,武士防具,legs,1187,alternate_source,5312,0x14C0,legs,False,4,180,20,3,0,0x00000000,30,20,1/2,strengthened_plus_thickened,9,15,75,4,79,7.9,46410,low,7,75,75,17,,,computed-only,computed-only,0,0,16,17,0,0,0,,
46552,0xB5D8,美浓宿老之铠　头盔,防具,头部,武士防具,head,1169,alternate_source,55517,0xD8DD,head,False,4,180,20,3,0,0x00000000,30,20,0/0,unmodified,9,15,48,0,48,4.8,46552,low,0,50,50,17,,,computed-only,computed-only,0,0,6,8,0,0,0,,
46552,0xB5D8,美浓宿老之铠　头盔,防具,头部,武士防具,head,1169,alternate_source,55517,0xD8DD,head,False,4,180,20,3,0,0x00000000,30,20,1/0,strengthened,9,15,48,0,48,4.8,46552,low,7,50,50,17,,,computed-only,computed-only,0,0,13,15,0,0,0,,
46552,0xB5D8,美浓宿老之铠　头盔,防具,头部,武士防具,head,1169,alternate_source,55517,0xD8DD,head,False,4,180,20,3,0,0x00000000,30,20,2/0,thickened,9,15,48,4,52,5.2,46552,low,0,50,50,17,,,computed-only,computed-only,0,0,6,8,0,0,0,,
46552,0xB5D8,美浓宿老之铠　头盔,防具,头部,武士防具,head,1169,alternate_source,55517,0xD8DD,head,False,4,180,20,3,0,0x00000000,30,20,1/1,extreme_strengthened,9,15,48,0,48,4.8,46552,low,15,50,50,17,,,computed-only,computed-only,0,0,21,23,0,0,0,,
46552,0xB5D8,美浓宿老之铠　头盔,防具,头部,武士防具,head,1169,alternate_source,55517,0xD8DD,head,False,4,180,20,3,0,0x00000000,30,20,2/2,extreme_thickened,9,15,48,9,57,5.7,46552,low,0,50,50,17,,,computed-only,computed-only,0,0,6,8,0,0,0,,
46552,0xB5D8,美浓宿老之铠　头盔,防具,头部,武士防具,head,1169,alternate_source,55517,0xD8DD,head,False,4,180,20,3,0,0x00000000,30,20,1/2,strengthened_plus_thickened,9,15,48,4,52,5.2,46552,low,7,50,50,17,,,computed-only,computed-only,0,0,13,15,0,0,0,,
46865,0xB711,剑术无双之衣　足履,防具,足部,武士防具,feet,656,alternate_source,4335,0x10EF,feet,False,4,180,20,3,0,0x00000000,30,20,0/0,unmodified,9,15,16,0,16,1.6,46865,low,0,19,19,15,,,computed-only,computed-only,13,0,0,0,12,0,0,,
46865,0xB711,剑术无双之衣　足履,防具,足部,武士防具,feet,656,alternate_source,4335,0x10EF,feet,False,4,180,20,3,0,0x00000000,30,20,1/0,strengthened,9,15,16,0,16,1.6,46865,low,7,19,19,15,,,computed-only,computed-only,20,0,0,0,19,0,0,,
46865,0xB711,剑术无双之衣　足履,防具,足部,武士防具,feet,656,alternate_source,4335,0x10EF,feet,False,4,180,20,3,0,0x00000000,30,20,2/0,thickened,9,15,16,4,20,2.0,46865,low,0,19,19,15,,,computed-only,computed-only,13,0,0,0,12,0,0,,
46865,0xB711,剑术无双之衣　足履,防具,足部,武士防具,feet,656,alternate_source,4335,0x10EF,feet,False,4,180,20,3,0,0x00000000,30,20,1/1,extreme_strengthened,9,15,16,0,16,1.6,46865,low,15,19,19,15,,,computed-only,computed-only,28,0,0,0,27,0,0,,
46865,0xB711,剑术无双之衣　足履,防具,足部,武士防具,feet,656,alternate_source,4335,0x10EF,feet,False,4,180,20,3,0,0x00000000,30,20,2/2,extreme_thickened,9,15,16,9,25,2.5,46865,low,0,19,19,15,,,computed-only,computed-only,13,0,0,0,12,0,0,,
46865,0xB711,剑术无双之衣　足履,防具,足部,武士防具,feet,656,alternate_source,4335,0x10EF,feet,False,4,180,20,3,0,0x00000000,30,20,1/2,strengthened_plus_thickened,9,15,16,4,20,2.0,46865,low,7,19,19,15,,,computed-only,computed-only,20,0,0,0,19,0,0,,
46959,0xB76F,,防具,,忍者防具,chest,1130,standalone,46959,0xB76F,chest,False,4,180,20,3,0,0x00000000,30,20,0/0,unmodified,9,15,40,0,40,4.0,46959,low,0,56,56,16,,,computed-only,computed-only,0,0,0,0,8,0,0,,
46959,0xB76F,,防具,,忍者防具,chest,1130,standalone,46959,0xB76F,chest,False,4,180,20,3,0,0x00000000,30,20,1/0,strengthened,9,15,40,0,40,4.0,46959,low,7,56,56,16,,,computed-only,computed-only,0,0,0,0,15,0,0,,
46959,0xB76F,,防具,,忍者防具,chest,1130,standalone,46959,0xB76F,chest,False,4,180,20,3,0,0x00000000,30,20,2/0,thickened,9,15,40,4,44,4.4,46959,low,0,56,56,16,,,computed-only,computed-only,0,0,0,0,8,0,0,,
46959,0xB76F,,防具,,忍者防具,chest,1130,standalone,46959,0xB76F,chest,False,4,180,20,3,0,0x00000000,30,20,1/1,extreme_strengthened,9,15,40,0,40,4.0,46959,low,15,56,56,16,,,computed-only,computed-only,0,0,0,0,23,0,0,,
46959,0xB76F,,防具,,忍者防具,chest,1130,standalone,46959,0xB76F,chest,False,4,180,20,3,0,0x00000000,30,20,2/2,extreme_thickened,9,15,40,9,49,4.9,46959,low,0,56,56,16,,,computed-only,computed-only,0,0,0,0,8,0,0,,
46959,0xB76F,,防具,,忍者防具,chest,1130,standalone,46959,0xB76F,chest,False,4,180,20,3,0,0x00000000,30,20,1/2,strengthened_plus_thickened,9,15,40,4,44,4.4,46959,low,7,56,56,16,,,computed-only,computed-only,0,0,0,0,15,0,0,,
47077,0xB7E5,盗贼轻铠　腿甲,防具,足部,忍者防具,feet,23,standalone,47077,0xB7E5,feet,False,4,180,20,3,0,0x00000000,30,20,0/0,unmodified,9,15,10,0,10,1.0,47077,low,0,8,8,15,,,computed-only,computed-only,4,0,0,0,5,0,0,,
47077,0xB7E5,盗贼轻铠　腿甲,防具,足部,忍者防具,feet,23,standalone,47077,0xB7E5,feet,False,4,180,20,3,0,0x00000000,30,20,1/0,strengthened,9,15,10,0,10,1.0,47077,low,7,8,8,15,,,computed-only,computed-only,11,0,0,0,12,0,0,,
47077,0xB7E5,盗贼轻铠　腿甲,防具,足部,忍者防具,feet,23,standalone,47077,0xB7E5,feet,False,4,180,20,3,0,0x00000000,30,20,2/0,thickened,9,15,10,4,14,1.4,47077,low,0,8,8,15,,,computed-only,computed-only,4,0,0,0,5,0,0,,
47077,0xB7E5,盗贼轻铠　腿甲,防具,足部,忍者防具,feet,23,standalone,47077,0xB7E5,feet,False,4,180,20,3,0,0x00000000,30,20,1/1,extreme_strengthened,9,15,10,0,10,1.0,47077,low,15,8,8,15,,,computed-only,computed-only,19,0,0,0,20,0,0,,
47077,0xB7E5,盗贼轻铠　腿甲,防具,足部,忍者防具,feet,23,standalone,47077,0xB7E5,feet,False,4,180,20,3,0,0x00000000,30,20,2/2,extreme_thickened,9,15,10,9,19,1.9,47077,low,0,8,8,15,,,computed-only,computed-only,4,0,0,0,5,0,0,,
47077,0xB7E5,盗贼轻铠　腿甲,防具,足部,忍者防具,feet,23,standalone,47077,0xB7E5,feet,False,4,180,20,3,0,0x00000000,30,20,1/2,strengthened_plus_thickened,9,15,10,4,14,1.4,47077,low,7,8,8,15,,,computed-only,computed-only,11,0,0,0,12,0,0,,
47223,0xB877,大型八龙　头盔,防具,头部,武士防具,head,1059,alternate_source,5930,0x172A,head,False,4,180,20,3,0,0x00000000,30,20,0/0,unmodified,9,15,38,0,38,3.8,47223,low,0,31,31,16,,,computed-only,computed-only,10,0,0,11,0,0,0,,
47223,0xB877,大型八龙　头盔,防具,头部,武士防具,head,1059,alternate_source,5930,0x172A,head,False,4,180,20,3,0,0x00000000,30,20,1/0,strengthened,9,15,38,0,38,3.8,47223,low,7,31,31,16,,,computed-only,computed-only,17,0,0,18,0,0,0,,
47223,0xB877,大型八龙　头盔,防具,头部,武士防具,head,1059,alternate_source,5930,0x172A,head,False,4,180,20,3,0,0x00000000,30,20,2/0,thickened,9,15,38,4,42,4.2,47223,low,0,31,31,16,,,computed-only,computed-only,10,0,0,11,0,0,0,,
47223,0xB877,大型八龙　头盔,防具,头部,武士防具,head,1059,alternate_source,5930,0x172A,head,False,4,180,20,3,0,0x00000000,30,20,1/1,extreme_strengthened,9,15,38,0,38,3.8,47223,low,15,31,31,16,,,computed-only,computed-only,25,0,0,26,0,0,0,,
47223,0xB877,大型八龙　头盔,防具,头部,武士防具,head,1059,alternate_source,5930,0x172A,head,False,4,180,20,3,0,0x00000000,30,20,2/2,extreme_thickened,9,15,38,9,47,4.7,47223,low,0,31,31,16,,,computed-only,computed-only,10,0,0,11,0,0,0,,
47223,0xB877,大型八龙　头盔,防具,头部,武士防具,head,1059,alternate_source,5930,0x172A,head,False,4,180,20,3,0,0x00000000,30,20,1/2,strengthened_plus_thickened,9,15,38,4,42,4.2,47223,low,7,31,31,16,,,computed-only,computed-only,17,0,0,18,0,0,0,,
47225,0xB879,,防具,,忍者防具,feet,1004,standalone,47225,0xB879,feet,False,4,180,20,3,0,0x00000000,30,20,0/0,unmodified,9,15,15,0,15,1.5,47225,low,0,18,18,15,,,computed-only,computed-only,0,0,0,0,12,0,0,,
47225,0xB879,,防具,,忍者防具,feet,1004,standalone,47225,0xB879,feet,False,4,180,20,3,0,0x00000000,30,20,1/0,strengthened,9,15,15,0,15,1.5,47225,low,7,18,18,15,,,computed-only,computed-only,0,0,0,0,19,0,0,,
47225,0xB879,,防具,,忍者防具,feet,1004,standalone,47225,0xB879,feet,False,4,180,20,3,0,0x00000000,30,20,2/0,thickened,9,15,15,4,19,1.9,47225,low,0,18,18,15,,,computed-only,computed-only,0,0,0,0,12,0,0,,
47225,0xB879,,防具,,忍者防具,feet,1004,standalone,47225,0xB879,feet,False,4,180,20,3,0,0x00000000,30,20,1/1,extreme_strengthened,9,15,15,0,15,1.5,47225,low,15,18,18,15,,,computed-only,computed-only,0,0,0,0,27,0,0,,
47225,0xB879,,防具,,忍者防具,feet,1004,standalone,47225,0xB879,feet,False,4,180,20,3,0,0x00000000,30,20,2/2,extreme_thickened,9,15,15,9,24,2.4,47225,low,0,18,18,15,,,computed-only,computed-only,0,0,0,0,12,0,0,,
47225,0xB879,,防具,,忍者防具,feet,1004,standalone,47225,0xB879,feet,False,4,180,20,3,0,0x00000000,30,20,1/2,strengthened_plus_thickened,9,15,15,4,19,1.9,47225,low,7,18,18,15,,,computed-only,computed-only,0,0,0,0,19,0,0,,
47260,0xB89C,凶王之衣　足履,防具,足部,忍者防具,feet,623,alternate_source,24404,0x5F54,feet,False,4,180,20,3,0,0x00000000,30,20,0/0,unmodified,9,15,8,0,8,0.8,47260,low,0,18,18,15,,,computed-only,computed-only,19,0,0,0,20,0,0,,
47260,0xB89C,凶王之衣　足履,防具,足部,忍者防具,feet,623,alternate_source,24404,0x5F54,feet,False,4,180,20,3,0,0x00000000,30,20,1/0,strengthened,9,15,8,0,8,0.8,47260,low,7,18,18,15,,,computed-only,computed-only,26,0,0,0,27,0,0,,
47260,0xB89C,凶王之衣　足履,防具,足部,忍者防具,feet,623,alternate_source,24404,0x5F54,feet,False,4,180,20,3,0,0x00000000,30,20,2/0,thickened,9,15,8,4,12,1.2,47260,low,0,18,18,15,,,computed-only,computed-only,19,0,0,0,20,0,0,,
47260,0xB89C,凶王之衣　足履,防具,足部,忍者防具,feet,623,alternate_source,24404,0x5F54,feet,False,4,180,20,3,0,0x00000000,30,20,1/1,extreme_strengthened,9,15,8,0,8,0.8,47260,low,15,18,18,15,,,computed-only,computed-only,34,0,0,0,35,0,0,,
47260,0xB89C,凶王之衣　足履,防具,足部,忍者防具,feet,623,alternate_source,24404,0x5F54,feet,False,4,180,20,3,0,0x00000000,30,20,2/2,extreme_thickened,9,15,8,9,17,1.7,47260,low,0,18,18,15,,,computed-only,computed-only,19,0,0,0,20,0,0,,
47260,0xB89C,凶王之衣　足履,防具,足部,忍者防具,feet,623,alternate_source,24404,0x5F54,feet,False,4,180,20,3,0,0x00000000,30,20,1/2,strengthened_plus_thickened,9,15,8,4,12,1.2,47260,low,7,18,18,15,,,computed-only,computed-only,26,0,0,0,27,0,0,,
47427,0xB943,,防具,,忍者防具,legs,859,standalone,47427,0xB943,legs,False,4,180,20,3,0,0x00000000,30,20,0/0,unmodified,9,15,33,0,33,3.3,47427,low,0,20,20,17,,,computed-only,computed-only,5,0,0,5,0,0,0,,
47427,0xB943,,防具,,忍者防具,legs,859,standalone,47427,0xB943,legs,False,4,180,20,3,0,0x00000000,30,20,1/0,strengthened,9,15,33,0,33,3.3,47427,low,7,20,20,17,,,computed-only,computed-only,12,0,0,12,0,0,0,,
47427,0xB943,,防具,,忍者防具,legs,859,standalone,47427,0xB943,legs,False,4,180,20,3,0,0x00000000,30,20,2/0,thickened,9,15,33,4,37,3.7,47427,low,0,20,20,17,,,computed-only,computed-only,5,0,0,5,0,0,0,,
47427,0xB943,,防具,,忍者防具,legs,859,standalone,47427,0xB943,legs,False,4,180,20,3,0,0x00000000,30,20,1/1,extreme_strengthened,9,15,33,0,33,3.3,47427,low,15,20,20,17,,,computed-only,computed-only,20,0,0,20,0,0,0,,
47427,0xB943,,防具,,忍者防具,legs,859,standalone,47427,0xB943,legs,False,4,180,20,3,0,0x00000000,30,20,2/2,extreme_thickened,9,15,33,9,42,4.2,47427,low,0,20,20,17,,,computed-only,computed-only,5,0,0,5,0,0,0,,
47427,0xB943,,防具,,忍者防具,legs,859,standalone,47427,0xB943,legs,False,4,180,20,3,0,0x00000000,30,20,1/2,strengthened_plus_thickened,9,15,33,4,37,3.7,47427,low,7,20,20,17,,,computed-only,computed-only,12,0,0,12,0,0,0,,
47463,0xB967,游历剑士装束　裤裙,防具,腿部,武士防具,legs,785,alternate_source,13357,0x342D,legs,False,4,180,20,3,0,0x00000000,30,20,0/0,unmodified,9,15,21,0,21,2.1,47463,low,0,29,29,15,,,computed-only,computed-only,6,0,0,0,8,0,0,,
47463,0xB967,游历剑士装束　裤裙,防具,腿部,武士防具,legs,785,alternate_source,13357,0x342D,legs,False,4,180,20,3,0,0x00000000,30,20,1/0,strengthened,9,15,21,0,21,2.1,47463,low,7,29,29,15,,,computed-only,computed-only,13,0,0,0,15,0,0,,
47463,0xB967,游历剑士装束　裤裙,防具,腿部,武士防具,legs,785,alternate_source,13357,0x342D,legs,False,4,180,20,3,0,0x00000000,30,20,2/0,thickened,9,15,21,4,25,2.5,47463,low,0,29,29,15,,,computed-only,computed-only,6,0,0,0,8,0,0,,
47463,0xB967,游历剑士装束　裤裙,防具,腿部,武士防具,legs,785,alternate_source,13357,0x342D,legs,False,4,180,20,3,0,0x00000000,30,20,1/1,extreme_strengthened,9,15,21,0,21,2.1,47463,low,15,29,29,15,,,computed-only,computed-only,21,0,0,0,23,0,0,,
47463,0xB967,游历剑士装束　裤裙,防具,腿部,武士防具,legs,785,alternate_source,13357,0x342D,legs,False,4,180,20,3,0,0x00000000,30,20,2/2,extreme_thickened,9,15,21,9,30,3.0,47463,low,0,29,29,15,,,computed-only,computed-only,6,0,0,0,8,0,0,,
47463,0xB967,游历剑士装束　裤裙,防具,腿部,武士防具,legs,785,alternate_source,13357,0x342D,legs,False,4,180,20,3,0,0x00000000,30,20,1/2,strengthened_plus_thickened,9,15,21,4,25,2.5,47463,low,7,29,29,15,,,computed-only,computed-only,13,0,0,0,15,0,0,,
47580,0xB9DC,神官净衣　头冠,防具,头部,忍者防具,head,880,alternate_source,35948,0x8C6C,head,False,4,180,20,3,0,0x00000000,30,20,0/0,unmodified,9,15,8,0,8,0.8,47580,low,0,18,18,15,,,computed-only,computed-only,10,0,0,0,9,0,0,,
47580,0xB9DC,神官净衣　头冠,防具,头部,忍者防具,head,880,alternate_source,35948,0x8C6C,head,False,4,180,20,3,0,0x00000000,30,20,1/0,strengthened,9,15,8,0,8,0.8,47580,low,7,18,18,15,,,computed-only,computed-only,17,0,0,0,16,0,0,,
47580,0xB9DC,神官净衣　头冠,防具,头部,忍者防具,head,880,alternate_source,35948,0x8C6C,head,False,4,180,20,3,0,0x00000000,30,20,2/0,thickened,9,15,8,4,12,1.2,47580,low,0,18,18,15,,,computed-only,computed-only,10,0,0,0,9,0,0,,
47580,0xB9DC,神官净衣　头冠,防具,头部,忍者防具,head,880,alternate_source,35948,0x8C6C,head,False,4,180,20,3,0,0x00000000,30,20,1/1,extreme_strengthened,9,15,8,0,8,0.8,47580,low,15,18,18,15,,,computed-only,computed-only,25,0,0,0,24,0,0,,
47580,0xB9DC,神官净衣　头冠,防具,头部,忍者防具,head,880,alternate_source,35948,0x8C6C,head,False,4,180,20,3,0,0x00000000,30,20,2/2,extreme_thickened,9,15,8,9,17,1.7,47580,low,0,18,18,15,,,computed-only,computed-only,10,0,0,0,9,0,0,,
47580,0xB9DC,神官净衣　头冠,防具,头部,忍者防具,head,880,alternate_source,35948,0x8C6C,head,False,4,180,20,3,0,0x00000000,30,20,1/2,strengthened_plus_thickened,9,15,8,4,12,1.2,47580,low,7,18,18,15,,,computed-only,computed-only,17,0,0,0,16,0,0,,
47607,0xB9F7,万雷忍者装束　膝甲,防具,腿部,忍者防具,legs,853,alternate_source,19992,0x4E18,legs,False,4,180,20,3,0,0x00000000,30,20,0/0,unmodified,9,15,24,0,24,2.4,47607,low,0,42,42,16,,,computed-only,computed-only,0,0,5,0,5,0,0,,
47607,0xB9F7,万雷忍者装束　膝甲,防具,腿部,忍者防具,legs,853,alternate_source,19992,0x4E18,legs,False,4,180,20,3,0,0x00000000,30,20,1/0,strengthened,9,15,24,0,24,2.4,47607,low,7,42,42,16,,,computed-only,computed-only,0,0,12,0,12,0,0,,
47607,0xB9F7,万雷忍者装束　膝甲,防具,腿部,忍者防具,legs,853,alternate_source,19992,0x4E18,legs,False,4,180,20,3,0,0x00000000,30,20,2/0,thickened,9,15,24,4,28,2.8,47607,low,0,42,42,16,,,computed-only,computed-only,0,0,5,0,5,0,0,,
47607,0xB9F7,万雷忍者装束　膝甲,防具,腿部,忍者防具,legs,853,alternate_source,19992,0x4E18,legs,False,4,180,20,3,0,0x00000000,30,20,1/1,extreme_strengthened,9,15,24,0,24,2.4,47607,low,15,42,42,16,,,computed-only,computed-only,0,0,20,0,20,0,0,,
47607,0xB9F7,万雷忍者装束　膝甲,防具,腿部,忍者防具,legs,853,alternate_source,19992,0x4E18,legs,False,4,180,20,3,0,0x00000000,30,20,2/2,extreme_thickened,9,15,24,9,33,3.3,47607,low,0,42,42,16,,,computed-only,computed-only,0,0,5,0,5,0,0,,
47607,0xB9F7,万雷忍者装束　膝甲,防具,腿部,忍者防具,legs,853,alternate_source,19992,0x4E18,legs,False,4,180,20,3,0,0x00000000,30,20,1/2,strengthened_plus_thickened,9,15,24,4,28,2.8,47607,low,7,42,42,16,,,computed-only,computed-only,0,0,12,0,12,0,0,,
47609,0xB9F9,炎狱武者之铠　膝甲,防具,腿部,武士防具,legs,828,alternate_source,20047,0x4E4F,legs,False,4,180,20,3,0,0x00000000,30,20,0/0,unmodified,9,15,51,0,51,5.1,47609,low,0,47,47,16,,,computed-only,computed-only,5,0,0,5,0,0,0,,
47609,0xB9F9,炎狱武者之铠　膝甲,防具,腿部,武士防具,legs,828,alternate_source,20047,0x4E4F,legs,False,4,180,20,3,0,0x00000000,30,20,1/0,strengthened,9,15,51,0,51,5.1,47609,low,7,47,47,16,,,computed-only,computed-only,12,0,0,12,0,0,0,,
47609,0xB9F9,炎狱武者之铠　膝甲,防具,腿部,武士防具,legs,828,alternate_source,20047,0x4E4F,legs,False,4,180,20,3,0,0x00000000,30,20,2/0,thickened,9,15,51,4,55,5.5,47609,low,0,47,47,16,,,computed-only,computed-only,5,0,0,5,0,0,0,,
47609,0xB9F9,炎狱武者之铠　膝甲,防具,腿部,武士防具,legs,828,alternate_source,20047,0x4E4F,legs,False,4,180,20,3,0,0x00000000,30,20,1/1,extreme_strengthened,9,15,51,0,51,5.1,47609,low,15,47,47,16,,,computed-only,computed-only,20,0,0,20,0,0,0,,
47609,0xB9F9,炎狱武者之铠　膝甲,防具,腿部,武士防具,legs,828,alternate_source,20047,0x4E4F,legs,False,4,180,20,3,0,0x00000000,30,20,2/2,extreme_thickened,9,15,51,9,60,6.0,47609,low,0,47,47,16,,,computed-only,computed-only,5,0,0,5,0,0,0,,
47609,0xB9F9,炎狱武者之铠　膝甲,防具,腿部,武士防具,legs,828,alternate_source,20047,0x4E4F,legs,False,4,180,20,3,0,0x00000000,30,20,1/2,strengthened_plus_thickened,9,15,51,4,55,5.5,47609,low,7,47,47,16,,,computed-only,computed-only,12,0,0,12,0,0,0,,
47660,0xBA2C,威光中铠　臂甲,防具,手臂,武士防具,arms,740,alternate_source,34745,0x87B9,arms,False,4,180,20,3,0,0x00000000,30,20,0/0,unmodified,9,15,40,0,40,4.0,47660,low,0,31,31,16,,,computed-only,computed-only,16,0,0,15,0,0,0,,
47660,0xBA2C,威光中铠　臂甲,防具,手臂,武士防具,arms,740,alternate_source,34745,0x87B9,arms,False,4,180,20,3,0,0x00000000,30,20,1/0,strengthened,9,15,40,0,40,4.0,47660,low,7,31,31,16,,,computed-only,computed-only,23,0,0,22,0,0,0,,
47660,0xBA2C,威光中铠　臂甲,防具,手臂,武士防具,arms,740,alternate_source,34745,0x87B9,arms,False,4,180,20,3,0,0x00000000,30,20,2/0,thickened,9,15,40,4,44,4.4,47660,low,0,31,31,16,,,computed-only,computed-only,16,0,0,15,0,0,0,,
47660,0xBA2C,威光中铠　臂甲,防具,手臂,武士防具,arms,740,alternate_source,34745,0x87B9,arms,False,4,180,20,3,0,0x00000000,30,20,1/1,extreme_strengthened,9,15,40,0,40,4.0,47660,low,15,31,31,16,,,computed-only,computed-only,31,0,0,30,0,0,0,,
47660,0xBA2C,威光中铠　臂甲,防具,手臂,武士防具,arms,740,alternate_source,34745,0x87B9,arms,False,4,180,20,3,0,0x00000000,30,20,2/2,extreme_thickened,9,15,40,9,49,4.9,47660,low,0,31,31,16,,,computed-only,computed-only,16,0,0,15,0,0,0,,
47660,0xBA2C,威光中铠　臂甲,防具,手臂,武士防具,arms,740,alternate_source,34745,0x87B9,arms,False,4,180,20,3,0,0x00000000,30,20,1/2,strengthened_plus_thickened,9,15,40,4,44,4.4,47660,low,7,31,31,16,,,computed-only,computed-only,23,0,0,22,0,0,0,,
47895,0xBB17,伊贺上忍装束　胸甲,防具,身体,忍者防具,chest,926,alternate_source,10607,0x296F,chest,False,4,180,20,3,0,0x00000000,30,20,0/0,unmodified,9,15,14,0,14,1.4,47895,low,0,36,36,15,,,computed-only,computed-only,8,0,0,0,9,0,0,,
47895,0xBB17,伊贺上忍装束　胸甲,防具,身体,忍者防具,chest,926,alternate_source,10607,0x296F,chest,False,4,180,20,3,0,0x00000000,30,20,1/0,strengthened,9,15,14,0,14,1.4,47895,low,7,36,36,15,,,computed-only,computed-only,15,0,0,0,16,0,0,,
47895,0xBB17,伊贺上忍装束　胸甲,防具,身体,忍者防具,chest,926,alternate_source,10607,0x296F,chest,False,4,180,20,3,0,0x00000000,30,20,2/0,thickened,9,15,14,4,18,1.8,47895,low,0,36,36,15,,,computed-only,computed-only,8,0,0,0,9,0,0,,
47895,0xBB17,伊贺上忍装束　胸甲,防具,身体,忍者防具,chest,926,alternate_source,10607,0x296F,chest,False,4,180,20,3,0,0x00000000,30,20,1/1,extreme_strengthened,9,15,14,0,14,1.4,47895,low,15,36,36,15,,,computed-only,computed-only,23,0,0,0,24,0,0,,
47895,0xBB17,伊贺上忍装束　胸甲,防具,身体,忍者防具,chest,926,alternate_source,10607,0x296F,chest,False,4,180,20,3,0,0x00000000,30,20,2/2,extreme_thickened,9,15,14,9,23,2.3,47895,low,0,36,36,15,,,computed-only,computed-only,8,0,0,0,9,0,0,,
47895,0xBB17,伊贺上忍装束　胸甲,防具,身体,忍者防具,chest,926,alternate_source,10607,0x296F,chest,False,4,180,20,3,0,0x00000000,30,20,1/2,strengthened_plus_thickened,9,15,14,4,18,1.8,47895,low,7,36,36,15,,,computed-only,computed-only,15,0,0,0,16,0,0,,
48035,0xBBA3,足轻中铠　膝甲,防具,腿部,武士防具,legs,27,standalone,48035,0xBBA3,legs,False,4,180,20,3,0,0x00000000,30,20,0/0,unmodified,9,15,33,0,33,3.3,48035,low,0,28,28,16,,,computed-only,computed-only,6,0,0,5,0,0,0,,
48035,0xBBA3,足轻中铠　膝甲,防具,腿部,武士防具,legs,27,standalone,48035,0xBBA3,legs,False,4,180,20,3,0,0x00000000,30,20,1/0,strengthened,9,15,33,0,33,3.3,48035,low,7,28,28,16,,,computed-only,computed-only,13,0,0,12,0,0,0,,
48035,0xBBA3,足轻中铠　膝甲,防具,腿部,武士防具,legs,27,standalone,48035,0xBBA3,legs,False,4,180,20,3,0,0x00000000,30,20,2/0,thickened,9,15,33,4,37,3.7,48035,low,0,28,28,16,,,computed-only,computed-only,6,0,0,5,0,0,0,,
48035,0xBBA3,足轻中铠　膝甲,防具,腿部,武士防具,legs,27,standalone,48035,0xBBA3,legs,False,4,180,20,3,0,0x00000000,30,20,1/1,extreme_strengthened,9,15,33,0,33,3.3,48035,low,15,28,28,16,,,computed-only,computed-only,21,0,0,20,0,0,0,,
48035,0xBBA3,足轻中铠　膝甲,防具,腿部,武士防具,legs,27,standalone,48035,0xBBA3,legs,False,4,180,20,3,0,0x00000000,30,20,2/2,extreme_thickened,9,15,33,9,42,4.2,48035,low,0,28,28,16,,,computed-only,computed-only,6,0,0,5,0,0,0,,
48035,0xBBA3,足轻中铠　膝甲,防具,腿部,武士防具,legs,27,standalone,48035,0xBBA3,legs,False,4,180,20,3,0,0x00000000,30,20,1/2,strengthened_plus_thickened,9,15,33,4,37,3.7,48035,low,7,28,28,16,,,computed-only,computed-only,13,0,0,12,0,0,0,,
48042,0xBBAA,丛云形盔,防具,头部,忍者防具,head,1369,alternate_source,37269,0x9195,head,False,4,180,20,3,0,0x00000000,30,20,0/0,unmodified,9,15,16,0,16,1.6,48042,low,0,28,28,16,,,computed-only,computed-only,0,0,5,0,5,0,0,,
48042,0xBBAA,丛云形盔,防具,头部,忍者防具,head,1369,alternate_source,37269,0x9195,head,False,4,180,20,3,0,0x00000000,30,20,1/0,strengthened,9,15,16,0,16,1.6,48042,low,7,28,28,16,,,computed-only,computed-only,0,0,12,0,12,0,0,,
48042,0xBBAA,丛云形盔,防具,头部,忍者防具,head,1369,alternate_source,37269,0x9195,head,False,4,180,20,3,0,0x00000000,30,20,2/0,thickened,9,15,16,4,20,2.0,48042,low,0,28,28,16,,,computed-only,computed-only,0,0,5,0,5,0,0,,
48042,0xBBAA,丛云形盔,防具,头部,忍者防具,head,1369,alternate_source,37269,0x9195,head,False,4,180,20,3,0,0x00000000,30,20,1/1,extreme_strengthened,9,15,16,0,16,1.6,48042,low,15,28,28,16,,,computed-only,computed-only,0,0,20,0,20,0,0,,
48042,0xBBAA,丛云形盔,防具,头部,忍者防具,head,1369,alternate_source,37269,0x9195,head,False,4,180,20,3,0,0x00000000,30,20,2/2,extreme_thickened,9,15,16,9,25,2.5,48042,low,0,28,28,16,,,computed-only,computed-only,0,0,5,0,5,0,0,,
48042,0xBBAA,丛云形盔,防具,头部,忍者防具,head,1369,alternate_source,37269,0x9195,head,False,4,180,20,3,0,0x00000000,30,20,1/2,strengthened_plus_thickened,9,15,16,4,20,2.0,48042,low,7,28,28,16,,,computed-only,computed-only,0,0,12,0,12,0,0,,
48222,0xBC5E,八重垣流装束　腿甲,防具,足部,忍者防具,feet,814,alternate_source,38285,0x958D,feet,False,4,180,20,3,0,0x00000000,30,20,0/0,unmodified,9,15,26,0,26,2.6,48222,low,0,49,49,16,,,computed-only,computed-only,0,0,12,0,20,0,0,,
48222,0xBC5E,八重垣流装束　腿甲,防具,足部,忍者防具,feet,814,alternate_source,38285,0x958D,feet,False,4,180,20,3,0,0x00000000,30,20,1/0,strengthened,9,15,26,0,26,2.6,48222,low,7,49,49,16,,,computed-only,computed-only,0,0,19,0,27,0,0,,
48222,0xBC5E,八重垣流装束　腿甲,防具,足部,忍者防具,feet,814,alternate_source,38285,0x958D,feet,False,4,180,20,3,0,0x00000000,30,20,2/0,thickened,9,15,26,4,30,3.0,48222,low,0,49,49,16,,,computed-only,computed-only,0,0,12,0,20,0,0,,
48222,0xBC5E,八重垣流装束　腿甲,防具,足部,忍者防具,feet,814,alternate_source,38285,0x958D,feet,False,4,180,20,3,0,0x00000000,30,20,1/1,extreme_strengthened,9,15,26,0,26,2.6,48222,low,15,49,49,16,,,computed-only,computed-only,0,0,27,0,35,0,0,,
48222,0xBC5E,八重垣流装束　腿甲,防具,足部,忍者防具,feet,814,alternate_source,38285,0x958D,feet,False,4,180,20,3,0,0x00000000,30,20,2/2,extreme_thickened,9,15,26,9,35,3.5,48222,low,0,49,49,16,,,computed-only,computed-only,0,0,12,0,20,0,0,,
48222,0xBC5E,八重垣流装束　腿甲,防具,足部,忍者防具,feet,814,alternate_source,38285,0x958D,feet,False,4,180,20,3,0,0x00000000,30,20,1/2,strengthened_plus_thickened,9,15,26,4,30,3.0,48222,low,7,49,49,16,,,computed-only,computed-only,0,0,19,0,27,0,0,,
48266,0xBC8A,智慧伊豆之衣　头巾,防具,头部,武士防具,head,1258,alternate_source,24733,0x609D,head,False,4,180,20,3,0,0x00000000,30,20,0/0,unmodified,9,15,15,0,15,1.5,48266,low,0,19,19,15,,,computed-only,computed-only,0,0,0,22,22,0,0,,
48266,0xBC8A,智慧伊豆之衣　头巾,防具,头部,武士防具,head,1258,alternate_source,24733,0x609D,head,False,4,180,20,3,0,0x00000000,30,20,1/0,strengthened,9,15,15,0,15,1.5,48266,low,7,19,19,15,,,computed-only,computed-only,0,0,0,29,29,0,0,,
48266,0xBC8A,智慧伊豆之衣　头巾,防具,头部,武士防具,head,1258,alternate_source,24733,0x609D,head,False,4,180,20,3,0,0x00000000,30,20,2/0,thickened,9,15,15,4,19,1.9,48266,low,0,19,19,15,,,computed-only,computed-only,0,0,0,22,22,0,0,,
48266,0xBC8A,智慧伊豆之衣　头巾,防具,头部,武士防具,head,1258,alternate_source,24733,0x609D,head,False,4,180,20,3,0,0x00000000,30,20,1/1,extreme_strengthened,9,15,15,0,15,1.5,48266,low,15,19,19,15,,,computed-only,computed-only,0,0,0,37,37,0,0,,
48266,0xBC8A,智慧伊豆之衣　头巾,防具,头部,武士防具,head,1258,alternate_source,24733,0x609D,head,False,4,180,20,3,0,0x00000000,30,20,2/2,extreme_thickened,9,15,15,9,24,2.4,48266,low,0,19,19,15,,,computed-only,computed-only,0,0,0,22,22,0,0,,
48266,0xBC8A,智慧伊豆之衣　头巾,防具,头部,武士防具,head,1258,alternate_source,24733,0x609D,head,False,4,180,20,3,0,0x00000000,30,20,1/2,strengthened_plus_thickened,9,15,15,4,19,1.9,48266,low,7,19,19,15,,,computed-only,computed-only,0,0,0,29,29,0,0,,
48451,0xBD43,万雷武士之铠　膝甲,防具,腿部,武士防具,legs,848,alternate_source,20047,0x4E4F,legs,False,4,180,20,3,0,0x00000000,30,20,0/0,unmodified,9,15,51,0,51,5.1,48451,low,0,47,47,16,,,computed-only,computed-only,5,0,0,5,0,0,0,,
48451,0xBD43,万雷武士之铠　膝甲,防具,腿部,武士防具,legs,848,alternate_source,20047,0x4E4F,legs,False,4,180,20,3,0,0x00000000,30,20,1/0,strengthened,9,15,51,0,51,5.1,48451,low,7,47,47,16,,,computed-only,computed-only,12,0,0,12,0,0,0,,
48451,0xBD43,万雷武士之铠　膝甲,防具,腿部,武士防具,legs,848,alternate_source,20047,0x4E4F,legs,False,4,180,20,3,0,0x00000000,30,20,2/0,thickened,9,15,51,4,55,5.5,48451,low,0,47,47,16,,,computed-only,computed-only,5,0,0,5,0,0,0,,
48451,0xBD43,万雷武士之铠　膝甲,防具,腿部,武士防具,legs,848,alternate_source,20047,0x4E4F,legs,False,4,180,20,3,0,0x00000000,30,20,1/1,extreme_strengthened,9,15,51,0,51,5.1,48451,low,15,47,47,16,,,computed-only,computed-only,20,0,0,20,0,0,0,,
48451,0xBD43,万雷武士之铠　膝甲,防具,腿部,武士防具,legs,848,alternate_source,20047,0x4E4F,legs,False,4,180,20,3,0,0x00000000,30,20,2/2,extreme_thickened,9,15,51,9,60,6.0,48451,low,0,47,47,16,,,computed-only,computed-only,5,0,0,5,0,0,0,,
48451,0xBD43,万雷武士之铠　膝甲,防具,腿部,武士防具,legs,848,alternate_source,20047,0x4E4F,legs,False,4,180,20,3,0,0x00000000,30,20,1/2,strengthened_plus_thickened,9,15,51,4,55,5.5,48451,low,7,47,47,16,,,computed-only,computed-only,12,0,0,12,0,0,0,,
48485,0xBD65,退魔师战甲　膝甲,防具,腿部,忍者防具,legs,1022,alternate_source,12959,0x329F,legs,False,4,180,20,3,0,0x00000000,30,20,0/0,unmodified,9,15,36,0,36,3.6,48485,low,0,74,74,16,,,computed-only,computed-only,0,0,10,0,9,0,0,,
48485,0xBD65,退魔师战甲　膝甲,防具,腿部,忍者防具,legs,1022,alternate_source,12959,0x329F,legs,False,4,180,20,3,0,0x00000000,30,20,1/0,strengthened,9,15,36,0,36,3.6,48485,low,7,74,74,16,,,computed-only,computed-only,0,0,17,0,16,0,0,,
48485,0xBD65,退魔师战甲　膝甲,防具,腿部,忍者防具,legs,1022,alternate_source,12959,0x329F,legs,False,4,180,20,3,0,0x00000000,30,20,2/0,thickened,9,15,36,4,40,4.0,48485,low,0,74,74,16,,,computed-only,computed-only,0,0,10,0,9,0,0,,
48485,0xBD65,退魔师战甲　膝甲,防具,腿部,忍者防具,legs,1022,alternate_source,12959,0x329F,legs,False,4,180,20,3,0,0x00000000,30,20,1/1,extreme_strengthened,9,15,36,0,36,3.6,48485,low,15,74,74,16,,,computed-only,computed-only,0,0,25,0,24,0,0,,
48485,0xBD65,退魔师战甲　膝甲,防具,腿部,忍者防具,legs,1022,alternate_source,12959,0x329F,legs,False,4,180,20,3,0,0x00000000,30,20,2/2,extreme_thickened,9,15,36,9,45,4.5,48485,low,0,74,74,16,,,computed-only,computed-only,0,0,10,0,9,0,0,,
48485,0xBD65,退魔师战甲　膝甲,防具,腿部,忍者防具,legs,1022,alternate_source,12959,0x329F,legs,False,4,180,20,3,0,0x00000000,30,20,1/2,strengthened_plus_thickened,9,15,36,4,40,4.0,48485,low,7,74,74,16,,,computed-only,computed-only,0,0,17,0,16,0,0,,
48583,0xBDC7,八重垣流装束　臂甲,防具,手臂,忍者防具,arms,811,alternate_source,222,0x00DE,arms,False,4,180,20,3,0,0x00000000,30,20,0/0,unmodified,9,15,26,0,26,2.6,48583,low,0,49,49,16,,,computed-only,computed-only,0,0,12,0,20,0,0,,
48583,0xBDC7,八重垣流装束　臂甲,防具,手臂,忍者防具,arms,811,alternate_source,222,0x00DE,arms,False,4,180,20,3,0,0x00000000,30,20,1/0,strengthened,9,15,26,0,26,2.6,48583,low,7,49,49,16,,,computed-only,computed-only,0,0,19,0,27,0,0,,
48583,0xBDC7,八重垣流装束　臂甲,防具,手臂,忍者防具,arms,811,alternate_source,222,0x00DE,arms,False,4,180,20,3,0,0x00000000,30,20,2/0,thickened,9,15,26,4,30,3.0,48583,low,0,49,49,16,,,computed-only,computed-only,0,0,12,0,20,0,0,,
48583,0xBDC7,八重垣流装束　臂甲,防具,手臂,忍者防具,arms,811,alternate_source,222,0x00DE,arms,False,4,180,20,3,0,0x00000000,30,20,1/1,extreme_strengthened,9,15,26,0,26,2.6,48583,low,15,49,49,16,,,computed-only,computed-only,0,0,27,0,35,0,0,,
48583,0xBDC7,八重垣流装束　臂甲,防具,手臂,忍者防具,arms,811,alternate_source,222,0x00DE,arms,False,4,180,20,3,0,0x00000000,30,20,2/2,extreme_thickened,9,15,26,9,35,3.5,48583,low,0,49,49,16,,,computed-only,computed-only,0,0,12,0,20,0,0,,
48583,0xBDC7,八重垣流装束　臂甲,防具,手臂,忍者防具,arms,811,alternate_source,222,0x00DE,arms,False,4,180,20,3,0,0x00000000,30,20,1/2,strengthened_plus_thickened,9,15,26,4,30,3.0,48583,low,7,49,49,16,,,computed-only,computed-only,0,0,19,0,27,0,0,,
48648,0xBE08,赤备大将大铠　胸甲,防具,身体,武士防具,chest,663,alternate_source,39556,0x9A84,chest,False,4,180,20,3,0,0x00000000,30,20,0/0,unmodified,9,15,92,0,92,9.2,48648,low,0,100,100,17,,,computed-only,computed-only,0,0,6,5,0,0,0,,
48648,0xBE08,赤备大将大铠　胸甲,防具,身体,武士防具,chest,663,alternate_source,39556,0x9A84,chest,False,4,180,20,3,0,0x00000000,30,20,1/0,strengthened,9,15,92,0,92,9.2,48648,low,7,100,100,17,,,computed-only,computed-only,0,0,13,12,0,0,0,,
48648,0xBE08,赤备大将大铠　胸甲,防具,身体,武士防具,chest,663,alternate_source,39556,0x9A84,chest,False,4,180,20,3,0,0x00000000,30,20,2/0,thickened,9,15,92,4,96,9.6,48648,low,0,100,100,17,,,computed-only,computed-only,0,0,6,5,0,0,0,,
48648,0xBE08,赤备大将大铠　胸甲,防具,身体,武士防具,chest,663,alternate_source,39556,0x9A84,chest,False,4,180,20,3,0,0x00000000,30,20,1/1,extreme_strengthened,9,15,92,0,92,9.2,48648,low,15,100,100,17,,,computed-only,computed-only,0,0,21,20,0,0,0,,
48648,0xBE08,赤备大将大铠　胸甲,防具,身体,武士防具,chest,663,alternate_source,39556,0x9A84,chest,False,4,180,20,3,0,0x00000000,30,20,2/2,extreme_thickened,9,15,92,9,101,10.1,48648,low,0,100,100,17,,,computed-only,computed-only,0,0,6,5,0,0,0,,
48648,0xBE08,赤备大将大铠　胸甲,防具,身体,武士防具,chest,663,alternate_source,39556,0x9A84,chest,False,4,180,20,3,0,0x00000000,30,20,1/2,strengthened_plus_thickened,9,15,92,4,96,9.6,48648,low,7,100,100,17,,,computed-only,computed-only,0,0,13,12,0,0,0,,
48704,0xBE40,,防具或饰品,,装备,head,1213,alternate_source,2028,0x07EC,head,False,4,180,20,3,0,0x00000000,30,20,0/0,unmodified,9,15,33,0,33,3.3,48704,low,0,31,31,16,,,computed-only,computed-only,21,0,0,21,0,0,0,,
48704,0xBE40,,防具或饰品,,装备,head,1213,alternate_source,2028,0x07EC,head,False,4,180,20,3,0,0x00000000,30,20,1/0,strengthened,9,15,33,0,33,3.3,48704,low,7,31,31,16,,,computed-only,computed-only,28,0,0,28,0,0,0,,
48704,0xBE40,,防具或饰品,,装备,head,1213,alternate_source,2028,0x07EC,head,False,4,180,20,3,0,0x00000000,30,20,2/0,thickened,9,15,33,4,37,3.7,48704,low,0,31,31,16,,,computed-only,computed-only,21,0,0,21,0,0,0,,
48704,0xBE40,,防具或饰品,,装备,head,1213,alternate_source,2028,0x07EC,head,False,4,180,20,3,0,0x00000000,30,20,1/1,extreme_strengthened,9,15,33,0,33,3.3,48704,low,15,31,31,16,,,computed-only,computed-only,36,0,0,36,0,0,0,,
48704,0xBE40,,防具或饰品,,装备,head,1213,alternate_source,2028,0x07EC,head,False,4,180,20,3,0,0x00000000,30,20,2/2,extreme_thickened,9,15,33,9,42,4.2,48704,low,0,31,31,16,,,computed-only,computed-only,21,0,0,21,0,0,0,,
48704,0xBE40,,防具或饰品,,装备,head,1213,alternate_source,2028,0x07EC,head,False,4,180,20,3,0,0x00000000,30,20,1/2,strengthened_plus_thickened,9,15,33,4,37,3.7,48704,low,7,31,31,16,,,computed-only,computed-only,28,0,0,28,0,0,0,,
48705,0xBE41,,防具或饰品,,装备,chest,1264,alternate_source,49295,0xC08F,chest,False,4,180,20,3,0,0x00000000,30,20,0/0,unmodified,9,15,30,0,30,3.0,48705,low,0,38,38,15,,,computed-only,computed-only,0,0,0,22,22,0,0,,
48705,0xBE41,,防具或饰品,,装备,chest,1264,alternate_source,49295,0xC08F,chest,False,4,180,20,3,0,0x00000000,30,20,1/0,strengthened,9,15,30,0,30,3.0,48705,low,7,38,38,15,,,computed-only,computed-only,0,0,0,29,29,0,0,,
48705,0xBE41,,防具或饰品,,装备,chest,1264,alternate_source,49295,0xC08F,chest,False,4,180,20,3,0,0x00000000,30,20,2/0,thickened,9,15,30,4,34,3.4,48705,low,0,38,38,15,,,computed-only,computed-only,0,0,0,22,22,0,0,,
48705,0xBE41,,防具或饰品,,装备,chest,1264,alternate_source,49295,0xC08F,chest,False,4,180,20,3,0,0x00000000,30,20,1/1,extreme_strengthened,9,15,30,0,30,3.0,48705,low,15,38,38,15,,,computed-only,computed-only,0,0,0,37,37,0,0,,
48705,0xBE41,,防具或饰品,,装备,chest,1264,alternate_source,49295,0xC08F,chest,False,4,180,20,3,0,0x00000000,30,20,2/2,extreme_thickened,9,15,30,9,39,3.9,48705,low,0,38,38,15,,,computed-only,computed-only,0,0,0,22,22,0,0,,
48705,0xBE41,,防具或饰品,,装备,chest,1264,alternate_source,49295,0xC08F,chest,False,4,180,20,3,0,0x00000000,30,20,1/2,strengthened_plus_thickened,9,15,30,4,34,3.4,48705,low,7,38,38,15,,,computed-only,computed-only,0,0,0,29,29,0,0,,
48821,0xBEB5,最后的忍者装束　腿甲,防具,足部,忍者防具,feet,733,alternate_source,12352,0x3040,feet,False,4,180,20,3,0,0x00000000,30,20,0/0,unmodified,9,15,19,0,19,1.9,48821,low,0,28,28,16,,,computed-only,computed-only,0,0,15,0,19,0,0,,
48821,0xBEB5,最后的忍者装束　腿甲,防具,足部,忍者防具,feet,733,alternate_source,12352,0x3040,feet,False,4,180,20,3,0,0x00000000,30,20,1/0,strengthened,9,15,19,0,19,1.9,48821,low,7,28,28,16,,,computed-only,computed-only,0,0,22,0,26,0,0,,
48821,0xBEB5,最后的忍者装束　腿甲,防具,足部,忍者防具,feet,733,alternate_source,12352,0x3040,feet,False,4,180,20,3,0,0x00000000,30,20,2/0,thickened,9,15,19,4,23,2.3,48821,low,0,28,28,16,,,computed-only,computed-only,0,0,15,0,19,0,0,,
48821,0xBEB5,最后的忍者装束　腿甲,防具,足部,忍者防具,feet,733,alternate_source,12352,0x3040,feet,False,4,180,20,3,0,0x00000000,30,20,1/1,extreme_strengthened,9,15,19,0,19,1.9,48821,low,15,28,28,16,,,computed-only,computed-only,0,0,30,0,34,0,0,,
48821,0xBEB5,最后的忍者装束　腿甲,防具,足部,忍者防具,feet,733,alternate_source,12352,0x3040,feet,False,4,180,20,3,0,0x00000000,30,20,2/2,extreme_thickened,9,15,19,9,28,2.8,48821,low,0,28,28,16,,,computed-only,computed-only,0,0,15,0,19,0,0,,
48821,0xBEB5,最后的忍者装束　腿甲,防具,足部,忍者防具,feet,733,alternate_source,12352,0x3040,feet,False,4,180,20,3,0,0x00000000,30,20,1/2,strengthened_plus_thickened,9,15,19,4,23,2.3,48821,low,7,28,28,16,,,computed-only,computed-only,0,0,22,0,26,0,0,,
48824,0xBEB8,新选组队服　足履,防具,足部,武士防具,feet,679,standalone,48824,0xBEB8,feet,False,4,180,20,3,0,0x00000000,30,20,0/0,unmodified,9,15,17,0,17,1.7,48824,low,0,12,12,15,,,computed-only,computed-only,15,0,0,0,15,0,0,,
48824,0xBEB8,新选组队服　足履,防具,足部,武士防具,feet,679,standalone,48824,0xBEB8,feet,False,4,180,20,3,0,0x00000000,30,20,1/0,strengthened,9,15,17,0,17,1.7,48824,low,7,12,12,15,,,computed-only,computed-only,22,0,0,0,22,0,0,,
48824,0xBEB8,新选组队服　足履,防具,足部,武士防具,feet,679,standalone,48824,0xBEB8,feet,False,4,180,20,3,0,0x00000000,30,20,2/0,thickened,9,15,17,4,21,2.1,48824,low,0,12,12,15,,,computed-only,computed-only,15,0,0,0,15,0,0,,
48824,0xBEB8,新选组队服　足履,防具,足部,武士防具,feet,679,standalone,48824,0xBEB8,feet,False,4,180,20,3,0,0x00000000,30,20,1/1,extreme_strengthened,9,15,17,0,17,1.7,48824,low,15,12,12,15,,,computed-only,computed-only,30,0,0,0,30,0,0,,
48824,0xBEB8,新选组队服　足履,防具,足部,武士防具,feet,679,standalone,48824,0xBEB8,feet,False,4,180,20,3,0,0x00000000,30,20,2/2,extreme_thickened,9,15,17,9,26,2.6,48824,low,0,12,12,15,,,computed-only,computed-only,15,0,0,0,15,0,0,,
48824,0xBEB8,新选组队服　足履,防具,足部,武士防具,feet,679,standalone,48824,0xBEB8,feet,False,4,180,20,3,0,0x00000000,30,20,1/2,strengthened_plus_thickened,9,15,17,4,21,2.1,48824,low,7,12,12,15,,,computed-only,computed-only,22,0,0,0,22,0,0,,
48975,0xBF4F,逃弹正之铠　腿甲,防具,足部,武士防具,feet,718,alternate_source,51280,0xC850,feet,False,4,180,20,3,0,0x00000000,30,20,0/0,unmodified,9,15,49,0,49,4.9,48975,low,0,50,50,17,,,computed-only,computed-only,0,0,9,8,0,0,0,,
48975,0xBF4F,逃弹正之铠　腿甲,防具,足部,武士防具,feet,718,alternate_source,51280,0xC850,feet,False,4,180,20,3,0,0x00000000,30,20,1/0,strengthened,9,15,49,0,49,4.9,48975,low,7,50,50,17,,,computed-only,computed-only,0,0,16,15,0,0,0,,
48975,0xBF4F,逃弹正之铠　腿甲,防具,足部,武士防具,feet,718,alternate_source,51280,0xC850,feet,False,4,180,20,3,0,0x00000000,30,20,2/0,thickened,9,15,49,4,53,5.3,48975,low,0,50,50,17,,,computed-only,computed-only,0,0,9,8,0,0,0,,
48975,0xBF4F,逃弹正之铠　腿甲,防具,足部,武士防具,feet,718,alternate_source,51280,0xC850,feet,False,4,180,20,3,0,0x00000000,30,20,1/1,extreme_strengthened,9,15,49,0,49,4.9,48975,low,15,50,50,17,,,computed-only,computed-only,0,0,24,23,0,0,0,,
48975,0xBF4F,逃弹正之铠　腿甲,防具,足部,武士防具,feet,718,alternate_source,51280,0xC850,feet,False,4,180,20,3,0,0x00000000,30,20,2/2,extreme_thickened,9,15,49,9,58,5.8,48975,low,0,50,50,17,,,computed-only,computed-only,0,0,9,8,0,0,0,,
48975,0xBF4F,逃弹正之铠　腿甲,防具,足部,武士防具,feet,718,alternate_source,51280,0xC850,feet,False,4,180,20,3,0,0x00000000,30,20,1/2,strengthened_plus_thickened,9,15,49,4,53,5.3,48975,low,7,50,50,17,,,computed-only,computed-only,0,0,16,15,0,0,0,,
49106,0xBFD2,新选组队服　护额,防具,头部,武士防具,head,677,standalone,49106,0xBFD2,head,False,4,180,20,3,0,0x00000000,30,20,0/0,unmodified,9,15,17,0,17,1.7,49106,low,0,12,12,15,,,computed-only,computed-only,15,0,0,0,15,0,0,,
49106,0xBFD2,新选组队服　护额,防具,头部,武士防具,head,677,standalone,49106,0xBFD2,head,False,4,180,20,3,0,0x00000000,30,20,1/0,strengthened,9,15,17,0,17,1.7,49106,low,7,12,12,15,,,computed-only,computed-only,22,0,0,0,22,0,0,,
49106,0xBFD2,新选组队服　护额,防具,头部,武士防具,head,677,standalone,49106,0xBFD2,head,False,4,180,20,3,0,0x00000000,30,20,2/0,thickened,9,15,17,4,21,2.1,49106,low,0,12,12,15,,,computed-only,computed-only,15,0,0,0,15,0,0,,
49106,0xBFD2,新选组队服　护额,防具,头部,武士防具,head,677,standalone,49106,0xBFD2,head,False,4,180,20,3,0,0x00000000,30,20,1/1,extreme_strengthened,9,15,17,0,17,1.7,49106,low,15,12,12,15,,,computed-only,computed-only,30,0,0,0,30,0,0,,
49106,0xBFD2,新选组队服　护额,防具,头部,武士防具,head,677,standalone,49106,0xBFD2,head,False,4,180,20,3,0,0x00000000,30,20,2/2,extreme_thickened,9,15,17,9,26,2.6,49106,low,0,12,12,15,,,computed-only,computed-only,15,0,0,0,15,0,0,,
49106,0xBFD2,新选组队服　护额,防具,头部,武士防具,head,677,standalone,49106,0xBFD2,head,False,4,180,20,3,0,0x00000000,30,20,1/2,strengthened_plus_thickened,9,15,17,4,21,2.1,49106,low,7,12,12,15,,,computed-only,computed-only,22,0,0,0,22,0,0,,
49111,0xBFD7,足轻中铠　阵笠,防具,头部,武士防具,head,1009,alternate_source,54298,0xD41A,head,False,4,180,20,3,0,0x00000000,30,20,0/0,unmodified,9,15,35,0,35,3.5,49111,low,0,31,31,16,,,computed-only,computed-only,7,0,0,6,0,0,0,,
49111,0xBFD7,足轻中铠　阵笠,防具,头部,武士防具,head,1009,alternate_source,54298,0xD41A,head,False,4,180,20,3,0,0x00000000,30,20,1/0,strengthened,9,15,35,0,35,3.5,49111,low,7,31,31,16,,,computed-only,computed-only,14,0,0,13,0,0,0,,
49111,0xBFD7,足轻中铠　阵笠,防具,头部,武士防具,head,1009,alternate_source,54298,0xD41A,head,False,4,180,20,3,0,0x00000000,30,20,2/0,thickened,9,15,35,4,39,3.9,49111,low,0,31,31,16,,,computed-only,computed-only,7,0,0,6,0,0,0,,
49111,0xBFD7,足轻中铠　阵笠,防具,头部,武士防具,head,1009,alternate_source,54298,0xD41A,head,False,4,180,20,3,0,0x00000000,30,20,1/1,extreme_strengthened,9,15,35,0,35,3.5,49111,low,15,31,31,16,,,computed-only,computed-only,22,0,0,21,0,0,0,,
49111,0xBFD7,足轻中铠　阵笠,防具,头部,武士防具,head,1009,alternate_source,54298,0xD41A,head,False,4,180,20,3,0,0x00000000,30,20,2/2,extreme_thickened,9,15,35,9,44,4.4,49111,low,0,31,31,16,,,computed-only,computed-only,7,0,0,6,0,0,0,,
49111,0xBFD7,足轻中铠　阵笠,防具,头部,武士防具,head,1009,alternate_source,54298,0xD41A,head,False,4,180,20,3,0,0x00000000,30,20,1/2,strengthened_plus_thickened,9,15,35,4,39,3.9,49111,low,7,31,31,16,,,computed-only,computed-only,14,0,0,13,0,0,0,,
49138,0xBFF2,伊贺上忍装束　腿甲,防具,足部,忍者防具,feet,929,alternate_source,52829,0xCE5D,feet,False,4,180,20,3,0,0x00000000,30,20,0/0,unmodified,9,15,7,0,7,0.7,49138,low,0,18,18,15,,,computed-only,computed-only,8,0,0,0,9,0,0,,
49138,0xBFF2,伊贺上忍装束　腿甲,防具,足部,忍者防具,feet,929,alternate_source,52829,0xCE5D,feet,False,4,180,20,3,0,0x00000000,30,20,1/0,strengthened,9,15,7,0,7,0.7,49138,low,7,18,18,15,,,computed-only,computed-only,15,0,0,0,16,0,0,,
49138,0xBFF2,伊贺上忍装束　腿甲,防具,足部,忍者防具,feet,929,alternate_source,52829,0xCE5D,feet,False,4,180,20,3,0,0x00000000,30,20,2/0,thickened,9,15,7,4,11,1.1,49138,low,0,18,18,15,,,computed-only,computed-only,8,0,0,0,9,0,0,,
49138,0xBFF2,伊贺上忍装束　腿甲,防具,足部,忍者防具,feet,929,alternate_source,52829,0xCE5D,feet,False,4,180,20,3,0,0x00000000,30,20,1/1,extreme_strengthened,9,15,7,0,7,0.7,49138,low,15,18,18,15,,,computed-only,computed-only,23,0,0,0,24,0,0,,
49138,0xBFF2,伊贺上忍装束　腿甲,防具,足部,忍者防具,feet,929,alternate_source,52829,0xCE5D,feet,False,4,180,20,3,0,0x00000000,30,20,2/2,extreme_thickened,9,15,7,9,16,1.6,49138,low,0,18,18,15,,,computed-only,computed-only,8,0,0,0,9,0,0,,
49138,0xBFF2,伊贺上忍装束　腿甲,防具,足部,忍者防具,feet,929,alternate_source,52829,0xCE5D,feet,False,4,180,20,3,0,0x00000000,30,20,1/2,strengthened_plus_thickened,9,15,7,4,11,1.1,49138,low,7,18,18,15,,,computed-only,computed-only,15,0,0,0,16,0,0,,
49173,0xC015,不请自来者之铠　膝甲,防具,腿部,武士防具,legs,868,alternate_source,13357,0x342D,legs,False,4,180,20,3,0,0x00000000,30,20,0/0,unmodified,9,15,21,0,21,2.1,49173,low,0,29,29,15,,,computed-only,computed-only,5,0,0,0,6,0,0,,
49173,0xC015,不请自来者之铠　膝甲,防具,腿部,武士防具,legs,868,alternate_source,13357,0x342D,legs,False,4,180,20,3,0,0x00000000,30,20,1/0,strengthened,9,15,21,0,21,2.1,49173,low,7,29,29,15,,,computed-only,computed-only,12,0,0,0,13,0,0,,
49173,0xC015,不请自来者之铠　膝甲,防具,腿部,武士防具,legs,868,alternate_source,13357,0x342D,legs,False,4,180,20,3,0,0x00000000,30,20,2/0,thickened,9,15,21,4,25,2.5,49173,low,0,29,29,15,,,computed-only,computed-only,5,0,0,0,6,0,0,,
49173,0xC015,不请自来者之铠　膝甲,防具,腿部,武士防具,legs,868,alternate_source,13357,0x342D,legs,False,4,180,20,3,0,0x00000000,30,20,1/1,extreme_strengthened,9,15,21,0,21,2.1,49173,low,15,29,29,15,,,computed-only,computed-only,20,0,0,0,21,0,0,,
49173,0xC015,不请自来者之铠　膝甲,防具,腿部,武士防具,legs,868,alternate_source,13357,0x342D,legs,False,4,180,20,3,0,0x00000000,30,20,2/2,extreme_thickened,9,15,21,9,30,3.0,49173,low,0,29,29,15,,,computed-only,computed-only,5,0,0,0,6,0,0,,
49173,0xC015,不请自来者之铠　膝甲,防具,腿部,武士防具,legs,868,alternate_source,13357,0x342D,legs,False,4,180,20,3,0,0x00000000,30,20,1/2,strengthened_plus_thickened,9,15,21,4,25,2.5,49173,low,7,29,29,15,,,computed-only,computed-only,12,0,0,0,13,0,0,,
49225,0xC049,摆渡者装束　头巾,防具,头部,忍者防具,head,895,alternate_source,35931,0x8C5B,head,False,4,180,20,3,0,0x00000000,30,20,0/0,unmodified,9,15,7,0,7,0.7,49225,low,0,18,18,15,,,computed-only,computed-only,7,0,0,0,8,0,0,,
49225,0xC049,摆渡者装束　头巾,防具,头部,忍者防具,head,895,alternate_source,35931,0x8C5B,head,False,4,180,20,3,0,0x00000000,30,20,1/0,strengthened,9,15,7,0,7,0.7,49225,low,7,18,18,15,,,computed-only,computed-only,14,0,0,0,15,0,0,,
49225,0xC049,摆渡者装束　头巾,防具,头部,忍者防具,head,895,alternate_source,35931,0x8C5B,head,False,4,180,20,3,0,0x00000000,30,20,2/0,thickened,9,15,7,4,11,1.1,49225,low,0,18,18,15,,,computed-only,computed-only,7,0,0,0,8,0,0,,
49225,0xC049,摆渡者装束　头巾,防具,头部,忍者防具,head,895,alternate_source,35931,0x8C5B,head,False,4,180,20,3,0,0x00000000,30,20,1/1,extreme_strengthened,9,15,7,0,7,0.7,49225,low,15,18,18,15,,,computed-only,computed-only,22,0,0,0,23,0,0,,
49225,0xC049,摆渡者装束　头巾,防具,头部,忍者防具,head,895,alternate_source,35931,0x8C5B,head,False,4,180,20,3,0,0x00000000,30,20,2/2,extreme_thickened,9,15,7,9,16,1.6,49225,low,0,18,18,15,,,computed-only,computed-only,7,0,0,0,8,0,0,,
49225,0xC049,摆渡者装束　头巾,防具,头部,忍者防具,head,895,alternate_source,35931,0x8C5B,head,False,4,180,20,3,0,0x00000000,30,20,1/2,strengthened_plus_thickened,9,15,7,4,11,1.1,49225,low,7,18,18,15,,,computed-only,computed-only,14,0,0,0,15,0,0,,
49248,0xC060,传家大铠　腿甲,防具,足部,武士防具,feet,1163,alternate_source,11011,0x2B03,feet,False,4,180,20,3,0,0x00000000,30,20,0/0,unmodified,9,15,45,0,45,4.5,49248,low,0,50,50,17,,,computed-only,computed-only,0,0,5,5,0,0,0,,
49248,0xC060,传家大铠　腿甲,防具,足部,武士防具,feet,1163,alternate_source,11011,0x2B03,feet,False,4,180,20,3,0,0x00000000,30,20,1/0,strengthened,9,15,45,0,45,4.5,49248,low,7,50,50,17,,,computed-only,computed-only,0,0,12,12,0,0,0,,
49248,0xC060,传家大铠　腿甲,防具,足部,武士防具,feet,1163,alternate_source,11011,0x2B03,feet,False,4,180,20,3,0,0x00000000,30,20,2/0,thickened,9,15,45,4,49,4.9,49248,low,0,50,50,17,,,computed-only,computed-only,0,0,5,5,0,0,0,,
49248,0xC060,传家大铠　腿甲,防具,足部,武士防具,feet,1163,alternate_source,11011,0x2B03,feet,False,4,180,20,3,0,0x00000000,30,20,1/1,extreme_strengthened,9,15,45,0,45,4.5,49248,low,15,50,50,17,,,computed-only,computed-only,0,0,20,20,0,0,0,,
49248,0xC060,传家大铠　腿甲,防具,足部,武士防具,feet,1163,alternate_source,11011,0x2B03,feet,False,4,180,20,3,0,0x00000000,30,20,2/2,extreme_thickened,9,15,45,9,54,5.4,49248,low,0,50,50,17,,,computed-only,computed-only,0,0,5,5,0,0,0,,
49248,0xC060,传家大铠　腿甲,防具,足部,武士防具,feet,1163,alternate_source,11011,0x2B03,feet,False,4,180,20,3,0,0x00000000,30,20,1/2,strengthened_plus_thickened,9,15,45,4,49,4.9,49248,low,7,50,50,17,,,computed-only,computed-only,0,0,12,12,0,0,0,,
49299,0xC093,楚叶矢众铠　面具,防具,头部,忍者防具,head,1024,alternate_source,25630,0x641E,head,False,4,180,20,3,0,0x00000000,30,20,0/0,unmodified,9,15,18,0,18,1.8,49299,low,0,28,28,16,,,computed-only,computed-only,0,0,20,0,14,0,0,,
49299,0xC093,楚叶矢众铠　面具,防具,头部,忍者防具,head,1024,alternate_source,25630,0x641E,head,False,4,180,20,3,0,0x00000000,30,20,1/0,strengthened,9,15,18,0,18,1.8,49299,low,7,28,28,16,,,computed-only,computed-only,0,0,27,0,21,0,0,,
49299,0xC093,楚叶矢众铠　面具,防具,头部,忍者防具,head,1024,alternate_source,25630,0x641E,head,False,4,180,20,3,0,0x00000000,30,20,2/0,thickened,9,15,18,4,22,2.2,49299,low,0,28,28,16,,,computed-only,computed-only,0,0,20,0,14,0,0,,
49299,0xC093,楚叶矢众铠　面具,防具,头部,忍者防具,head,1024,alternate_source,25630,0x641E,head,False,4,180,20,3,0,0x00000000,30,20,1/1,extreme_strengthened,9,15,18,0,18,1.8,49299,low,15,28,28,16,,,computed-only,computed-only,0,0,35,0,29,0,0,,
49299,0xC093,楚叶矢众铠　面具,防具,头部,忍者防具,head,1024,alternate_source,25630,0x641E,head,False,4,180,20,3,0,0x00000000,30,20,2/2,extreme_thickened,9,15,18,9,27,2.7,49299,low,0,28,28,16,,,computed-only,computed-only,0,0,20,0,14,0,0,,
49299,0xC093,楚叶矢众铠　面具,防具,头部,忍者防具,head,1024,alternate_source,25630,0x641E,head,False,4,180,20,3,0,0x00000000,30,20,1/2,strengthened_plus_thickened,9,15,18,4,22,2.2,49299,low,7,28,28,16,,,computed-only,computed-only,0,0,27,0,21,0,0,,
49521,0xC171,木曾紫之铠　乌帽子,防具,头部,武士防具,head,797,alternate_source,19000,0x4A38,head,False,4,180,20,3,0,0x00000000,30,20,0/0,unmodified,9,15,53,0,53,5.3,49521,low,0,50,50,17,,,computed-only,computed-only,0,0,15,13,0,0,0,,
49521,0xC171,木曾紫之铠　乌帽子,防具,头部,武士防具,head,797,alternate_source,19000,0x4A38,head,False,4,180,20,3,0,0x00000000,30,20,1/0,strengthened,9,15,53,0,53,5.3,49521,low,7,50,50,17,,,computed-only,computed-only,0,0,22,20,0,0,0,,
49521,0xC171,木曾紫之铠　乌帽子,防具,头部,武士防具,head,797,alternate_source,19000,0x4A38,head,False,4,180,20,3,0,0x00000000,30,20,2/0,thickened,9,15,53,4,57,5.7,49521,low,0,50,50,17,,,computed-only,computed-only,0,0,15,13,0,0,0,,
49521,0xC171,木曾紫之铠　乌帽子,防具,头部,武士防具,head,797,alternate_source,19000,0x4A38,head,False,4,180,20,3,0,0x00000000,30,20,1/1,extreme_strengthened,9,15,53,0,53,5.3,49521,low,15,50,50,17,,,computed-only,computed-only,0,0,30,28,0,0,0,,
49521,0xC171,木曾紫之铠　乌帽子,防具,头部,武士防具,head,797,alternate_source,19000,0x4A38,head,False,4,180,20,3,0,0x00000000,30,20,2/2,extreme_thickened,9,15,53,9,62,6.2,49521,low,0,50,50,17,,,computed-only,computed-only,0,0,15,13,0,0,0,,
49521,0xC171,木曾紫之铠　乌帽子,防具,头部,武士防具,head,797,alternate_source,19000,0x4A38,head,False,4,180,20,3,0,0x00000000,30,20,1/2,strengthened_plus_thickened,9,15,53,4,57,5.7,49521,low,7,50,50,17,,,computed-only,computed-only,0,0,22,20,0,0,0,,
49523,0xC173,崇佛诚心之铠　腿甲,防具,足部,武士防具,feet,1203,alternate_source,29597,0x739D,feet,False,4,180,20,3,0,0x00000000,30,20,0/0,unmodified,9,15,55,0,55,5.5,49523,low,0,50,50,17,,,computed-only,computed-only,0,0,18,17,0,0,0,,
49523,0xC173,崇佛诚心之铠　腿甲,防具,足部,武士防具,feet,1203,alternate_source,29597,0x739D,feet,False,4,180,20,3,0,0x00000000,30,20,1/0,strengthened,9,15,55,0,55,5.5,49523,low,7,50,50,17,,,computed-only,computed-only,0,0,25,24,0,0,0,,
49523,0xC173,崇佛诚心之铠　腿甲,防具,足部,武士防具,feet,1203,alternate_source,29597,0x739D,feet,False,4,180,20,3,0,0x00000000,30,20,2/0,thickened,9,15,55,4,59,5.9,49523,low,0,50,50,17,,,computed-only,computed-only,0,0,18,17,0,0,0,,
49523,0xC173,崇佛诚心之铠　腿甲,防具,足部,武士防具,feet,1203,alternate_source,29597,0x739D,feet,False,4,180,20,3,0,0x00000000,30,20,1/1,extreme_strengthened,9,15,55,0,55,5.5,49523,low,15,50,50,17,,,computed-only,computed-only,0,0,33,32,0,0,0,,
49523,0xC173,崇佛诚心之铠　腿甲,防具,足部,武士防具,feet,1203,alternate_source,29597,0x739D,feet,False,4,180,20,3,0,0x00000000,30,20,2/2,extreme_thickened,9,15,55,9,64,6.4,49523,low,0,50,50,17,,,computed-only,computed-only,0,0,18,17,0,0,0,,
49523,0xC173,崇佛诚心之铠　腿甲,防具,足部,武士防具,feet,1203,alternate_source,29597,0x739D,feet,False,4,180,20,3,0,0x00000000,30,20,1/2,strengthened_plus_thickened,9,15,55,4,59,5.9,49523,low,7,50,50,17,,,computed-only,computed-only,0,0,25,24,0,0,0,,
49550,0xC18E,盗贼轻铠　胸甲,防具,身体,忍者防具,chest,871,alternate_source,54701,0xD5AD,chest,False,4,180,20,3,0,0x00000000,30,20,0/0,unmodified,9,15,12,0,12,1.2,49550,low,0,36,36,15,,,live-matched-configuration,native-query-on-temporary-record,6,0,0,0,5,0,0,weight;toughness;requirement_0;requirement_1;requirement_2;requirement_3;requirement_4;requirement_5;requirement_6,
49550,0xC18E,盗贼轻铠　胸甲,防具,身体,忍者防具,chest,871,alternate_source,54701,0xD5AD,chest,False,4,180,20,3,0,0x00000000,30,20,1/0,strengthened,9,15,12,0,12,1.2,49550,low,7,36,36,15,,,live-matched-configuration,native-query-on-temporary-record,13,0,0,0,12,0,0,weight;toughness;requirement_0;requirement_1;requirement_2;requirement_3;requirement_4;requirement_5;requirement_6,
49550,0xC18E,盗贼轻铠　胸甲,防具,身体,忍者防具,chest,871,alternate_source,54701,0xD5AD,chest,False,4,180,20,3,0,0x00000000,30,20,2/0,thickened,9,15,12,4,16,1.6,49550,low,0,36,36,15,,,live-matched-configuration,native-query-on-temporary-record,6,0,0,0,5,0,0,weight;toughness;requirement_0;requirement_1;requirement_2;requirement_3;requirement_4;requirement_5;requirement_6,
49550,0xC18E,盗贼轻铠　胸甲,防具,身体,忍者防具,chest,871,alternate_source,54701,0xD5AD,chest,False,4,180,20,3,0,0x00000000,30,20,1/1,extreme_strengthened,9,15,12,0,12,1.2,49550,low,15,36,36,15,,,live-matched-configuration,native-query-on-temporary-record,21,0,0,0,20,0,0,weight;toughness;requirement_0;requirement_1;requirement_2;requirement_3;requirement_4;requirement_5;requirement_6,
49550,0xC18E,盗贼轻铠　胸甲,防具,身体,忍者防具,chest,871,alternate_source,54701,0xD5AD,chest,False,4,180,20,3,0,0x00000000,30,20,2/2,extreme_thickened,9,15,12,9,21,2.1,49550,low,0,36,36,15,,,live-matched-configuration,native-query-on-temporary-record,6,0,0,0,5,0,0,weight;toughness;requirement_0;requirement_1;requirement_2;requirement_3;requirement_4;requirement_5;requirement_6,
49550,0xC18E,盗贼轻铠　胸甲,防具,身体,忍者防具,chest,871,alternate_source,54701,0xD5AD,chest,False,4,180,20,3,0,0x00000000,30,20,1/2,strengthened_plus_thickened,9,15,12,4,16,1.6,49550,low,7,36,36,15,,,live-matched-configuration,native-query-on-temporary-record,13,0,0,0,12,0,0,weight;toughness;requirement_0;requirement_1;requirement_2;requirement_3;requirement_4;requirement_5;requirement_6,
49635,0xC1E3,盗贼轻铠　臂甲,防具,手臂,忍者防具,arms,21,standalone,49635,0xC1E3,arms,False,4,180,20,3,0,0x00000000,30,20,0/0,unmodified,9,15,10,0,10,1.0,49635,low,0,8,8,15,,,computed-only,computed-only,4,0,0,0,5,0,0,,
49635,0xC1E3,盗贼轻铠　臂甲,防具,手臂,忍者防具,arms,21,standalone,49635,0xC1E3,arms,False,4,180,20,3,0,0x00000000,30,20,1/0,strengthened,9,15,10,0,10,1.0,49635,low,7,8,8,15,,,computed-only,computed-only,11,0,0,0,12,0,0,,
49635,0xC1E3,盗贼轻铠　臂甲,防具,手臂,忍者防具,arms,21,standalone,49635,0xC1E3,arms,False,4,180,20,3,0,0x00000000,30,20,2/0,thickened,9,15,10,4,14,1.4,49635,low,0,8,8,15,,,computed-only,computed-only,4,0,0,0,5,0,0,,
49635,0xC1E3,盗贼轻铠　臂甲,防具,手臂,忍者防具,arms,21,standalone,49635,0xC1E3,arms,False,4,180,20,3,0,0x00000000,30,20,1/1,extreme_strengthened,9,15,10,0,10,1.0,49635,low,15,8,8,15,,,computed-only,computed-only,19,0,0,0,20,0,0,,
49635,0xC1E3,盗贼轻铠　臂甲,防具,手臂,忍者防具,arms,21,standalone,49635,0xC1E3,arms,False,4,180,20,3,0,0x00000000,30,20,2/2,extreme_thickened,9,15,10,9,19,1.9,49635,low,0,8,8,15,,,computed-only,computed-only,4,0,0,0,5,0,0,,
49635,0xC1E3,盗贼轻铠　臂甲,防具,手臂,忍者防具,arms,21,standalone,49635,0xC1E3,arms,False,4,180,20,3,0,0x00000000,30,20,1/2,strengthened_plus_thickened,9,15,10,4,14,1.4,49635,low,7,8,8,15,,,computed-only,computed-only,11,0,0,0,12,0,0,,
49658,0xC1FA,足轻中铠　膝甲,防具,腿部,武士防具,legs,1012,alternate_source,27970,0x6D42,legs,False,4,180,20,3,0,0x00000000,30,20,0/0,unmodified,9,15,53,0,53,5.3,49658,low,0,47,47,16,,,computed-only,computed-only,7,0,0,6,0,0,0,,
49658,0xC1FA,足轻中铠　膝甲,防具,腿部,武士防具,legs,1012,alternate_source,27970,0x6D42,legs,False,4,180,20,3,0,0x00000000,30,20,1/0,strengthened,9,15,53,0,53,5.3,49658,low,7,47,47,16,,,computed-only,computed-only,14,0,0,13,0,0,0,,
49658,0xC1FA,足轻中铠　膝甲,防具,腿部,武士防具,legs,1012,alternate_source,27970,0x6D42,legs,False,4,180,20,3,0,0x00000000,30,20,2/0,thickened,9,15,53,4,57,5.7,49658,low,0,47,47,16,,,computed-only,computed-only,7,0,0,6,0,0,0,,
49658,0xC1FA,足轻中铠　膝甲,防具,腿部,武士防具,legs,1012,alternate_source,27970,0x6D42,legs,False,4,180,20,3,0,0x00000000,30,20,1/1,extreme_strengthened,9,15,53,0,53,5.3,49658,low,15,47,47,16,,,computed-only,computed-only,22,0,0,21,0,0,0,,
49658,0xC1FA,足轻中铠　膝甲,防具,腿部,武士防具,legs,1012,alternate_source,27970,0x6D42,legs,False,4,180,20,3,0,0x00000000,30,20,2/2,extreme_thickened,9,15,53,9,62,6.2,49658,low,0,47,47,16,,,computed-only,computed-only,7,0,0,6,0,0,0,,
49658,0xC1FA,足轻中铠　膝甲,防具,腿部,武士防具,legs,1012,alternate_source,27970,0x6D42,legs,False,4,180,20,3,0,0x00000000,30,20,1/2,strengthened_plus_thickened,9,15,53,4,57,5.7,49658,low,7,47,47,16,,,computed-only,computed-only,14,0,0,13,0,0,0,,
49719,0xC237,威光中铠　腿甲,防具,足部,武士防具,feet,742,alternate_source,43752,0xAAE8,feet,False,4,180,20,3,0,0x00000000,30,20,0/0,unmodified,9,15,40,0,40,4.0,49719,low,0,31,31,16,,,computed-only,computed-only,16,0,0,15,0,0,0,,
49719,0xC237,威光中铠　腿甲,防具,足部,武士防具,feet,742,alternate_source,43752,0xAAE8,feet,False,4,180,20,3,0,0x00000000,30,20,1/0,strengthened,9,15,40,0,40,4.0,49719,low,7,31,31,16,,,computed-only,computed-only,23,0,0,22,0,0,0,,
49719,0xC237,威光中铠　腿甲,防具,足部,武士防具,feet,742,alternate_source,43752,0xAAE8,feet,False,4,180,20,3,0,0x00000000,30,20,2/0,thickened,9,15,40,4,44,4.4,49719,low,0,31,31,16,,,computed-only,computed-only,16,0,0,15,0,0,0,,
49719,0xC237,威光中铠　腿甲,防具,足部,武士防具,feet,742,alternate_source,43752,0xAAE8,feet,False,4,180,20,3,0,0x00000000,30,20,1/1,extreme_strengthened,9,15,40,0,40,4.0,49719,low,15,31,31,16,,,computed-only,computed-only,31,0,0,30,0,0,0,,
49719,0xC237,威光中铠　腿甲,防具,足部,武士防具,feet,742,alternate_source,43752,0xAAE8,feet,False,4,180,20,3,0,0x00000000,30,20,2/2,extreme_thickened,9,15,40,9,49,4.9,49719,low,0,31,31,16,,,computed-only,computed-only,16,0,0,15,0,0,0,,
49719,0xC237,威光中铠　腿甲,防具,足部,武士防具,feet,742,alternate_source,43752,0xAAE8,feet,False,4,180,20,3,0,0x00000000,30,20,1/2,strengthened_plus_thickened,9,15,40,4,44,4.4,49719,low,7,31,31,16,,,computed-only,computed-only,23,0,0,22,0,0,0,,
49788,0xC27C,摆渡者装束　腿甲,防具,足部,忍者防具,feet,899,alternate_source,52829,0xCE5D,feet,False,4,180,20,3,0,0x00000000,30,20,0/0,unmodified,9,15,7,0,7,0.7,49788,low,0,18,18,15,,,computed-only,computed-only,7,0,0,0,8,0,0,,
49788,0xC27C,摆渡者装束　腿甲,防具,足部,忍者防具,feet,899,alternate_source,52829,0xCE5D,feet,False,4,180,20,3,0,0x00000000,30,20,1/0,strengthened,9,15,7,0,7,0.7,49788,low,7,18,18,15,,,computed-only,computed-only,14,0,0,0,15,0,0,,
49788,0xC27C,摆渡者装束　腿甲,防具,足部,忍者防具,feet,899,alternate_source,52829,0xCE5D,feet,False,4,180,20,3,0,0x00000000,30,20,2/0,thickened,9,15,7,4,11,1.1,49788,low,0,18,18,15,,,computed-only,computed-only,7,0,0,0,8,0,0,,
49788,0xC27C,摆渡者装束　腿甲,防具,足部,忍者防具,feet,899,alternate_source,52829,0xCE5D,feet,False,4,180,20,3,0,0x00000000,30,20,1/1,extreme_strengthened,9,15,7,0,7,0.7,49788,low,15,18,18,15,,,computed-only,computed-only,22,0,0,0,23,0,0,,
49788,0xC27C,摆渡者装束　腿甲,防具,足部,忍者防具,feet,899,alternate_source,52829,0xCE5D,feet,False,4,180,20,3,0,0x00000000,30,20,2/2,extreme_thickened,9,15,7,9,16,1.6,49788,low,0,18,18,15,,,computed-only,computed-only,7,0,0,0,8,0,0,,
49788,0xC27C,摆渡者装束　腿甲,防具,足部,忍者防具,feet,899,alternate_source,52829,0xCE5D,feet,False,4,180,20,3,0,0x00000000,30,20,1/2,strengthened_plus_thickened,9,15,7,4,11,1.1,49788,low,7,18,18,15,,,computed-only,computed-only,14,0,0,0,15,0,0,,
49800,0xC288,盾无　胸甲,防具,身体,武士防具,chest,1175,alternate_source,36084,0x8CF4,chest,False,4,180,20,3,0,0x00000000,30,20,0/0,unmodified,9,15,104,0,104,10.4,49800,low,0,100,100,17,,,live-matched-configuration,native-query-on-temporary-record,0,0,12,13,0,0,0,weight;toughness;requirement_0;requirement_1;requirement_2;requirement_3;requirement_4;requirement_5;requirement_6,
49800,0xC288,盾无　胸甲,防具,身体,武士防具,chest,1175,alternate_source,36084,0x8CF4,chest,False,4,180,20,3,0,0x00000000,30,20,1/0,strengthened,9,15,104,0,104,10.4,49800,low,7,100,100,17,,,live-matched-configuration,native-query-on-temporary-record,0,0,19,20,0,0,0,weight;toughness;requirement_0;requirement_1;requirement_2;requirement_3;requirement_4;requirement_5;requirement_6,
49800,0xC288,盾无　胸甲,防具,身体,武士防具,chest,1175,alternate_source,36084,0x8CF4,chest,False,4,180,20,3,0,0x00000000,30,20,2/0,thickened,9,15,104,4,108,10.8,49800,low,0,100,100,17,,,live-matched-configuration,native-query-on-temporary-record,0,0,12,13,0,0,0,weight;toughness;requirement_0;requirement_1;requirement_2;requirement_3;requirement_4;requirement_5;requirement_6,
49800,0xC288,盾无　胸甲,防具,身体,武士防具,chest,1175,alternate_source,36084,0x8CF4,chest,False,4,180,20,3,0,0x00000000,30,20,1/1,extreme_strengthened,9,15,104,0,104,10.4,49800,low,15,100,100,17,,,live-matched-configuration,native-query-on-temporary-record,0,0,27,28,0,0,0,weight;toughness;requirement_0;requirement_1;requirement_2;requirement_3;requirement_4;requirement_5;requirement_6,
49800,0xC288,盾无　胸甲,防具,身体,武士防具,chest,1175,alternate_source,36084,0x8CF4,chest,False,4,180,20,3,0,0x00000000,30,20,2/2,extreme_thickened,9,15,104,9,113,11.3,49800,low,0,100,100,17,,,live-matched-configuration,native-query-on-temporary-record,0,0,12,13,0,0,0,weight;toughness;requirement_0;requirement_1;requirement_2;requirement_3;requirement_4;requirement_5;requirement_6,
49800,0xC288,盾无　胸甲,防具,身体,武士防具,chest,1175,alternate_source,36084,0x8CF4,chest,False,4,180,20,3,0,0x00000000,30,20,1/2,strengthened_plus_thickened,9,15,104,4,108,10.8,49800,low,7,100,100,17,,,live-matched-configuration,native-query-on-temporary-record,0,0,19,20,0,0,0,weight;toughness;requirement_0;requirement_1;requirement_2;requirement_3;requirement_4;requirement_5;requirement_6,
49828,0xC2A4,暗行忍者装束　臂甲,防具,手臂,忍者防具,arms,779,alternate_source,12030,0x2EFE,arms,False,4,180,20,3,0,0x00000000,30,20,0/0,unmodified,9,15,27,0,27,2.7,49828,low,0,49,49,16,,,live-matched-configuration,natural-ui-getter-observation,0,0,21,0,20,0,0,weight;toughness;requirement_0;requirement_1;requirement_2;requirement_3;requirement_4;requirement_5;requirement_6,
49828,0xC2A4,暗行忍者装束　臂甲,防具,手臂,忍者防具,arms,779,alternate_source,12030,0x2EFE,arms,False,4,180,20,3,0,0x00000000,30,20,1/0,strengthened,9,15,27,0,27,2.7,49828,low,7,49,49,16,,,live-matched-configuration,natural-ui-getter-observation,0,0,28,0,27,0,0,weight;toughness;requirement_0;requirement_1;requirement_2;requirement_3;requirement_4;requirement_5;requirement_6,
49828,0xC2A4,暗行忍者装束　臂甲,防具,手臂,忍者防具,arms,779,alternate_source,12030,0x2EFE,arms,False,4,180,20,3,0,0x00000000,30,20,2/0,thickened,9,15,27,4,31,3.1,49828,low,0,49,49,16,,,live-matched-configuration,natural-ui-getter-observation,0,0,21,0,20,0,0,weight;toughness;requirement_0;requirement_1;requirement_2;requirement_3;requirement_4;requirement_5;requirement_6,
49828,0xC2A4,暗行忍者装束　臂甲,防具,手臂,忍者防具,arms,779,alternate_source,12030,0x2EFE,arms,False,4,180,20,3,0,0x00000000,30,20,1/1,extreme_strengthened,9,15,27,0,27,2.7,49828,low,15,49,49,16,,,live-matched-configuration,natural-ui-getter-observation,0,0,36,0,35,0,0,weight;toughness;requirement_0;requirement_1;requirement_2;requirement_3;requirement_4;requirement_5;requirement_6,
49828,0xC2A4,暗行忍者装束　臂甲,防具,手臂,忍者防具,arms,779,alternate_source,12030,0x2EFE,arms,False,4,180,20,3,0,0x00000000,30,20,2/2,extreme_thickened,9,15,27,9,36,3.6,49828,low,0,49,49,16,,,live-matched-configuration,natural-ui-getter-observation,0,0,21,0,20,0,0,weight;toughness;requirement_0;requirement_1;requirement_2;requirement_3;requirement_4;requirement_5;requirement_6,
49828,0xC2A4,暗行忍者装束　臂甲,防具,手臂,忍者防具,arms,779,alternate_source,12030,0x2EFE,arms,False,4,180,20,3,0,0x00000000,30,20,1/2,strengthened_plus_thickened,9,15,27,4,31,3.1,49828,low,7,49,49,16,,,live-matched-configuration,natural-ui-getter-observation,0,0,28,0,27,0,0,weight;toughness;requirement_0;requirement_1;requirement_2;requirement_3;requirement_4;requirement_5;requirement_6,
49958,0xC326,世嗣中铠　腿甲,防具,足部,武士防具,feet,611,alternate_source,61193,0xEF09,feet,False,4,180,20,3,0,0x00000000,30,20,0/0,unmodified,9,15,33,0,33,3.3,49958,low,0,31,31,16,,,computed-only,computed-only,5,0,0,5,0,0,0,,
49958,0xC326,世嗣中铠　腿甲,防具,足部,武士防具,feet,611,alternate_source,61193,0xEF09,feet,False,4,180,20,3,0,0x00000000,30,20,1/0,strengthened,9,15,33,0,33,3.3,49958,low,7,31,31,16,,,computed-only,computed-only,12,0,0,12,0,0,0,,
49958,0xC326,世嗣中铠　腿甲,防具,足部,武士防具,feet,611,alternate_source,61193,0xEF09,feet,False,4,180,20,3,0,0x00000000,30,20,2/0,thickened,9,15,33,4,37,3.7,49958,low,0,31,31,16,,,computed-only,computed-only,5,0,0,5,0,0,0,,
49958,0xC326,世嗣中铠　腿甲,防具,足部,武士防具,feet,611,alternate_source,61193,0xEF09,feet,False,4,180,20,3,0,0x00000000,30,20,1/1,extreme_strengthened,9,15,33,0,33,3.3,49958,low,15,31,31,16,,,computed-only,computed-only,20,0,0,20,0,0,0,,
49958,0xC326,世嗣中铠　腿甲,防具,足部,武士防具,feet,611,alternate_source,61193,0xEF09,feet,False,4,180,20,3,0,0x00000000,30,20,2/2,extreme_thickened,9,15,33,9,42,4.2,49958,low,0,31,31,16,,,computed-only,computed-only,5,0,0,5,0,0,0,,
49958,0xC326,世嗣中铠　腿甲,防具,足部,武士防具,feet,611,alternate_source,61193,0xEF09,feet,False,4,180,20,3,0,0x00000000,30,20,1/2,strengthened_plus_thickened,9,15,33,4,37,3.7,49958,low,7,31,31,16,,,computed-only,computed-only,12,0,0,12,0,0,0,,
50053,0xC385,百战武者中铠　臂甲,防具,手臂,武士防具,arms,1046,alternate_source,57417,0xE049,arms,False,4,180,20,3,0,0x00000000,30,20,0/0,unmodified,9,15,39,0,39,3.9,50053,low,0,31,31,16,,,computed-only,computed-only,16,0,0,12,0,0,0,,
50053,0xC385,百战武者中铠　臂甲,防具,手臂,武士防具,arms,1046,alternate_source,57417,0xE049,arms,False,4,180,20,3,0,0x00000000,30,20,1/0,strengthened,9,15,39,0,39,3.9,50053,low,7,31,31,16,,,computed-only,computed-only,23,0,0,19,0,0,0,,
50053,0xC385,百战武者中铠　臂甲,防具,手臂,武士防具,arms,1046,alternate_source,57417,0xE049,arms,False,4,180,20,3,0,0x00000000,30,20,2/0,thickened,9,15,39,4,43,4.3,50053,low,0,31,31,16,,,computed-only,computed-only,16,0,0,12,0,0,0,,
50053,0xC385,百战武者中铠　臂甲,防具,手臂,武士防具,arms,1046,alternate_source,57417,0xE049,arms,False,4,180,20,3,0,0x00000000,30,20,1/1,extreme_strengthened,9,15,39,0,39,3.9,50053,low,15,31,31,16,,,computed-only,computed-only,31,0,0,27,0,0,0,,
50053,0xC385,百战武者中铠　臂甲,防具,手臂,武士防具,arms,1046,alternate_source,57417,0xE049,arms,False,4,180,20,3,0,0x00000000,30,20,2/2,extreme_thickened,9,15,39,9,48,4.8,50053,low,0,31,31,16,,,computed-only,computed-only,16,0,0,12,0,0,0,,
50053,0xC385,百战武者中铠　臂甲,防具,手臂,武士防具,arms,1046,alternate_source,57417,0xE049,arms,False,4,180,20,3,0,0x00000000,30,20,1/2,strengthened_plus_thickened,9,15,39,4,43,4.3,50053,low,7,31,31,16,,,computed-only,computed-only,23,0,0,19,0,0,0,,
50167,0xC3F7,御一门众之铠　头盔,防具,头部,武士防具,head,706,alternate_source,55517,0xD8DD,head,False,4,180,20,3,0,0x00000000,30,20,0/0,unmodified,9,15,48,0,48,4.8,50167,low,0,50,50,17,,,computed-only,computed-only,0,0,7,6,0,0,0,,
50167,0xC3F7,御一门众之铠　头盔,防具,头部,武士防具,head,706,alternate_source,55517,0xD8DD,head,False,4,180,20,3,0,0x00000000,30,20,1/0,strengthened,9,15,48,0,48,4.8,50167,low,7,50,50,17,,,computed-only,computed-only,0,0,14,13,0,0,0,,
50167,0xC3F7,御一门众之铠　头盔,防具,头部,武士防具,head,706,alternate_source,55517,0xD8DD,head,False,4,180,20,3,0,0x00000000,30,20,2/0,thickened,9,15,48,4,52,5.2,50167,low,0,50,50,17,,,computed-only,computed-only,0,0,7,6,0,0,0,,
50167,0xC3F7,御一门众之铠　头盔,防具,头部,武士防具,head,706,alternate_source,55517,0xD8DD,head,False,4,180,20,3,0,0x00000000,30,20,1/1,extreme_strengthened,9,15,48,0,48,4.8,50167,low,15,50,50,17,,,computed-only,computed-only,0,0,22,21,0,0,0,,
50167,0xC3F7,御一门众之铠　头盔,防具,头部,武士防具,head,706,alternate_source,55517,0xD8DD,head,False,4,180,20,3,0,0x00000000,30,20,2/2,extreme_thickened,9,15,48,9,57,5.7,50167,low,0,50,50,17,,,computed-only,computed-only,0,0,7,6,0,0,0,,
50167,0xC3F7,御一门众之铠　头盔,防具,头部,武士防具,head,706,alternate_source,55517,0xD8DD,head,False,4,180,20,3,0,0x00000000,30,20,1/2,strengthened_plus_thickened,9,15,48,4,52,5.2,50167,low,7,50,50,17,,,computed-only,computed-only,0,0,14,13,0,0,0,,
50203,0xC41B,龙头形盔,防具,头部,武士防具,head,1361,alternate_source,24733,0x609D,head,False,4,180,20,3,0,0x00000000,30,20,0/0,unmodified,9,15,15,0,15,1.5,50203,low,0,19,19,15,,,computed-only,computed-only,8,0,0,0,8,0,0,,
50203,0xC41B,龙头形盔,防具,头部,武士防具,head,1361,alternate_source,24733,0x609D,head,False,4,180,20,3,0,0x00000000,30,20,1/0,strengthened,9,15,15,0,15,1.5,50203,low,7,19,19,15,,,computed-only,computed-only,15,0,0,0,15,0,0,,
50203,0xC41B,龙头形盔,防具,头部,武士防具,head,1361,alternate_source,24733,0x609D,head,False,4,180,20,3,0,0x00000000,30,20,2/0,thickened,9,15,15,4,19,1.9,50203,low,0,19,19,15,,,computed-only,computed-only,8,0,0,0,8,0,0,,
50203,0xC41B,龙头形盔,防具,头部,武士防具,head,1361,alternate_source,24733,0x609D,head,False,4,180,20,3,0,0x00000000,30,20,1/1,extreme_strengthened,9,15,15,0,15,1.5,50203,low,15,19,19,15,,,computed-only,computed-only,23,0,0,0,23,0,0,,
50203,0xC41B,龙头形盔,防具,头部,武士防具,head,1361,alternate_source,24733,0x609D,head,False,4,180,20,3,0,0x00000000,30,20,2/2,extreme_thickened,9,15,15,9,24,2.4,50203,low,0,19,19,15,,,computed-only,computed-only,8,0,0,0,8,0,0,,
50203,0xC41B,龙头形盔,防具,头部,武士防具,head,1361,alternate_source,24733,0x609D,head,False,4,180,20,3,0,0x00000000,30,20,1/2,strengthened_plus_thickened,9,15,15,4,19,1.9,50203,low,7,19,19,15,,,computed-only,computed-only,15,0,0,0,15,0,0,,
50217,0xC429,盗贼之铠　膝甲,防具,腿部,忍者防具,legs,1167,alternate_source,19992,0x4E18,legs,False,4,180,20,3,0,0x00000000,30,20,0/0,unmodified,9,15,24,0,24,2.4,50217,low,0,42,42,16,,,computed-only,computed-only,0,0,5,0,5,0,0,,
50217,0xC429,盗贼之铠　膝甲,防具,腿部,忍者防具,legs,1167,alternate_source,19992,0x4E18,legs,False,4,180,20,3,0,0x00000000,30,20,1/0,strengthened,9,15,24,0,24,2.4,50217,low,7,42,42,16,,,computed-only,computed-only,0,0,12,0,12,0,0,,
50217,0xC429,盗贼之铠　膝甲,防具,腿部,忍者防具,legs,1167,alternate_source,19992,0x4E18,legs,False,4,180,20,3,0,0x00000000,30,20,2/0,thickened,9,15,24,4,28,2.8,50217,low,0,42,42,16,,,computed-only,computed-only,0,0,5,0,5,0,0,,
50217,0xC429,盗贼之铠　膝甲,防具,腿部,忍者防具,legs,1167,alternate_source,19992,0x4E18,legs,False,4,180,20,3,0,0x00000000,30,20,1/1,extreme_strengthened,9,15,24,0,24,2.4,50217,low,15,42,42,16,,,computed-only,computed-only,0,0,20,0,20,0,0,,
50217,0xC429,盗贼之铠　膝甲,防具,腿部,忍者防具,legs,1167,alternate_source,19992,0x4E18,legs,False,4,180,20,3,0,0x00000000,30,20,2/2,extreme_thickened,9,15,24,9,33,3.3,50217,low,0,42,42,16,,,computed-only,computed-only,0,0,5,0,5,0,0,,
50217,0xC429,盗贼之铠　膝甲,防具,腿部,忍者防具,legs,1167,alternate_source,19992,0x4E18,legs,False,4,180,20,3,0,0x00000000,30,20,1/2,strengthened_plus_thickened,9,15,24,4,28,2.8,50217,low,7,42,42,16,,,computed-only,computed-only,0,0,12,0,12,0,0,,
50449,0xC511,,防具或饰品,,装备,feet,1212,alternate_source,2948,0x0B84,legs,True,4,180,20,3,0,0x00000000,30,20,0/0,unmodified,9,15,50,0,50,5.0,50449,low,0,47,47,15,,,computed-only,computed-only,21,0,21,0,0,0,0,,
50449,0xC511,,防具或饰品,,装备,feet,1212,alternate_source,2948,0x0B84,legs,True,4,180,20,3,0,0x00000000,30,20,1/0,strengthened,9,15,50,0,50,5.0,50449,low,7,47,47,15,,,computed-only,computed-only,28,0,28,0,0,0,0,,
50449,0xC511,,防具或饰品,,装备,feet,1212,alternate_source,2948,0x0B84,legs,True,4,180,20,3,0,0x00000000,30,20,2/0,thickened,9,15,50,4,54,5.4,50449,low,0,47,47,15,,,computed-only,computed-only,21,0,21,0,0,0,0,,
50449,0xC511,,防具或饰品,,装备,feet,1212,alternate_source,2948,0x0B84,legs,True,4,180,20,3,0,0x00000000,30,20,1/1,extreme_strengthened,9,15,50,0,50,5.0,50449,low,15,47,47,15,,,computed-only,computed-only,36,0,36,0,0,0,0,,
50449,0xC511,,防具或饰品,,装备,feet,1212,alternate_source,2948,0x0B84,legs,True,4,180,20,3,0,0x00000000,30,20,2/2,extreme_thickened,9,15,50,9,59,5.9,50449,low,0,47,47,15,,,computed-only,computed-only,21,0,21,0,0,0,0,,
50449,0xC511,,防具或饰品,,装备,feet,1212,alternate_source,2948,0x0B84,legs,True,4,180,20,3,0,0x00000000,30,20,1/2,strengthened_plus_thickened,9,15,50,4,54,5.4,50449,low,7,47,47,15,,,computed-only,computed-only,28,0,28,0,0,0,0,,
50502,0xC546,幕府军装束　裤裙,防具,腿部,忍者防具,legs,670,alternate_source,5030,0x13A6,legs,False,4,180,20,3,0,0x00000000,30,20,0/0,unmodified,9,15,12,0,12,1.2,50502,low,0,27,27,15,,,computed-only,computed-only,16,0,0,0,16,0,0,,
50502,0xC546,幕府军装束　裤裙,防具,腿部,忍者防具,legs,670,alternate_source,5030,0x13A6,legs,False,4,180,20,3,0,0x00000000,30,20,1/0,strengthened,9,15,12,0,12,1.2,50502,low,7,27,27,15,,,computed-only,computed-only,23,0,0,0,23,0,0,,
50502,0xC546,幕府军装束　裤裙,防具,腿部,忍者防具,legs,670,alternate_source,5030,0x13A6,legs,False,4,180,20,3,0,0x00000000,30,20,2/0,thickened,9,15,12,4,16,1.6,50502,low,0,27,27,15,,,computed-only,computed-only,16,0,0,0,16,0,0,,
50502,0xC546,幕府军装束　裤裙,防具,腿部,忍者防具,legs,670,alternate_source,5030,0x13A6,legs,False,4,180,20,3,0,0x00000000,30,20,1/1,extreme_strengthened,9,15,12,0,12,1.2,50502,low,15,27,27,15,,,computed-only,computed-only,31,0,0,0,31,0,0,,
50502,0xC546,幕府军装束　裤裙,防具,腿部,忍者防具,legs,670,alternate_source,5030,0x13A6,legs,False,4,180,20,3,0,0x00000000,30,20,2/2,extreme_thickened,9,15,12,9,21,2.1,50502,low,0,27,27,15,,,computed-only,computed-only,16,0,0,0,16,0,0,,
50502,0xC546,幕府军装束　裤裙,防具,腿部,忍者防具,legs,670,alternate_source,5030,0x13A6,legs,False,4,180,20,3,0,0x00000000,30,20,1/2,strengthened_plus_thickened,9,15,12,4,16,1.6,50502,low,7,27,27,15,,,computed-only,computed-only,23,0,0,0,23,0,0,,
50612,0xC5B4,万雷忍者装束　面具,防具,头部,忍者防具,head,850,alternate_source,37269,0x9195,head,False,4,180,20,3,0,0x00000000,30,20,0/0,unmodified,9,15,16,0,16,1.6,50612,low,0,28,28,16,,,computed-only,computed-only,0,0,5,0,5,0,0,,
50612,0xC5B4,万雷忍者装束　面具,防具,头部,忍者防具,head,850,alternate_source,37269,0x9195,head,False,4,180,20,3,0,0x00000000,30,20,1/0,strengthened,9,15,16,0,16,1.6,50612,low,7,28,28,16,,,computed-only,computed-only,0,0,12,0,12,0,0,,
50612,0xC5B4,万雷忍者装束　面具,防具,头部,忍者防具,head,850,alternate_source,37269,0x9195,head,False,4,180,20,3,0,0x00000000,30,20,2/0,thickened,9,15,16,4,20,2.0,50612,low,0,28,28,16,,,computed-only,computed-only,0,0,5,0,5,0,0,,
50612,0xC5B4,万雷忍者装束　面具,防具,头部,忍者防具,head,850,alternate_source,37269,0x9195,head,False,4,180,20,3,0,0x00000000,30,20,1/1,extreme_strengthened,9,15,16,0,16,1.6,50612,low,15,28,28,16,,,computed-only,computed-only,0,0,20,0,20,0,0,,
50612,0xC5B4,万雷忍者装束　面具,防具,头部,忍者防具,head,850,alternate_source,37269,0x9195,head,False,4,180,20,3,0,0x00000000,30,20,2/2,extreme_thickened,9,15,16,9,25,2.5,50612,low,0,28,28,16,,,computed-only,computed-only,0,0,5,0,5,0,0,,
50612,0xC5B4,万雷忍者装束　面具,防具,头部,忍者防具,head,850,alternate_source,37269,0x9195,head,False,4,180,20,3,0,0x00000000,30,20,1/2,strengthened_plus_thickened,9,15,16,4,20,2.0,50612,low,7,28,28,16,,,computed-only,computed-only,0,0,12,0,12,0,0,,
50645,0xC5D5,伊贺上忍装束　护额,防具,头部,忍者防具,head,925,alternate_source,35931,0x8C5B,head,False,4,180,20,3,0,0x00000000,30,20,0/0,unmodified,9,15,7,0,7,0.7,50645,low,0,18,18,15,,,computed-only,computed-only,8,0,0,0,9,0,0,,
50645,0xC5D5,伊贺上忍装束　护额,防具,头部,忍者防具,head,925,alternate_source,35931,0x8C5B,head,False,4,180,20,3,0,0x00000000,30,20,1/0,strengthened,9,15,7,0,7,0.7,50645,low,7,18,18,15,,,computed-only,computed-only,15,0,0,0,16,0,0,,
50645,0xC5D5,伊贺上忍装束　护额,防具,头部,忍者防具,head,925,alternate_source,35931,0x8C5B,head,False,4,180,20,3,0,0x00000000,30,20,2/0,thickened,9,15,7,4,11,1.1,50645,low,0,18,18,15,,,computed-only,computed-only,8,0,0,0,9,0,0,,
50645,0xC5D5,伊贺上忍装束　护额,防具,头部,忍者防具,head,925,alternate_source,35931,0x8C5B,head,False,4,180,20,3,0,0x00000000,30,20,1/1,extreme_strengthened,9,15,7,0,7,0.7,50645,low,15,18,18,15,,,computed-only,computed-only,23,0,0,0,24,0,0,,
50645,0xC5D5,伊贺上忍装束　护额,防具,头部,忍者防具,head,925,alternate_source,35931,0x8C5B,head,False,4,180,20,3,0,0x00000000,30,20,2/2,extreme_thickened,9,15,7,9,16,1.6,50645,low,0,18,18,15,,,computed-only,computed-only,8,0,0,0,9,0,0,,
50645,0xC5D5,伊贺上忍装束　护额,防具,头部,忍者防具,head,925,alternate_source,35931,0x8C5B,head,False,4,180,20,3,0,0x00000000,30,20,1/2,strengthened_plus_thickened,9,15,7,4,11,1.1,50645,low,7,18,18,15,,,computed-only,computed-only,15,0,0,0,16,0,0,,
50753,0xC641,圣人旅装　斗笠,防具,头部,忍者防具,head,802,alternate_source,35948,0x8C6C,head,False,4,180,20,3,0,0x00000000,30,20,0/0,unmodified,9,15,8,0,8,0.8,50753,low,0,18,18,15,,,computed-only,computed-only,12,0,0,0,11,0,0,,
50753,0xC641,圣人旅装　斗笠,防具,头部,忍者防具,head,802,alternate_source,35948,0x8C6C,head,False,4,180,20,3,0,0x00000000,30,20,1/0,strengthened,9,15,8,0,8,0.8,50753,low,7,18,18,15,,,computed-only,computed-only,19,0,0,0,18,0,0,,
50753,0xC641,圣人旅装　斗笠,防具,头部,忍者防具,head,802,alternate_source,35948,0x8C6C,head,False,4,180,20,3,0,0x00000000,30,20,2/0,thickened,9,15,8,4,12,1.2,50753,low,0,18,18,15,,,computed-only,computed-only,12,0,0,0,11,0,0,,
50753,0xC641,圣人旅装　斗笠,防具,头部,忍者防具,head,802,alternate_source,35948,0x8C6C,head,False,4,180,20,3,0,0x00000000,30,20,1/1,extreme_strengthened,9,15,8,0,8,0.8,50753,low,15,18,18,15,,,computed-only,computed-only,27,0,0,0,26,0,0,,
50753,0xC641,圣人旅装　斗笠,防具,头部,忍者防具,head,802,alternate_source,35948,0x8C6C,head,False,4,180,20,3,0,0x00000000,30,20,2/2,extreme_thickened,9,15,8,9,17,1.7,50753,low,0,18,18,15,,,computed-only,computed-only,12,0,0,0,11,0,0,,
50753,0xC641,圣人旅装　斗笠,防具,头部,忍者防具,head,802,alternate_source,35948,0x8C6C,head,False,4,180,20,3,0,0x00000000,30,20,1/2,strengthened_plus_thickened,9,15,8,4,12,1.2,50753,low,7,18,18,15,,,computed-only,computed-only,19,0,0,0,18,0,0,,
50900,0xC6D4,游历剑士装束　足履,防具,足部,武士防具,feet,786,alternate_source,1540,0x0604,feet,False,4,180,20,3,0,0x00000000,30,20,0/0,unmodified,9,15,15,0,15,1.5,50900,low,0,19,19,15,,,computed-only,computed-only,6,0,0,0,8,0,0,,
50900,0xC6D4,游历剑士装束　足履,防具,足部,武士防具,feet,786,alternate_source,1540,0x0604,feet,False,4,180,20,3,0,0x00000000,30,20,1/0,strengthened,9,15,15,0,15,1.5,50900,low,7,19,19,15,,,computed-only,computed-only,13,0,0,0,15,0,0,,
50900,0xC6D4,游历剑士装束　足履,防具,足部,武士防具,feet,786,alternate_source,1540,0x0604,feet,False,4,180,20,3,0,0x00000000,30,20,2/0,thickened,9,15,15,4,19,1.9,50900,low,0,19,19,15,,,computed-only,computed-only,6,0,0,0,8,0,0,,
50900,0xC6D4,游历剑士装束　足履,防具,足部,武士防具,feet,786,alternate_source,1540,0x0604,feet,False,4,180,20,3,0,0x00000000,30,20,1/1,extreme_strengthened,9,15,15,0,15,1.5,50900,low,15,19,19,15,,,computed-only,computed-only,21,0,0,0,23,0,0,,
50900,0xC6D4,游历剑士装束　足履,防具,足部,武士防具,feet,786,alternate_source,1540,0x0604,feet,False,4,180,20,3,0,0x00000000,30,20,2/2,extreme_thickened,9,15,15,9,24,2.4,50900,low,0,19,19,15,,,computed-only,computed-only,6,0,0,0,8,0,0,,
50900,0xC6D4,游历剑士装束　足履,防具,足部,武士防具,feet,786,alternate_source,1540,0x0604,feet,False,4,180,20,3,0,0x00000000,30,20,1/2,strengthened_plus_thickened,9,15,15,4,19,1.9,50900,low,7,19,19,15,,,computed-only,computed-only,13,0,0,0,15,0,0,,
51013,0xC745,侍大将中铠　头盔,防具,头部,武士防具,head,1039,alternate_source,65053,0xFE1D,head,False,4,180,20,3,0,0x00000000,30,20,0/0,unmodified,9,15,39,0,39,3.9,51013,low,0,31,31,16,,,computed-only,computed-only,11,0,0,16,0,0,0,,
51013,0xC745,侍大将中铠　头盔,防具,头部,武士防具,head,1039,alternate_source,65053,0xFE1D,head,False,4,180,20,3,0,0x00000000,30,20,1/0,strengthened,9,15,39,0,39,3.9,51013,low,7,31,31,16,,,computed-only,computed-only,18,0,0,23,0,0,0,,
51013,0xC745,侍大将中铠　头盔,防具,头部,武士防具,head,1039,alternate_source,65053,0xFE1D,head,False,4,180,20,3,0,0x00000000,30,20,2/0,thickened,9,15,39,4,43,4.3,51013,low,0,31,31,16,,,computed-only,computed-only,11,0,0,16,0,0,0,,
51013,0xC745,侍大将中铠　头盔,防具,头部,武士防具,head,1039,alternate_source,65053,0xFE1D,head,False,4,180,20,3,0,0x00000000,30,20,1/1,extreme_strengthened,9,15,39,0,39,3.9,51013,low,15,31,31,16,,,computed-only,computed-only,26,0,0,31,0,0,0,,
51013,0xC745,侍大将中铠　头盔,防具,头部,武士防具,head,1039,alternate_source,65053,0xFE1D,head,False,4,180,20,3,0,0x00000000,30,20,2/2,extreme_thickened,9,15,39,9,48,4.8,51013,low,0,31,31,16,,,computed-only,computed-only,11,0,0,16,0,0,0,,
51013,0xC745,侍大将中铠　头盔,防具,头部,武士防具,head,1039,alternate_source,65053,0xFE1D,head,False,4,180,20,3,0,0x00000000,30,20,1/2,strengthened_plus_thickened,9,15,39,4,43,4.3,51013,low,7,31,31,16,,,computed-only,computed-only,18,0,0,23,0,0,0,,
51081,0xC789,宫司净衣　足履,防具,足部,忍者防具,feet,919,alternate_source,24404,0x5F54,feet,False,4,180,20,3,0,0x00000000,30,20,0/0,unmodified,9,15,8,0,8,0.8,51081,low,0,18,18,15,,,computed-only,computed-only,14,0,0,0,13,0,0,,
51081,0xC789,宫司净衣　足履,防具,足部,忍者防具,feet,919,alternate_source,24404,0x5F54,feet,False,4,180,20,3,0,0x00000000,30,20,1/0,strengthened,9,15,8,0,8,0.8,51081,low,7,18,18,15,,,computed-only,computed-only,21,0,0,0,20,0,0,,
51081,0xC789,宫司净衣　足履,防具,足部,忍者防具,feet,919,alternate_source,24404,0x5F54,feet,False,4,180,20,3,0,0x00000000,30,20,2/0,thickened,9,15,8,4,12,1.2,51081,low,0,18,18,15,,,computed-only,computed-only,14,0,0,0,13,0,0,,
51081,0xC789,宫司净衣　足履,防具,足部,忍者防具,feet,919,alternate_source,24404,0x5F54,feet,False,4,180,20,3,0,0x00000000,30,20,1/1,extreme_strengthened,9,15,8,0,8,0.8,51081,low,15,18,18,15,,,computed-only,computed-only,29,0,0,0,28,0,0,,
51081,0xC789,宫司净衣　足履,防具,足部,忍者防具,feet,919,alternate_source,24404,0x5F54,feet,False,4,180,20,3,0,0x00000000,30,20,2/2,extreme_thickened,9,15,8,9,17,1.7,51081,low,0,18,18,15,,,computed-only,computed-only,14,0,0,0,13,0,0,,
51081,0xC789,宫司净衣　足履,防具,足部,忍者防具,feet,919,alternate_source,24404,0x5F54,feet,False,4,180,20,3,0,0x00000000,30,20,1/2,strengthened_plus_thickened,9,15,8,4,12,1.2,51081,low,7,18,18,15,,,computed-only,computed-only,21,0,0,0,20,0,0,,
51121,0xC7B1,镰仓大人之铠　胸甲,防具,身体,武士防具,chest,647,alternate_source,27067,0x69BB,chest,False,4,180,20,3,0,0x00000000,30,20,0/0,unmodified,9,15,102,0,102,10.2,51121,low,0,100,100,17,,,computed-only,computed-only,0,0,9,12,0,0,0,,
51121,0xC7B1,镰仓大人之铠　胸甲,防具,身体,武士防具,chest,647,alternate_source,27067,0x69BB,chest,False,4,180,20,3,0,0x00000000,30,20,1/0,strengthened,9,15,102,0,102,10.2,51121,low,7,100,100,17,,,computed-only,computed-only,0,0,16,19,0,0,0,,
51121,0xC7B1,镰仓大人之铠　胸甲,防具,身体,武士防具,chest,647,alternate_source,27067,0x69BB,chest,False,4,180,20,3,0,0x00000000,30,20,2/0,thickened,9,15,102,4,106,10.6,51121,low,0,100,100,17,,,computed-only,computed-only,0,0,9,12,0,0,0,,
51121,0xC7B1,镰仓大人之铠　胸甲,防具,身体,武士防具,chest,647,alternate_source,27067,0x69BB,chest,False,4,180,20,3,0,0x00000000,30,20,1/1,extreme_strengthened,9,15,102,0,102,10.2,51121,low,15,100,100,17,,,computed-only,computed-only,0,0,24,27,0,0,0,,
51121,0xC7B1,镰仓大人之铠　胸甲,防具,身体,武士防具,chest,647,alternate_source,27067,0x69BB,chest,False,4,180,20,3,0,0x00000000,30,20,2/2,extreme_thickened,9,15,102,9,111,11.1,51121,low,0,100,100,17,,,computed-only,computed-only,0,0,9,12,0,0,0,,
51121,0xC7B1,镰仓大人之铠　胸甲,防具,身体,武士防具,chest,647,alternate_source,27067,0x69BB,chest,False,4,180,20,3,0,0x00000000,30,20,1/2,strengthened_plus_thickened,9,15,102,4,106,10.6,51121,low,7,100,100,17,,,computed-only,computed-only,0,0,16,19,0,0,0,,
51220,0xC814,御庭番忍者装束　膝甲,防具,腿部,忍者防具,legs,746,alternate_source,5030,0x13A6,legs,False,4,180,20,3,0,0x00000000,30,20,0/0,unmodified,9,15,12,0,12,1.2,51220,low,0,27,27,15,,,computed-only,computed-only,14,0,0,0,15,0,0,,
51220,0xC814,御庭番忍者装束　膝甲,防具,腿部,忍者防具,legs,746,alternate_source,5030,0x13A6,legs,False,4,180,20,3,0,0x00000000,30,20,1/0,strengthened,9,15,12,0,12,1.2,51220,low,7,27,27,15,,,computed-only,computed-only,21,0,0,0,22,0,0,,
51220,0xC814,御庭番忍者装束　膝甲,防具,腿部,忍者防具,legs,746,alternate_source,5030,0x13A6,legs,False,4,180,20,3,0,0x00000000,30,20,2/0,thickened,9,15,12,4,16,1.6,51220,low,0,27,27,15,,,computed-only,computed-only,14,0,0,0,15,0,0,,
51220,0xC814,御庭番忍者装束　膝甲,防具,腿部,忍者防具,legs,746,alternate_source,5030,0x13A6,legs,False,4,180,20,3,0,0x00000000,30,20,1/1,extreme_strengthened,9,15,12,0,12,1.2,51220,low,15,27,27,15,,,computed-only,computed-only,29,0,0,0,30,0,0,,
51220,0xC814,御庭番忍者装束　膝甲,防具,腿部,忍者防具,legs,746,alternate_source,5030,0x13A6,legs,False,4,180,20,3,0,0x00000000,30,20,2/2,extreme_thickened,9,15,12,9,21,2.1,51220,low,0,27,27,15,,,computed-only,computed-only,14,0,0,0,15,0,0,,
51220,0xC814,御庭番忍者装束　膝甲,防具,腿部,忍者防具,legs,746,alternate_source,5030,0x13A6,legs,False,4,180,20,3,0,0x00000000,30,20,1/2,strengthened_plus_thickened,9,15,12,4,16,1.6,51220,low,7,27,27,15,,,computed-only,computed-only,21,0,0,0,22,0,0,,
51487,0xC91F,盗贼轻铠　膝甲,防具,腿部,忍者防具,legs,22,standalone,51487,0xC91F,legs,False,4,180,20,3,0,0x00000000,30,20,0/0,unmodified,9,15,15,0,15,1.5,51487,low,0,12,12,15,,,computed-only,computed-only,4,0,0,0,5,0,0,,
51487,0xC91F,盗贼轻铠　膝甲,防具,腿部,忍者防具,legs,22,standalone,51487,0xC91F,legs,False,4,180,20,3,0,0x00000000,30,20,1/0,strengthened,9,15,15,0,15,1.5,51487,low,7,12,12,15,,,computed-only,computed-only,11,0,0,0,12,0,0,,
51487,0xC91F,盗贼轻铠　膝甲,防具,腿部,忍者防具,legs,22,standalone,51487,0xC91F,legs,False,4,180,20,3,0,0x00000000,30,20,2/0,thickened,9,15,15,4,19,1.9,51487,low,0,12,12,15,,,computed-only,computed-only,4,0,0,0,5,0,0,,
51487,0xC91F,盗贼轻铠　膝甲,防具,腿部,忍者防具,legs,22,standalone,51487,0xC91F,legs,False,4,180,20,3,0,0x00000000,30,20,1/1,extreme_strengthened,9,15,15,0,15,1.5,51487,low,15,12,12,15,,,computed-only,computed-only,19,0,0,0,20,0,0,,
51487,0xC91F,盗贼轻铠　膝甲,防具,腿部,忍者防具,legs,22,standalone,51487,0xC91F,legs,False,4,180,20,3,0,0x00000000,30,20,2/2,extreme_thickened,9,15,15,9,24,2.4,51487,low,0,12,12,15,,,computed-only,computed-only,4,0,0,0,5,0,0,,
51487,0xC91F,盗贼轻铠　膝甲,防具,腿部,忍者防具,legs,22,standalone,51487,0xC91F,legs,False,4,180,20,3,0,0x00000000,30,20,1/2,strengthened_plus_thickened,9,15,15,4,19,1.9,51487,low,7,12,12,15,,,computed-only,computed-only,11,0,0,0,12,0,0,,
51511,0xC937,祈月斗将之铠　腿甲,防具,足部,武士防具,feet,1038,alternate_source,1540,0x0604,feet,False,4,180,20,3,0,0x00000000,30,20,0/0,unmodified,9,15,15,0,15,1.5,51511,low,0,19,19,15,,,computed-only,computed-only,18,0,0,0,18,0,0,,
51511,0xC937,祈月斗将之铠　腿甲,防具,足部,武士防具,feet,1038,alternate_source,1540,0x0604,feet,False,4,180,20,3,0,0x00000000,30,20,1/0,strengthened,9,15,15,0,15,1.5,51511,low,7,19,19,15,,,computed-only,computed-only,25,0,0,0,25,0,0,,
51511,0xC937,祈月斗将之铠　腿甲,防具,足部,武士防具,feet,1038,alternate_source,1540,0x0604,feet,False,4,180,20,3,0,0x00000000,30,20,2/0,thickened,9,15,15,4,19,1.9,51511,low,0,19,19,15,,,computed-only,computed-only,18,0,0,0,18,0,0,,
51511,0xC937,祈月斗将之铠　腿甲,防具,足部,武士防具,feet,1038,alternate_source,1540,0x0604,feet,False,4,180,20,3,0,0x00000000,30,20,1/1,extreme_strengthened,9,15,15,0,15,1.5,51511,low,15,19,19,15,,,computed-only,computed-only,33,0,0,0,33,0,0,,
51511,0xC937,祈月斗将之铠　腿甲,防具,足部,武士防具,feet,1038,alternate_source,1540,0x0604,feet,False,4,180,20,3,0,0x00000000,30,20,2/2,extreme_thickened,9,15,15,9,24,2.4,51511,low,0,19,19,15,,,computed-only,computed-only,18,0,0,0,18,0,0,,
51511,0xC937,祈月斗将之铠　腿甲,防具,足部,武士防具,feet,1038,alternate_source,1540,0x0604,feet,False,4,180,20,3,0,0x00000000,30,20,1/2,strengthened_plus_thickened,9,15,15,4,19,1.9,51511,low,7,19,19,15,,,computed-only,computed-only,25,0,0,0,25,0,0,,
51574,0xC976,怪童大铠　胸甲,防具,身体,武士防具,chest,1190,alternate_source,63987,0xF9F3,chest,False,4,180,20,3,0,0x00000000,30,20,0/0,unmodified,9,15,106,0,106,10.6,51574,low,0,100,100,17,,,computed-only,computed-only,0,0,14,15,0,0,0,,
51574,0xC976,怪童大铠　胸甲,防具,身体,武士防具,chest,1190,alternate_source,63987,0xF9F3,chest,False,4,180,20,3,0,0x00000000,30,20,1/0,strengthened,9,15,106,0,106,10.6,51574,low,7,100,100,17,,,computed-only,computed-only,0,0,21,22,0,0,0,,
51574,0xC976,怪童大铠　胸甲,防具,身体,武士防具,chest,1190,alternate_source,63987,0xF9F3,chest,False,4,180,20,3,0,0x00000000,30,20,2/0,thickened,9,15,106,4,110,11.0,51574,low,0,100,100,17,,,computed-only,computed-only,0,0,14,15,0,0,0,,
51574,0xC976,怪童大铠　胸甲,防具,身体,武士防具,chest,1190,alternate_source,63987,0xF9F3,chest,False,4,180,20,3,0,0x00000000,30,20,1/1,extreme_strengthened,9,15,106,0,106,10.6,51574,low,15,100,100,17,,,computed-only,computed-only,0,0,29,30,0,0,0,,
51574,0xC976,怪童大铠　胸甲,防具,身体,武士防具,chest,1190,alternate_source,63987,0xF9F3,chest,False,4,180,20,3,0,0x00000000,30,20,2/2,extreme_thickened,9,15,106,9,115,11.5,51574,low,0,100,100,17,,,computed-only,computed-only,0,0,14,15,0,0,0,,
51574,0xC976,怪童大铠　胸甲,防具,身体,武士防具,chest,1190,alternate_source,63987,0xF9F3,chest,False,4,180,20,3,0,0x00000000,30,20,1/2,strengthened_plus_thickened,9,15,106,4,110,11.0,51574,low,7,100,100,17,,,computed-only,computed-only,0,0,21,22,0,0,0,,
51663,0xC9CF,楚叶矢众铠　膝甲,防具,腿部,忍者防具,legs,1027,alternate_source,52862,0xCE7E,legs,False,4,180,20,3,0,0x00000000,30,20,0/0,unmodified,9,15,27,0,27,2.7,51663,low,0,42,42,16,,,computed-only,computed-only,0,0,20,0,14,0,0,,
51663,0xC9CF,楚叶矢众铠　膝甲,防具,腿部,忍者防具,legs,1027,alternate_source,52862,0xCE7E,legs,False,4,180,20,3,0,0x00000000,30,20,1/0,strengthened,9,15,27,0,27,2.7,51663,low,7,42,42,16,,,computed-only,computed-only,0,0,27,0,21,0,0,,
51663,0xC9CF,楚叶矢众铠　膝甲,防具,腿部,忍者防具,legs,1027,alternate_source,52862,0xCE7E,legs,False,4,180,20,3,0,0x00000000,30,20,2/0,thickened,9,15,27,4,31,3.1,51663,low,0,42,42,16,,,computed-only,computed-only,0,0,20,0,14,0,0,,
51663,0xC9CF,楚叶矢众铠　膝甲,防具,腿部,忍者防具,legs,1027,alternate_source,52862,0xCE7E,legs,False,4,180,20,3,0,0x00000000,30,20,1/1,extreme_strengthened,9,15,27,0,27,2.7,51663,low,15,42,42,16,,,computed-only,computed-only,0,0,35,0,29,0,0,,
51663,0xC9CF,楚叶矢众铠　膝甲,防具,腿部,忍者防具,legs,1027,alternate_source,52862,0xCE7E,legs,False,4,180,20,3,0,0x00000000,30,20,2/2,extreme_thickened,9,15,27,9,36,3.6,51663,low,0,42,42,16,,,computed-only,computed-only,0,0,20,0,14,0,0,,
51663,0xC9CF,楚叶矢众铠　膝甲,防具,腿部,忍者防具,legs,1027,alternate_source,52862,0xCE7E,legs,False,4,180,20,3,0,0x00000000,30,20,1/2,strengthened_plus_thickened,9,15,27,4,31,3.1,51663,low,7,42,42,16,,,computed-only,computed-only,0,0,27,0,21,0,0,,
51699,0xC9F3,,防具,,忍者防具,feet,1133,standalone,51699,0xC9F3,feet,False,4,180,20,3,0,0x00000000,30,20,0/0,unmodified,9,15,20,0,20,2.0,51699,low,0,28,28,16,,,computed-only,computed-only,0,0,0,0,8,0,0,,
51699,0xC9F3,,防具,,忍者防具,feet,1133,standalone,51699,0xC9F3,feet,False,4,180,20,3,0,0x00000000,30,20,1/0,strengthened,9,15,20,0,20,2.0,51699,low,7,28,28,16,,,computed-only,computed-only,0,0,0,0,15,0,0,,
51699,0xC9F3,,防具,,忍者防具,feet,1133,standalone,51699,0xC9F3,feet,False,4,180,20,3,0,0x00000000,30,20,2/0,thickened,9,15,20,4,24,2.4,51699,low,0,28,28,16,,,computed-only,computed-only,0,0,0,0,8,0,0,,
51699,0xC9F3,,防具,,忍者防具,feet,1133,standalone,51699,0xC9F3,feet,False,4,180,20,3,0,0x00000000,30,20,1/1,extreme_strengthened,9,15,20,0,20,2.0,51699,low,15,28,28,16,,,computed-only,computed-only,0,0,0,0,23,0,0,,
51699,0xC9F3,,防具,,忍者防具,feet,1133,standalone,51699,0xC9F3,feet,False,4,180,20,3,0,0x00000000,30,20,2/2,extreme_thickened,9,15,20,9,29,2.9,51699,low,0,28,28,16,,,computed-only,computed-only,0,0,0,0,8,0,0,,
51699,0xC9F3,,防具,,忍者防具,feet,1133,standalone,51699,0xC9F3,feet,False,4,180,20,3,0,0x00000000,30,20,1/2,strengthened_plus_thickened,9,15,20,4,24,2.4,51699,low,7,28,28,16,,,computed-only,computed-only,0,0,0,0,15,0,0,,
51722,0xCA0A,冰狱武者之铠　头盔,防具,头部,武士防具,head,835,alternate_source,42512,0xA610,head,False,4,180,20,3,0,0x00000000,30,20,0/0,unmodified,9,15,34,0,34,3.4,51722,low,0,31,31,16,,,computed-only,computed-only,0,0,5,0,5,0,0,,
51722,0xCA0A,冰狱武者之铠　头盔,防具,头部,武士防具,head,835,alternate_source,42512,0xA610,head,False,4,180,20,3,0,0x00000000,30,20,1/0,strengthened,9,15,34,0,34,3.4,51722,low,7,31,31,16,,,computed-only,computed-only,0,0,12,0,12,0,0,,
51722,0xCA0A,冰狱武者之铠　头盔,防具,头部,武士防具,head,835,alternate_source,42512,0xA610,head,False,4,180,20,3,0,0x00000000,30,20,2/0,thickened,9,15,34,4,38,3.8,51722,low,0,31,31,16,,,computed-only,computed-only,0,0,5,0,5,0,0,,
51722,0xCA0A,冰狱武者之铠　头盔,防具,头部,武士防具,head,835,alternate_source,42512,0xA610,head,False,4,180,20,3,0,0x00000000,30,20,1/1,extreme_strengthened,9,15,34,0,34,3.4,51722,low,15,31,31,16,,,computed-only,computed-only,0,0,20,0,20,0,0,,
51722,0xCA0A,冰狱武者之铠　头盔,防具,头部,武士防具,head,835,alternate_source,42512,0xA610,head,False,4,180,20,3,0,0x00000000,30,20,2/2,extreme_thickened,9,15,34,9,43,4.3,51722,low,0,31,31,16,,,computed-only,computed-only,0,0,5,0,5,0,0,,
51722,0xCA0A,冰狱武者之铠　头盔,防具,头部,武士防具,head,835,alternate_source,42512,0xA610,head,False,4,180,20,3,0,0x00000000,30,20,1/2,strengthened_plus_thickened,9,15,34,4,38,3.8,51722,low,7,31,31,16,,,computed-only,computed-only,0,0,12,0,12,0,0,,
51751,0xCA27,冰狱武者之铠　膝甲,防具,腿部,武士防具,legs,838,alternate_source,20047,0x4E4F,legs,False,4,180,20,3,0,0x00000000,30,20,0/0,unmodified,9,15,51,0,51,5.1,51751,low,0,47,47,16,,,computed-only,computed-only,0,0,5,0,5,0,0,,
51751,0xCA27,冰狱武者之铠　膝甲,防具,腿部,武士防具,legs,838,alternate_source,20047,0x4E4F,legs,False,4,180,20,3,0,0x00000000,30,20,1/0,strengthened,9,15,51,0,51,5.1,51751,low,7,47,47,16,,,computed-only,computed-only,0,0,12,0,12,0,0,,
51751,0xCA27,冰狱武者之铠　膝甲,防具,腿部,武士防具,legs,838,alternate_source,20047,0x4E4F,legs,False,4,180,20,3,0,0x00000000,30,20,2/0,thickened,9,15,51,4,55,5.5,51751,low,0,47,47,16,,,computed-only,computed-only,0,0,5,0,5,0,0,,
51751,0xCA27,冰狱武者之铠　膝甲,防具,腿部,武士防具,legs,838,alternate_source,20047,0x4E4F,legs,False,4,180,20,3,0,0x00000000,30,20,1/1,extreme_strengthened,9,15,51,0,51,5.1,51751,low,15,47,47,16,,,computed-only,computed-only,0,0,20,0,20,0,0,,
51751,0xCA27,冰狱武者之铠　膝甲,防具,腿部,武士防具,legs,838,alternate_source,20047,0x4E4F,legs,False,4,180,20,3,0,0x00000000,30,20,2/2,extreme_thickened,9,15,51,9,60,6.0,51751,low,0,47,47,16,,,computed-only,computed-only,0,0,5,0,5,0,0,,
51751,0xCA27,冰狱武者之铠　膝甲,防具,腿部,武士防具,legs,838,alternate_source,20047,0x4E4F,legs,False,4,180,20,3,0,0x00000000,30,20,1/2,strengthened_plus_thickened,9,15,51,4,55,5.5,51751,low,7,47,47,16,,,computed-only,computed-only,0,0,12,0,12,0,0,,
51759,0xCA2F,平三之铠　腿甲,防具,足部,忍者防具,feet,796,alternate_source,38297,0x9599,feet,False,4,180,20,3,0,0x00000000,30,20,0/0,unmodified,9,15,25,0,25,2.5,51759,low,0,49,49,16,,,computed-only,computed-only,0,0,17,0,11,0,0,,
51759,0xCA2F,平三之铠　腿甲,防具,足部,忍者防具,feet,796,alternate_source,38297,0x9599,feet,False,4,180,20,3,0,0x00000000,30,20,1/0,strengthened,9,15,25,0,25,2.5,51759,low,7,49,49,16,,,computed-only,computed-only,0,0,24,0,18,0,0,,
51759,0xCA2F,平三之铠　腿甲,防具,足部,忍者防具,feet,796,alternate_source,38297,0x9599,feet,False,4,180,20,3,0,0x00000000,30,20,2/0,thickened,9,15,25,4,29,2.9,51759,low,0,49,49,16,,,computed-only,computed-only,0,0,17,0,11,0,0,,
51759,0xCA2F,平三之铠　腿甲,防具,足部,忍者防具,feet,796,alternate_source,38297,0x9599,feet,False,4,180,20,3,0,0x00000000,30,20,1/1,extreme_strengthened,9,15,25,0,25,2.5,51759,low,15,49,49,16,,,computed-only,computed-only,0,0,32,0,26,0,0,,
51759,0xCA2F,平三之铠　腿甲,防具,足部,忍者防具,feet,796,alternate_source,38297,0x9599,feet,False,4,180,20,3,0,0x00000000,30,20,2/2,extreme_thickened,9,15,25,9,34,3.4,51759,low,0,49,49,16,,,computed-only,computed-only,0,0,17,0,11,0,0,,
51759,0xCA2F,平三之铠　腿甲,防具,足部,忍者防具,feet,796,alternate_source,38297,0x9599,feet,False,4,180,20,3,0,0x00000000,30,20,1/2,strengthened_plus_thickened,9,15,25,4,29,2.9,51759,low,7,49,49,16,,,computed-only,computed-only,0,0,24,0,18,0,0,,
51892,0xCAB4,隐形胸带（躯干防具）,防具,,忍者防具,chest,860,standalone,51892,0xCAB4,chest,False,4,180,20,3,0,0x00000000,30,20,0/0,unmodified,9,15,33,0,33,3.3,51892,low,0,20,20,17,,,computed-only,computed-only,5,0,0,5,0,0,0,,
51892,0xCAB4,隐形胸带（躯干防具）,防具,,忍者防具,chest,860,standalone,51892,0xCAB4,chest,False,4,180,20,3,0,0x00000000,30,20,1/0,strengthened,9,15,33,0,33,3.3,51892,low,7,20,20,17,,,computed-only,computed-only,12,0,0,12,0,0,0,,
51892,0xCAB4,隐形胸带（躯干防具）,防具,,忍者防具,chest,860,standalone,51892,0xCAB4,chest,False,4,180,20,3,0,0x00000000,30,20,2/0,thickened,9,15,33,4,37,3.7,51892,low,0,20,20,17,,,computed-only,computed-only,5,0,0,5,0,0,0,,
51892,0xCAB4,隐形胸带（躯干防具）,防具,,忍者防具,chest,860,standalone,51892,0xCAB4,chest,False,4,180,20,3,0,0x00000000,30,20,1/1,extreme_strengthened,9,15,33,0,33,3.3,51892,low,15,20,20,17,,,computed-only,computed-only,20,0,0,20,0,0,0,,
51892,0xCAB4,隐形胸带（躯干防具）,防具,,忍者防具,chest,860,standalone,51892,0xCAB4,chest,False,4,180,20,3,0,0x00000000,30,20,2/2,extreme_thickened,9,15,33,9,42,4.2,51892,low,0,20,20,17,,,computed-only,computed-only,5,0,0,5,0,0,0,,
51892,0xCAB4,隐形胸带（躯干防具）,防具,,忍者防具,chest,860,standalone,51892,0xCAB4,chest,False,4,180,20,3,0,0x00000000,30,20,1/2,strengthened_plus_thickened,9,15,33,4,37,3.7,51892,low,7,20,20,17,,,computed-only,computed-only,12,0,0,12,0,0,0,,
51894,0xCAB6,崇佛诚心之铠　膝甲,防具,腿部,武士防具,legs,1202,alternate_source,15944,0x3E48,legs,False,4,180,20,3,0,0x00000000,30,20,0/0,unmodified,9,15,83,0,83,8.3,51894,low,0,75,75,17,,,computed-only,computed-only,0,0,18,17,0,0,0,,
51894,0xCAB6,崇佛诚心之铠　膝甲,防具,腿部,武士防具,legs,1202,alternate_source,15944,0x3E48,legs,False,4,180,20,3,0,0x00000000,30,20,1/0,strengthened,9,15,83,0,83,8.3,51894,low,7,75,75,17,,,computed-only,computed-only,0,0,25,24,0,0,0,,
51894,0xCAB6,崇佛诚心之铠　膝甲,防具,腿部,武士防具,legs,1202,alternate_source,15944,0x3E48,legs,False,4,180,20,3,0,0x00000000,30,20,2/0,thickened,9,15,83,4,87,8.7,51894,low,0,75,75,17,,,computed-only,computed-only,0,0,18,17,0,0,0,,
51894,0xCAB6,崇佛诚心之铠　膝甲,防具,腿部,武士防具,legs,1202,alternate_source,15944,0x3E48,legs,False,4,180,20,3,0,0x00000000,30,20,1/1,extreme_strengthened,9,15,83,0,83,8.3,51894,low,15,75,75,17,,,computed-only,computed-only,0,0,33,32,0,0,0,,
51894,0xCAB6,崇佛诚心之铠　膝甲,防具,腿部,武士防具,legs,1202,alternate_source,15944,0x3E48,legs,False,4,180,20,3,0,0x00000000,30,20,2/2,extreme_thickened,9,15,83,9,92,9.2,51894,low,0,75,75,17,,,computed-only,computed-only,0,0,18,17,0,0,0,,
51894,0xCAB6,崇佛诚心之铠　膝甲,防具,腿部,武士防具,legs,1202,alternate_source,15944,0x3E48,legs,False,4,180,20,3,0,0x00000000,30,20,1/2,strengthened_plus_thickened,9,15,83,4,87,8.7,51894,low,7,75,75,17,,,computed-only,computed-only,0,0,25,24,0,0,0,,
52172,0xCBCC,黑狐面,防具,头部,忍者防具,head,1350,alternate_source,35931,0x8C5B,head,False,4,180,20,3,0,0x00000000,30,20,0/0,unmodified,9,15,7,0,7,0.7,52172,low,0,18,18,15,,,computed-only,computed-only,18,0,0,0,18,0,0,,
52172,0xCBCC,黑狐面,防具,头部,忍者防具,head,1350,alternate_source,35931,0x8C5B,head,False,4,180,20,3,0,0x00000000,30,20,1/0,strengthened,9,15,7,0,7,0.7,52172,low,7,18,18,15,,,computed-only,computed-only,25,0,0,0,25,0,0,,
52172,0xCBCC,黑狐面,防具,头部,忍者防具,head,1350,alternate_source,35931,0x8C5B,head,False,4,180,20,3,0,0x00000000,30,20,2/0,thickened,9,15,7,4,11,1.1,52172,low,0,18,18,15,,,computed-only,computed-only,18,0,0,0,18,0,0,,
52172,0xCBCC,黑狐面,防具,头部,忍者防具,head,1350,alternate_source,35931,0x8C5B,head,False,4,180,20,3,0,0x00000000,30,20,1/1,extreme_strengthened,9,15,7,0,7,0.7,52172,low,15,18,18,15,,,computed-only,computed-only,33,0,0,0,33,0,0,,
52172,0xCBCC,黑狐面,防具,头部,忍者防具,head,1350,alternate_source,35931,0x8C5B,head,False,4,180,20,3,0,0x00000000,30,20,2/2,extreme_thickened,9,15,7,9,16,1.6,52172,low,0,18,18,15,,,computed-only,computed-only,18,0,0,0,18,0,0,,
52172,0xCBCC,黑狐面,防具,头部,忍者防具,head,1350,alternate_source,35931,0x8C5B,head,False,4,180,20,3,0,0x00000000,30,20,1/2,strengthened_plus_thickened,9,15,7,4,11,1.1,52172,low,7,18,18,15,,,computed-only,computed-only,25,0,0,0,25,0,0,,
52224,0xCC00,修理亮之铠　腿甲,防具,足部,武士防具,feet,713,alternate_source,51280,0xC850,feet,False,4,180,20,3,0,0x00000000,30,20,0/0,unmodified,9,15,49,0,49,4.9,52224,low,0,50,50,17,,,computed-only,computed-only,0,0,9,8,0,0,0,,
52224,0xCC00,修理亮之铠　腿甲,防具,足部,武士防具,feet,713,alternate_source,51280,0xC850,feet,False,4,180,20,3,0,0x00000000,30,20,1/0,strengthened,9,15,49,0,49,4.9,52224,low,7,50,50,17,,,computed-only,computed-only,0,0,16,15,0,0,0,,
52224,0xCC00,修理亮之铠　腿甲,防具,足部,武士防具,feet,713,alternate_source,51280,0xC850,feet,False,4,180,20,3,0,0x00000000,30,20,2/0,thickened,9,15,49,4,53,5.3,52224,low,0,50,50,17,,,computed-only,computed-only,0,0,9,8,0,0,0,,
52224,0xCC00,修理亮之铠　腿甲,防具,足部,武士防具,feet,713,alternate_source,51280,0xC850,feet,False,4,180,20,3,0,0x00000000,30,20,1/1,extreme_strengthened,9,15,49,0,49,4.9,52224,low,15,50,50,17,,,computed-only,computed-only,0,0,24,23,0,0,0,,
52224,0xCC00,修理亮之铠　腿甲,防具,足部,武士防具,feet,713,alternate_source,51280,0xC850,feet,False,4,180,20,3,0,0x00000000,30,20,2/2,extreme_thickened,9,15,49,9,58,5.8,52224,low,0,50,50,17,,,computed-only,computed-only,0,0,9,8,0,0,0,,
52224,0xCC00,修理亮之铠　腿甲,防具,足部,武士防具,feet,713,alternate_source,51280,0xC850,feet,False,4,180,20,3,0,0x00000000,30,20,1/2,strengthened_plus_thickened,9,15,49,4,53,5.3,52224,low,7,50,50,17,,,computed-only,computed-only,0,0,16,15,0,0,0,,
52291,0xCC43,风魔头领忍者装束　腿甲,防具,足部,忍者防具,feet,698,alternate_source,22763,0x58EB,feet,False,4,180,20,3,0,0x00000000,30,20,0/0,unmodified,9,15,17,0,17,1.7,52291,low,0,28,28,16,,,computed-only,computed-only,0,0,6,0,8,0,0,,
52291,0xCC43,风魔头领忍者装束　腿甲,防具,足部,忍者防具,feet,698,alternate_source,22763,0x58EB,feet,False,4,180,20,3,0,0x00000000,30,20,1/0,strengthened,9,15,17,0,17,1.7,52291,low,7,28,28,16,,,computed-only,computed-only,0,0,13,0,15,0,0,,
52291,0xCC43,风魔头领忍者装束　腿甲,防具,足部,忍者防具,feet,698,alternate_source,22763,0x58EB,feet,False,4,180,20,3,0,0x00000000,30,20,2/0,thickened,9,15,17,4,21,2.1,52291,low,0,28,28,16,,,computed-only,computed-only,0,0,6,0,8,0,0,,
52291,0xCC43,风魔头领忍者装束　腿甲,防具,足部,忍者防具,feet,698,alternate_source,22763,0x58EB,feet,False,4,180,20,3,0,0x00000000,30,20,1/1,extreme_strengthened,9,15,17,0,17,1.7,52291,low,15,28,28,16,,,computed-only,computed-only,0,0,21,0,23,0,0,,
52291,0xCC43,风魔头领忍者装束　腿甲,防具,足部,忍者防具,feet,698,alternate_source,22763,0x58EB,feet,False,4,180,20,3,0,0x00000000,30,20,2/2,extreme_thickened,9,15,17,9,26,2.6,52291,low,0,28,28,16,,,computed-only,computed-only,0,0,6,0,8,0,0,,
52291,0xCC43,风魔头领忍者装束　腿甲,防具,足部,忍者防具,feet,698,alternate_source,22763,0x58EB,feet,False,4,180,20,3,0,0x00000000,30,20,1/2,strengthened_plus_thickened,9,15,17,4,21,2.1,52291,low,7,28,28,16,,,computed-only,computed-only,0,0,13,0,15,0,0,,
52327,0xCC67,百鬼之铠　臂甲,防具,手臂,忍者防具,arms,1196,alternate_source,16137,0x3F09,arms,False,4,180,20,3,0,0x00000000,30,20,0/0,unmodified,9,15,25,0,25,2.5,52327,low,0,49,49,16,,,computed-only,computed-only,0,0,20,0,13,0,0,,
52327,0xCC67,百鬼之铠　臂甲,防具,手臂,忍者防具,arms,1196,alternate_source,16137,0x3F09,arms,False,4,180,20,3,0,0x00000000,30,20,1/0,strengthened,9,15,25,0,25,2.5,52327,low,7,49,49,16,,,computed-only,computed-only,0,0,27,0,20,0,0,,
52327,0xCC67,百鬼之铠　臂甲,防具,手臂,忍者防具,arms,1196,alternate_source,16137,0x3F09,arms,False,4,180,20,3,0,0x00000000,30,20,2/0,thickened,9,15,25,4,29,2.9,52327,low,0,49,49,16,,,computed-only,computed-only,0,0,20,0,13,0,0,,
52327,0xCC67,百鬼之铠　臂甲,防具,手臂,忍者防具,arms,1196,alternate_source,16137,0x3F09,arms,False,4,180,20,3,0,0x00000000,30,20,1/1,extreme_strengthened,9,15,25,0,25,2.5,52327,low,15,49,49,16,,,computed-only,computed-only,0,0,35,0,28,0,0,,
52327,0xCC67,百鬼之铠　臂甲,防具,手臂,忍者防具,arms,1196,alternate_source,16137,0x3F09,arms,False,4,180,20,3,0,0x00000000,30,20,2/2,extreme_thickened,9,15,25,9,34,3.4,52327,low,0,49,49,16,,,computed-only,computed-only,0,0,20,0,13,0,0,,
52327,0xCC67,百鬼之铠　臂甲,防具,手臂,忍者防具,arms,1196,alternate_source,16137,0x3F09,arms,False,4,180,20,3,0,0x00000000,30,20,1/2,strengthened_plus_thickened,9,15,25,4,29,2.9,52327,low,7,49,49,16,,,computed-only,computed-only,0,0,27,0,20,0,0,,
52365,0xCC8D,祈月斗将之铠　膝甲,防具,腿部,武士防具,legs,1037,alternate_source,13357,0x342D,legs,False,4,180,20,3,0,0x00000000,30,20,0/0,unmodified,9,15,21,0,21,2.1,52365,low,0,29,29,15,,,computed-only,computed-only,18,0,0,0,18,0,0,,
52365,0xCC8D,祈月斗将之铠　膝甲,防具,腿部,武士防具,legs,1037,alternate_source,13357,0x342D,legs,False,4,180,20,3,0,0x00000000,30,20,1/0,strengthened,9,15,21,0,21,2.1,52365,low,7,29,29,15,,,computed-only,computed-only,25,0,0,0,25,0,0,,
52365,0xCC8D,祈月斗将之铠　膝甲,防具,腿部,武士防具,legs,1037,alternate_source,13357,0x342D,legs,False,4,180,20,3,0,0x00000000,30,20,2/0,thickened,9,15,21,4,25,2.5,52365,low,0,29,29,15,,,computed-only,computed-only,18,0,0,0,18,0,0,,
52365,0xCC8D,祈月斗将之铠　膝甲,防具,腿部,武士防具,legs,1037,alternate_source,13357,0x342D,legs,False,4,180,20,3,0,0x00000000,30,20,1/1,extreme_strengthened,9,15,21,0,21,2.1,52365,low,15,29,29,15,,,computed-only,computed-only,33,0,0,0,33,0,0,,
52365,0xCC8D,祈月斗将之铠　膝甲,防具,腿部,武士防具,legs,1037,alternate_source,13357,0x342D,legs,False,4,180,20,3,0,0x00000000,30,20,2/2,extreme_thickened,9,15,21,9,30,3.0,52365,low,0,29,29,15,,,computed-only,computed-only,18,0,0,0,18,0,0,,
52365,0xCC8D,祈月斗将之铠　膝甲,防具,腿部,武士防具,legs,1037,alternate_source,13357,0x342D,legs,False,4,180,20,3,0,0x00000000,30,20,1/2,strengthened_plus_thickened,9,15,21,4,25,2.5,52365,low,7,29,29,15,,,computed-only,computed-only,25,0,0,0,25,0,0,,
52372,0xCC94,护国禅师的袈裟　上衣,防具,身体,武士防具,chest,702,alternate_source,41288,0xA148,chest,False,4,180,20,3,0,0x00000000,30,20,0/0,unmodified,9,15,68,0,68,6.8,52372,low,0,62,62,16,,,computed-only,computed-only,6,0,0,5,0,0,0,,
52372,0xCC94,护国禅师的袈裟　上衣,防具,身体,武士防具,chest,702,alternate_source,41288,0xA148,chest,False,4,180,20,3,0,0x00000000,30,20,1/0,strengthened,9,15,68,0,68,6.8,52372,low,7,62,62,16,,,computed-only,computed-only,13,0,0,12,0,0,0,,
52372,0xCC94,护国禅师的袈裟　上衣,防具,身体,武士防具,chest,702,alternate_source,41288,0xA148,chest,False,4,180,20,3,0,0x00000000,30,20,2/0,thickened,9,15,68,4,72,7.2,52372,low,0,62,62,16,,,computed-only,computed-only,6,0,0,5,0,0,0,,
52372,0xCC94,护国禅师的袈裟　上衣,防具,身体,武士防具,chest,702,alternate_source,41288,0xA148,chest,False,4,180,20,3,0,0x00000000,30,20,1/1,extreme_strengthened,9,15,68,0,68,6.8,52372,low,15,62,62,16,,,computed-only,computed-only,21,0,0,20,0,0,0,,
52372,0xCC94,护国禅师的袈裟　上衣,防具,身体,武士防具,chest,702,alternate_source,41288,0xA148,chest,False,4,180,20,3,0,0x00000000,30,20,2/2,extreme_thickened,9,15,68,9,77,7.7,52372,low,0,62,62,16,,,computed-only,computed-only,6,0,0,5,0,0,0,,
52372,0xCC94,护国禅师的袈裟　上衣,防具,身体,武士防具,chest,702,alternate_source,41288,0xA148,chest,False,4,180,20,3,0,0x00000000,30,20,1/2,strengthened_plus_thickened,9,15,68,4,72,7.2,52372,low,7,62,62,16,,,computed-only,computed-only,13,0,0,12,0,0,0,,
52396,0xCCAC,甲斐之虎铠甲　臂甲,防具,手臂,武士防具,arms,625,alternate_source,36,0x0024,arms,False,4,180,20,3,0,0x00000000,30,20,0/0,unmodified,9,15,50,0,50,5.0,52396,low,0,50,50,17,,,computed-only,computed-only,0,0,8,10,0,0,0,,
52396,0xCCAC,甲斐之虎铠甲　臂甲,防具,手臂,武士防具,arms,625,alternate_source,36,0x0024,arms,False,4,180,20,3,0,0x00000000,30,20,1/0,strengthened,9,15,50,0,50,5.0,52396,low,7,50,50,17,,,computed-only,computed-only,0,0,15,17,0,0,0,,
52396,0xCCAC,甲斐之虎铠甲　臂甲,防具,手臂,武士防具,arms,625,alternate_source,36,0x0024,arms,False,4,180,20,3,0,0x00000000,30,20,2/0,thickened,9,15,50,4,54,5.4,52396,low,0,50,50,17,,,computed-only,computed-only,0,0,8,10,0,0,0,,
52396,0xCCAC,甲斐之虎铠甲　臂甲,防具,手臂,武士防具,arms,625,alternate_source,36,0x0024,arms,False,4,180,20,3,0,0x00000000,30,20,1/1,extreme_strengthened,9,15,50,0,50,5.0,52396,low,15,50,50,17,,,computed-only,computed-only,0,0,23,25,0,0,0,,
52396,0xCCAC,甲斐之虎铠甲　臂甲,防具,手臂,武士防具,arms,625,alternate_source,36,0x0024,arms,False,4,180,20,3,0,0x00000000,30,20,2/2,extreme_thickened,9,15,50,9,59,5.9,52396,low,0,50,50,17,,,computed-only,computed-only,0,0,8,10,0,0,0,,
52396,0xCCAC,甲斐之虎铠甲　臂甲,防具,手臂,武士防具,arms,625,alternate_source,36,0x0024,arms,False,4,180,20,3,0,0x00000000,30,20,1/2,strengthened_plus_thickened,9,15,50,4,54,5.4,52396,low,7,50,50,17,,,computed-only,computed-only,0,0,15,17,0,0,0,,
52436,0xCCD4,落难御曹司装束　胸甲,防具,身体,忍者防具,chest,773,alternate_source,4728,0x1278,chest,False,4,180,20,3,0,0x00000000,30,20,0/0,unmodified,9,15,16,0,16,1.6,52436,low,0,36,36,15,,,computed-only,computed-only,12,0,0,0,12,0,0,,
52436,0xCCD4,落难御曹司装束　胸甲,防具,身体,忍者防具,chest,773,alternate_source,4728,0x1278,chest,False,4,180,20,3,0,0x00000000,30,20,1/0,strengthened,9,15,16,0,16,1.6,52436,low,7,36,36,15,,,computed-only,computed-only,19,0,0,0,19,0,0,,
52436,0xCCD4,落难御曹司装束　胸甲,防具,身体,忍者防具,chest,773,alternate_source,4728,0x1278,chest,False,4,180,20,3,0,0x00000000,30,20,2/0,thickened,9,15,16,4,20,2.0,52436,low,0,36,36,15,,,computed-only,computed-only,12,0,0,0,12,0,0,,
52436,0xCCD4,落难御曹司装束　胸甲,防具,身体,忍者防具,chest,773,alternate_source,4728,0x1278,chest,False,4,180,20,3,0,0x00000000,30,20,1/1,extreme_strengthened,9,15,16,0,16,1.6,52436,low,15,36,36,15,,,computed-only,computed-only,27,0,0,0,27,0,0,,
52436,0xCCD4,落难御曹司装束　胸甲,防具,身体,忍者防具,chest,773,alternate_source,4728,0x1278,chest,False,4,180,20,3,0,0x00000000,30,20,2/2,extreme_thickened,9,15,16,9,25,2.5,52436,low,0,36,36,15,,,computed-only,computed-only,12,0,0,0,12,0,0,,
52436,0xCCD4,落难御曹司装束　胸甲,防具,身体,忍者防具,chest,773,alternate_source,4728,0x1278,chest,False,4,180,20,3,0,0x00000000,30,20,1/2,strengthened_plus_thickened,9,15,16,4,20,2.0,52436,low,7,36,36,15,,,computed-only,computed-only,19,0,0,0,19,0,0,,
52564,0xCD54,海内无双之衣　足履,防具,足部,武士防具,feet,737,alternate_source,36285,0x8DBD,feet,False,4,180,20,3,0,0x00000000,30,20,0/0,unmodified,9,15,17,0,17,1.7,52564,low,0,19,19,15,,,computed-only,computed-only,17,0,0,0,16,0,0,,
52564,0xCD54,海内无双之衣　足履,防具,足部,武士防具,feet,737,alternate_source,36285,0x8DBD,feet,False,4,180,20,3,0,0x00000000,30,20,1/0,strengthened,9,15,17,0,17,1.7,52564,low,7,19,19,15,,,computed-only,computed-only,24,0,0,0,23,0,0,,
52564,0xCD54,海内无双之衣　足履,防具,足部,武士防具,feet,737,alternate_source,36285,0x8DBD,feet,False,4,180,20,3,0,0x00000000,30,20,2/0,thickened,9,15,17,4,21,2.1,52564,low,0,19,19,15,,,computed-only,computed-only,17,0,0,0,16,0,0,,
52564,0xCD54,海内无双之衣　足履,防具,足部,武士防具,feet,737,alternate_source,36285,0x8DBD,feet,False,4,180,20,3,0,0x00000000,30,20,1/1,extreme_strengthened,9,15,17,0,17,1.7,52564,low,15,19,19,15,,,computed-only,computed-only,32,0,0,0,31,0,0,,
52564,0xCD54,海内无双之衣　足履,防具,足部,武士防具,feet,737,alternate_source,36285,0x8DBD,feet,False,4,180,20,3,0,0x00000000,30,20,2/2,extreme_thickened,9,15,17,9,26,2.6,52564,low,0,19,19,15,,,computed-only,computed-only,17,0,0,0,16,0,0,,
52564,0xCD54,海内无双之衣　足履,防具,足部,武士防具,feet,737,alternate_source,36285,0x8DBD,feet,False,4,180,20,3,0,0x00000000,30,20,1/2,strengthened_plus_thickened,9,15,17,4,21,2.1,52564,low,7,19,19,15,,,computed-only,computed-only,24,0,0,0,23,0,0,,
52599,0xCD77,圣人旅装　上衣,防具,身体,忍者防具,chest,803,alternate_source,4728,0x1278,chest,False,4,180,20,3,0,0x00000000,30,20,0/0,unmodified,9,15,16,0,16,1.6,52599,low,0,36,36,15,,,computed-only,computed-only,12,0,0,0,11,0,0,,
52599,0xCD77,圣人旅装　上衣,防具,身体,忍者防具,chest,803,alternate_source,4728,0x1278,chest,False,4,180,20,3,0,0x00000000,30,20,1/0,strengthened,9,15,16,0,16,1.6,52599,low,7,36,36,15,,,computed-only,computed-only,19,0,0,0,18,0,0,,
52599,0xCD77,圣人旅装　上衣,防具,身体,忍者防具,chest,803,alternate_source,4728,0x1278,chest,False,4,180,20,3,0,0x00000000,30,20,2/0,thickened,9,15,16,4,20,2.0,52599,low,0,36,36,15,,,computed-only,computed-only,12,0,0,0,11,0,0,,
52599,0xCD77,圣人旅装　上衣,防具,身体,忍者防具,chest,803,alternate_source,4728,0x1278,chest,False,4,180,20,3,0,0x00000000,30,20,1/1,extreme_strengthened,9,15,16,0,16,1.6,52599,low,15,36,36,15,,,computed-only,computed-only,27,0,0,0,26,0,0,,
52599,0xCD77,圣人旅装　上衣,防具,身体,忍者防具,chest,803,alternate_source,4728,0x1278,chest,False,4,180,20,3,0,0x00000000,30,20,2/2,extreme_thickened,9,15,16,9,25,2.5,52599,low,0,36,36,15,,,computed-only,computed-only,12,0,0,0,11,0,0,,
52599,0xCD77,圣人旅装　上衣,防具,身体,忍者防具,chest,803,alternate_source,4728,0x1278,chest,False,4,180,20,3,0,0x00000000,30,20,1/2,strengthened_plus_thickened,9,15,16,4,20,2.0,52599,low,7,36,36,15,,,computed-only,computed-only,19,0,0,0,18,0,0,,
52665,0xCDB9,枭雄之铠　胸甲,防具,身体,武士防具,chest,1185,alternate_source,8356,0x20A4,chest,False,4,180,20,3,0,0x00000000,30,20,0/0,unmodified,9,15,100,0,100,10.0,52665,low,0,100,100,17,,,computed-only,computed-only,0,0,9,10,0,0,0,,
52665,0xCDB9,枭雄之铠　胸甲,防具,身体,武士防具,chest,1185,alternate_source,8356,0x20A4,chest,False,4,180,20,3,0,0x00000000,30,20,1/0,strengthened,9,15,100,0,100,10.0,52665,low,7,100,100,17,,,computed-only,computed-only,0,0,16,17,0,0,0,,
52665,0xCDB9,枭雄之铠　胸甲,防具,身体,武士防具,chest,1185,alternate_source,8356,0x20A4,chest,False,4,180,20,3,0,0x00000000,30,20,2/0,thickened,9,15,100,4,104,10.4,52665,low,0,100,100,17,,,computed-only,computed-only,0,0,9,10,0,0,0,,
52665,0xCDB9,枭雄之铠　胸甲,防具,身体,武士防具,chest,1185,alternate_source,8356,0x20A4,chest,False,4,180,20,3,0,0x00000000,30,20,1/1,extreme_strengthened,9,15,100,0,100,10.0,52665,low,15,100,100,17,,,computed-only,computed-only,0,0,24,25,0,0,0,,
52665,0xCDB9,枭雄之铠　胸甲,防具,身体,武士防具,chest,1185,alternate_source,8356,0x20A4,chest,False,4,180,20,3,0,0x00000000,30,20,2/2,extreme_thickened,9,15,100,9,109,10.9,52665,low,0,100,100,17,,,computed-only,computed-only,0,0,9,10,0,0,0,,
52665,0xCDB9,枭雄之铠　胸甲,防具,身体,武士防具,chest,1185,alternate_source,8356,0x20A4,chest,False,4,180,20,3,0,0x00000000,30,20,1/2,strengthened_plus_thickened,9,15,100,4,104,10.4,52665,low,7,100,100,17,,,computed-only,computed-only,0,0,16,17,0,0,0,,
52748,0xCE0C,一玄居士之衣　上衣,防具,身体,武士防具,chest,1233,alternate_source,41288,0xA148,chest,False,4,180,20,3,0,0x00000000,30,20,0/0,unmodified,9,15,68,0,68,6.8,52748,low,0,62,62,16,,,computed-only,computed-only,22,0,0,0,23,0,0,,
52748,0xCE0C,一玄居士之衣　上衣,防具,身体,武士防具,chest,1233,alternate_source,41288,0xA148,chest,False,4,180,20,3,0,0x00000000,30,20,1/0,strengthened,9,15,68,0,68,6.8,52748,low,7,62,62,16,,,computed-only,computed-only,29,0,0,0,30,0,0,,
52748,0xCE0C,一玄居士之衣　上衣,防具,身体,武士防具,chest,1233,alternate_source,41288,0xA148,chest,False,4,180,20,3,0,0x00000000,30,20,2/0,thickened,9,15,68,4,72,7.2,52748,low,0,62,62,16,,,computed-only,computed-only,22,0,0,0,23,0,0,,
52748,0xCE0C,一玄居士之衣　上衣,防具,身体,武士防具,chest,1233,alternate_source,41288,0xA148,chest,False,4,180,20,3,0,0x00000000,30,20,1/1,extreme_strengthened,9,15,68,0,68,6.8,52748,low,15,62,62,16,,,computed-only,computed-only,37,0,0,0,38,0,0,,
52748,0xCE0C,一玄居士之衣　上衣,防具,身体,武士防具,chest,1233,alternate_source,41288,0xA148,chest,False,4,180,20,3,0,0x00000000,30,20,2/2,extreme_thickened,9,15,68,9,77,7.7,52748,low,0,62,62,16,,,computed-only,computed-only,22,0,0,0,23,0,0,,
52748,0xCE0C,一玄居士之衣　上衣,防具,身体,武士防具,chest,1233,alternate_source,41288,0xA148,chest,False,4,180,20,3,0,0x00000000,30,20,1/2,strengthened_plus_thickened,9,15,68,4,72,7.2,52748,low,7,62,62,16,,,computed-only,computed-only,29,0,0,0,30,0,0,,
52771,0xCE23,足轻中铠　阵笠,防具,头部,武士防具,head,24,standalone,52771,0xCE23,head,False,4,180,20,3,0,0x00000000,30,20,0/0,unmodified,9,15,22,0,22,2.2,52771,low,0,19,19,16,,,computed-only,computed-only,6,0,0,5,0,0,0,,
52771,0xCE23,足轻中铠　阵笠,防具,头部,武士防具,head,24,standalone,52771,0xCE23,head,False,4,180,20,3,0,0x00000000,30,20,1/0,strengthened,9,15,22,0,22,2.2,52771,low,7,19,19,16,,,computed-only,computed-only,13,0,0,12,0,0,0,,
52771,0xCE23,足轻中铠　阵笠,防具,头部,武士防具,head,24,standalone,52771,0xCE23,head,False,4,180,20,3,0,0x00000000,30,20,2/0,thickened,9,15,22,4,26,2.6,52771,low,0,19,19,16,,,computed-only,computed-only,6,0,0,5,0,0,0,,
52771,0xCE23,足轻中铠　阵笠,防具,头部,武士防具,head,24,standalone,52771,0xCE23,head,False,4,180,20,3,0,0x00000000,30,20,1/1,extreme_strengthened,9,15,22,0,22,2.2,52771,low,15,19,19,16,,,computed-only,computed-only,21,0,0,20,0,0,0,,
52771,0xCE23,足轻中铠　阵笠,防具,头部,武士防具,head,24,standalone,52771,0xCE23,head,False,4,180,20,3,0,0x00000000,30,20,2/2,extreme_thickened,9,15,22,9,31,3.1,52771,low,0,19,19,16,,,computed-only,computed-only,6,0,0,5,0,0,0,,
52771,0xCE23,足轻中铠　阵笠,防具,头部,武士防具,head,24,standalone,52771,0xCE23,head,False,4,180,20,3,0,0x00000000,30,20,1/2,strengthened_plus_thickened,9,15,22,4,26,2.6,52771,low,7,19,19,16,,,computed-only,computed-only,13,0,0,12,0,0,0,,
52774,0xCE26,阴阳师狩衣　足沓,防具,足部,忍者防具,feet,909,alternate_source,49723,0xC23B,feet,False,4,180,20,3,0,0x00000000,30,20,0/0,unmodified,9,15,18,0,18,1.8,52774,low,0,28,28,16,,,computed-only,computed-only,0,0,10,0,11,0,0,,
52774,0xCE26,阴阳师狩衣　足沓,防具,足部,忍者防具,feet,909,alternate_source,49723,0xC23B,feet,False,4,180,20,3,0,0x00000000,30,20,1/0,strengthened,9,15,18,0,18,1.8,52774,low,7,28,28,16,,,computed-only,computed-only,0,0,17,0,18,0,0,,
52774,0xCE26,阴阳师狩衣　足沓,防具,足部,忍者防具,feet,909,alternate_source,49723,0xC23B,feet,False,4,180,20,3,0,0x00000000,30,20,2/0,thickened,9,15,18,4,22,2.2,52774,low,0,28,28,16,,,computed-only,computed-only,0,0,10,0,11,0,0,,
52774,0xCE26,阴阳师狩衣　足沓,防具,足部,忍者防具,feet,909,alternate_source,49723,0xC23B,feet,False,4,180,20,3,0,0x00000000,30,20,1/1,extreme_strengthened,9,15,18,0,18,1.8,52774,low,15,28,28,16,,,computed-only,computed-only,0,0,25,0,26,0,0,,
52774,0xCE26,阴阳师狩衣　足沓,防具,足部,忍者防具,feet,909,alternate_source,49723,0xC23B,feet,False,4,180,20,3,0,0x00000000,30,20,2/2,extreme_thickened,9,15,18,9,27,2.7,52774,low,0,28,28,16,,,computed-only,computed-only,0,0,10,0,11,0,0,,
52774,0xCE26,阴阳师狩衣　足沓,防具,足部,忍者防具,feet,909,alternate_source,49723,0xC23B,feet,False,4,180,20,3,0,0x00000000,30,20,1/2,strengthened_plus_thickened,9,15,18,4,22,2.2,52774,low,7,28,28,16,,,computed-only,computed-only,0,0,17,0,18,0,0,,
52866,0xCE82,修验者装束　上衣,防具,身体,忍者防具,chest,759,alternate_source,7962,0x1F1A,chest,False,4,180,20,3,0,0x00000000,30,20,0/0,unmodified,9,15,46,0,46,4.6,52866,low,0,98,98,16,,,computed-only,computed-only,0,0,6,0,5,0,0,,
52866,0xCE82,修验者装束　上衣,防具,身体,忍者防具,chest,759,alternate_source,7962,0x1F1A,chest,False,4,180,20,3,0,0x00000000,30,20,1/0,strengthened,9,15,46,0,46,4.6,52866,low,7,98,98,16,,,computed-only,computed-only,0,0,13,0,12,0,0,,
52866,0xCE82,修验者装束　上衣,防具,身体,忍者防具,chest,759,alternate_source,7962,0x1F1A,chest,False,4,180,20,3,0,0x00000000,30,20,2/0,thickened,9,15,46,4,50,5.0,52866,low,0,98,98,16,,,computed-only,computed-only,0,0,6,0,5,0,0,,
52866,0xCE82,修验者装束　上衣,防具,身体,忍者防具,chest,759,alternate_source,7962,0x1F1A,chest,False,4,180,20,3,0,0x00000000,30,20,1/1,extreme_strengthened,9,15,46,0,46,4.6,52866,low,15,98,98,16,,,computed-only,computed-only,0,0,21,0,20,0,0,,
52866,0xCE82,修验者装束　上衣,防具,身体,忍者防具,chest,759,alternate_source,7962,0x1F1A,chest,False,4,180,20,3,0,0x00000000,30,20,2/2,extreme_thickened,9,15,46,9,55,5.5,52866,low,0,98,98,16,,,computed-only,computed-only,0,0,6,0,5,0,0,,
52866,0xCE82,修验者装束　上衣,防具,身体,忍者防具,chest,759,alternate_source,7962,0x1F1A,chest,False,4,180,20,3,0,0x00000000,30,20,1/2,strengthened_plus_thickened,9,15,46,4,50,5.0,52866,low,7,98,98,16,,,computed-only,computed-only,0,0,13,0,12,0,0,,
52894,0xCE9E,神官净衣　足履,防具,足部,忍者防具,feet,884,alternate_source,24404,0x5F54,feet,False,4,180,20,3,0,0x00000000,30,20,0/0,unmodified,9,15,8,0,8,0.8,52894,low,0,18,18,15,,,computed-only,computed-only,10,0,0,0,9,0,0,,
52894,0xCE9E,神官净衣　足履,防具,足部,忍者防具,feet,884,alternate_source,24404,0x5F54,feet,False,4,180,20,3,0,0x00000000,30,20,1/0,strengthened,9,15,8,0,8,0.8,52894,low,7,18,18,15,,,computed-only,computed-only,17,0,0,0,16,0,0,,
52894,0xCE9E,神官净衣　足履,防具,足部,忍者防具,feet,884,alternate_source,24404,0x5F54,feet,False,4,180,20,3,0,0x00000000,30,20,2/0,thickened,9,15,8,4,12,1.2,52894,low,0,18,18,15,,,computed-only,computed-only,10,0,0,0,9,0,0,,
52894,0xCE9E,神官净衣　足履,防具,足部,忍者防具,feet,884,alternate_source,24404,0x5F54,feet,False,4,180,20,3,0,0x00000000,30,20,1/1,extreme_strengthened,9,15,8,0,8,0.8,52894,low,15,18,18,15,,,computed-only,computed-only,25,0,0,0,24,0,0,,
52894,0xCE9E,神官净衣　足履,防具,足部,忍者防具,feet,884,alternate_source,24404,0x5F54,feet,False,4,180,20,3,0,0x00000000,30,20,2/2,extreme_thickened,9,15,8,9,17,1.7,52894,low,0,18,18,15,,,computed-only,computed-only,10,0,0,0,9,0,0,,
52894,0xCE9E,神官净衣　足履,防具,足部,忍者防具,feet,884,alternate_source,24404,0x5F54,feet,False,4,180,20,3,0,0x00000000,30,20,1/2,strengthened_plus_thickened,9,15,8,4,12,1.2,52894,low,7,18,18,15,,,computed-only,computed-only,17,0,0,0,16,0,0,,
52988,0xCEFC,大义之铠　膝甲,防具,腿部,武士防具,legs,634,alternate_source,7357,0x1CBD,legs,False,4,180,20,3,0,0x00000000,30,20,0/0,unmodified,9,15,54,0,54,5.4,52988,low,0,47,47,16,,,computed-only,computed-only,7,0,0,10,0,0,0,,
52988,0xCEFC,大义之铠　膝甲,防具,腿部,武士防具,legs,634,alternate_source,7357,0x1CBD,legs,False,4,180,20,3,0,0x00000000,30,20,1/0,strengthened,9,15,54,0,54,5.4,52988,low,7,47,47,16,,,computed-only,computed-only,14,0,0,17,0,0,0,,
52988,0xCEFC,大义之铠　膝甲,防具,腿部,武士防具,legs,634,alternate_source,7357,0x1CBD,legs,False,4,180,20,3,0,0x00000000,30,20,2/0,thickened,9,15,54,4,58,5.8,52988,low,0,47,47,16,,,computed-only,computed-only,7,0,0,10,0,0,0,,
52988,0xCEFC,大义之铠　膝甲,防具,腿部,武士防具,legs,634,alternate_source,7357,0x1CBD,legs,False,4,180,20,3,0,0x00000000,30,20,1/1,extreme_strengthened,9,15,54,0,54,5.4,52988,low,15,47,47,16,,,computed-only,computed-only,22,0,0,25,0,0,0,,
52988,0xCEFC,大义之铠　膝甲,防具,腿部,武士防具,legs,634,alternate_source,7357,0x1CBD,legs,False,4,180,20,3,0,0x00000000,30,20,2/2,extreme_thickened,9,15,54,9,63,6.3,52988,low,0,47,47,16,,,computed-only,computed-only,7,0,0,10,0,0,0,,
52988,0xCEFC,大义之铠　膝甲,防具,腿部,武士防具,legs,634,alternate_source,7357,0x1CBD,legs,False,4,180,20,3,0,0x00000000,30,20,1/2,strengthened_plus_thickened,9,15,54,4,58,5.8,52988,low,7,47,47,16,,,computed-only,computed-only,14,0,0,17,0,0,0,,
53020,0xCF1C,足轻中铠　臂甲,防具,手臂,武士防具,arms,1011,alternate_source,40479,0x9E1F,arms,False,4,180,20,3,0,0x00000000,30,20,0/0,unmodified,9,15,35,0,35,3.5,53020,low,0,31,31,16,,,computed-only,computed-only,7,0,0,6,0,0,0,,
53020,0xCF1C,足轻中铠　臂甲,防具,手臂,武士防具,arms,1011,alternate_source,40479,0x9E1F,arms,False,4,180,20,3,0,0x00000000,30,20,1/0,strengthened,9,15,35,0,35,3.5,53020,low,7,31,31,16,,,computed-only,computed-only,14,0,0,13,0,0,0,,
53020,0xCF1C,足轻中铠　臂甲,防具,手臂,武士防具,arms,1011,alternate_source,40479,0x9E1F,arms,False,4,180,20,3,0,0x00000000,30,20,2/0,thickened,9,15,35,4,39,3.9,53020,low,0,31,31,16,,,computed-only,computed-only,7,0,0,6,0,0,0,,
53020,0xCF1C,足轻中铠　臂甲,防具,手臂,武士防具,arms,1011,alternate_source,40479,0x9E1F,arms,False,4,180,20,3,0,0x00000000,30,20,1/1,extreme_strengthened,9,15,35,0,35,3.5,53020,low,15,31,31,16,,,computed-only,computed-only,22,0,0,21,0,0,0,,
53020,0xCF1C,足轻中铠　臂甲,防具,手臂,武士防具,arms,1011,alternate_source,40479,0x9E1F,arms,False,4,180,20,3,0,0x00000000,30,20,2/2,extreme_thickened,9,15,35,9,44,4.4,53020,low,0,31,31,16,,,computed-only,computed-only,7,0,0,6,0,0,0,,
53020,0xCF1C,足轻中铠　臂甲,防具,手臂,武士防具,arms,1011,alternate_source,40479,0x9E1F,arms,False,4,180,20,3,0,0x00000000,30,20,1/2,strengthened_plus_thickened,9,15,35,4,39,3.9,53020,low,7,31,31,16,,,computed-only,computed-only,14,0,0,13,0,0,0,,
53118,0xCF7E,翁面,防具,头部,忍者防具,head,1391,alternate_source,12081,0x2F31,head,False,4,180,20,3,0,0x00000000,30,20,0/0,unmodified,9,15,6,0,6,0.6,53118,low,0,18,18,15,,,computed-only,computed-only,8,0,0,0,8,0,0,,
53118,0xCF7E,翁面,防具,头部,忍者防具,head,1391,alternate_source,12081,0x2F31,head,False,4,180,20,3,0,0x00000000,30,20,1/0,strengthened,9,15,6,0,6,0.6,53118,low,7,18,18,15,,,computed-only,computed-only,15,0,0,0,15,0,0,,
53118,0xCF7E,翁面,防具,头部,忍者防具,head,1391,alternate_source,12081,0x2F31,head,False,4,180,20,3,0,0x00000000,30,20,2/0,thickened,9,15,6,4,10,1.0,53118,low,0,18,18,15,,,computed-only,computed-only,8,0,0,0,8,0,0,,
53118,0xCF7E,翁面,防具,头部,忍者防具,head,1391,alternate_source,12081,0x2F31,head,False,4,180,20,3,0,0x00000000,30,20,1/1,extreme_strengthened,9,15,6,0,6,0.6,53118,low,15,18,18,15,,,computed-only,computed-only,23,0,0,0,23,0,0,,
53118,0xCF7E,翁面,防具,头部,忍者防具,head,1391,alternate_source,12081,0x2F31,head,False,4,180,20,3,0,0x00000000,30,20,2/2,extreme_thickened,9,15,6,9,15,1.5,53118,low,0,18,18,15,,,computed-only,computed-only,8,0,0,0,8,0,0,,
53118,0xCF7E,翁面,防具,头部,忍者防具,head,1391,alternate_source,12081,0x2F31,head,False,4,180,20,3,0,0x00000000,30,20,1/2,strengthened_plus_thickened,9,15,6,4,10,1.0,53118,low,7,18,18,15,,,computed-only,computed-only,15,0,0,0,15,0,0,,
53128,0xCF88,旗本之衣　足履,防具,足部,武士防具,feet,683,alternate_source,4335,0x10EF,feet,False,4,180,20,3,0,0x00000000,30,20,0/0,unmodified,9,15,16,0,16,1.6,53128,low,0,19,19,15,,,computed-only,computed-only,14,0,0,0,15,0,0,,
53128,0xCF88,旗本之衣　足履,防具,足部,武士防具,feet,683,alternate_source,4335,0x10EF,feet,False,4,180,20,3,0,0x00000000,30,20,1/0,strengthened,9,15,16,0,16,1.6,53128,low,7,19,19,15,,,computed-only,computed-only,21,0,0,0,22,0,0,,
53128,0xCF88,旗本之衣　足履,防具,足部,武士防具,feet,683,alternate_source,4335,0x10EF,feet,False,4,180,20,3,0,0x00000000,30,20,2/0,thickened,9,15,16,4,20,2.0,53128,low,0,19,19,15,,,computed-only,computed-only,14,0,0,0,15,0,0,,
53128,0xCF88,旗本之衣　足履,防具,足部,武士防具,feet,683,alternate_source,4335,0x10EF,feet,False,4,180,20,3,0,0x00000000,30,20,1/1,extreme_strengthened,9,15,16,0,16,1.6,53128,low,15,19,19,15,,,computed-only,computed-only,29,0,0,0,30,0,0,,
53128,0xCF88,旗本之衣　足履,防具,足部,武士防具,feet,683,alternate_source,4335,0x10EF,feet,False,4,180,20,3,0,0x00000000,30,20,2/2,extreme_thickened,9,15,16,9,25,2.5,53128,low,0,19,19,15,,,computed-only,computed-only,14,0,0,0,15,0,0,,
53128,0xCF88,旗本之衣　足履,防具,足部,武士防具,feet,683,alternate_source,4335,0x10EF,feet,False,4,180,20,3,0,0x00000000,30,20,1/2,strengthened_plus_thickened,9,15,16,4,20,2.0,53128,low,7,19,19,15,,,computed-only,computed-only,21,0,0,0,22,0,0,,
53131,0xCF8B,圣人旅装　裤裙,防具,腿部,忍者防具,legs,805,alternate_source,5030,0x13A6,legs,False,4,180,20,3,0,0x00000000,30,20,0/0,unmodified,9,15,12,0,12,1.2,53131,low,0,27,27,15,,,computed-only,computed-only,12,0,0,0,11,0,0,,
53131,0xCF8B,圣人旅装　裤裙,防具,腿部,忍者防具,legs,805,alternate_source,5030,0x13A6,legs,False,4,180,20,3,0,0x00000000,30,20,1/0,strengthened,9,15,12,0,12,1.2,53131,low,7,27,27,15,,,computed-only,computed-only,19,0,0,0,18,0,0,,
53131,0xCF8B,圣人旅装　裤裙,防具,腿部,忍者防具,legs,805,alternate_source,5030,0x13A6,legs,False,4,180,20,3,0,0x00000000,30,20,2/0,thickened,9,15,12,4,16,1.6,53131,low,0,27,27,15,,,computed-only,computed-only,12,0,0,0,11,0,0,,
53131,0xCF8B,圣人旅装　裤裙,防具,腿部,忍者防具,legs,805,alternate_source,5030,0x13A6,legs,False,4,180,20,3,0,0x00000000,30,20,1/1,extreme_strengthened,9,15,12,0,12,1.2,53131,low,15,27,27,15,,,computed-only,computed-only,27,0,0,0,26,0,0,,
53131,0xCF8B,圣人旅装　裤裙,防具,腿部,忍者防具,legs,805,alternate_source,5030,0x13A6,legs,False,4,180,20,3,0,0x00000000,30,20,2/2,extreme_thickened,9,15,12,9,21,2.1,53131,low,0,27,27,15,,,computed-only,computed-only,12,0,0,0,11,0,0,,
53131,0xCF8B,圣人旅装　裤裙,防具,腿部,忍者防具,legs,805,alternate_source,5030,0x13A6,legs,False,4,180,20,3,0,0x00000000,30,20,1/2,strengthened_plus_thickened,9,15,12,4,16,1.6,53131,low,7,27,27,15,,,computed-only,computed-only,19,0,0,0,18,0,0,,
53208,0xCFD8,,防具,,忍者防具,chest,991,standalone,53208,0xCFD8,chest,False,4,180,20,3,0,0x00000000,30,20,0/0,unmodified,9,15,26,0,26,2.6,53208,low,0,36,36,15,,,computed-only,computed-only,0,0,0,0,12,0,0,,
53208,0xCFD8,,防具,,忍者防具,chest,991,standalone,53208,0xCFD8,chest,False,4,180,20,3,0,0x00000000,30,20,1/0,strengthened,9,15,26,0,26,2.6,53208,low,7,36,36,15,,,computed-only,computed-only,0,0,0,0,19,0,0,,
53208,0xCFD8,,防具,,忍者防具,chest,991,standalone,53208,0xCFD8,chest,False,4,180,20,3,0,0x00000000,30,20,2/0,thickened,9,15,26,4,30,3.0,53208,low,0,36,36,15,,,computed-only,computed-only,0,0,0,0,12,0,0,,
53208,0xCFD8,,防具,,忍者防具,chest,991,standalone,53208,0xCFD8,chest,False,4,180,20,3,0,0x00000000,30,20,1/1,extreme_strengthened,9,15,26,0,26,2.6,53208,low,15,36,36,15,,,computed-only,computed-only,0,0,0,0,27,0,0,,
53208,0xCFD8,,防具,,忍者防具,chest,991,standalone,53208,0xCFD8,chest,False,4,180,20,3,0,0x00000000,30,20,2/2,extreme_thickened,9,15,26,9,35,3.5,53208,low,0,36,36,15,,,computed-only,computed-only,0,0,0,0,12,0,0,,
53208,0xCFD8,,防具,,忍者防具,chest,991,standalone,53208,0xCFD8,chest,False,4,180,20,3,0,0x00000000,30,20,1/2,strengthened_plus_thickened,9,15,26,4,30,3.0,53208,low,7,36,36,15,,,computed-only,computed-only,0,0,0,0,19,0,0,,
53345,0xD061,盗贼之铠　头盔,防具,头部,忍者防具,head,29,standalone,53345,0xD061,head,False,4,180,20,3,0,0x00000000,30,20,0/0,unmodified,9,15,45,0,45,4.5,53345,low,0,38,38,17,,,computed-only,computed-only,0,0,6,6,0,0,0,,
53345,0xD061,盗贼之铠　头盔,防具,头部,忍者防具,head,29,standalone,53345,0xD061,head,False,4,180,20,3,0,0x00000000,30,20,1/0,strengthened,9,15,45,0,45,4.5,53345,low,7,38,38,17,,,computed-only,computed-only,0,0,13,13,0,0,0,,
53345,0xD061,盗贼之铠　头盔,防具,头部,忍者防具,head,29,standalone,53345,0xD061,head,False,4,180,20,3,0,0x00000000,30,20,2/0,thickened,9,15,45,4,49,4.9,53345,low,0,38,38,17,,,computed-only,computed-only,0,0,6,6,0,0,0,,
53345,0xD061,盗贼之铠　头盔,防具,头部,忍者防具,head,29,standalone,53345,0xD061,head,False,4,180,20,3,0,0x00000000,30,20,1/1,extreme_strengthened,9,15,45,0,45,4.5,53345,low,15,38,38,17,,,computed-only,computed-only,0,0,21,21,0,0,0,,
53345,0xD061,盗贼之铠　头盔,防具,头部,忍者防具,head,29,standalone,53345,0xD061,head,False,4,180,20,3,0,0x00000000,30,20,2/2,extreme_thickened,9,15,45,9,54,5.4,53345,low,0,38,38,17,,,computed-only,computed-only,0,0,6,6,0,0,0,,
53345,0xD061,盗贼之铠　头盔,防具,头部,忍者防具,head,29,standalone,53345,0xD061,head,False,4,180,20,3,0,0x00000000,30,20,1/2,strengthened_plus_thickened,9,15,45,4,49,4.9,53345,low,7,38,38,17,,,computed-only,computed-only,0,0,13,13,0,0,0,,
53416,0xD0A8,,防具或饰品,,装备,chest,1210,alternate_source,13303,0x33F7,chest,False,4,180,20,3,0,0x00000000,30,20,0/0,unmodified,9,15,66,0,66,6.6,53416,low,0,62,62,15,,,computed-only,computed-only,21,0,21,0,0,0,0,,
53416,0xD0A8,,防具或饰品,,装备,chest,1210,alternate_source,13303,0x33F7,chest,False,4,180,20,3,0,0x00000000,30,20,1/0,strengthened,9,15,66,0,66,6.6,53416,low,7,62,62,15,,,computed-only,computed-only,28,0,28,0,0,0,0,,
53416,0xD0A8,,防具或饰品,,装备,chest,1210,alternate_source,13303,0x33F7,chest,False,4,180,20,3,0,0x00000000,30,20,2/0,thickened,9,15,66,4,70,7.0,53416,low,0,62,62,15,,,computed-only,computed-only,21,0,21,0,0,0,0,,
53416,0xD0A8,,防具或饰品,,装备,chest,1210,alternate_source,13303,0x33F7,chest,False,4,180,20,3,0,0x00000000,30,20,1/1,extreme_strengthened,9,15,66,0,66,6.6,53416,low,15,62,62,15,,,computed-only,computed-only,36,0,36,0,0,0,0,,
53416,0xD0A8,,防具或饰品,,装备,chest,1210,alternate_source,13303,0x33F7,chest,False,4,180,20,3,0,0x00000000,30,20,2/2,extreme_thickened,9,15,66,9,75,7.5,53416,low,0,62,62,15,,,computed-only,computed-only,21,0,21,0,0,0,0,,
53416,0xD0A8,,防具或饰品,,装备,chest,1210,alternate_source,13303,0x33F7,chest,False,4,180,20,3,0,0x00000000,30,20,1/2,strengthened_plus_thickened,9,15,66,4,70,7.0,53416,low,7,62,62,15,,,computed-only,computed-only,28,0,28,0,0,0,0,,
53685,0xD1B5,剑术无双之衣　裤裙,防具,腿部,武士防具,legs,657,alternate_source,17721,0x4539,legs,False,4,180,20,3,0,0x00000000,30,20,0/0,unmodified,9,15,24,0,24,2.4,53685,low,0,29,29,15,,,computed-only,computed-only,13,0,0,0,12,0,0,,
53685,0xD1B5,剑术无双之衣　裤裙,防具,腿部,武士防具,legs,657,alternate_source,17721,0x4539,legs,False,4,180,20,3,0,0x00000000,30,20,1/0,strengthened,9,15,24,0,24,2.4,53685,low,7,29,29,15,,,computed-only,computed-only,20,0,0,0,19,0,0,,
53685,0xD1B5,剑术无双之衣　裤裙,防具,腿部,武士防具,legs,657,alternate_source,17721,0x4539,legs,False,4,180,20,3,0,0x00000000,30,20,2/0,thickened,9,15,24,4,28,2.8,53685,low,0,29,29,15,,,computed-only,computed-only,13,0,0,0,12,0,0,,
53685,0xD1B5,剑术无双之衣　裤裙,防具,腿部,武士防具,legs,657,alternate_source,17721,0x4539,legs,False,4,180,20,3,0,0x00000000,30,20,1/1,extreme_strengthened,9,15,24,0,24,2.4,53685,low,15,29,29,15,,,computed-only,computed-only,28,0,0,0,27,0,0,,
53685,0xD1B5,剑术无双之衣　裤裙,防具,腿部,武士防具,legs,657,alternate_source,17721,0x4539,legs,False,4,180,20,3,0,0x00000000,30,20,2/2,extreme_thickened,9,15,24,9,33,3.3,53685,low,0,29,29,15,,,computed-only,computed-only,13,0,0,0,12,0,0,,
53685,0xD1B5,剑术无双之衣　裤裙,防具,腿部,武士防具,legs,657,alternate_source,17721,0x4539,legs,False,4,180,20,3,0,0x00000000,30,20,1/2,strengthened_plus_thickened,9,15,24,4,28,2.8,53685,low,7,29,29,15,,,computed-only,computed-only,20,0,0,0,19,0,0,,
53757,0xD1FD,修理亮之铠　头盔,防具,头部,武士防具,head,711,alternate_source,48392,0xBD08,head,False,4,180,20,3,0,0x00000000,30,20,0/0,unmodified,9,15,49,0,49,4.9,53757,low,0,50,50,17,,,computed-only,computed-only,0,0,9,8,0,0,0,,
53757,0xD1FD,修理亮之铠　头盔,防具,头部,武士防具,head,711,alternate_source,48392,0xBD08,head,False,4,180,20,3,0,0x00000000,30,20,1/0,strengthened,9,15,49,0,49,4.9,53757,low,7,50,50,17,,,computed-only,computed-only,0,0,16,15,0,0,0,,
53757,0xD1FD,修理亮之铠　头盔,防具,头部,武士防具,head,711,alternate_source,48392,0xBD08,head,False,4,180,20,3,0,0x00000000,30,20,2/0,thickened,9,15,49,4,53,5.3,53757,low,0,50,50,17,,,computed-only,computed-only,0,0,9,8,0,0,0,,
53757,0xD1FD,修理亮之铠　头盔,防具,头部,武士防具,head,711,alternate_source,48392,0xBD08,head,False,4,180,20,3,0,0x00000000,30,20,1/1,extreme_strengthened,9,15,49,0,49,4.9,53757,low,15,50,50,17,,,computed-only,computed-only,0,0,24,23,0,0,0,,
53757,0xD1FD,修理亮之铠　头盔,防具,头部,武士防具,head,711,alternate_source,48392,0xBD08,head,False,4,180,20,3,0,0x00000000,30,20,2/2,extreme_thickened,9,15,49,9,58,5.8,53757,low,0,50,50,17,,,computed-only,computed-only,0,0,9,8,0,0,0,,
53757,0xD1FD,修理亮之铠　头盔,防具,头部,武士防具,head,711,alternate_source,48392,0xBD08,head,False,4,180,20,3,0,0x00000000,30,20,1/2,strengthened_plus_thickened,9,15,49,4,53,5.3,53757,low,7,50,50,17,,,computed-only,computed-only,0,0,16,15,0,0,0,,
53767,0xD207,忍铠　面具,防具,头部,忍者防具,head,910,alternate_source,23309,0x5B0D,head,False,4,180,20,3,0,0x00000000,30,20,0/0,unmodified,9,15,24,0,24,2.4,53767,low,0,49,49,16,,,computed-only,computed-only,0,0,7,0,8,0,0,,
53767,0xD207,忍铠　面具,防具,头部,忍者防具,head,910,alternate_source,23309,0x5B0D,head,False,4,180,20,3,0,0x00000000,30,20,1/0,strengthened,9,15,24,0,24,2.4,53767,low,7,49,49,16,,,computed-only,computed-only,0,0,14,0,15,0,0,,
53767,0xD207,忍铠　面具,防具,头部,忍者防具,head,910,alternate_source,23309,0x5B0D,head,False,4,180,20,3,0,0x00000000,30,20,2/0,thickened,9,15,24,4,28,2.8,53767,low,0,49,49,16,,,computed-only,computed-only,0,0,7,0,8,0,0,,
53767,0xD207,忍铠　面具,防具,头部,忍者防具,head,910,alternate_source,23309,0x5B0D,head,False,4,180,20,3,0,0x00000000,30,20,1/1,extreme_strengthened,9,15,24,0,24,2.4,53767,low,15,49,49,16,,,computed-only,computed-only,0,0,22,0,23,0,0,,
53767,0xD207,忍铠　面具,防具,头部,忍者防具,head,910,alternate_source,23309,0x5B0D,head,False,4,180,20,3,0,0x00000000,30,20,2/2,extreme_thickened,9,15,24,9,33,3.3,53767,low,0,49,49,16,,,computed-only,computed-only,0,0,7,0,8,0,0,,
53767,0xD207,忍铠　面具,防具,头部,忍者防具,head,910,alternate_source,23309,0x5B0D,head,False,4,180,20,3,0,0x00000000,30,20,1/2,strengthened_plus_thickened,9,15,24,4,28,2.8,53767,low,7,49,49,16,,,computed-only,computed-only,0,0,14,0,15,0,0,,
53837,0xD24D,屈之装束　绑腿,防具,足部,忍者防具,feet,752,alternate_source,24404,0x5F54,feet,False,4,180,20,3,0,0x00000000,30,20,0/0,unmodified,9,15,8,0,8,0.8,53837,low,0,18,18,15,,,computed-only,computed-only,9,0,0,0,8,0,0,,
53837,0xD24D,屈之装束　绑腿,防具,足部,忍者防具,feet,752,alternate_source,24404,0x5F54,feet,False,4,180,20,3,0,0x00000000,30,20,1/0,strengthened,9,15,8,0,8,0.8,53837,low,7,18,18,15,,,computed-only,computed-only,16,0,0,0,15,0,0,,
53837,0xD24D,屈之装束　绑腿,防具,足部,忍者防具,feet,752,alternate_source,24404,0x5F54,feet,False,4,180,20,3,0,0x00000000,30,20,2/0,thickened,9,15,8,4,12,1.2,53837,low,0,18,18,15,,,computed-only,computed-only,9,0,0,0,8,0,0,,
53837,0xD24D,屈之装束　绑腿,防具,足部,忍者防具,feet,752,alternate_source,24404,0x5F54,feet,False,4,180,20,3,0,0x00000000,30,20,1/1,extreme_strengthened,9,15,8,0,8,0.8,53837,low,15,18,18,15,,,computed-only,computed-only,24,0,0,0,23,0,0,,
53837,0xD24D,屈之装束　绑腿,防具,足部,忍者防具,feet,752,alternate_source,24404,0x5F54,feet,False,4,180,20,3,0,0x00000000,30,20,2/2,extreme_thickened,9,15,8,9,17,1.7,53837,low,0,18,18,15,,,computed-only,computed-only,9,0,0,0,8,0,0,,
53837,0xD24D,屈之装束　绑腿,防具,足部,忍者防具,feet,752,alternate_source,24404,0x5F54,feet,False,4,180,20,3,0,0x00000000,30,20,1/2,strengthened_plus_thickened,9,15,8,4,12,1.2,53837,low,7,18,18,15,,,computed-only,computed-only,16,0,0,0,15,0,0,,
54019,0xD303,,防具,,忍者防具,feet,858,standalone,54019,0xD303,feet,False,4,180,20,3,0,0x00000000,30,20,0/0,unmodified,9,15,50,0,50,5.0,54019,low,0,30,30,17,,,computed-only,computed-only,5,0,0,5,0,0,0,,
54019,0xD303,,防具,,忍者防具,feet,858,standalone,54019,0xD303,feet,False,4,180,20,3,0,0x00000000,30,20,1/0,strengthened,9,15,50,0,50,5.0,54019,low,7,30,30,17,,,computed-only,computed-only,12,0,0,12,0,0,0,,
54019,0xD303,,防具,,忍者防具,feet,858,standalone,54019,0xD303,feet,False,4,180,20,3,0,0x00000000,30,20,2/0,thickened,9,15,50,4,54,5.4,54019,low,0,30,30,17,,,computed-only,computed-only,5,0,0,5,0,0,0,,
54019,0xD303,,防具,,忍者防具,feet,858,standalone,54019,0xD303,feet,False,4,180,20,3,0,0x00000000,30,20,1/1,extreme_strengthened,9,15,50,0,50,5.0,54019,low,15,30,30,17,,,computed-only,computed-only,20,0,0,20,0,0,0,,
54019,0xD303,,防具,,忍者防具,feet,858,standalone,54019,0xD303,feet,False,4,180,20,3,0,0x00000000,30,20,2/2,extreme_thickened,9,15,50,9,59,5.9,54019,low,0,30,30,17,,,computed-only,computed-only,5,0,0,5,0,0,0,,
54019,0xD303,,防具,,忍者防具,feet,858,standalone,54019,0xD303,feet,False,4,180,20,3,0,0x00000000,30,20,1/2,strengthened_plus_thickened,9,15,50,4,54,5.4,54019,low,7,30,30,17,,,computed-only,computed-only,12,0,0,12,0,0,0,,
54101,0xD355,盗贼轻铠　腿甲,防具,足部,忍者防具,feet,874,alternate_source,34599,0x8727,feet,False,4,180,20,3,0,0x00000000,30,20,0/0,unmodified,9,15,6,0,6,0.6,54101,low,0,18,18,15,,,computed-only,computed-only,6,0,0,0,5,0,0,,
54101,0xD355,盗贼轻铠　腿甲,防具,足部,忍者防具,feet,874,alternate_source,34599,0x8727,feet,False,4,180,20,3,0,0x00000000,30,20,1/0,strengthened,9,15,6,0,6,0.6,54101,low,7,18,18,15,,,computed-only,computed-only,13,0,0,0,12,0,0,,
54101,0xD355,盗贼轻铠　腿甲,防具,足部,忍者防具,feet,874,alternate_source,34599,0x8727,feet,False,4,180,20,3,0,0x00000000,30,20,2/0,thickened,9,15,6,4,10,1.0,54101,low,0,18,18,15,,,computed-only,computed-only,6,0,0,0,5,0,0,,
54101,0xD355,盗贼轻铠　腿甲,防具,足部,忍者防具,feet,874,alternate_source,34599,0x8727,feet,False,4,180,20,3,0,0x00000000,30,20,1/1,extreme_strengthened,9,15,6,0,6,0.6,54101,low,15,18,18,15,,,computed-only,computed-only,21,0,0,0,20,0,0,,
54101,0xD355,盗贼轻铠　腿甲,防具,足部,忍者防具,feet,874,alternate_source,34599,0x8727,feet,False,4,180,20,3,0,0x00000000,30,20,2/2,extreme_thickened,9,15,6,9,15,1.5,54101,low,0,18,18,15,,,computed-only,computed-only,6,0,0,0,5,0,0,,
54101,0xD355,盗贼轻铠　腿甲,防具,足部,忍者防具,feet,874,alternate_source,34599,0x8727,feet,False,4,180,20,3,0,0x00000000,30,20,1/2,strengthened_plus_thickened,9,15,6,4,10,1.0,54101,low,7,18,18,15,,,computed-only,computed-only,13,0,0,0,12,0,0,,
54162,0xD392,盾无　臂甲,防具,手臂,武士防具,arms,1176,alternate_source,6838,0x1AB6,arms,False,4,180,20,3,0,0x00000000,30,20,0/0,unmodified,9,15,52,0,52,5.2,54162,low,0,50,50,17,,,computed-only,computed-only,0,0,12,13,0,0,0,,
54162,0xD392,盾无　臂甲,防具,手臂,武士防具,arms,1176,alternate_source,6838,0x1AB6,arms,False,4,180,20,3,0,0x00000000,30,20,1/0,strengthened,9,15,52,0,52,5.2,54162,low,7,50,50,17,,,computed-only,computed-only,0,0,19,20,0,0,0,,
54162,0xD392,盾无　臂甲,防具,手臂,武士防具,arms,1176,alternate_source,6838,0x1AB6,arms,False,4,180,20,3,0,0x00000000,30,20,2/0,thickened,9,15,52,4,56,5.6,54162,low,0,50,50,17,,,computed-only,computed-only,0,0,12,13,0,0,0,,
54162,0xD392,盾无　臂甲,防具,手臂,武士防具,arms,1176,alternate_source,6838,0x1AB6,arms,False,4,180,20,3,0,0x00000000,30,20,1/1,extreme_strengthened,9,15,52,0,52,5.2,54162,low,15,50,50,17,,,computed-only,computed-only,0,0,27,28,0,0,0,,
54162,0xD392,盾无　臂甲,防具,手臂,武士防具,arms,1176,alternate_source,6838,0x1AB6,arms,False,4,180,20,3,0,0x00000000,30,20,2/2,extreme_thickened,9,15,52,9,61,6.1,54162,low,0,50,50,17,,,computed-only,computed-only,0,0,12,13,0,0,0,,
54162,0xD392,盾无　臂甲,防具,手臂,武士防具,arms,1176,alternate_source,6838,0x1AB6,arms,False,4,180,20,3,0,0x00000000,30,20,1/2,strengthened_plus_thickened,9,15,52,4,56,5.6,54162,low,7,50,50,17,,,computed-only,computed-only,0,0,19,20,0,0,0,,
54292,0xD414,柳生众装束　腿甲,防具,足部,忍者防具,feet,1241,alternate_source,15871,0x3DFF,feet,False,4,180,20,3,0,0x00000000,30,20,0/0,unmodified,9,15,16,0,16,1.6,54292,low,0,28,28,16,,,computed-only,computed-only,0,21,0,0,21,0,0,,
54292,0xD414,柳生众装束　腿甲,防具,足部,忍者防具,feet,1241,alternate_source,15871,0x3DFF,feet,False,4,180,20,3,0,0x00000000,30,20,1/0,strengthened,9,15,16,0,16,1.6,54292,low,7,28,28,16,,,computed-only,computed-only,0,28,0,0,28,0,0,,
54292,0xD414,柳生众装束　腿甲,防具,足部,忍者防具,feet,1241,alternate_source,15871,0x3DFF,feet,False,4,180,20,3,0,0x00000000,30,20,2/0,thickened,9,15,16,4,20,2.0,54292,low,0,28,28,16,,,computed-only,computed-only,0,21,0,0,21,0,0,,
54292,0xD414,柳生众装束　腿甲,防具,足部,忍者防具,feet,1241,alternate_source,15871,0x3DFF,feet,False,4,180,20,3,0,0x00000000,30,20,1/1,extreme_strengthened,9,15,16,0,16,1.6,54292,low,15,28,28,16,,,computed-only,computed-only,0,36,0,0,36,0,0,,
54292,0xD414,柳生众装束　腿甲,防具,足部,忍者防具,feet,1241,alternate_source,15871,0x3DFF,feet,False,4,180,20,3,0,0x00000000,30,20,2/2,extreme_thickened,9,15,16,9,25,2.5,54292,low,0,28,28,16,,,computed-only,computed-only,0,21,0,0,21,0,0,,
54292,0xD414,柳生众装束　腿甲,防具,足部,忍者防具,feet,1241,alternate_source,15871,0x3DFF,feet,False,4,180,20,3,0,0x00000000,30,20,1/2,strengthened_plus_thickened,9,15,16,4,20,2.0,54292,low,7,28,28,16,,,computed-only,computed-only,0,28,0,0,28,0,0,,
54315,0xD42B,美浓宿老之铠　胸甲,防具,身体,武士防具,chest,1170,alternate_source,9240,0x2418,chest,False,4,180,20,3,0,0x00000000,30,20,0/0,unmodified,9,15,96,0,96,9.6,54315,low,0,100,100,17,,,computed-only,computed-only,0,0,6,8,0,0,0,,
54315,0xD42B,美浓宿老之铠　胸甲,防具,身体,武士防具,chest,1170,alternate_source,9240,0x2418,chest,False,4,180,20,3,0,0x00000000,30,20,1/0,strengthened,9,15,96,0,96,9.6,54315,low,7,100,100,17,,,computed-only,computed-only,0,0,13,15,0,0,0,,
54315,0xD42B,美浓宿老之铠　胸甲,防具,身体,武士防具,chest,1170,alternate_source,9240,0x2418,chest,False,4,180,20,3,0,0x00000000,30,20,2/0,thickened,9,15,96,4,100,10.0,54315,low,0,100,100,17,,,computed-only,computed-only,0,0,6,8,0,0,0,,
54315,0xD42B,美浓宿老之铠　胸甲,防具,身体,武士防具,chest,1170,alternate_source,9240,0x2418,chest,False,4,180,20,3,0,0x00000000,30,20,1/1,extreme_strengthened,9,15,96,0,96,9.6,54315,low,15,100,100,17,,,computed-only,computed-only,0,0,21,23,0,0,0,,
54315,0xD42B,美浓宿老之铠　胸甲,防具,身体,武士防具,chest,1170,alternate_source,9240,0x2418,chest,False,4,180,20,3,0,0x00000000,30,20,2/2,extreme_thickened,9,15,96,9,105,10.5,54315,low,0,100,100,17,,,computed-only,computed-only,0,0,6,8,0,0,0,,
54315,0xD42B,美浓宿老之铠　胸甲,防具,身体,武士防具,chest,1170,alternate_source,9240,0x2418,chest,False,4,180,20,3,0,0x00000000,30,20,1/2,strengthened_plus_thickened,9,15,96,4,100,10.0,54315,low,7,100,100,17,,,computed-only,computed-only,0,0,13,15,0,0,0,,
54383,0xD46F,黑漆涂雁金形盔,防具,头部,武士防具,head,1390,alternate_source,54687,0xD59F,head,False,4,180,20,3,0,0x00000000,30,20,0/0,unmodified,9,15,45,0,45,4.5,54383,low,0,50,50,17,,,computed-only,computed-only,0,0,5,5,0,0,0,,
54383,0xD46F,黑漆涂雁金形盔,防具,头部,武士防具,head,1390,alternate_source,54687,0xD59F,head,False,4,180,20,3,0,0x00000000,30,20,1/0,strengthened,9,15,45,0,45,4.5,54383,low,7,50,50,17,,,computed-only,computed-only,0,0,12,12,0,0,0,,
54383,0xD46F,黑漆涂雁金形盔,防具,头部,武士防具,head,1390,alternate_source,54687,0xD59F,head,False,4,180,20,3,0,0x00000000,30,20,2/0,thickened,9,15,45,4,49,4.9,54383,low,0,50,50,17,,,computed-only,computed-only,0,0,5,5,0,0,0,,
54383,0xD46F,黑漆涂雁金形盔,防具,头部,武士防具,head,1390,alternate_source,54687,0xD59F,head,False,4,180,20,3,0,0x00000000,30,20,1/1,extreme_strengthened,9,15,45,0,45,4.5,54383,low,15,50,50,17,,,computed-only,computed-only,0,0,20,20,0,0,0,,
54383,0xD46F,黑漆涂雁金形盔,防具,头部,武士防具,head,1390,alternate_source,54687,0xD59F,head,False,4,180,20,3,0,0x00000000,30,20,2/2,extreme_thickened,9,15,45,9,54,5.4,54383,low,0,50,50,17,,,computed-only,computed-only,0,0,5,5,0,0,0,,
54383,0xD46F,黑漆涂雁金形盔,防具,头部,武士防具,head,1390,alternate_source,54687,0xD59F,head,False,4,180,20,3,0,0x00000000,30,20,1/2,strengthened_plus_thickened,9,15,45,4,49,4.9,54383,low,7,50,50,17,,,computed-only,computed-only,0,0,12,12,0,0,0,,
54439,0xD4A7,鬼神面,防具,头部,忍者防具,head,1356,alternate_source,37269,0x9195,head,False,4,180,20,3,0,0x00000000,30,20,0/0,unmodified,9,15,16,0,16,1.6,54439,low,0,28,28,16,,,computed-only,computed-only,0,0,13,0,13,0,0,,
54439,0xD4A7,鬼神面,防具,头部,忍者防具,head,1356,alternate_source,37269,0x9195,head,False,4,180,20,3,0,0x00000000,30,20,1/0,strengthened,9,15,16,0,16,1.6,54439,low,7,28,28,16,,,computed-only,computed-only,0,0,20,0,20,0,0,,
54439,0xD4A7,鬼神面,防具,头部,忍者防具,head,1356,alternate_source,37269,0x9195,head,False,4,180,20,3,0,0x00000000,30,20,2/0,thickened,9,15,16,4,20,2.0,54439,low,0,28,28,16,,,computed-only,computed-only,0,0,13,0,13,0,0,,
54439,0xD4A7,鬼神面,防具,头部,忍者防具,head,1356,alternate_source,37269,0x9195,head,False,4,180,20,3,0,0x00000000,30,20,1/1,extreme_strengthened,9,15,16,0,16,1.6,54439,low,15,28,28,16,,,computed-only,computed-only,0,0,28,0,28,0,0,,
54439,0xD4A7,鬼神面,防具,头部,忍者防具,head,1356,alternate_source,37269,0x9195,head,False,4,180,20,3,0,0x00000000,30,20,2/2,extreme_thickened,9,15,16,9,25,2.5,54439,low,0,28,28,16,,,computed-only,computed-only,0,0,13,0,13,0,0,,
54439,0xD4A7,鬼神面,防具,头部,忍者防具,head,1356,alternate_source,37269,0x9195,head,False,4,180,20,3,0,0x00000000,30,20,1/2,strengthened_plus_thickened,9,15,16,4,20,2.0,54439,low,7,28,28,16,,,computed-only,computed-only,0,0,20,0,20,0,0,,
54493,0xD4DD,盗贼之铠　臂甲,防具,手臂,忍者防具,arms,1166,alternate_source,13877,0x3635,arms,False,4,180,20,3,0,0x00000000,30,20,0/0,unmodified,9,15,16,0,16,1.6,54493,low,0,28,28,16,,,computed-only,computed-only,0,0,5,0,5,0,0,,
54493,0xD4DD,盗贼之铠　臂甲,防具,手臂,忍者防具,arms,1166,alternate_source,13877,0x3635,arms,False,4,180,20,3,0,0x00000000,30,20,1/0,strengthened,9,15,16,0,16,1.6,54493,low,7,28,28,16,,,computed-only,computed-only,0,0,12,0,12,0,0,,
54493,0xD4DD,盗贼之铠　臂甲,防具,手臂,忍者防具,arms,1166,alternate_source,13877,0x3635,arms,False,4,180,20,3,0,0x00000000,30,20,2/0,thickened,9,15,16,4,20,2.0,54493,low,0,28,28,16,,,computed-only,computed-only,0,0,5,0,5,0,0,,
54493,0xD4DD,盗贼之铠　臂甲,防具,手臂,忍者防具,arms,1166,alternate_source,13877,0x3635,arms,False,4,180,20,3,0,0x00000000,30,20,1/1,extreme_strengthened,9,15,16,0,16,1.6,54493,low,15,28,28,16,,,computed-only,computed-only,0,0,20,0,20,0,0,,
54493,0xD4DD,盗贼之铠　臂甲,防具,手臂,忍者防具,arms,1166,alternate_source,13877,0x3635,arms,False,4,180,20,3,0,0x00000000,30,20,2/2,extreme_thickened,9,15,16,9,25,2.5,54493,low,0,28,28,16,,,computed-only,computed-only,0,0,5,0,5,0,0,,
54493,0xD4DD,盗贼之铠　臂甲,防具,手臂,忍者防具,arms,1166,alternate_source,13877,0x3635,arms,False,4,180,20,3,0,0x00000000,30,20,1/2,strengthened_plus_thickened,9,15,16,4,20,2.0,54493,low,7,28,28,16,,,computed-only,computed-only,0,0,12,0,12,0,0,,
54706,0xD5B2,炎狱忍者装束　臂甲,防具,手臂,忍者防具,arms,832,alternate_source,13877,0x3635,arms,False,4,180,20,3,0,0x00000000,30,20,0/0,unmodified,9,15,16,0,16,1.6,54706,low,0,28,28,16,,,computed-only,computed-only,5,0,0,5,0,0,0,,
54706,0xD5B2,炎狱忍者装束　臂甲,防具,手臂,忍者防具,arms,832,alternate_source,13877,0x3635,arms,False,4,180,20,3,0,0x00000000,30,20,1/0,strengthened,9,15,16,0,16,1.6,54706,low,7,28,28,16,,,computed-only,computed-only,12,0,0,12,0,0,0,,
54706,0xD5B2,炎狱忍者装束　臂甲,防具,手臂,忍者防具,arms,832,alternate_source,13877,0x3635,arms,False,4,180,20,3,0,0x00000000,30,20,2/0,thickened,9,15,16,4,20,2.0,54706,low,0,28,28,16,,,computed-only,computed-only,5,0,0,5,0,0,0,,
54706,0xD5B2,炎狱忍者装束　臂甲,防具,手臂,忍者防具,arms,832,alternate_source,13877,0x3635,arms,False,4,180,20,3,0,0x00000000,30,20,1/1,extreme_strengthened,9,15,16,0,16,1.6,54706,low,15,28,28,16,,,computed-only,computed-only,20,0,0,20,0,0,0,,
54706,0xD5B2,炎狱忍者装束　臂甲,防具,手臂,忍者防具,arms,832,alternate_source,13877,0x3635,arms,False,4,180,20,3,0,0x00000000,30,20,2/2,extreme_thickened,9,15,16,9,25,2.5,54706,low,0,28,28,16,,,computed-only,computed-only,5,0,0,5,0,0,0,,
54706,0xD5B2,炎狱忍者装束　臂甲,防具,手臂,忍者防具,arms,832,alternate_source,13877,0x3635,arms,False,4,180,20,3,0,0x00000000,30,20,1/2,strengthened_plus_thickened,9,15,16,4,20,2.0,54706,low,7,28,28,16,,,computed-only,computed-only,12,0,0,12,0,0,0,,
54770,0xD5F2,木灵碗,防具,头部,忍者防具,head,1343,alternate_source,37269,0x9195,head,False,4,180,20,3,0,0x00000000,30,20,0/0,unmodified,9,15,16,0,16,1.6,54770,low,0,28,28,16,,,computed-only,computed-only,0,0,5,0,5,0,0,,
54770,0xD5F2,木灵碗,防具,头部,忍者防具,head,1343,alternate_source,37269,0x9195,head,False,4,180,20,3,0,0x00000000,30,20,1/0,strengthened,9,15,16,0,16,1.6,54770,low,7,28,28,16,,,computed-only,computed-only,0,0,12,0,12,0,0,,
54770,0xD5F2,木灵碗,防具,头部,忍者防具,head,1343,alternate_source,37269,0x9195,head,False,4,180,20,3,0,0x00000000,30,20,2/0,thickened,9,15,16,4,20,2.0,54770,low,0,28,28,16,,,computed-only,computed-only,0,0,5,0,5,0,0,,
54770,0xD5F2,木灵碗,防具,头部,忍者防具,head,1343,alternate_source,37269,0x9195,head,False,4,180,20,3,0,0x00000000,30,20,1/1,extreme_strengthened,9,15,16,0,16,1.6,54770,low,15,28,28,16,,,computed-only,computed-only,0,0,20,0,20,0,0,,
54770,0xD5F2,木灵碗,防具,头部,忍者防具,head,1343,alternate_source,37269,0x9195,head,False,4,180,20,3,0,0x00000000,30,20,2/2,extreme_thickened,9,15,16,9,25,2.5,54770,low,0,28,28,16,,,computed-only,computed-only,0,0,5,0,5,0,0,,
54770,0xD5F2,木灵碗,防具,头部,忍者防具,head,1343,alternate_source,37269,0x9195,head,False,4,180,20,3,0,0x00000000,30,20,1/2,strengthened_plus_thickened,9,15,16,4,20,2.0,54770,low,7,28,28,16,,,computed-only,computed-only,0,0,12,0,12,0,0,,
54835,0xD633,智慧伊豆之衣　裤裙,防具,腿部,武士防具,legs,1261,alternate_source,13357,0x342D,legs,False,4,180,20,3,0,0x00000000,30,20,0/0,unmodified,9,15,21,0,21,2.1,54835,low,0,29,29,15,,,computed-only,computed-only,0,0,0,22,22,0,0,,
54835,0xD633,智慧伊豆之衣　裤裙,防具,腿部,武士防具,legs,1261,alternate_source,13357,0x342D,legs,False,4,180,20,3,0,0x00000000,30,20,1/0,strengthened,9,15,21,0,21,2.1,54835,low,7,29,29,15,,,computed-only,computed-only,0,0,0,29,29,0,0,,
54835,0xD633,智慧伊豆之衣　裤裙,防具,腿部,武士防具,legs,1261,alternate_source,13357,0x342D,legs,False,4,180,20,3,0,0x00000000,30,20,2/0,thickened,9,15,21,4,25,2.5,54835,low,0,29,29,15,,,computed-only,computed-only,0,0,0,22,22,0,0,,
54835,0xD633,智慧伊豆之衣　裤裙,防具,腿部,武士防具,legs,1261,alternate_source,13357,0x342D,legs,False,4,180,20,3,0,0x00000000,30,20,1/1,extreme_strengthened,9,15,21,0,21,2.1,54835,low,15,29,29,15,,,computed-only,computed-only,0,0,0,37,37,0,0,,
54835,0xD633,智慧伊豆之衣　裤裙,防具,腿部,武士防具,legs,1261,alternate_source,13357,0x342D,legs,False,4,180,20,3,0,0x00000000,30,20,2/2,extreme_thickened,9,15,21,9,30,3.0,54835,low,0,29,29,15,,,computed-only,computed-only,0,0,0,22,22,0,0,,
54835,0xD633,智慧伊豆之衣　裤裙,防具,腿部,武士防具,legs,1261,alternate_source,13357,0x342D,legs,False,4,180,20,3,0,0x00000000,30,20,1/2,strengthened_plus_thickened,9,15,21,4,25,2.5,54835,low,7,29,29,15,,,computed-only,computed-only,0,0,0,29,29,0,0,,
54905,0xD679,田村后裔之铠　斗笠,防具,头部,武士防具,head,1204,alternate_source,65430,0xFF96,head,False,4,180,20,3,0,0x00000000,30,20,0/0,unmodified,9,15,55,0,55,5.5,54905,low,0,50,50,17,,,computed-only,computed-only,0,0,19,19,0,0,0,,
54905,0xD679,田村后裔之铠　斗笠,防具,头部,武士防具,head,1204,alternate_source,65430,0xFF96,head,False,4,180,20,3,0,0x00000000,30,20,1/0,strengthened,9,15,55,0,55,5.5,54905,low,7,50,50,17,,,computed-only,computed-only,0,0,26,26,0,0,0,,
54905,0xD679,田村后裔之铠　斗笠,防具,头部,武士防具,head,1204,alternate_source,65430,0xFF96,head,False,4,180,20,3,0,0x00000000,30,20,2/0,thickened,9,15,55,4,59,5.9,54905,low,0,50,50,17,,,computed-only,computed-only,0,0,19,19,0,0,0,,
54905,0xD679,田村后裔之铠　斗笠,防具,头部,武士防具,head,1204,alternate_source,65430,0xFF96,head,False,4,180,20,3,0,0x00000000,30,20,1/1,extreme_strengthened,9,15,55,0,55,5.5,54905,low,15,50,50,17,,,computed-only,computed-only,0,0,34,34,0,0,0,,
54905,0xD679,田村后裔之铠　斗笠,防具,头部,武士防具,head,1204,alternate_source,65430,0xFF96,head,False,4,180,20,3,0,0x00000000,30,20,2/2,extreme_thickened,9,15,55,9,64,6.4,54905,low,0,50,50,17,,,computed-only,computed-only,0,0,19,19,0,0,0,,
54905,0xD679,田村后裔之铠　斗笠,防具,头部,武士防具,head,1204,alternate_source,65430,0xFF96,head,False,4,180,20,3,0,0x00000000,30,20,1/2,strengthened_plus_thickened,9,15,55,4,59,5.9,54905,low,7,50,50,17,,,computed-only,computed-only,0,0,26,26,0,0,0,,
55092,0xD734,托马斯·格洛弗的服装（躯干防具）,防具,,忍者防具,chest,856,standalone,55092,0xD734,chest,False,4,180,20,3,0,0x00000000,30,20,0/0,unmodified,9,15,33,0,33,3.3,55092,low,0,20,20,17,,,computed-only,computed-only,5,0,0,5,0,0,0,,
55092,0xD734,托马斯·格洛弗的服装（躯干防具）,防具,,忍者防具,chest,856,standalone,55092,0xD734,chest,False,4,180,20,3,0,0x00000000,30,20,1/0,strengthened,9,15,33,0,33,3.3,55092,low,7,20,20,17,,,computed-only,computed-only,12,0,0,12,0,0,0,,
55092,0xD734,托马斯·格洛弗的服装（躯干防具）,防具,,忍者防具,chest,856,standalone,55092,0xD734,chest,False,4,180,20,3,0,0x00000000,30,20,2/0,thickened,9,15,33,4,37,3.7,55092,low,0,20,20,17,,,computed-only,computed-only,5,0,0,5,0,0,0,,
55092,0xD734,托马斯·格洛弗的服装（躯干防具）,防具,,忍者防具,chest,856,standalone,55092,0xD734,chest,False,4,180,20,3,0,0x00000000,30,20,1/1,extreme_strengthened,9,15,33,0,33,3.3,55092,low,15,20,20,17,,,computed-only,computed-only,20,0,0,20,0,0,0,,
55092,0xD734,托马斯·格洛弗的服装（躯干防具）,防具,,忍者防具,chest,856,standalone,55092,0xD734,chest,False,4,180,20,3,0,0x00000000,30,20,2/2,extreme_thickened,9,15,33,9,42,4.2,55092,low,0,20,20,17,,,computed-only,computed-only,5,0,0,5,0,0,0,,
55092,0xD734,托马斯·格洛弗的服装（躯干防具）,防具,,忍者防具,chest,856,standalone,55092,0xD734,chest,False,4,180,20,3,0,0x00000000,30,20,1/2,strengthened_plus_thickened,9,15,33,4,37,3.7,55092,low,7,20,20,17,,,computed-only,computed-only,12,0,0,12,0,0,0,,
55109,0xD745,凶王之衣　臂甲,防具,手臂,忍者防具,arms,620,alternate_source,58519,0xE497,arms,False,4,180,20,3,0,0x00000000,30,20,0/0,unmodified,9,15,8,0,8,0.8,55109,low,0,18,18,15,,,computed-only,computed-only,19,0,0,0,20,0,0,,
55109,0xD745,凶王之衣　臂甲,防具,手臂,忍者防具,arms,620,alternate_source,58519,0xE497,arms,False,4,180,20,3,0,0x00000000,30,20,1/0,strengthened,9,15,8,0,8,0.8,55109,low,7,18,18,15,,,computed-only,computed-only,26,0,0,0,27,0,0,,
55109,0xD745,凶王之衣　臂甲,防具,手臂,忍者防具,arms,620,alternate_source,58519,0xE497,arms,False,4,180,20,3,0,0x00000000,30,20,2/0,thickened,9,15,8,4,12,1.2,55109,low,0,18,18,15,,,computed-only,computed-only,19,0,0,0,20,0,0,,
55109,0xD745,凶王之衣　臂甲,防具,手臂,忍者防具,arms,620,alternate_source,58519,0xE497,arms,False,4,180,20,3,0,0x00000000,30,20,1/1,extreme_strengthened,9,15,8,0,8,0.8,55109,low,15,18,18,15,,,computed-only,computed-only,34,0,0,0,35,0,0,,
55109,0xD745,凶王之衣　臂甲,防具,手臂,忍者防具,arms,620,alternate_source,58519,0xE497,arms,False,4,180,20,3,0,0x00000000,30,20,2/2,extreme_thickened,9,15,8,9,17,1.7,55109,low,0,18,18,15,,,computed-only,computed-only,19,0,0,0,20,0,0,,
55109,0xD745,凶王之衣　臂甲,防具,手臂,忍者防具,arms,620,alternate_source,58519,0xE497,arms,False,4,180,20,3,0,0x00000000,30,20,1/2,strengthened_plus_thickened,9,15,8,4,12,1.2,55109,low,7,18,18,15,,,computed-only,computed-only,26,0,0,0,27,0,0,,
55167,0xD77F,独眼剑豪之衣　斗笠,防具,头部,武士防具,head,1272,alternate_source,2028,0x07EC,head,False,4,180,20,3,0,0x00000000,30,20,0/0,unmodified,9,15,33,0,33,3.3,55167,low,0,31,31,16,,,computed-only,computed-only,21,0,0,0,21,0,0,,
55167,0xD77F,独眼剑豪之衣　斗笠,防具,头部,武士防具,head,1272,alternate_source,2028,0x07EC,head,False,4,180,20,3,0,0x00000000,30,20,1/0,strengthened,9,15,33,0,33,3.3,55167,low,7,31,31,16,,,computed-only,computed-only,28,0,0,0,28,0,0,,
55167,0xD77F,独眼剑豪之衣　斗笠,防具,头部,武士防具,head,1272,alternate_source,2028,0x07EC,head,False,4,180,20,3,0,0x00000000,30,20,2/0,thickened,9,15,33,4,37,3.7,55167,low,0,31,31,16,,,computed-only,computed-only,21,0,0,0,21,0,0,,
55167,0xD77F,独眼剑豪之衣　斗笠,防具,头部,武士防具,head,1272,alternate_source,2028,0x07EC,head,False,4,180,20,3,0,0x00000000,30,20,1/1,extreme_strengthened,9,15,33,0,33,3.3,55167,low,15,31,31,16,,,computed-only,computed-only,36,0,0,0,36,0,0,,
55167,0xD77F,独眼剑豪之衣　斗笠,防具,头部,武士防具,head,1272,alternate_source,2028,0x07EC,head,False,4,180,20,3,0,0x00000000,30,20,2/2,extreme_thickened,9,15,33,9,42,4.2,55167,low,0,31,31,16,,,computed-only,computed-only,21,0,0,0,21,0,0,,
55167,0xD77F,独眼剑豪之衣　斗笠,防具,头部,武士防具,head,1272,alternate_source,2028,0x07EC,head,False,4,180,20,3,0,0x00000000,30,20,1/2,strengthened_plus_thickened,9,15,33,4,37,3.7,55167,low,7,31,31,16,,,computed-only,computed-only,28,0,0,0,28,0,0,,
55170,0xD782,御家人之铠　膝甲,防具,腿部,武士防具,legs,820,alternate_source,16049,0x3EB1,legs,False,4,180,20,3,0,0x00000000,30,20,0/0,unmodified,9,15,56,0,56,5.6,55170,low,0,47,47,16,,,computed-only,computed-only,10,0,0,9,0,0,0,,
55170,0xD782,御家人之铠　膝甲,防具,腿部,武士防具,legs,820,alternate_source,16049,0x3EB1,legs,False,4,180,20,3,0,0x00000000,30,20,1/0,strengthened,9,15,56,0,56,5.6,55170,low,7,47,47,16,,,computed-only,computed-only,17,0,0,16,0,0,0,,
55170,0xD782,御家人之铠　膝甲,防具,腿部,武士防具,legs,820,alternate_source,16049,0x3EB1,legs,False,4,180,20,3,0,0x00000000,30,20,2/0,thickened,9,15,56,4,60,6.0,55170,low,0,47,47,16,,,computed-only,computed-only,10,0,0,9,0,0,0,,
55170,0xD782,御家人之铠　膝甲,防具,腿部,武士防具,legs,820,alternate_source,16049,0x3EB1,legs,False,4,180,20,3,0,0x00000000,30,20,1/1,extreme_strengthened,9,15,56,0,56,5.6,55170,low,15,47,47,16,,,computed-only,computed-only,25,0,0,24,0,0,0,,
55170,0xD782,御家人之铠　膝甲,防具,腿部,武士防具,legs,820,alternate_source,16049,0x3EB1,legs,False,4,180,20,3,0,0x00000000,30,20,2/2,extreme_thickened,9,15,56,9,65,6.5,55170,low,0,47,47,16,,,computed-only,computed-only,10,0,0,9,0,0,0,,
55170,0xD782,御家人之铠　膝甲,防具,腿部,武士防具,legs,820,alternate_source,16049,0x3EB1,legs,False,4,180,20,3,0,0x00000000,30,20,1/2,strengthened_plus_thickened,9,15,56,4,60,6.0,55170,low,7,47,47,16,,,computed-only,computed-only,17,0,0,16,0,0,0,,
55239,0xD7C7,圣人旅装　臂甲,防具,手臂,忍者防具,arms,804,alternate_source,58519,0xE497,arms,False,4,180,20,3,0,0x00000000,30,20,0/0,unmodified,9,15,8,0,8,0.8,55239,low,0,18,18,15,,,computed-only,computed-only,12,0,0,0,11,0,0,,
55239,0xD7C7,圣人旅装　臂甲,防具,手臂,忍者防具,arms,804,alternate_source,58519,0xE497,arms,False,4,180,20,3,0,0x00000000,30,20,1/0,strengthened,9,15,8,0,8,0.8,55239,low,7,18,18,15,,,computed-only,computed-only,19,0,0,0,18,0,0,,
55239,0xD7C7,圣人旅装　臂甲,防具,手臂,忍者防具,arms,804,alternate_source,58519,0xE497,arms,False,4,180,20,3,0,0x00000000,30,20,2/0,thickened,9,15,8,4,12,1.2,55239,low,0,18,18,15,,,computed-only,computed-only,12,0,0,0,11,0,0,,
55239,0xD7C7,圣人旅装　臂甲,防具,手臂,忍者防具,arms,804,alternate_source,58519,0xE497,arms,False,4,180,20,3,0,0x00000000,30,20,1/1,extreme_strengthened,9,15,8,0,8,0.8,55239,low,15,18,18,15,,,computed-only,computed-only,27,0,0,0,26,0,0,,
55239,0xD7C7,圣人旅装　臂甲,防具,手臂,忍者防具,arms,804,alternate_source,58519,0xE497,arms,False,4,180,20,3,0,0x00000000,30,20,2/2,extreme_thickened,9,15,8,9,17,1.7,55239,low,0,18,18,15,,,computed-only,computed-only,12,0,0,0,11,0,0,,
55239,0xD7C7,圣人旅装　臂甲,防具,手臂,忍者防具,arms,804,alternate_source,58519,0xE497,arms,False,4,180,20,3,0,0x00000000,30,20,1/2,strengthened_plus_thickened,9,15,8,4,12,1.2,55239,low,7,18,18,15,,,computed-only,computed-only,19,0,0,0,18,0,0,,
55243,0xD7CB,不请自来者之铠　臂甲,防具,手臂,武士防具,arms,867,alternate_source,64438,0xFBB6,arms,False,4,180,20,3,0,0x00000000,30,20,0/0,unmodified,9,15,15,0,15,1.5,55243,low,0,19,19,15,,,computed-only,computed-only,5,0,0,0,6,0,0,,
55243,0xD7CB,不请自来者之铠　臂甲,防具,手臂,武士防具,arms,867,alternate_source,64438,0xFBB6,arms,False,4,180,20,3,0,0x00000000,30,20,1/0,strengthened,9,15,15,0,15,1.5,55243,low,7,19,19,15,,,computed-only,computed-only,12,0,0,0,13,0,0,,
55243,0xD7CB,不请自来者之铠　臂甲,防具,手臂,武士防具,arms,867,alternate_source,64438,0xFBB6,arms,False,4,180,20,3,0,0x00000000,30,20,2/0,thickened,9,15,15,4,19,1.9,55243,low,0,19,19,15,,,computed-only,computed-only,5,0,0,0,6,0,0,,
55243,0xD7CB,不请自来者之铠　臂甲,防具,手臂,武士防具,arms,867,alternate_source,64438,0xFBB6,arms,False,4,180,20,3,0,0x00000000,30,20,1/1,extreme_strengthened,9,15,15,0,15,1.5,55243,low,15,19,19,15,,,computed-only,computed-only,20,0,0,0,21,0,0,,
55243,0xD7CB,不请自来者之铠　臂甲,防具,手臂,武士防具,arms,867,alternate_source,64438,0xFBB6,arms,False,4,180,20,3,0,0x00000000,30,20,2/2,extreme_thickened,9,15,15,9,24,2.4,55243,low,0,19,19,15,,,computed-only,computed-only,5,0,0,0,6,0,0,,
55243,0xD7CB,不请自来者之铠　臂甲,防具,手臂,武士防具,arms,867,alternate_source,64438,0xFBB6,arms,False,4,180,20,3,0,0x00000000,30,20,1/2,strengthened_plus_thickened,9,15,15,4,19,1.9,55243,low,7,19,19,15,,,computed-only,computed-only,12,0,0,0,13,0,0,,
55260,0xD7DC,万两义贼之铠　膝甲,防具,腿部,忍者防具,legs,723,alternate_source,46504,0xB5A8,legs,False,4,180,20,3,0,0x00000000,30,20,0/0,unmodified,9,15,39,0,39,3.9,55260,low,0,74,74,16,,,computed-only,computed-only,0,0,21,0,15,0,0,,
55260,0xD7DC,万两义贼之铠　膝甲,防具,腿部,忍者防具,legs,723,alternate_source,46504,0xB5A8,legs,False,4,180,20,3,0,0x00000000,30,20,1/0,strengthened,9,15,39,0,39,3.9,55260,low,7,74,74,16,,,computed-only,computed-only,0,0,28,0,22,0,0,,
55260,0xD7DC,万两义贼之铠　膝甲,防具,腿部,忍者防具,legs,723,alternate_source,46504,0xB5A8,legs,False,4,180,20,3,0,0x00000000,30,20,2/0,thickened,9,15,39,4,43,4.3,55260,low,0,74,74,16,,,computed-only,computed-only,0,0,21,0,15,0,0,,
55260,0xD7DC,万两义贼之铠　膝甲,防具,腿部,忍者防具,legs,723,alternate_source,46504,0xB5A8,legs,False,4,180,20,3,0,0x00000000,30,20,1/1,extreme_strengthened,9,15,39,0,39,3.9,55260,low,15,74,74,16,,,computed-only,computed-only,0,0,36,0,30,0,0,,
55260,0xD7DC,万两义贼之铠　膝甲,防具,腿部,忍者防具,legs,723,alternate_source,46504,0xB5A8,legs,False,4,180,20,3,0,0x00000000,30,20,2/2,extreme_thickened,9,15,39,9,48,4.8,55260,low,0,74,74,16,,,computed-only,computed-only,0,0,21,0,15,0,0,,
55260,0xD7DC,万两义贼之铠　膝甲,防具,腿部,忍者防具,legs,723,alternate_source,46504,0xB5A8,legs,False,4,180,20,3,0,0x00000000,30,20,1/2,strengthened_plus_thickened,9,15,39,4,43,4.3,55260,low,7,74,74,16,,,computed-only,computed-only,0,0,28,0,22,0,0,,
55264,0xD7E0,御庭番忍者装束　胸甲,防具,身体,忍者防具,chest,744,alternate_source,4728,0x1278,chest,False,4,180,20,3,0,0x00000000,30,20,0/0,unmodified,9,15,16,0,16,1.6,55264,low,0,36,36,15,,,computed-only,computed-only,14,0,0,0,15,0,0,,
55264,0xD7E0,御庭番忍者装束　胸甲,防具,身体,忍者防具,chest,744,alternate_source,4728,0x1278,chest,False,4,180,20,3,0,0x00000000,30,20,1/0,strengthened,9,15,16,0,16,1.6,55264,low,7,36,36,15,,,computed-only,computed-only,21,0,0,0,22,0,0,,
55264,0xD7E0,御庭番忍者装束　胸甲,防具,身体,忍者防具,chest,744,alternate_source,4728,0x1278,chest,False,4,180,20,3,0,0x00000000,30,20,2/0,thickened,9,15,16,4,20,2.0,55264,low,0,36,36,15,,,computed-only,computed-only,14,0,0,0,15,0,0,,
55264,0xD7E0,御庭番忍者装束　胸甲,防具,身体,忍者防具,chest,744,alternate_source,4728,0x1278,chest,False,4,180,20,3,0,0x00000000,30,20,1/1,extreme_strengthened,9,15,16,0,16,1.6,55264,low,15,36,36,15,,,computed-only,computed-only,29,0,0,0,30,0,0,,
55264,0xD7E0,御庭番忍者装束　胸甲,防具,身体,忍者防具,chest,744,alternate_source,4728,0x1278,chest,False,4,180,20,3,0,0x00000000,30,20,2/2,extreme_thickened,9,15,16,9,25,2.5,55264,low,0,36,36,15,,,computed-only,computed-only,14,0,0,0,15,0,0,,
55264,0xD7E0,御庭番忍者装束　胸甲,防具,身体,忍者防具,chest,744,alternate_source,4728,0x1278,chest,False,4,180,20,3,0,0x00000000,30,20,1/2,strengthened_plus_thickened,9,15,16,4,20,2.0,55264,low,7,36,36,15,,,computed-only,computed-only,21,0,0,0,22,0,0,,
55410,0xD872,最后的忍者装束　胸甲,防具,身体,忍者防具,chest,732,alternate_source,32101,0x7D65,chest,False,4,180,20,3,0,0x00000000,30,20,0/0,unmodified,9,15,38,0,38,3.8,55410,low,0,56,56,16,,,computed-only,computed-only,0,0,15,0,19,0,0,,
55410,0xD872,最后的忍者装束　胸甲,防具,身体,忍者防具,chest,732,alternate_source,32101,0x7D65,chest,False,4,180,20,3,0,0x00000000,30,20,1/0,strengthened,9,15,38,0,38,3.8,55410,low,7,56,56,16,,,computed-only,computed-only,0,0,22,0,26,0,0,,
55410,0xD872,最后的忍者装束　胸甲,防具,身体,忍者防具,chest,732,alternate_source,32101,0x7D65,chest,False,4,180,20,3,0,0x00000000,30,20,2/0,thickened,9,15,38,4,42,4.2,55410,low,0,56,56,16,,,computed-only,computed-only,0,0,15,0,19,0,0,,
55410,0xD872,最后的忍者装束　胸甲,防具,身体,忍者防具,chest,732,alternate_source,32101,0x7D65,chest,False,4,180,20,3,0,0x00000000,30,20,1/1,extreme_strengthened,9,15,38,0,38,3.8,55410,low,15,56,56,16,,,computed-only,computed-only,0,0,30,0,34,0,0,,
55410,0xD872,最后的忍者装束　胸甲,防具,身体,忍者防具,chest,732,alternate_source,32101,0x7D65,chest,False,4,180,20,3,0,0x00000000,30,20,2/2,extreme_thickened,9,15,38,9,47,4.7,55410,low,0,56,56,16,,,computed-only,computed-only,0,0,15,0,19,0,0,,
55410,0xD872,最后的忍者装束　胸甲,防具,身体,忍者防具,chest,732,alternate_source,32101,0x7D65,chest,False,4,180,20,3,0,0x00000000,30,20,1/2,strengthened_plus_thickened,9,15,38,4,42,4.2,55410,low,7,56,56,16,,,computed-only,computed-only,0,0,22,0,26,0,0,,
55585,0xD921,奇兵队长装束　腿甲,防具,足部,忍者防具,feet,652,alternate_source,49723,0xC23B,feet,False,4,180,20,3,0,0x00000000,30,20,0/0,unmodified,9,15,18,0,18,1.8,55585,low,0,28,28,16,,,computed-only,computed-only,0,0,16,0,17,0,0,,
55585,0xD921,奇兵队长装束　腿甲,防具,足部,忍者防具,feet,652,alternate_source,49723,0xC23B,feet,False,4,180,20,3,0,0x00000000,30,20,1/0,strengthened,9,15,18,0,18,1.8,55585,low,7,28,28,16,,,computed-only,computed-only,0,0,23,0,24,0,0,,
55585,0xD921,奇兵队长装束　腿甲,防具,足部,忍者防具,feet,652,alternate_source,49723,0xC23B,feet,False,4,180,20,3,0,0x00000000,30,20,2/0,thickened,9,15,18,4,22,2.2,55585,low,0,28,28,16,,,computed-only,computed-only,0,0,16,0,17,0,0,,
55585,0xD921,奇兵队长装束　腿甲,防具,足部,忍者防具,feet,652,alternate_source,49723,0xC23B,feet,False,4,180,20,3,0,0x00000000,30,20,1/1,extreme_strengthened,9,15,18,0,18,1.8,55585,low,15,28,28,16,,,computed-only,computed-only,0,0,31,0,32,0,0,,
55585,0xD921,奇兵队长装束　腿甲,防具,足部,忍者防具,feet,652,alternate_source,49723,0xC23B,feet,False,4,180,20,3,0,0x00000000,30,20,2/2,extreme_thickened,9,15,18,9,27,2.7,55585,low,0,28,28,16,,,computed-only,computed-only,0,0,16,0,17,0,0,,
55585,0xD921,奇兵队长装束　腿甲,防具,足部,忍者防具,feet,652,alternate_source,49723,0xC23B,feet,False,4,180,20,3,0,0x00000000,30,20,1/2,strengthened_plus_thickened,9,15,18,4,22,2.2,55585,low,7,28,28,16,,,computed-only,computed-only,0,0,23,0,24,0,0,,
55715,0xD9A3,弟君锦衣　上衣,防具,身体,武士防具,chest,617,alternate_source,7240,0x1C48,chest,False,4,180,20,3,0,0x00000000,30,20,0/0,unmodified,9,15,74,0,74,7.4,55715,low,0,62,62,16,,,computed-only,computed-only,13,0,0,12,0,0,0,,
55715,0xD9A3,弟君锦衣　上衣,防具,身体,武士防具,chest,617,alternate_source,7240,0x1C48,chest,False,4,180,20,3,0,0x00000000,30,20,1/0,strengthened,9,15,74,0,74,7.4,55715,low,7,62,62,16,,,computed-only,computed-only,20,0,0,19,0,0,0,,
55715,0xD9A3,弟君锦衣　上衣,防具,身体,武士防具,chest,617,alternate_source,7240,0x1C48,chest,False,4,180,20,3,0,0x00000000,30,20,2/0,thickened,9,15,74,4,78,7.8,55715,low,0,62,62,16,,,computed-only,computed-only,13,0,0,12,0,0,0,,
55715,0xD9A3,弟君锦衣　上衣,防具,身体,武士防具,chest,617,alternate_source,7240,0x1C48,chest,False,4,180,20,3,0,0x00000000,30,20,1/1,extreme_strengthened,9,15,74,0,74,7.4,55715,low,15,62,62,16,,,computed-only,computed-only,28,0,0,27,0,0,0,,
55715,0xD9A3,弟君锦衣　上衣,防具,身体,武士防具,chest,617,alternate_source,7240,0x1C48,chest,False,4,180,20,3,0,0x00000000,30,20,2/2,extreme_thickened,9,15,74,9,83,8.3,55715,low,0,62,62,16,,,computed-only,computed-only,13,0,0,12,0,0,0,,
55715,0xD9A3,弟君锦衣　上衣,防具,身体,武士防具,chest,617,alternate_source,7240,0x1C48,chest,False,4,180,20,3,0,0x00000000,30,20,1/2,strengthened_plus_thickened,9,15,74,4,78,7.8,55715,low,7,62,62,16,,,computed-only,computed-only,20,0,0,19,0,0,0,,
55906,0xDA62,丹青双蛇头盔,防具,头部,武士防具,head,1370,alternate_source,54687,0xD59F,head,False,4,180,20,3,0,0x00000000,30,20,0/0,unmodified,9,15,45,0,45,4.5,55906,low,0,50,50,17,,,computed-only,computed-only,0,0,5,5,0,0,0,,
55906,0xDA62,丹青双蛇头盔,防具,头部,武士防具,head,1370,alternate_source,54687,0xD59F,head,False,4,180,20,3,0,0x00000000,30,20,1/0,strengthened,9,15,45,0,45,4.5,55906,low,7,50,50,17,,,computed-only,computed-only,0,0,12,12,0,0,0,,
55906,0xDA62,丹青双蛇头盔,防具,头部,武士防具,head,1370,alternate_source,54687,0xD59F,head,False,4,180,20,3,0,0x00000000,30,20,2/0,thickened,9,15,45,4,49,4.9,55906,low,0,50,50,17,,,computed-only,computed-only,0,0,5,5,0,0,0,,
55906,0xDA62,丹青双蛇头盔,防具,头部,武士防具,head,1370,alternate_source,54687,0xD59F,head,False,4,180,20,3,0,0x00000000,30,20,1/1,extreme_strengthened,9,15,45,0,45,4.5,55906,low,15,50,50,17,,,computed-only,computed-only,0,0,20,20,0,0,0,,
55906,0xDA62,丹青双蛇头盔,防具,头部,武士防具,head,1370,alternate_source,54687,0xD59F,head,False,4,180,20,3,0,0x00000000,30,20,2/2,extreme_thickened,9,15,45,9,54,5.4,55906,low,0,50,50,17,,,computed-only,computed-only,0,0,5,5,0,0,0,,
55906,0xDA62,丹青双蛇头盔,防具,头部,武士防具,head,1370,alternate_source,54687,0xD59F,head,False,4,180,20,3,0,0x00000000,30,20,1/2,strengthened_plus_thickened,9,15,45,4,49,4.9,55906,low,7,50,50,17,,,computed-only,computed-only,0,0,12,12,0,0,0,,
56114,0xDB32,,防具,,忍者防具,legs,978,standalone,56114,0xDB32,legs,False,4,180,20,3,0,0x00000000,30,20,0/0,unmodified,9,15,15,0,15,1.5,56114,low,0,27,27,15,,,computed-only,computed-only,0,0,0,0,12,0,0,,
56114,0xDB32,,防具,,忍者防具,legs,978,standalone,56114,0xDB32,legs,False,4,180,20,3,0,0x00000000,30,20,1/0,strengthened,9,15,15,0,15,1.5,56114,low,7,27,27,15,,,computed-only,computed-only,0,0,0,0,19,0,0,,
56114,0xDB32,,防具,,忍者防具,legs,978,standalone,56114,0xDB32,legs,False,4,180,20,3,0,0x00000000,30,20,2/0,thickened,9,15,15,4,19,1.9,56114,low,0,27,27,15,,,computed-only,computed-only,0,0,0,0,12,0,0,,
56114,0xDB32,,防具,,忍者防具,legs,978,standalone,56114,0xDB32,legs,False,4,180,20,3,0,0x00000000,30,20,1/1,extreme_strengthened,9,15,15,0,15,1.5,56114,low,15,27,27,15,,,computed-only,computed-only,0,0,0,0,27,0,0,,
56114,0xDB32,,防具,,忍者防具,legs,978,standalone,56114,0xDB32,legs,False,4,180,20,3,0,0x00000000,30,20,2/2,extreme_thickened,9,15,15,9,24,2.4,56114,low,0,27,27,15,,,computed-only,computed-only,0,0,0,0,12,0,0,,
56114,0xDB32,,防具,,忍者防具,legs,978,standalone,56114,0xDB32,legs,False,4,180,20,3,0,0x00000000,30,20,1/2,strengthened_plus_thickened,9,15,15,4,19,1.9,56114,low,7,27,27,15,,,computed-only,computed-only,0,0,0,0,19,0,0,,
56225,0xDBA1,甲斐之虎铠甲　胸甲,防具,身体,武士防具,chest,627,alternate_source,8356,0x20A4,chest,False,4,180,20,3,0,0x00000000,30,20,0/0,unmodified,9,15,100,0,100,10.0,56225,low,0,100,100,17,,,computed-only,computed-only,0,0,8,10,0,0,0,,
56225,0xDBA1,甲斐之虎铠甲　胸甲,防具,身体,武士防具,chest,627,alternate_source,8356,0x20A4,chest,False,4,180,20,3,0,0x00000000,30,20,1/0,strengthened,9,15,100,0,100,10.0,56225,low,7,100,100,17,,,computed-only,computed-only,0,0,15,17,0,0,0,,
56225,0xDBA1,甲斐之虎铠甲　胸甲,防具,身体,武士防具,chest,627,alternate_source,8356,0x20A4,chest,False,4,180,20,3,0,0x00000000,30,20,2/0,thickened,9,15,100,4,104,10.4,56225,low,0,100,100,17,,,computed-only,computed-only,0,0,8,10,0,0,0,,
56225,0xDBA1,甲斐之虎铠甲　胸甲,防具,身体,武士防具,chest,627,alternate_source,8356,0x20A4,chest,False,4,180,20,3,0,0x00000000,30,20,1/1,extreme_strengthened,9,15,100,0,100,10.0,56225,low,15,100,100,17,,,computed-only,computed-only,0,0,23,25,0,0,0,,
56225,0xDBA1,甲斐之虎铠甲　胸甲,防具,身体,武士防具,chest,627,alternate_source,8356,0x20A4,chest,False,4,180,20,3,0,0x00000000,30,20,2/2,extreme_thickened,9,15,100,9,109,10.9,56225,low,0,100,100,17,,,computed-only,computed-only,0,0,8,10,0,0,0,,
56225,0xDBA1,甲斐之虎铠甲　胸甲,防具,身体,武士防具,chest,627,alternate_source,8356,0x20A4,chest,False,4,180,20,3,0,0x00000000,30,20,1/2,strengthened_plus_thickened,9,15,100,4,104,10.4,56225,low,7,100,100,17,,,computed-only,computed-only,0,0,15,17,0,0,0,,
56361,0xDC29,射手装束　乌帽子,防具,头部,忍者防具,head,768,alternate_source,25630,0x641E,head,False,4,180,20,3,0,0x00000000,30,20,0/0,unmodified,9,15,18,0,18,1.8,56361,low,0,28,28,16,,,computed-only,computed-only,0,0,18,0,17,0,0,,
56361,0xDC29,射手装束　乌帽子,防具,头部,忍者防具,head,768,alternate_source,25630,0x641E,head,False,4,180,20,3,0,0x00000000,30,20,1/0,strengthened,9,15,18,0,18,1.8,56361,low,7,28,28,16,,,computed-only,computed-only,0,0,25,0,24,0,0,,
56361,0xDC29,射手装束　乌帽子,防具,头部,忍者防具,head,768,alternate_source,25630,0x641E,head,False,4,180,20,3,0,0x00000000,30,20,2/0,thickened,9,15,18,4,22,2.2,56361,low,0,28,28,16,,,computed-only,computed-only,0,0,18,0,17,0,0,,
56361,0xDC29,射手装束　乌帽子,防具,头部,忍者防具,head,768,alternate_source,25630,0x641E,head,False,4,180,20,3,0,0x00000000,30,20,1/1,extreme_strengthened,9,15,18,0,18,1.8,56361,low,15,28,28,16,,,computed-only,computed-only,0,0,33,0,32,0,0,,
56361,0xDC29,射手装束　乌帽子,防具,头部,忍者防具,head,768,alternate_source,25630,0x641E,head,False,4,180,20,3,0,0x00000000,30,20,2/2,extreme_thickened,9,15,18,9,27,2.7,56361,low,0,28,28,16,,,computed-only,computed-only,0,0,18,0,17,0,0,,
56361,0xDC29,射手装束　乌帽子,防具,头部,忍者防具,head,768,alternate_source,25630,0x641E,head,False,4,180,20,3,0,0x00000000,30,20,1/2,strengthened_plus_thickened,9,15,18,4,22,2.2,56361,low,7,28,28,16,,,computed-only,computed-only,0,0,25,0,24,0,0,,
56385,0xDC41,善擦帽子,防具,头部,忍者防具,head,1385,alternate_source,37269,0x9195,head,False,4,180,20,3,0,0x00000000,30,20,0/0,unmodified,9,15,16,0,16,1.6,56385,low,0,28,28,16,,,computed-only,computed-only,0,0,5,0,5,0,0,,
56385,0xDC41,善擦帽子,防具,头部,忍者防具,head,1385,alternate_source,37269,0x9195,head,False,4,180,20,3,0,0x00000000,30,20,1/0,strengthened,9,15,16,0,16,1.6,56385,low,7,28,28,16,,,computed-only,computed-only,0,0,12,0,12,0,0,,
56385,0xDC41,善擦帽子,防具,头部,忍者防具,head,1385,alternate_source,37269,0x9195,head,False,4,180,20,3,0,0x00000000,30,20,2/0,thickened,9,15,16,4,20,2.0,56385,low,0,28,28,16,,,computed-only,computed-only,0,0,5,0,5,0,0,,
56385,0xDC41,善擦帽子,防具,头部,忍者防具,head,1385,alternate_source,37269,0x9195,head,False,4,180,20,3,0,0x00000000,30,20,1/1,extreme_strengthened,9,15,16,0,16,1.6,56385,low,15,28,28,16,,,computed-only,computed-only,0,0,20,0,20,0,0,,
56385,0xDC41,善擦帽子,防具,头部,忍者防具,head,1385,alternate_source,37269,0x9195,head,False,4,180,20,3,0,0x00000000,30,20,2/2,extreme_thickened,9,15,16,9,25,2.5,56385,low,0,28,28,16,,,computed-only,computed-only,0,0,5,0,5,0,0,,
56385,0xDC41,善擦帽子,防具,头部,忍者防具,head,1385,alternate_source,37269,0x9195,head,False,4,180,20,3,0,0x00000000,30,20,1/2,strengthened_plus_thickened,9,15,16,4,20,2.0,56385,low,7,28,28,16,,,computed-only,computed-only,0,0,12,0,12,0,0,,
56727,0xDD97,三钴剑前立头盔,防具,头部,武士防具,head,1352,alternate_source,2028,0x07EC,head,False,4,180,20,3,0,0x00000000,30,20,0/0,unmodified,9,15,33,0,33,3.3,56727,low,0,31,31,16,,,computed-only,computed-only,8,0,0,8,0,0,0,,
56727,0xDD97,三钴剑前立头盔,防具,头部,武士防具,head,1352,alternate_source,2028,0x07EC,head,False,4,180,20,3,0,0x00000000,30,20,1/0,strengthened,9,15,33,0,33,3.3,56727,low,7,31,31,16,,,computed-only,computed-only,15,0,0,15,0,0,0,,
56727,0xDD97,三钴剑前立头盔,防具,头部,武士防具,head,1352,alternate_source,2028,0x07EC,head,False,4,180,20,3,0,0x00000000,30,20,2/0,thickened,9,15,33,4,37,3.7,56727,low,0,31,31,16,,,computed-only,computed-only,8,0,0,8,0,0,0,,
56727,0xDD97,三钴剑前立头盔,防具,头部,武士防具,head,1352,alternate_source,2028,0x07EC,head,False,4,180,20,3,0,0x00000000,30,20,1/1,extreme_strengthened,9,15,33,0,33,3.3,56727,low,15,31,31,16,,,computed-only,computed-only,23,0,0,23,0,0,0,,
56727,0xDD97,三钴剑前立头盔,防具,头部,武士防具,head,1352,alternate_source,2028,0x07EC,head,False,4,180,20,3,0,0x00000000,30,20,2/2,extreme_thickened,9,15,33,9,42,4.2,56727,low,0,31,31,16,,,computed-only,computed-only,8,0,0,8,0,0,0,,
56727,0xDD97,三钴剑前立头盔,防具,头部,武士防具,head,1352,alternate_source,2028,0x07EC,head,False,4,180,20,3,0,0x00000000,30,20,1/2,strengthened_plus_thickened,9,15,33,4,37,3.7,56727,low,7,31,31,16,,,computed-only,computed-only,15,0,0,15,0,0,0,,
56774,0xDDC6,世嗣忍者装束　上衣,防具,身体,忍者防具,chest,613,alternate_source,54701,0xD5AD,chest,False,4,180,20,3,0,0x00000000,30,20,0/0,unmodified,9,15,12,0,12,1.2,56774,low,0,36,36,15,,,computed-only,computed-only,5,0,0,0,5,0,0,,
56774,0xDDC6,世嗣忍者装束　上衣,防具,身体,忍者防具,chest,613,alternate_source,54701,0xD5AD,chest,False,4,180,20,3,0,0x00000000,30,20,1/0,strengthened,9,15,12,0,12,1.2,56774,low,7,36,36,15,,,computed-only,computed-only,12,0,0,0,12,0,0,,
56774,0xDDC6,世嗣忍者装束　上衣,防具,身体,忍者防具,chest,613,alternate_source,54701,0xD5AD,chest,False,4,180,20,3,0,0x00000000,30,20,2/0,thickened,9,15,12,4,16,1.6,56774,low,0,36,36,15,,,computed-only,computed-only,5,0,0,0,5,0,0,,
56774,0xDDC6,世嗣忍者装束　上衣,防具,身体,忍者防具,chest,613,alternate_source,54701,0xD5AD,chest,False,4,180,20,3,0,0x00000000,30,20,1/1,extreme_strengthened,9,15,12,0,12,1.2,56774,low,15,36,36,15,,,computed-only,computed-only,20,0,0,0,20,0,0,,
56774,0xDDC6,世嗣忍者装束　上衣,防具,身体,忍者防具,chest,613,alternate_source,54701,0xD5AD,chest,False,4,180,20,3,0,0x00000000,30,20,2/2,extreme_thickened,9,15,12,9,21,2.1,56774,low,0,36,36,15,,,computed-only,computed-only,5,0,0,0,5,0,0,,
56774,0xDDC6,世嗣忍者装束　上衣,防具,身体,忍者防具,chest,613,alternate_source,54701,0xD5AD,chest,False,4,180,20,3,0,0x00000000,30,20,1/2,strengthened_plus_thickened,9,15,12,4,16,1.6,56774,low,7,36,36,15,,,computed-only,computed-only,12,0,0,0,12,0,0,,
56862,0xDE1E,邪马台国轻铠　头盔,防具,头部,忍者防具,head,686,alternate_source,25630,0x641E,head,False,4,180,20,3,0,0x00000000,30,20,0/0,unmodified,9,15,18,0,18,1.8,56862,low,0,28,28,16,,,computed-only,computed-only,0,0,13,0,18,0,0,,
56862,0xDE1E,邪马台国轻铠　头盔,防具,头部,忍者防具,head,686,alternate_source,25630,0x641E,head,False,4,180,20,3,0,0x00000000,30,20,1/0,strengthened,9,15,18,0,18,1.8,56862,low,7,28,28,16,,,computed-only,computed-only,0,0,20,0,25,0,0,,
56862,0xDE1E,邪马台国轻铠　头盔,防具,头部,忍者防具,head,686,alternate_source,25630,0x641E,head,False,4,180,20,3,0,0x00000000,30,20,2/0,thickened,9,15,18,4,22,2.2,56862,low,0,28,28,16,,,computed-only,computed-only,0,0,13,0,18,0,0,,
56862,0xDE1E,邪马台国轻铠　头盔,防具,头部,忍者防具,head,686,alternate_source,25630,0x641E,head,False,4,180,20,3,0,0x00000000,30,20,1/1,extreme_strengthened,9,15,18,0,18,1.8,56862,low,15,28,28,16,,,computed-only,computed-only,0,0,28,0,33,0,0,,
56862,0xDE1E,邪马台国轻铠　头盔,防具,头部,忍者防具,head,686,alternate_source,25630,0x641E,head,False,4,180,20,3,0,0x00000000,30,20,2/2,extreme_thickened,9,15,18,9,27,2.7,56862,low,0,28,28,16,,,computed-only,computed-only,0,0,13,0,18,0,0,,
56862,0xDE1E,邪马台国轻铠　头盔,防具,头部,忍者防具,head,686,alternate_source,25630,0x641E,head,False,4,180,20,3,0,0x00000000,30,20,1/2,strengthened_plus_thickened,9,15,18,4,22,2.2,56862,low,7,28,28,16,,,computed-only,computed-only,0,0,20,0,25,0,0,,
56872,0xDE28,炎狱武者之铠　头盔,防具,头部,武士防具,head,825,alternate_source,42512,0xA610,head,False,4,180,20,3,0,0x00000000,30,20,0/0,unmodified,9,15,34,0,34,3.4,56872,low,0,31,31,16,,,computed-only,computed-only,5,0,0,5,0,0,0,,
56872,0xDE28,炎狱武者之铠　头盔,防具,头部,武士防具,head,825,alternate_source,42512,0xA610,head,False,4,180,20,3,0,0x00000000,30,20,1/0,strengthened,9,15,34,0,34,3.4,56872,low,7,31,31,16,,,computed-only,computed-only,12,0,0,12,0,0,0,,
56872,0xDE28,炎狱武者之铠　头盔,防具,头部,武士防具,head,825,alternate_source,42512,0xA610,head,False,4,180,20,3,0,0x00000000,30,20,2/0,thickened,9,15,34,4,38,3.8,56872,low,0,31,31,16,,,computed-only,computed-only,5,0,0,5,0,0,0,,
56872,0xDE28,炎狱武者之铠　头盔,防具,头部,武士防具,head,825,alternate_source,42512,0xA610,head,False,4,180,20,3,0,0x00000000,30,20,1/1,extreme_strengthened,9,15,34,0,34,3.4,56872,low,15,31,31,16,,,computed-only,computed-only,20,0,0,20,0,0,0,,
56872,0xDE28,炎狱武者之铠　头盔,防具,头部,武士防具,head,825,alternate_source,42512,0xA610,head,False,4,180,20,3,0,0x00000000,30,20,2/2,extreme_thickened,9,15,34,9,43,4.3,56872,low,0,31,31,16,,,computed-only,computed-only,5,0,0,5,0,0,0,,
56872,0xDE28,炎狱武者之铠　头盔,防具,头部,武士防具,head,825,alternate_source,42512,0xA610,head,False,4,180,20,3,0,0x00000000,30,20,1/2,strengthened_plus_thickened,9,15,34,4,38,3.8,56872,low,7,31,31,16,,,computed-only,computed-only,12,0,0,12,0,0,0,,
56888,0xDE38,御一门众之铠　腿甲,防具,足部,武士防具,feet,708,alternate_source,18930,0x49F2,feet,False,4,180,20,3,0,0x00000000,30,20,0/0,unmodified,9,15,48,0,48,4.8,56888,low,0,50,50,17,,,computed-only,computed-only,0,0,7,6,0,0,0,,
56888,0xDE38,御一门众之铠　腿甲,防具,足部,武士防具,feet,708,alternate_source,18930,0x49F2,feet,False,4,180,20,3,0,0x00000000,30,20,1/0,strengthened,9,15,48,0,48,4.8,56888,low,7,50,50,17,,,computed-only,computed-only,0,0,14,13,0,0,0,,
56888,0xDE38,御一门众之铠　腿甲,防具,足部,武士防具,feet,708,alternate_source,18930,0x49F2,feet,False,4,180,20,3,0,0x00000000,30,20,2/0,thickened,9,15,48,4,52,5.2,56888,low,0,50,50,17,,,computed-only,computed-only,0,0,7,6,0,0,0,,
56888,0xDE38,御一门众之铠　腿甲,防具,足部,武士防具,feet,708,alternate_source,18930,0x49F2,feet,False,4,180,20,3,0,0x00000000,30,20,1/1,extreme_strengthened,9,15,48,0,48,4.8,56888,low,15,50,50,17,,,computed-only,computed-only,0,0,22,21,0,0,0,,
56888,0xDE38,御一门众之铠　腿甲,防具,足部,武士防具,feet,708,alternate_source,18930,0x49F2,feet,False,4,180,20,3,0,0x00000000,30,20,2/2,extreme_thickened,9,15,48,9,57,5.7,56888,low,0,50,50,17,,,computed-only,computed-only,0,0,7,6,0,0,0,,
56888,0xDE38,御一门众之铠　腿甲,防具,足部,武士防具,feet,708,alternate_source,18930,0x49F2,feet,False,4,180,20,3,0,0x00000000,30,20,1/2,strengthened_plus_thickened,9,15,48,4,52,5.2,56888,low,7,50,50,17,,,computed-only,computed-only,0,0,14,13,0,0,0,,
56936,0xDE68,盗贼之铠　膝甲,防具,腿部,忍者防具,legs,32,standalone,56936,0xDE68,legs,False,4,180,20,3,0,0x00000000,30,20,0/0,unmodified,9,15,68,0,68,6.8,56936,low,0,57,57,17,,,computed-only,computed-only,0,0,6,6,0,0,0,,
56936,0xDE68,盗贼之铠　膝甲,防具,腿部,忍者防具,legs,32,standalone,56936,0xDE68,legs,False,4,180,20,3,0,0x00000000,30,20,1/0,strengthened,9,15,68,0,68,6.8,56936,low,7,57,57,17,,,computed-only,computed-only,0,0,13,13,0,0,0,,
56936,0xDE68,盗贼之铠　膝甲,防具,腿部,忍者防具,legs,32,standalone,56936,0xDE68,legs,False,4,180,20,3,0,0x00000000,30,20,2/0,thickened,9,15,68,4,72,7.2,56936,low,0,57,57,17,,,computed-only,computed-only,0,0,6,6,0,0,0,,
56936,0xDE68,盗贼之铠　膝甲,防具,腿部,忍者防具,legs,32,standalone,56936,0xDE68,legs,False,4,180,20,3,0,0x00000000,30,20,1/1,extreme_strengthened,9,15,68,0,68,6.8,56936,low,15,57,57,17,,,computed-only,computed-only,0,0,21,21,0,0,0,,
56936,0xDE68,盗贼之铠　膝甲,防具,腿部,忍者防具,legs,32,standalone,56936,0xDE68,legs,False,4,180,20,3,0,0x00000000,30,20,2/2,extreme_thickened,9,15,68,9,77,7.7,56936,low,0,57,57,17,,,computed-only,computed-only,0,0,6,6,0,0,0,,
56936,0xDE68,盗贼之铠　膝甲,防具,腿部,忍者防具,legs,32,standalone,56936,0xDE68,legs,False,4,180,20,3,0,0x00000000,30,20,1/2,strengthened_plus_thickened,9,15,68,4,72,7.2,56936,low,7,57,57,17,,,computed-only,computed-only,0,0,13,13,0,0,0,,
57072,0xDEF0,祈月斗将之铠　头盔,防具,头部,武士防具,head,1034,alternate_source,24733,0x609D,head,False,4,180,20,3,0,0x00000000,30,20,0/0,unmodified,9,15,15,0,15,1.5,57072,low,0,19,19,15,,,computed-only,computed-only,18,0,0,0,18,0,0,,
57072,0xDEF0,祈月斗将之铠　头盔,防具,头部,武士防具,head,1034,alternate_source,24733,0x609D,head,False,4,180,20,3,0,0x00000000,30,20,1/0,strengthened,9,15,15,0,15,1.5,57072,low,7,19,19,15,,,computed-only,computed-only,25,0,0,0,25,0,0,,
57072,0xDEF0,祈月斗将之铠　头盔,防具,头部,武士防具,head,1034,alternate_source,24733,0x609D,head,False,4,180,20,3,0,0x00000000,30,20,2/0,thickened,9,15,15,4,19,1.9,57072,low,0,19,19,15,,,computed-only,computed-only,18,0,0,0,18,0,0,,
57072,0xDEF0,祈月斗将之铠　头盔,防具,头部,武士防具,head,1034,alternate_source,24733,0x609D,head,False,4,180,20,3,0,0x00000000,30,20,1/1,extreme_strengthened,9,15,15,0,15,1.5,57072,low,15,19,19,15,,,computed-only,computed-only,33,0,0,0,33,0,0,,
57072,0xDEF0,祈月斗将之铠　头盔,防具,头部,武士防具,head,1034,alternate_source,24733,0x609D,head,False,4,180,20,3,0,0x00000000,30,20,2/2,extreme_thickened,9,15,15,9,24,2.4,57072,low,0,19,19,15,,,computed-only,computed-only,18,0,0,0,18,0,0,,
57072,0xDEF0,祈月斗将之铠　头盔,防具,头部,武士防具,head,1034,alternate_source,24733,0x609D,head,False,4,180,20,3,0,0x00000000,30,20,1/2,strengthened_plus_thickened,9,15,15,4,19,1.9,57072,low,7,19,19,15,,,computed-only,computed-only,25,0,0,0,25,0,0,,
57074,0xDEF2,绝群倾奇之铠　胸甲,防具,身体,武士防具,chest,1055,alternate_source,36419,0x8E43,chest,False,4,180,20,3,0,0x00000000,30,20,0/0,unmodified,9,15,80,0,80,8.0,57074,low,0,62,62,16,,,computed-only,computed-only,13,0,0,18,0,0,0,,
57074,0xDEF2,绝群倾奇之铠　胸甲,防具,身体,武士防具,chest,1055,alternate_source,36419,0x8E43,chest,False,4,180,20,3,0,0x00000000,30,20,1/0,strengthened,9,15,80,0,80,8.0,57074,low,7,62,62,16,,,computed-only,computed-only,20,0,0,25,0,0,0,,
57074,0xDEF2,绝群倾奇之铠　胸甲,防具,身体,武士防具,chest,1055,alternate_source,36419,0x8E43,chest,False,4,180,20,3,0,0x00000000,30,20,2/0,thickened,9,15,80,4,84,8.4,57074,low,0,62,62,16,,,computed-only,computed-only,13,0,0,18,0,0,0,,
57074,0xDEF2,绝群倾奇之铠　胸甲,防具,身体,武士防具,chest,1055,alternate_source,36419,0x8E43,chest,False,4,180,20,3,0,0x00000000,30,20,1/1,extreme_strengthened,9,15,80,0,80,8.0,57074,low,15,62,62,16,,,computed-only,computed-only,28,0,0,33,0,0,0,,
57074,0xDEF2,绝群倾奇之铠　胸甲,防具,身体,武士防具,chest,1055,alternate_source,36419,0x8E43,chest,False,4,180,20,3,0,0x00000000,30,20,2/2,extreme_thickened,9,15,80,9,89,8.9,57074,low,0,62,62,16,,,computed-only,computed-only,13,0,0,18,0,0,0,,
57074,0xDEF2,绝群倾奇之铠　胸甲,防具,身体,武士防具,chest,1055,alternate_source,36419,0x8E43,chest,False,4,180,20,3,0,0x00000000,30,20,1/2,strengthened_plus_thickened,9,15,80,4,84,8.4,57074,low,7,62,62,16,,,computed-only,computed-only,20,0,0,25,0,0,0,,
57083,0xDEFB,百战武者中铠　膝甲,防具,腿部,武士防具,legs,1047,alternate_source,14470,0x3886,legs,False,4,180,20,3,0,0x00000000,30,20,0/0,unmodified,9,15,59,0,59,5.9,57083,low,0,47,47,16,,,computed-only,computed-only,16,0,0,12,0,0,0,,
57083,0xDEFB,百战武者中铠　膝甲,防具,腿部,武士防具,legs,1047,alternate_source,14470,0x3886,legs,False,4,180,20,3,0,0x00000000,30,20,1/0,strengthened,9,15,59,0,59,5.9,57083,low,7,47,47,16,,,computed-only,computed-only,23,0,0,19,0,0,0,,
57083,0xDEFB,百战武者中铠　膝甲,防具,腿部,武士防具,legs,1047,alternate_source,14470,0x3886,legs,False,4,180,20,3,0,0x00000000,30,20,2/0,thickened,9,15,59,4,63,6.3,57083,low,0,47,47,16,,,computed-only,computed-only,16,0,0,12,0,0,0,,
57083,0xDEFB,百战武者中铠　膝甲,防具,腿部,武士防具,legs,1047,alternate_source,14470,0x3886,legs,False,4,180,20,3,0,0x00000000,30,20,1/1,extreme_strengthened,9,15,59,0,59,5.9,57083,low,15,47,47,16,,,computed-only,computed-only,31,0,0,27,0,0,0,,
57083,0xDEFB,百战武者中铠　膝甲,防具,腿部,武士防具,legs,1047,alternate_source,14470,0x3886,legs,False,4,180,20,3,0,0x00000000,30,20,2/2,extreme_thickened,9,15,59,9,68,6.8,57083,low,0,47,47,16,,,computed-only,computed-only,16,0,0,12,0,0,0,,
57083,0xDEFB,百战武者中铠　膝甲,防具,腿部,武士防具,legs,1047,alternate_source,14470,0x3886,legs,False,4,180,20,3,0,0x00000000,30,20,1/2,strengthened_plus_thickened,9,15,59,4,63,6.3,57083,low,7,47,47,16,,,computed-only,computed-only,23,0,0,19,0,0,0,,
57300,0xDFD4,日轮前立头盔,防具,头部,武士防具,head,1376,alternate_source,65103,0xFE4F,head,False,4,180,20,3,0,0x00000000,30,20,0/0,unmodified,9,15,50,0,50,5.0,57300,low,0,50,50,17,,,computed-only,computed-only,0,0,18,18,0,0,0,,
57300,0xDFD4,日轮前立头盔,防具,头部,武士防具,head,1376,alternate_source,65103,0xFE4F,head,False,4,180,20,3,0,0x00000000,30,20,1/0,strengthened,9,15,50,0,50,5.0,57300,low,7,50,50,17,,,computed-only,computed-only,0,0,25,25,0,0,0,,
57300,0xDFD4,日轮前立头盔,防具,头部,武士防具,head,1376,alternate_source,65103,0xFE4F,head,False,4,180,20,3,0,0x00000000,30,20,2/0,thickened,9,15,50,4,54,5.4,57300,low,0,50,50,17,,,computed-only,computed-only,0,0,18,18,0,0,0,,
57300,0xDFD4,日轮前立头盔,防具,头部,武士防具,head,1376,alternate_source,65103,0xFE4F,head,False,4,180,20,3,0,0x00000000,30,20,1/1,extreme_strengthened,9,15,50,0,50,5.0,57300,low,15,50,50,17,,,computed-only,computed-only,0,0,33,33,0,0,0,,
57300,0xDFD4,日轮前立头盔,防具,头部,武士防具,head,1376,alternate_source,65103,0xFE4F,head,False,4,180,20,3,0,0x00000000,30,20,2/2,extreme_thickened,9,15,50,9,59,5.9,57300,low,0,50,50,17,,,computed-only,computed-only,0,0,18,18,0,0,0,,
57300,0xDFD4,日轮前立头盔,防具,头部,武士防具,head,1376,alternate_source,65103,0xFE4F,head,False,4,180,20,3,0,0x00000000,30,20,1/2,strengthened_plus_thickened,9,15,50,4,54,5.4,57300,low,7,50,50,17,,,computed-only,computed-only,0,0,25,25,0,0,0,,
57636,0xE124,猪前立头盔,防具,头部,武士防具,head,1346,alternate_source,2028,0x07EC,head,False,4,180,20,3,0,0x00000000,30,20,0/0,unmodified,9,15,33,0,33,3.3,57636,low,0,31,31,16,,,computed-only,computed-only,8,0,0,8,0,0,0,,
57636,0xE124,猪前立头盔,防具,头部,武士防具,head,1346,alternate_source,2028,0x07EC,head,False,4,180,20,3,0,0x00000000,30,20,1/0,strengthened,9,15,33,0,33,3.3,57636,low,7,31,31,16,,,computed-only,computed-only,15,0,0,15,0,0,0,,
57636,0xE124,猪前立头盔,防具,头部,武士防具,head,1346,alternate_source,2028,0x07EC,head,False,4,180,20,3,0,0x00000000,30,20,2/0,thickened,9,15,33,4,37,3.7,57636,low,0,31,31,16,,,computed-only,computed-only,8,0,0,8,0,0,0,,
57636,0xE124,猪前立头盔,防具,头部,武士防具,head,1346,alternate_source,2028,0x07EC,head,False,4,180,20,3,0,0x00000000,30,20,1/1,extreme_strengthened,9,15,33,0,33,3.3,57636,low,15,31,31,16,,,computed-only,computed-only,23,0,0,23,0,0,0,,
57636,0xE124,猪前立头盔,防具,头部,武士防具,head,1346,alternate_source,2028,0x07EC,head,False,4,180,20,3,0,0x00000000,30,20,2/2,extreme_thickened,9,15,33,9,42,4.2,57636,low,0,31,31,16,,,computed-only,computed-only,8,0,0,8,0,0,0,,
57636,0xE124,猪前立头盔,防具,头部,武士防具,head,1346,alternate_source,2028,0x07EC,head,False,4,180,20,3,0,0x00000000,30,20,1/2,strengthened_plus_thickened,9,15,33,4,37,3.7,57636,low,7,31,31,16,,,computed-only,computed-only,15,0,0,15,0,0,0,,
58067,0xE2D3,又右卫门之衣　臂甲,防具,手臂,武士防具,arms,1269,alternate_source,27609,0x6BD9,arms,False,4,180,20,3,0,0x00000000,30,20,0/0,unmodified,9,15,16,0,16,1.6,58067,low,0,19,19,15,,,computed-only,computed-only,22,0,0,22,0,0,0,,
58067,0xE2D3,又右卫门之衣　臂甲,防具,手臂,武士防具,arms,1269,alternate_source,27609,0x6BD9,arms,False,4,180,20,3,0,0x00000000,30,20,1/0,strengthened,9,15,16,0,16,1.6,58067,low,7,19,19,15,,,computed-only,computed-only,29,0,0,29,0,0,0,,
58067,0xE2D3,又右卫门之衣　臂甲,防具,手臂,武士防具,arms,1269,alternate_source,27609,0x6BD9,arms,False,4,180,20,3,0,0x00000000,30,20,2/0,thickened,9,15,16,4,20,2.0,58067,low,0,19,19,15,,,computed-only,computed-only,22,0,0,22,0,0,0,,
58067,0xE2D3,又右卫门之衣　臂甲,防具,手臂,武士防具,arms,1269,alternate_source,27609,0x6BD9,arms,False,4,180,20,3,0,0x00000000,30,20,1/1,extreme_strengthened,9,15,16,0,16,1.6,58067,low,15,19,19,15,,,computed-only,computed-only,37,0,0,37,0,0,0,,
58067,0xE2D3,又右卫门之衣　臂甲,防具,手臂,武士防具,arms,1269,alternate_source,27609,0x6BD9,arms,False,4,180,20,3,0,0x00000000,30,20,2/2,extreme_thickened,9,15,16,9,25,2.5,58067,low,0,19,19,15,,,computed-only,computed-only,22,0,0,22,0,0,0,,
58067,0xE2D3,又右卫门之衣　臂甲,防具,手臂,武士防具,arms,1269,alternate_source,27609,0x6BD9,arms,False,4,180,20,3,0,0x00000000,30,20,1/2,strengthened_plus_thickened,9,15,16,4,20,2.0,58067,low,7,19,19,15,,,computed-only,computed-only,29,0,0,29,0,0,0,,
58419,0xE433,新选组队服　袖套,防具,手臂,武士防具,arms,676,standalone,58419,0xE433,arms,False,4,180,20,3,0,0x00000000,30,20,0/0,unmodified,9,15,17,0,17,1.7,58419,low,0,12,12,15,,,computed-only,computed-only,15,0,0,0,15,0,0,,
58419,0xE433,新选组队服　袖套,防具,手臂,武士防具,arms,676,standalone,58419,0xE433,arms,False,4,180,20,3,0,0x00000000,30,20,1/0,strengthened,9,15,17,0,17,1.7,58419,low,7,12,12,15,,,computed-only,computed-only,22,0,0,0,22,0,0,,
58419,0xE433,新选组队服　袖套,防具,手臂,武士防具,arms,676,standalone,58419,0xE433,arms,False,4,180,20,3,0,0x00000000,30,20,2/0,thickened,9,15,17,4,21,2.1,58419,low,0,12,12,15,,,computed-only,computed-only,15,0,0,0,15,0,0,,
58419,0xE433,新选组队服　袖套,防具,手臂,武士防具,arms,676,standalone,58419,0xE433,arms,False,4,180,20,3,0,0x00000000,30,20,1/1,extreme_strengthened,9,15,17,0,17,1.7,58419,low,15,12,12,15,,,computed-only,computed-only,30,0,0,0,30,0,0,,
58419,0xE433,新选组队服　袖套,防具,手臂,武士防具,arms,676,standalone,58419,0xE433,arms,False,4,180,20,3,0,0x00000000,30,20,2/2,extreme_thickened,9,15,17,9,26,2.6,58419,low,0,12,12,15,,,computed-only,computed-only,15,0,0,0,15,0,0,,
58419,0xE433,新选组队服　袖套,防具,手臂,武士防具,arms,676,standalone,58419,0xE433,arms,False,4,180,20,3,0,0x00000000,30,20,1/2,strengthened_plus_thickened,9,15,17,4,21,2.1,58419,low,7,12,12,15,,,computed-only,computed-only,22,0,0,0,22,0,0,,
58683,0xE53B,神官净衣　臂甲,防具,手臂,忍者防具,arms,882,alternate_source,58519,0xE497,arms,False,4,180,20,3,0,0x00000000,30,20,0/0,unmodified,9,15,8,0,8,0.8,58683,low,0,18,18,15,,,computed-only,computed-only,10,0,0,0,9,0,0,,
58683,0xE53B,神官净衣　臂甲,防具,手臂,忍者防具,arms,882,alternate_source,58519,0xE497,arms,False,4,180,20,3,0,0x00000000,30,20,1/0,strengthened,9,15,8,0,8,0.8,58683,low,7,18,18,15,,,computed-only,computed-only,17,0,0,0,16,0,0,,
58683,0xE53B,神官净衣　臂甲,防具,手臂,忍者防具,arms,882,alternate_source,58519,0xE497,arms,False,4,180,20,3,0,0x00000000,30,20,2/0,thickened,9,15,8,4,12,1.2,58683,low,0,18,18,15,,,computed-only,computed-only,10,0,0,0,9,0,0,,
58683,0xE53B,神官净衣　臂甲,防具,手臂,忍者防具,arms,882,alternate_source,58519,0xE497,arms,False,4,180,20,3,0,0x00000000,30,20,1/1,extreme_strengthened,9,15,8,0,8,0.8,58683,low,15,18,18,15,,,computed-only,computed-only,25,0,0,0,24,0,0,,
58683,0xE53B,神官净衣　臂甲,防具,手臂,忍者防具,arms,882,alternate_source,58519,0xE497,arms,False,4,180,20,3,0,0x00000000,30,20,2/2,extreme_thickened,9,15,8,9,17,1.7,58683,low,0,18,18,15,,,computed-only,computed-only,10,0,0,0,9,0,0,,
58683,0xE53B,神官净衣　臂甲,防具,手臂,忍者防具,arms,882,alternate_source,58519,0xE497,arms,False,4,180,20,3,0,0x00000000,30,20,1/2,strengthened_plus_thickened,9,15,8,4,12,1.2,58683,low,7,18,18,15,,,computed-only,computed-only,17,0,0,0,16,0,0,,
58834,0xE5D2,黑漆涂雁金形盔,防具,头部,武士防具,head,1344,alternate_source,54687,0xD59F,head,False,4,180,20,3,0,0x00000000,30,20,0/0,unmodified,9,15,45,0,45,4.5,58834,low,0,50,50,17,,,computed-only,computed-only,0,0,5,5,0,0,0,,
58834,0xE5D2,黑漆涂雁金形盔,防具,头部,武士防具,head,1344,alternate_source,54687,0xD59F,head,False,4,180,20,3,0,0x00000000,30,20,1/0,strengthened,9,15,45,0,45,4.5,58834,low,7,50,50,17,,,computed-only,computed-only,0,0,12,12,0,0,0,,
58834,0xE5D2,黑漆涂雁金形盔,防具,头部,武士防具,head,1344,alternate_source,54687,0xD59F,head,False,4,180,20,3,0,0x00000000,30,20,2/0,thickened,9,15,45,4,49,4.9,58834,low,0,50,50,17,,,computed-only,computed-only,0,0,5,5,0,0,0,,
58834,0xE5D2,黑漆涂雁金形盔,防具,头部,武士防具,head,1344,alternate_source,54687,0xD59F,head,False,4,180,20,3,0,0x00000000,30,20,1/1,extreme_strengthened,9,15,45,0,45,4.5,58834,low,15,50,50,17,,,computed-only,computed-only,0,0,20,20,0,0,0,,
58834,0xE5D2,黑漆涂雁金形盔,防具,头部,武士防具,head,1344,alternate_source,54687,0xD59F,head,False,4,180,20,3,0,0x00000000,30,20,2/2,extreme_thickened,9,15,45,9,54,5.4,58834,low,0,50,50,17,,,computed-only,computed-only,0,0,5,5,0,0,0,,
58834,0xE5D2,黑漆涂雁金形盔,防具,头部,武士防具,head,1344,alternate_source,54687,0xD59F,head,False,4,180,20,3,0,0x00000000,30,20,1/2,strengthened_plus_thickened,9,15,45,4,49,4.9,58834,low,7,50,50,17,,,computed-only,computed-only,0,0,12,12,0,0,0,,
58876,0xE5FC,女面,防具,头部,忍者防具,head,1342,alternate_source,12081,0x2F31,head,False,4,180,20,3,0,0x00000000,30,20,0/0,unmodified,9,15,6,0,6,0.6,58876,low,0,18,18,15,,,computed-only,computed-only,8,0,0,0,8,0,0,,
58876,0xE5FC,女面,防具,头部,忍者防具,head,1342,alternate_source,12081,0x2F31,head,False,4,180,20,3,0,0x00000000,30,20,1/0,strengthened,9,15,6,0,6,0.6,58876,low,7,18,18,15,,,computed-only,computed-only,15,0,0,0,15,0,0,,
58876,0xE5FC,女面,防具,头部,忍者防具,head,1342,alternate_source,12081,0x2F31,head,False,4,180,20,3,0,0x00000000,30,20,2/0,thickened,9,15,6,4,10,1.0,58876,low,0,18,18,15,,,computed-only,computed-only,8,0,0,0,8,0,0,,
58876,0xE5FC,女面,防具,头部,忍者防具,head,1342,alternate_source,12081,0x2F31,head,False,4,180,20,3,0,0x00000000,30,20,1/1,extreme_strengthened,9,15,6,0,6,0.6,58876,low,15,18,18,15,,,computed-only,computed-only,23,0,0,0,23,0,0,,
58876,0xE5FC,女面,防具,头部,忍者防具,head,1342,alternate_source,12081,0x2F31,head,False,4,180,20,3,0,0x00000000,30,20,2/2,extreme_thickened,9,15,6,9,15,1.5,58876,low,0,18,18,15,,,computed-only,computed-only,8,0,0,0,8,0,0,,
58876,0xE5FC,女面,防具,头部,忍者防具,head,1342,alternate_source,12081,0x2F31,head,False,4,180,20,3,0,0x00000000,30,20,1/2,strengthened_plus_thickened,9,15,6,4,10,1.0,58876,low,7,18,18,15,,,computed-only,computed-only,15,0,0,0,15,0,0,,
58890,0xE60A,水军装束　上衣,防具,身体,忍者防具,chest,764,alternate_source,4728,0x1278,chest,False,4,180,20,3,0,0x00000000,30,20,0/0,unmodified,9,15,16,0,16,1.6,58890,low,0,36,36,15,,,computed-only,computed-only,12,0,0,0,13,0,0,,
58890,0xE60A,水军装束　上衣,防具,身体,忍者防具,chest,764,alternate_source,4728,0x1278,chest,False,4,180,20,3,0,0x00000000,30,20,1/0,strengthened,9,15,16,0,16,1.6,58890,low,7,36,36,15,,,computed-only,computed-only,19,0,0,0,20,0,0,,
58890,0xE60A,水军装束　上衣,防具,身体,忍者防具,chest,764,alternate_source,4728,0x1278,chest,False,4,180,20,3,0,0x00000000,30,20,2/0,thickened,9,15,16,4,20,2.0,58890,low,0,36,36,15,,,computed-only,computed-only,12,0,0,0,13,0,0,,
58890,0xE60A,水军装束　上衣,防具,身体,忍者防具,chest,764,alternate_source,4728,0x1278,chest,False,4,180,20,3,0,0x00000000,30,20,1/1,extreme_strengthened,9,15,16,0,16,1.6,58890,low,15,36,36,15,,,computed-only,computed-only,27,0,0,0,28,0,0,,
58890,0xE60A,水军装束　上衣,防具,身体,忍者防具,chest,764,alternate_source,4728,0x1278,chest,False,4,180,20,3,0,0x00000000,30,20,2/2,extreme_thickened,9,15,16,9,25,2.5,58890,low,0,36,36,15,,,computed-only,computed-only,12,0,0,0,13,0,0,,
58890,0xE60A,水军装束　上衣,防具,身体,忍者防具,chest,764,alternate_source,4728,0x1278,chest,False,4,180,20,3,0,0x00000000,30,20,1/2,strengthened_plus_thickened,9,15,16,4,20,2.0,58890,low,7,36,36,15,,,computed-only,computed-only,19,0,0,0,20,0,0,,
58906,0xE61A,宫司净衣　臂甲,防具,手臂,忍者防具,arms,917,alternate_source,58519,0xE497,arms,False,4,180,20,3,0,0x00000000,30,20,0/0,unmodified,9,15,8,0,8,0.8,58906,low,0,18,18,15,,,computed-only,computed-only,14,0,0,0,13,0,0,,
58906,0xE61A,宫司净衣　臂甲,防具,手臂,忍者防具,arms,917,alternate_source,58519,0xE497,arms,False,4,180,20,3,0,0x00000000,30,20,1/0,strengthened,9,15,8,0,8,0.8,58906,low,7,18,18,15,,,computed-only,computed-only,21,0,0,0,20,0,0,,
58906,0xE61A,宫司净衣　臂甲,防具,手臂,忍者防具,arms,917,alternate_source,58519,0xE497,arms,False,4,180,20,3,0,0x00000000,30,20,2/0,thickened,9,15,8,4,12,1.2,58906,low,0,18,18,15,,,computed-only,computed-only,14,0,0,0,13,0,0,,
58906,0xE61A,宫司净衣　臂甲,防具,手臂,忍者防具,arms,917,alternate_source,58519,0xE497,arms,False,4,180,20,3,0,0x00000000,30,20,1/1,extreme_strengthened,9,15,8,0,8,0.8,58906,low,15,18,18,15,,,computed-only,computed-only,29,0,0,0,28,0,0,,
58906,0xE61A,宫司净衣　臂甲,防具,手臂,忍者防具,arms,917,alternate_source,58519,0xE497,arms,False,4,180,20,3,0,0x00000000,30,20,2/2,extreme_thickened,9,15,8,9,17,1.7,58906,low,0,18,18,15,,,computed-only,computed-only,14,0,0,0,13,0,0,,
58906,0xE61A,宫司净衣　臂甲,防具,手臂,忍者防具,arms,917,alternate_source,58519,0xE497,arms,False,4,180,20,3,0,0x00000000,30,20,1/2,strengthened_plus_thickened,9,15,8,4,12,1.2,58906,low,7,18,18,15,,,computed-only,computed-only,21,0,0,0,20,0,0,,
58964,0xE654,般若面,防具,头部,忍者防具,head,1394,alternate_source,37269,0x9195,head,False,4,180,20,3,0,0x00000000,30,20,0/0,unmodified,9,15,16,0,16,1.6,58964,low,0,28,28,16,,,computed-only,computed-only,0,0,8,0,8,0,0,,
58964,0xE654,般若面,防具,头部,忍者防具,head,1394,alternate_source,37269,0x9195,head,False,4,180,20,3,0,0x00000000,30,20,1/0,strengthened,9,15,16,0,16,1.6,58964,low,7,28,28,16,,,computed-only,computed-only,0,0,15,0,15,0,0,,
58964,0xE654,般若面,防具,头部,忍者防具,head,1394,alternate_source,37269,0x9195,head,False,4,180,20,3,0,0x00000000,30,20,2/0,thickened,9,15,16,4,20,2.0,58964,low,0,28,28,16,,,computed-only,computed-only,0,0,8,0,8,0,0,,
58964,0xE654,般若面,防具,头部,忍者防具,head,1394,alternate_source,37269,0x9195,head,False,4,180,20,3,0,0x00000000,30,20,1/1,extreme_strengthened,9,15,16,0,16,1.6,58964,low,15,28,28,16,,,computed-only,computed-only,0,0,23,0,23,0,0,,
58964,0xE654,般若面,防具,头部,忍者防具,head,1394,alternate_source,37269,0x9195,head,False,4,180,20,3,0,0x00000000,30,20,2/2,extreme_thickened,9,15,16,9,25,2.5,58964,low,0,28,28,16,,,computed-only,computed-only,0,0,8,0,8,0,0,,
58964,0xE654,般若面,防具,头部,忍者防具,head,1394,alternate_source,37269,0x9195,head,False,4,180,20,3,0,0x00000000,30,20,1/2,strengthened_plus_thickened,9,15,16,4,20,2.0,58964,low,7,28,28,16,,,computed-only,computed-only,0,0,15,0,15,0,0,,
59030,0xE696,宫司净衣　头冠,防具,头部,忍者防具,head,915,alternate_source,35948,0x8C6C,head,False,4,180,20,3,0,0x00000000,30,20,0/0,unmodified,9,15,8,0,8,0.8,59030,low,0,18,18,15,,,computed-only,computed-only,14,0,0,0,13,0,0,,
59030,0xE696,宫司净衣　头冠,防具,头部,忍者防具,head,915,alternate_source,35948,0x8C6C,head,False,4,180,20,3,0,0x00000000,30,20,1/0,strengthened,9,15,8,0,8,0.8,59030,low,7,18,18,15,,,computed-only,computed-only,21,0,0,0,20,0,0,,
59030,0xE696,宫司净衣　头冠,防具,头部,忍者防具,head,915,alternate_source,35948,0x8C6C,head,False,4,180,20,3,0,0x00000000,30,20,2/0,thickened,9,15,8,4,12,1.2,59030,low,0,18,18,15,,,computed-only,computed-only,14,0,0,0,13,0,0,,
59030,0xE696,宫司净衣　头冠,防具,头部,忍者防具,head,915,alternate_source,35948,0x8C6C,head,False,4,180,20,3,0,0x00000000,30,20,1/1,extreme_strengthened,9,15,8,0,8,0.8,59030,low,15,18,18,15,,,computed-only,computed-only,29,0,0,0,28,0,0,,
59030,0xE696,宫司净衣　头冠,防具,头部,忍者防具,head,915,alternate_source,35948,0x8C6C,head,False,4,180,20,3,0,0x00000000,30,20,2/2,extreme_thickened,9,15,8,9,17,1.7,59030,low,0,18,18,15,,,computed-only,computed-only,14,0,0,0,13,0,0,,
59030,0xE696,宫司净衣　头冠,防具,头部,忍者防具,head,915,alternate_source,35948,0x8C6C,head,False,4,180,20,3,0,0x00000000,30,20,1/2,strengthened_plus_thickened,9,15,8,4,12,1.2,59030,low,7,18,18,15,,,computed-only,computed-only,21,0,0,0,20,0,0,,
59353,0xE7D9,东国无双之铠　臂甲,防具,手臂,武士防具,arms,1181,alternate_source,5559,0x15B7,arms,False,4,180,20,3,0,0x00000000,30,20,0/0,unmodified,9,15,47,0,47,4.7,59353,low,0,50,50,17,,,computed-only,computed-only,0,0,6,6,0,0,0,,
59353,0xE7D9,东国无双之铠　臂甲,防具,手臂,武士防具,arms,1181,alternate_source,5559,0x15B7,arms,False,4,180,20,3,0,0x00000000,30,20,1/0,strengthened,9,15,47,0,47,4.7,59353,low,7,50,50,17,,,computed-only,computed-only,0,0,13,13,0,0,0,,
59353,0xE7D9,东国无双之铠　臂甲,防具,手臂,武士防具,arms,1181,alternate_source,5559,0x15B7,arms,False,4,180,20,3,0,0x00000000,30,20,2/0,thickened,9,15,47,4,51,5.1,59353,low,0,50,50,17,,,computed-only,computed-only,0,0,6,6,0,0,0,,
59353,0xE7D9,东国无双之铠　臂甲,防具,手臂,武士防具,arms,1181,alternate_source,5559,0x15B7,arms,False,4,180,20,3,0,0x00000000,30,20,1/1,extreme_strengthened,9,15,47,0,47,4.7,59353,low,15,50,50,17,,,computed-only,computed-only,0,0,21,21,0,0,0,,
59353,0xE7D9,东国无双之铠　臂甲,防具,手臂,武士防具,arms,1181,alternate_source,5559,0x15B7,arms,False,4,180,20,3,0,0x00000000,30,20,2/2,extreme_thickened,9,15,47,9,56,5.6,59353,low,0,50,50,17,,,computed-only,computed-only,0,0,6,6,0,0,0,,
59353,0xE7D9,东国无双之铠　臂甲,防具,手臂,武士防具,arms,1181,alternate_source,5559,0x15B7,arms,False,4,180,20,3,0,0x00000000,30,20,1/2,strengthened_plus_thickened,9,15,47,4,51,5.1,59353,low,7,50,50,17,,,computed-only,computed-only,0,0,13,13,0,0,0,,
59647,0xE8FF,大型八龙　胸甲,防具,身体,武士防具,chest,1060,alternate_source,38837,0x97B5,chest,False,4,180,20,3,0,0x00000000,30,20,0/0,unmodified,9,15,76,0,76,7.6,59647,low,0,62,62,16,,,computed-only,computed-only,10,0,0,11,0,0,0,,
59647,0xE8FF,大型八龙　胸甲,防具,身体,武士防具,chest,1060,alternate_source,38837,0x97B5,chest,False,4,180,20,3,0,0x00000000,30,20,1/0,strengthened,9,15,76,0,76,7.6,59647,low,7,62,62,16,,,computed-only,computed-only,17,0,0,18,0,0,0,,
59647,0xE8FF,大型八龙　胸甲,防具,身体,武士防具,chest,1060,alternate_source,38837,0x97B5,chest,False,4,180,20,3,0,0x00000000,30,20,2/0,thickened,9,15,76,4,80,8.0,59647,low,0,62,62,16,,,computed-only,computed-only,10,0,0,11,0,0,0,,
59647,0xE8FF,大型八龙　胸甲,防具,身体,武士防具,chest,1060,alternate_source,38837,0x97B5,chest,False,4,180,20,3,0,0x00000000,30,20,1/1,extreme_strengthened,9,15,76,0,76,7.6,59647,low,15,62,62,16,,,computed-only,computed-only,25,0,0,26,0,0,0,,
59647,0xE8FF,大型八龙　胸甲,防具,身体,武士防具,chest,1060,alternate_source,38837,0x97B5,chest,False,4,180,20,3,0,0x00000000,30,20,2/2,extreme_thickened,9,15,76,9,85,8.5,59647,low,0,62,62,16,,,computed-only,computed-only,10,0,0,11,0,0,0,,
59647,0xE8FF,大型八龙　胸甲,防具,身体,武士防具,chest,1060,alternate_source,38837,0x97B5,chest,False,4,180,20,3,0,0x00000000,30,20,1/2,strengthened_plus_thickened,9,15,76,4,80,8.0,59647,low,7,62,62,16,,,computed-only,computed-only,17,0,0,18,0,0,0,,
59792,0xE990,盗贼轻铠　面具,防具,头部,忍者防具,head,19,standalone,59792,0xE990,head,False,4,180,20,3,0,0x00000000,30,20,0/0,unmodified,9,15,10,0,10,1.0,59792,low,0,8,8,15,,,computed-only,computed-only,4,0,0,0,5,0,0,,
59792,0xE990,盗贼轻铠　面具,防具,头部,忍者防具,head,19,standalone,59792,0xE990,head,False,4,180,20,3,0,0x00000000,30,20,1/0,strengthened,9,15,10,0,10,1.0,59792,low,7,8,8,15,,,computed-only,computed-only,11,0,0,0,12,0,0,,
59792,0xE990,盗贼轻铠　面具,防具,头部,忍者防具,head,19,standalone,59792,0xE990,head,False,4,180,20,3,0,0x00000000,30,20,2/0,thickened,9,15,10,4,14,1.4,59792,low,0,8,8,15,,,computed-only,computed-only,4,0,0,0,5,0,0,,
59792,0xE990,盗贼轻铠　面具,防具,头部,忍者防具,head,19,standalone,59792,0xE990,head,False,4,180,20,3,0,0x00000000,30,20,1/1,extreme_strengthened,9,15,10,0,10,1.0,59792,low,15,8,8,15,,,computed-only,computed-only,19,0,0,0,20,0,0,,
59792,0xE990,盗贼轻铠　面具,防具,头部,忍者防具,head,19,standalone,59792,0xE990,head,False,4,180,20,3,0,0x00000000,30,20,2/2,extreme_thickened,9,15,10,9,19,1.9,59792,low,0,8,8,15,,,computed-only,computed-only,4,0,0,0,5,0,0,,
59792,0xE990,盗贼轻铠　面具,防具,头部,忍者防具,head,19,standalone,59792,0xE990,head,False,4,180,20,3,0,0x00000000,30,20,1/2,strengthened_plus_thickened,9,15,10,4,14,1.4,59792,low,7,8,8,15,,,computed-only,computed-only,11,0,0,0,12,0,0,,
59899,0xE9FB,,防具或饰品,,装备,head,1282,alternate_source,25630,0x641E,head,False,4,180,20,3,0,0x00000000,30,20,0/0,unmodified,9,15,18,0,18,1.8,59899,low,0,28,28,16,,,computed-only,computed-only,0,0,10,0,11,0,0,,
59899,0xE9FB,,防具或饰品,,装备,head,1282,alternate_source,25630,0x641E,head,False,4,180,20,3,0,0x00000000,30,20,1/0,strengthened,9,15,18,0,18,1.8,59899,low,7,28,28,16,,,computed-only,computed-only,0,0,17,0,18,0,0,,
59899,0xE9FB,,防具或饰品,,装备,head,1282,alternate_source,25630,0x641E,head,False,4,180,20,3,0,0x00000000,30,20,2/0,thickened,9,15,18,4,22,2.2,59899,low,0,28,28,16,,,computed-only,computed-only,0,0,10,0,11,0,0,,
59899,0xE9FB,,防具或饰品,,装备,head,1282,alternate_source,25630,0x641E,head,False,4,180,20,3,0,0x00000000,30,20,1/1,extreme_strengthened,9,15,18,0,18,1.8,59899,low,15,28,28,16,,,computed-only,computed-only,0,0,25,0,26,0,0,,
59899,0xE9FB,,防具或饰品,,装备,head,1282,alternate_source,25630,0x641E,head,False,4,180,20,3,0,0x00000000,30,20,2/2,extreme_thickened,9,15,18,9,27,2.7,59899,low,0,28,28,16,,,computed-only,computed-only,0,0,10,0,11,0,0,,
59899,0xE9FB,,防具或饰品,,装备,head,1282,alternate_source,25630,0x641E,head,False,4,180,20,3,0,0x00000000,30,20,1/2,strengthened_plus_thickened,9,15,18,4,22,2.2,59899,low,7,28,28,16,,,computed-only,computed-only,0,0,17,0,18,0,0,,
59942,0xEA26,万两义贼之铠　腿甲,防具,足部,忍者防具,feet,724,alternate_source,38285,0x958D,feet,False,4,180,20,3,0,0x00000000,30,20,0/0,unmodified,9,15,26,0,26,2.6,59942,low,0,49,49,16,,,computed-only,computed-only,0,0,21,0,15,0,0,,
59942,0xEA26,万两义贼之铠　腿甲,防具,足部,忍者防具,feet,724,alternate_source,38285,0x958D,feet,False,4,180,20,3,0,0x00000000,30,20,1/0,strengthened,9,15,26,0,26,2.6,59942,low,7,49,49,16,,,computed-only,computed-only,0,0,28,0,22,0,0,,
59942,0xEA26,万两义贼之铠　腿甲,防具,足部,忍者防具,feet,724,alternate_source,38285,0x958D,feet,False,4,180,20,3,0,0x00000000,30,20,2/0,thickened,9,15,26,4,30,3.0,59942,low,0,49,49,16,,,computed-only,computed-only,0,0,21,0,15,0,0,,
59942,0xEA26,万两义贼之铠　腿甲,防具,足部,忍者防具,feet,724,alternate_source,38285,0x958D,feet,False,4,180,20,3,0,0x00000000,30,20,1/1,extreme_strengthened,9,15,26,0,26,2.6,59942,low,15,49,49,16,,,computed-only,computed-only,0,0,36,0,30,0,0,,
59942,0xEA26,万两义贼之铠　腿甲,防具,足部,忍者防具,feet,724,alternate_source,38285,0x958D,feet,False,4,180,20,3,0,0x00000000,30,20,2/2,extreme_thickened,9,15,26,9,35,3.5,59942,low,0,49,49,16,,,computed-only,computed-only,0,0,21,0,15,0,0,,
59942,0xEA26,万两义贼之铠　腿甲,防具,足部,忍者防具,feet,724,alternate_source,38285,0x958D,feet,False,4,180,20,3,0,0x00000000,30,20,1/2,strengthened_plus_thickened,9,15,26,4,30,3.0,59942,low,7,49,49,16,,,computed-only,computed-only,0,0,28,0,22,0,0,,
59960,0xEA38,讨鬼勇猛之铠　腿甲,防具,足部,武士防具,feet,1068,alternate_source,39153,0x98F1,feet,False,4,180,20,3,0,0x00000000,30,20,0/0,unmodified,9,15,37,0,37,3.7,59960,low,0,31,31,16,,,computed-only,computed-only,8,0,0,11,0,0,0,,
59960,0xEA38,讨鬼勇猛之铠　腿甲,防具,足部,武士防具,feet,1068,alternate_source,39153,0x98F1,feet,False,4,180,20,3,0,0x00000000,30,20,1/0,strengthened,9,15,37,0,37,3.7,59960,low,7,31,31,16,,,computed-only,computed-only,15,0,0,18,0,0,0,,
59960,0xEA38,讨鬼勇猛之铠　腿甲,防具,足部,武士防具,feet,1068,alternate_source,39153,0x98F1,feet,False,4,180,20,3,0,0x00000000,30,20,2/0,thickened,9,15,37,4,41,4.1,59960,low,0,31,31,16,,,computed-only,computed-only,8,0,0,11,0,0,0,,
59960,0xEA38,讨鬼勇猛之铠　腿甲,防具,足部,武士防具,feet,1068,alternate_source,39153,0x98F1,feet,False,4,180,20,3,0,0x00000000,30,20,1/1,extreme_strengthened,9,15,37,0,37,3.7,59960,low,15,31,31,16,,,computed-only,computed-only,23,0,0,26,0,0,0,,
59960,0xEA38,讨鬼勇猛之铠　腿甲,防具,足部,武士防具,feet,1068,alternate_source,39153,0x98F1,feet,False,4,180,20,3,0,0x00000000,30,20,2/2,extreme_thickened,9,15,37,9,46,4.6,59960,low,0,31,31,16,,,computed-only,computed-only,8,0,0,11,0,0,0,,
59960,0xEA38,讨鬼勇猛之铠　腿甲,防具,足部,武士防具,feet,1068,alternate_source,39153,0x98F1,feet,False,4,180,20,3,0,0x00000000,30,20,1/2,strengthened_plus_thickened,9,15,37,4,41,4.1,59960,low,7,31,31,16,,,computed-only,computed-only,15,0,0,18,0,0,0,,
59969,0xEA41,弘法大师僧衣　裤裙,防具,腿部,忍者防具,legs,938,alternate_source,52862,0xCE7E,legs,False,4,180,20,3,0,0x00000000,30,20,0/0,unmodified,9,15,27,0,27,2.7,59969,low,0,42,42,16,,,computed-only,computed-only,0,0,18,0,12,0,0,,
59969,0xEA41,弘法大师僧衣　裤裙,防具,腿部,忍者防具,legs,938,alternate_source,52862,0xCE7E,legs,False,4,180,20,3,0,0x00000000,30,20,1/0,strengthened,9,15,27,0,27,2.7,59969,low,7,42,42,16,,,computed-only,computed-only,0,0,25,0,19,0,0,,
59969,0xEA41,弘法大师僧衣　裤裙,防具,腿部,忍者防具,legs,938,alternate_source,52862,0xCE7E,legs,False,4,180,20,3,0,0x00000000,30,20,2/0,thickened,9,15,27,4,31,3.1,59969,low,0,42,42,16,,,computed-only,computed-only,0,0,18,0,12,0,0,,
59969,0xEA41,弘法大师僧衣　裤裙,防具,腿部,忍者防具,legs,938,alternate_source,52862,0xCE7E,legs,False,4,180,20,3,0,0x00000000,30,20,1/1,extreme_strengthened,9,15,27,0,27,2.7,59969,low,15,42,42,16,,,computed-only,computed-only,0,0,33,0,27,0,0,,
59969,0xEA41,弘法大师僧衣　裤裙,防具,腿部,忍者防具,legs,938,alternate_source,52862,0xCE7E,legs,False,4,180,20,3,0,0x00000000,30,20,2/2,extreme_thickened,9,15,27,9,36,3.6,59969,low,0,42,42,16,,,computed-only,computed-only,0,0,18,0,12,0,0,,
59969,0xEA41,弘法大师僧衣　裤裙,防具,腿部,忍者防具,legs,938,alternate_source,52862,0xCE7E,legs,False,4,180,20,3,0,0x00000000,30,20,1/2,strengthened_plus_thickened,9,15,27,4,31,3.1,59969,low,7,42,42,16,,,computed-only,computed-only,0,0,25,0,19,0,0,,
60000,0xEA60,忍者装束　裤裙,防具,腿部,忍者防具,legs,878,alternate_source,7238,0x1C46,legs,False,4,180,20,3,0,0x00000000,30,20,0/0,unmodified,9,15,11,0,11,1.1,60000,low,0,27,27,15,,,computed-only,computed-only,6,0,0,0,7,0,0,,
60000,0xEA60,忍者装束　裤裙,防具,腿部,忍者防具,legs,878,alternate_source,7238,0x1C46,legs,False,4,180,20,3,0,0x00000000,30,20,1/0,strengthened,9,15,11,0,11,1.1,60000,low,7,27,27,15,,,computed-only,computed-only,13,0,0,0,14,0,0,,
60000,0xEA60,忍者装束　裤裙,防具,腿部,忍者防具,legs,878,alternate_source,7238,0x1C46,legs,False,4,180,20,3,0,0x00000000,30,20,2/0,thickened,9,15,11,4,15,1.5,60000,low,0,27,27,15,,,computed-only,computed-only,6,0,0,0,7,0,0,,
60000,0xEA60,忍者装束　裤裙,防具,腿部,忍者防具,legs,878,alternate_source,7238,0x1C46,legs,False,4,180,20,3,0,0x00000000,30,20,1/1,extreme_strengthened,9,15,11,0,11,1.1,60000,low,15,27,27,15,,,computed-only,computed-only,21,0,0,0,22,0,0,,
60000,0xEA60,忍者装束　裤裙,防具,腿部,忍者防具,legs,878,alternate_source,7238,0x1C46,legs,False,4,180,20,3,0,0x00000000,30,20,2/2,extreme_thickened,9,15,11,9,20,2.0,60000,low,0,27,27,15,,,computed-only,computed-only,6,0,0,0,7,0,0,,
60000,0xEA60,忍者装束　裤裙,防具,腿部,忍者防具,legs,878,alternate_source,7238,0x1C46,legs,False,4,180,20,3,0,0x00000000,30,20,1/2,strengthened_plus_thickened,9,15,11,4,15,1.5,60000,low,7,27,27,15,,,computed-only,computed-only,13,0,0,0,14,0,0,,
60084,0xEAB4,剑术无双之衣　臂甲,防具,手臂,武士防具,arms,654,alternate_source,27609,0x6BD9,arms,False,4,180,20,3,0,0x00000000,30,20,0/0,unmodified,9,15,16,0,16,1.6,60084,low,0,19,19,15,,,computed-only,computed-only,13,0,0,0,12,0,0,,
60084,0xEAB4,剑术无双之衣　臂甲,防具,手臂,武士防具,arms,654,alternate_source,27609,0x6BD9,arms,False,4,180,20,3,0,0x00000000,30,20,1/0,strengthened,9,15,16,0,16,1.6,60084,low,7,19,19,15,,,computed-only,computed-only,20,0,0,0,19,0,0,,
60084,0xEAB4,剑术无双之衣　臂甲,防具,手臂,武士防具,arms,654,alternate_source,27609,0x6BD9,arms,False,4,180,20,3,0,0x00000000,30,20,2/0,thickened,9,15,16,4,20,2.0,60084,low,0,19,19,15,,,computed-only,computed-only,13,0,0,0,12,0,0,,
60084,0xEAB4,剑术无双之衣　臂甲,防具,手臂,武士防具,arms,654,alternate_source,27609,0x6BD9,arms,False,4,180,20,3,0,0x00000000,30,20,1/1,extreme_strengthened,9,15,16,0,16,1.6,60084,low,15,19,19,15,,,computed-only,computed-only,28,0,0,0,27,0,0,,
60084,0xEAB4,剑术无双之衣　臂甲,防具,手臂,武士防具,arms,654,alternate_source,27609,0x6BD9,arms,False,4,180,20,3,0,0x00000000,30,20,2/2,extreme_thickened,9,15,16,9,25,2.5,60084,low,0,19,19,15,,,computed-only,computed-only,13,0,0,0,12,0,0,,
60084,0xEAB4,剑术无双之衣　臂甲,防具,手臂,武士防具,arms,654,alternate_source,27609,0x6BD9,arms,False,4,180,20,3,0,0x00000000,30,20,1/2,strengthened_plus_thickened,9,15,16,4,20,2.0,60084,low,7,19,19,15,,,computed-only,computed-only,20,0,0,0,19,0,0,,
60240,0xEB50,,防具或饰品,,装备,legs,1285,alternate_source,52862,0xCE7E,legs,False,4,180,20,3,0,0x00000000,30,20,0/0,unmodified,9,15,27,0,27,2.7,60240,low,0,42,42,16,,,computed-only,computed-only,0,0,10,0,11,0,0,,
60240,0xEB50,,防具或饰品,,装备,legs,1285,alternate_source,52862,0xCE7E,legs,False,4,180,20,3,0,0x00000000,30,20,1/0,strengthened,9,15,27,0,27,2.7,60240,low,7,42,42,16,,,computed-only,computed-only,0,0,17,0,18,0,0,,
60240,0xEB50,,防具或饰品,,装备,legs,1285,alternate_source,52862,0xCE7E,legs,False,4,180,20,3,0,0x00000000,30,20,2/0,thickened,9,15,27,4,31,3.1,60240,low,0,42,42,16,,,computed-only,computed-only,0,0,10,0,11,0,0,,
60240,0xEB50,,防具或饰品,,装备,legs,1285,alternate_source,52862,0xCE7E,legs,False,4,180,20,3,0,0x00000000,30,20,1/1,extreme_strengthened,9,15,27,0,27,2.7,60240,low,15,42,42,16,,,computed-only,computed-only,0,0,25,0,26,0,0,,
60240,0xEB50,,防具或饰品,,装备,legs,1285,alternate_source,52862,0xCE7E,legs,False,4,180,20,3,0,0x00000000,30,20,2/2,extreme_thickened,9,15,27,9,36,3.6,60240,low,0,42,42,16,,,computed-only,computed-only,0,0,10,0,11,0,0,,
60240,0xEB50,,防具或饰品,,装备,legs,1285,alternate_source,52862,0xCE7E,legs,False,4,180,20,3,0,0x00000000,30,20,1/2,strengthened_plus_thickened,9,15,27,4,31,3.1,60240,low,7,42,42,16,,,computed-only,computed-only,0,0,17,0,18,0,0,,
60242,0xEB52,天狗面,防具,头部,忍者防具,head,1393,alternate_source,37269,0x9195,head,False,4,180,20,3,0,0x00000000,30,20,0/0,unmodified,9,15,16,0,16,1.6,60242,low,0,28,28,16,,,computed-only,computed-only,0,0,8,0,8,0,0,,
60242,0xEB52,天狗面,防具,头部,忍者防具,head,1393,alternate_source,37269,0x9195,head,False,4,180,20,3,0,0x00000000,30,20,1/0,strengthened,9,15,16,0,16,1.6,60242,low,7,28,28,16,,,computed-only,computed-only,0,0,15,0,15,0,0,,
60242,0xEB52,天狗面,防具,头部,忍者防具,head,1393,alternate_source,37269,0x9195,head,False,4,180,20,3,0,0x00000000,30,20,2/0,thickened,9,15,16,4,20,2.0,60242,low,0,28,28,16,,,computed-only,computed-only,0,0,8,0,8,0,0,,
60242,0xEB52,天狗面,防具,头部,忍者防具,head,1393,alternate_source,37269,0x9195,head,False,4,180,20,3,0,0x00000000,30,20,1/1,extreme_strengthened,9,15,16,0,16,1.6,60242,low,15,28,28,16,,,computed-only,computed-only,0,0,23,0,23,0,0,,
60242,0xEB52,天狗面,防具,头部,忍者防具,head,1393,alternate_source,37269,0x9195,head,False,4,180,20,3,0,0x00000000,30,20,2/2,extreme_thickened,9,15,16,9,25,2.5,60242,low,0,28,28,16,,,computed-only,computed-only,0,0,8,0,8,0,0,,
60242,0xEB52,天狗面,防具,头部,忍者防具,head,1393,alternate_source,37269,0x9195,head,False,4,180,20,3,0,0x00000000,30,20,1/2,strengthened_plus_thickened,9,15,16,4,20,2.0,60242,low,7,28,28,16,,,computed-only,computed-only,0,0,15,0,15,0,0,,
60339,0xEBB3,百鬼之铠　头盔,防具,头部,忍者防具,head,1194,alternate_source,21374,0x537E,head,False,4,180,20,3,0,0x00000000,30,20,0/0,unmodified,9,15,25,0,25,2.5,60339,low,0,49,49,16,,,computed-only,computed-only,0,0,20,0,13,0,0,,
60339,0xEBB3,百鬼之铠　头盔,防具,头部,忍者防具,head,1194,alternate_source,21374,0x537E,head,False,4,180,20,3,0,0x00000000,30,20,1/0,strengthened,9,15,25,0,25,2.5,60339,low,7,49,49,16,,,computed-only,computed-only,0,0,27,0,20,0,0,,
60339,0xEBB3,百鬼之铠　头盔,防具,头部,忍者防具,head,1194,alternate_source,21374,0x537E,head,False,4,180,20,3,0,0x00000000,30,20,2/0,thickened,9,15,25,4,29,2.9,60339,low,0,49,49,16,,,computed-only,computed-only,0,0,20,0,13,0,0,,
60339,0xEBB3,百鬼之铠　头盔,防具,头部,忍者防具,head,1194,alternate_source,21374,0x537E,head,False,4,180,20,3,0,0x00000000,30,20,1/1,extreme_strengthened,9,15,25,0,25,2.5,60339,low,15,49,49,16,,,computed-only,computed-only,0,0,35,0,28,0,0,,
60339,0xEBB3,百鬼之铠　头盔,防具,头部,忍者防具,head,1194,alternate_source,21374,0x537E,head,False,4,180,20,3,0,0x00000000,30,20,2/2,extreme_thickened,9,15,25,9,34,3.4,60339,low,0,49,49,16,,,computed-only,computed-only,0,0,20,0,13,0,0,,
60339,0xEBB3,百鬼之铠　头盔,防具,头部,忍者防具,head,1194,alternate_source,21374,0x537E,head,False,4,180,20,3,0,0x00000000,30,20,1/2,strengthened_plus_thickened,9,15,25,4,29,2.9,60339,low,7,49,49,16,,,computed-only,computed-only,0,0,27,0,20,0,0,,
60370,0xEBD2,邪马台国轻铠　下衣,防具,腿部,忍者防具,legs,689,alternate_source,52862,0xCE7E,legs,False,4,180,20,3,0,0x00000000,30,20,0/0,unmodified,9,15,27,0,27,2.7,60370,low,0,42,42,16,,,computed-only,computed-only,0,0,13,0,18,0,0,,
60370,0xEBD2,邪马台国轻铠　下衣,防具,腿部,忍者防具,legs,689,alternate_source,52862,0xCE7E,legs,False,4,180,20,3,0,0x00000000,30,20,1/0,strengthened,9,15,27,0,27,2.7,60370,low,7,42,42,16,,,computed-only,computed-only,0,0,20,0,25,0,0,,
60370,0xEBD2,邪马台国轻铠　下衣,防具,腿部,忍者防具,legs,689,alternate_source,52862,0xCE7E,legs,False,4,180,20,3,0,0x00000000,30,20,2/0,thickened,9,15,27,4,31,3.1,60370,low,0,42,42,16,,,computed-only,computed-only,0,0,13,0,18,0,0,,
60370,0xEBD2,邪马台国轻铠　下衣,防具,腿部,忍者防具,legs,689,alternate_source,52862,0xCE7E,legs,False,4,180,20,3,0,0x00000000,30,20,1/1,extreme_strengthened,9,15,27,0,27,2.7,60370,low,15,42,42,16,,,computed-only,computed-only,0,0,28,0,33,0,0,,
60370,0xEBD2,邪马台国轻铠　下衣,防具,腿部,忍者防具,legs,689,alternate_source,52862,0xCE7E,legs,False,4,180,20,3,0,0x00000000,30,20,2/2,extreme_thickened,9,15,27,9,36,3.6,60370,low,0,42,42,16,,,computed-only,computed-only,0,0,13,0,18,0,0,,
60370,0xEBD2,邪马台国轻铠　下衣,防具,腿部,忍者防具,legs,689,alternate_source,52862,0xCE7E,legs,False,4,180,20,3,0,0x00000000,30,20,1/2,strengthened_plus_thickened,9,15,27,4,31,3.1,60370,low,7,42,42,16,,,computed-only,computed-only,0,0,20,0,25,0,0,,
60401,0xEBF1,忍铠　膝甲,防具,腿部,忍者防具,legs,913,alternate_source,12959,0x329F,legs,False,4,180,20,3,0,0x00000000,30,20,0/0,unmodified,9,15,36,0,36,3.6,60401,low,0,74,74,16,,,computed-only,computed-only,0,0,7,0,8,0,0,,
60401,0xEBF1,忍铠　膝甲,防具,腿部,忍者防具,legs,913,alternate_source,12959,0x329F,legs,False,4,180,20,3,0,0x00000000,30,20,1/0,strengthened,9,15,36,0,36,3.6,60401,low,7,74,74,16,,,computed-only,computed-only,0,0,14,0,15,0,0,,
60401,0xEBF1,忍铠　膝甲,防具,腿部,忍者防具,legs,913,alternate_source,12959,0x329F,legs,False,4,180,20,3,0,0x00000000,30,20,2/0,thickened,9,15,36,4,40,4.0,60401,low,0,74,74,16,,,computed-only,computed-only,0,0,7,0,8,0,0,,
60401,0xEBF1,忍铠　膝甲,防具,腿部,忍者防具,legs,913,alternate_source,12959,0x329F,legs,False,4,180,20,3,0,0x00000000,30,20,1/1,extreme_strengthened,9,15,36,0,36,3.6,60401,low,15,74,74,16,,,computed-only,computed-only,0,0,22,0,23,0,0,,
60401,0xEBF1,忍铠　膝甲,防具,腿部,忍者防具,legs,913,alternate_source,12959,0x329F,legs,False,4,180,20,3,0,0x00000000,30,20,2/2,extreme_thickened,9,15,36,9,45,4.5,60401,low,0,74,74,16,,,computed-only,computed-only,0,0,7,0,8,0,0,,
60401,0xEBF1,忍铠　膝甲,防具,腿部,忍者防具,legs,913,alternate_source,12959,0x329F,legs,False,4,180,20,3,0,0x00000000,30,20,1/2,strengthened_plus_thickened,9,15,36,4,40,4.0,60401,low,7,74,74,16,,,computed-only,computed-only,0,0,14,0,15,0,0,,
60437,0xEC15,海内无双之衣　肩衣,防具,身体,武士防具,chest,736,alternate_source,55720,0xD9A8,chest,False,4,180,20,3,0,0x00000000,30,20,0/0,unmodified,9,15,34,0,34,3.4,60437,low,0,38,38,15,,,computed-only,computed-only,17,0,0,0,16,0,0,,
60437,0xEC15,海内无双之衣　肩衣,防具,身体,武士防具,chest,736,alternate_source,55720,0xD9A8,chest,False,4,180,20,3,0,0x00000000,30,20,1/0,strengthened,9,15,34,0,34,3.4,60437,low,7,38,38,15,,,computed-only,computed-only,24,0,0,0,23,0,0,,
60437,0xEC15,海内无双之衣　肩衣,防具,身体,武士防具,chest,736,alternate_source,55720,0xD9A8,chest,False,4,180,20,3,0,0x00000000,30,20,2/0,thickened,9,15,34,4,38,3.8,60437,low,0,38,38,15,,,computed-only,computed-only,17,0,0,0,16,0,0,,
60437,0xEC15,海内无双之衣　肩衣,防具,身体,武士防具,chest,736,alternate_source,55720,0xD9A8,chest,False,4,180,20,3,0,0x00000000,30,20,1/1,extreme_strengthened,9,15,34,0,34,3.4,60437,low,15,38,38,15,,,computed-only,computed-only,32,0,0,0,31,0,0,,
60437,0xEC15,海内无双之衣　肩衣,防具,身体,武士防具,chest,736,alternate_source,55720,0xD9A8,chest,False,4,180,20,3,0,0x00000000,30,20,2/2,extreme_thickened,9,15,34,9,43,4.3,60437,low,0,38,38,15,,,computed-only,computed-only,17,0,0,0,16,0,0,,
60437,0xEC15,海内无双之衣　肩衣,防具,身体,武士防具,chest,736,alternate_source,55720,0xD9A8,chest,False,4,180,20,3,0,0x00000000,30,20,1/2,strengthened_plus_thickened,9,15,34,4,38,3.8,60437,low,7,38,38,15,,,computed-only,computed-only,24,0,0,0,23,0,0,,
60735,0xED3F,摆渡者装束　裤裙,防具,腿部,忍者防具,legs,898,alternate_source,7238,0x1C46,legs,False,4,180,20,3,0,0x00000000,30,20,0/0,unmodified,9,15,11,0,11,1.1,60735,low,0,27,27,15,,,computed-only,computed-only,7,0,0,0,8,0,0,,
60735,0xED3F,摆渡者装束　裤裙,防具,腿部,忍者防具,legs,898,alternate_source,7238,0x1C46,legs,False,4,180,20,3,0,0x00000000,30,20,1/0,strengthened,9,15,11,0,11,1.1,60735,low,7,27,27,15,,,computed-only,computed-only,14,0,0,0,15,0,0,,
60735,0xED3F,摆渡者装束　裤裙,防具,腿部,忍者防具,legs,898,alternate_source,7238,0x1C46,legs,False,4,180,20,3,0,0x00000000,30,20,2/0,thickened,9,15,11,4,15,1.5,60735,low,0,27,27,15,,,computed-only,computed-only,7,0,0,0,8,0,0,,
60735,0xED3F,摆渡者装束　裤裙,防具,腿部,忍者防具,legs,898,alternate_source,7238,0x1C46,legs,False,4,180,20,3,0,0x00000000,30,20,1/1,extreme_strengthened,9,15,11,0,11,1.1,60735,low,15,27,27,15,,,computed-only,computed-only,22,0,0,0,23,0,0,,
60735,0xED3F,摆渡者装束　裤裙,防具,腿部,忍者防具,legs,898,alternate_source,7238,0x1C46,legs,False,4,180,20,3,0,0x00000000,30,20,2/2,extreme_thickened,9,15,11,9,20,2.0,60735,low,0,27,27,15,,,computed-only,computed-only,7,0,0,0,8,0,0,,
60735,0xED3F,摆渡者装束　裤裙,防具,腿部,忍者防具,legs,898,alternate_source,7238,0x1C46,legs,False,4,180,20,3,0,0x00000000,30,20,1/2,strengthened_plus_thickened,9,15,11,4,15,1.5,60735,low,7,27,27,15,,,computed-only,computed-only,14,0,0,0,15,0,0,,
60752,0xED50,爱字前立头盔,防具,头部,武士防具,head,1359,alternate_source,65430,0xFF96,head,False,4,180,20,3,0,0x00000000,30,20,0/0,unmodified,9,15,55,0,55,5.5,60752,low,0,50,50,17,,,computed-only,computed-only,0,0,18,18,0,0,0,,
60752,0xED50,爱字前立头盔,防具,头部,武士防具,head,1359,alternate_source,65430,0xFF96,head,False,4,180,20,3,0,0x00000000,30,20,1/0,strengthened,9,15,55,0,55,5.5,60752,low,7,50,50,17,,,live-matched-configuration,natural-ui-getter-observation,0,0,25,25,0,0,0,weight;toughness;requirement_0;requirement_1;requirement_2;requirement_3;requirement_4;requirement_5;requirement_6,
60752,0xED50,爱字前立头盔,防具,头部,武士防具,head,1359,alternate_source,65430,0xFF96,head,False,4,180,20,3,0,0x00000000,30,20,2/0,thickened,9,15,55,4,59,5.9,60752,low,0,50,50,17,,,live-matched-configuration,natural-ui-getter-observation,0,0,18,18,0,0,0,weight;toughness;requirement_0;requirement_1;requirement_2;requirement_3;requirement_4;requirement_5;requirement_6,
60752,0xED50,爱字前立头盔,防具,头部,武士防具,head,1359,alternate_source,65430,0xFF96,head,False,4,180,20,3,0,0x00000000,30,20,1/1,extreme_strengthened,9,15,55,0,55,5.5,60752,low,15,50,50,17,,,live-matched-configuration,natural-ui-getter-observation,0,0,33,33,0,0,0,weight;toughness;requirement_0;requirement_1;requirement_2;requirement_3;requirement_4;requirement_5;requirement_6,
60752,0xED50,爱字前立头盔,防具,头部,武士防具,head,1359,alternate_source,65430,0xFF96,head,False,4,180,20,3,0,0x00000000,30,20,2/2,extreme_thickened,9,15,55,9,64,6.4,60752,low,0,50,50,17,,,live-matched-configuration,natural-ui-getter-observation,0,0,18,18,0,0,0,weight;toughness;requirement_0;requirement_1;requirement_2;requirement_3;requirement_4;requirement_5;requirement_6,
60752,0xED50,爱字前立头盔,防具,头部,武士防具,head,1359,alternate_source,65430,0xFF96,head,False,4,180,20,3,0,0x00000000,30,20,1/2,strengthened_plus_thickened,9,15,55,4,59,5.9,60752,low,7,50,50,17,,,live-matched-configuration,natural-ui-getter-observation,0,0,25,25,0,0,0,weight;toughness;requirement_0;requirement_1;requirement_2;requirement_3;requirement_4;requirement_5;requirement_6,
60798,0xED7E,射手装束　臂甲,防具,手臂,忍者防具,arms,770,alternate_source,38896,0x97F0,arms,False,4,180,20,3,0,0x00000000,30,20,0/0,unmodified,9,15,18,0,18,1.8,60798,low,0,28,28,16,,,computed-only,computed-only,0,0,18,0,17,0,0,,
60798,0xED7E,射手装束　臂甲,防具,手臂,忍者防具,arms,770,alternate_source,38896,0x97F0,arms,False,4,180,20,3,0,0x00000000,30,20,1/0,strengthened,9,15,18,0,18,1.8,60798,low,7,28,28,16,,,computed-only,computed-only,0,0,25,0,24,0,0,,
60798,0xED7E,射手装束　臂甲,防具,手臂,忍者防具,arms,770,alternate_source,38896,0x97F0,arms,False,4,180,20,3,0,0x00000000,30,20,2/0,thickened,9,15,18,4,22,2.2,60798,low,0,28,28,16,,,computed-only,computed-only,0,0,18,0,17,0,0,,
60798,0xED7E,射手装束　臂甲,防具,手臂,忍者防具,arms,770,alternate_source,38896,0x97F0,arms,False,4,180,20,3,0,0x00000000,30,20,1/1,extreme_strengthened,9,15,18,0,18,1.8,60798,low,15,28,28,16,,,computed-only,computed-only,0,0,33,0,32,0,0,,
60798,0xED7E,射手装束　臂甲,防具,手臂,忍者防具,arms,770,alternate_source,38896,0x97F0,arms,False,4,180,20,3,0,0x00000000,30,20,2/2,extreme_thickened,9,15,18,9,27,2.7,60798,low,0,28,28,16,,,computed-only,computed-only,0,0,18,0,17,0,0,,
60798,0xED7E,射手装束　臂甲,防具,手臂,忍者防具,arms,770,alternate_source,38896,0x97F0,arms,False,4,180,20,3,0,0x00000000,30,20,1/2,strengthened_plus_thickened,9,15,18,4,22,2.2,60798,low,7,28,28,16,,,computed-only,computed-only,0,0,25,0,24,0,0,,
61156,0xEEE4,弁庆梦想装束　臂甲,防具,手臂,忍者防具,arms,1255,alternate_source,24866,0x6122,arms,False,4,180,20,3,0,0x00000000,30,20,0/0,unmodified,9,15,17,0,17,1.7,61156,low,0,28,28,16,,,computed-only,computed-only,0,0,0,23,22,0,0,,
61156,0xEEE4,弁庆梦想装束　臂甲,防具,手臂,忍者防具,arms,1255,alternate_source,24866,0x6122,arms,False,4,180,20,3,0,0x00000000,30,20,1/0,strengthened,9,15,17,0,17,1.7,61156,low,7,28,28,16,,,computed-only,computed-only,0,0,0,30,29,0,0,,
61156,0xEEE4,弁庆梦想装束　臂甲,防具,手臂,忍者防具,arms,1255,alternate_source,24866,0x6122,arms,False,4,180,20,3,0,0x00000000,30,20,2/0,thickened,9,15,17,4,21,2.1,61156,low,0,28,28,16,,,computed-only,computed-only,0,0,0,23,22,0,0,,
61156,0xEEE4,弁庆梦想装束　臂甲,防具,手臂,忍者防具,arms,1255,alternate_source,24866,0x6122,arms,False,4,180,20,3,0,0x00000000,30,20,1/1,extreme_strengthened,9,15,17,0,17,1.7,61156,low,15,28,28,16,,,computed-only,computed-only,0,0,0,38,37,0,0,,
61156,0xEEE4,弁庆梦想装束　臂甲,防具,手臂,忍者防具,arms,1255,alternate_source,24866,0x6122,arms,False,4,180,20,3,0,0x00000000,30,20,2/2,extreme_thickened,9,15,17,9,26,2.6,61156,low,0,28,28,16,,,computed-only,computed-only,0,0,0,23,22,0,0,,
61156,0xEEE4,弁庆梦想装束　臂甲,防具,手臂,忍者防具,arms,1255,alternate_source,24866,0x6122,arms,False,4,180,20,3,0,0x00000000,30,20,1/2,strengthened_plus_thickened,9,15,17,4,21,2.1,61156,low,7,28,28,16,,,computed-only,computed-only,0,0,0,30,29,0,0,,
61160,0xEEE8,新选组队服　羽织,防具,身体,武士防具,chest,678,standalone,61160,0xEEE8,chest,False,4,180,20,3,0,0x00000000,30,20,0/0,unmodified,9,15,34,0,34,3.4,61160,low,0,25,25,15,,,computed-only,computed-only,15,0,0,0,15,0,0,,
61160,0xEEE8,新选组队服　羽织,防具,身体,武士防具,chest,678,standalone,61160,0xEEE8,chest,False,4,180,20,3,0,0x00000000,30,20,1/0,strengthened,9,15,34,0,34,3.4,61160,low,7,25,25,15,,,computed-only,computed-only,22,0,0,0,22,0,0,,
61160,0xEEE8,新选组队服　羽织,防具,身体,武士防具,chest,678,standalone,61160,0xEEE8,chest,False,4,180,20,3,0,0x00000000,30,20,2/0,thickened,9,15,34,4,38,3.8,61160,low,0,25,25,15,,,computed-only,computed-only,15,0,0,0,15,0,0,,
61160,0xEEE8,新选组队服　羽织,防具,身体,武士防具,chest,678,standalone,61160,0xEEE8,chest,False,4,180,20,3,0,0x00000000,30,20,1/1,extreme_strengthened,9,15,34,0,34,3.4,61160,low,15,25,25,15,,,computed-only,computed-only,30,0,0,0,30,0,0,,
61160,0xEEE8,新选组队服　羽织,防具,身体,武士防具,chest,678,standalone,61160,0xEEE8,chest,False,4,180,20,3,0,0x00000000,30,20,2/2,extreme_thickened,9,15,34,9,43,4.3,61160,low,0,25,25,15,,,computed-only,computed-only,15,0,0,0,15,0,0,,
61160,0xEEE8,新选组队服　羽织,防具,身体,武士防具,chest,678,standalone,61160,0xEEE8,chest,False,4,180,20,3,0,0x00000000,30,20,1/2,strengthened_plus_thickened,9,15,34,4,38,3.8,61160,low,7,25,25,15,,,computed-only,computed-only,22,0,0,0,22,0,0,,
61166,0xEEEE,奇兵队长装束　臂甲,防具,手臂,忍者防具,arms,650,alternate_source,38896,0x97F0,arms,False,4,180,20,3,0,0x00000000,30,20,0/0,unmodified,9,15,18,0,18,1.8,61166,low,0,28,28,16,,,computed-only,computed-only,0,0,16,0,17,0,0,,
61166,0xEEEE,奇兵队长装束　臂甲,防具,手臂,忍者防具,arms,650,alternate_source,38896,0x97F0,arms,False,4,180,20,3,0,0x00000000,30,20,1/0,strengthened,9,15,18,0,18,1.8,61166,low,7,28,28,16,,,computed-only,computed-only,0,0,23,0,24,0,0,,
61166,0xEEEE,奇兵队长装束　臂甲,防具,手臂,忍者防具,arms,650,alternate_source,38896,0x97F0,arms,False,4,180,20,3,0,0x00000000,30,20,2/0,thickened,9,15,18,4,22,2.2,61166,low,0,28,28,16,,,computed-only,computed-only,0,0,16,0,17,0,0,,
61166,0xEEEE,奇兵队长装束　臂甲,防具,手臂,忍者防具,arms,650,alternate_source,38896,0x97F0,arms,False,4,180,20,3,0,0x00000000,30,20,1/1,extreme_strengthened,9,15,18,0,18,1.8,61166,low,15,28,28,16,,,computed-only,computed-only,0,0,31,0,32,0,0,,
61166,0xEEEE,奇兵队长装束　臂甲,防具,手臂,忍者防具,arms,650,alternate_source,38896,0x97F0,arms,False,4,180,20,3,0,0x00000000,30,20,2/2,extreme_thickened,9,15,18,9,27,2.7,61166,low,0,28,28,16,,,computed-only,computed-only,0,0,16,0,17,0,0,,
61166,0xEEEE,奇兵队长装束　臂甲,防具,手臂,忍者防具,arms,650,alternate_source,38896,0x97F0,arms,False,4,180,20,3,0,0x00000000,30,20,1/2,strengthened_plus_thickened,9,15,18,4,22,2.2,61166,low,7,28,28,16,,,computed-only,computed-only,0,0,23,0,24,0,0,,
61249,0xEF41,西洋炮术家装束　阵笠,防具,头部,武士防具,head,807,alternate_source,59856,0xE9D0,head,False,4,180,20,3,0,0x00000000,30,20,0/0,unmodified,9,15,17,0,17,1.7,61249,low,0,19,19,15,,,computed-only,computed-only,18,0,0,0,19,0,0,,
61249,0xEF41,西洋炮术家装束　阵笠,防具,头部,武士防具,head,807,alternate_source,59856,0xE9D0,head,False,4,180,20,3,0,0x00000000,30,20,1/0,strengthened,9,15,17,0,17,1.7,61249,low,7,19,19,15,,,computed-only,computed-only,25,0,0,0,26,0,0,,
61249,0xEF41,西洋炮术家装束　阵笠,防具,头部,武士防具,head,807,alternate_source,59856,0xE9D0,head,False,4,180,20,3,0,0x00000000,30,20,2/0,thickened,9,15,17,4,21,2.1,61249,low,0,19,19,15,,,computed-only,computed-only,18,0,0,0,19,0,0,,
61249,0xEF41,西洋炮术家装束　阵笠,防具,头部,武士防具,head,807,alternate_source,59856,0xE9D0,head,False,4,180,20,3,0,0x00000000,30,20,1/1,extreme_strengthened,9,15,17,0,17,1.7,61249,low,15,19,19,15,,,computed-only,computed-only,33,0,0,0,34,0,0,,
61249,0xEF41,西洋炮术家装束　阵笠,防具,头部,武士防具,head,807,alternate_source,59856,0xE9D0,head,False,4,180,20,3,0,0x00000000,30,20,2/2,extreme_thickened,9,15,17,9,26,2.6,61249,low,0,19,19,15,,,computed-only,computed-only,18,0,0,0,19,0,0,,
61249,0xEF41,西洋炮术家装束　阵笠,防具,头部,武士防具,head,807,alternate_source,59856,0xE9D0,head,False,4,180,20,3,0,0x00000000,30,20,1/2,strengthened_plus_thickened,9,15,17,4,21,2.1,61249,low,7,19,19,15,,,computed-only,computed-only,25,0,0,0,26,0,0,,
61421,0xEFED,绝群倾奇之铠　头盔,防具,头部,武士防具,head,1054,alternate_source,12838,0x3226,head,False,4,180,20,3,0,0x00000000,30,20,0/0,unmodified,9,15,40,0,40,4.0,61421,low,0,31,31,16,,,computed-only,computed-only,13,0,0,18,0,0,0,,
61421,0xEFED,绝群倾奇之铠　头盔,防具,头部,武士防具,head,1054,alternate_source,12838,0x3226,head,False,4,180,20,3,0,0x00000000,30,20,1/0,strengthened,9,15,40,0,40,4.0,61421,low,7,31,31,16,,,computed-only,computed-only,20,0,0,25,0,0,0,,
61421,0xEFED,绝群倾奇之铠　头盔,防具,头部,武士防具,head,1054,alternate_source,12838,0x3226,head,False,4,180,20,3,0,0x00000000,30,20,2/0,thickened,9,15,40,4,44,4.4,61421,low,0,31,31,16,,,computed-only,computed-only,13,0,0,18,0,0,0,,
61421,0xEFED,绝群倾奇之铠　头盔,防具,头部,武士防具,head,1054,alternate_source,12838,0x3226,head,False,4,180,20,3,0,0x00000000,30,20,1/1,extreme_strengthened,9,15,40,0,40,4.0,61421,low,15,31,31,16,,,computed-only,computed-only,28,0,0,33,0,0,0,,
61421,0xEFED,绝群倾奇之铠　头盔,防具,头部,武士防具,head,1054,alternate_source,12838,0x3226,head,False,4,180,20,3,0,0x00000000,30,20,2/2,extreme_thickened,9,15,40,9,49,4.9,61421,low,0,31,31,16,,,computed-only,computed-only,13,0,0,18,0,0,0,,
61421,0xEFED,绝群倾奇之铠　头盔,防具,头部,武士防具,head,1054,alternate_source,12838,0x3226,head,False,4,180,20,3,0,0x00000000,30,20,1/2,strengthened_plus_thickened,9,15,40,4,44,4.4,61421,low,7,31,31,16,,,computed-only,computed-only,20,0,0,25,0,0,0,,
61508,0xF044,富士山形盔,防具,头部,武士防具,head,1364,alternate_source,55517,0xD8DD,head,False,4,180,20,3,0,0x00000000,30,20,0/0,unmodified,9,15,48,0,48,4.8,61508,low,0,50,50,17,,,computed-only,computed-only,0,0,8,8,0,0,0,,
61508,0xF044,富士山形盔,防具,头部,武士防具,head,1364,alternate_source,55517,0xD8DD,head,False,4,180,20,3,0,0x00000000,30,20,1/0,strengthened,9,15,48,0,48,4.8,61508,low,7,50,50,17,,,computed-only,computed-only,0,0,15,15,0,0,0,,
61508,0xF044,富士山形盔,防具,头部,武士防具,head,1364,alternate_source,55517,0xD8DD,head,False,4,180,20,3,0,0x00000000,30,20,2/0,thickened,9,15,48,4,52,5.2,61508,low,0,50,50,17,,,computed-only,computed-only,0,0,8,8,0,0,0,,
61508,0xF044,富士山形盔,防具,头部,武士防具,head,1364,alternate_source,55517,0xD8DD,head,False,4,180,20,3,0,0x00000000,30,20,1/1,extreme_strengthened,9,15,48,0,48,4.8,61508,low,15,50,50,17,,,computed-only,computed-only,0,0,23,23,0,0,0,,
61508,0xF044,富士山形盔,防具,头部,武士防具,head,1364,alternate_source,55517,0xD8DD,head,False,4,180,20,3,0,0x00000000,30,20,2/2,extreme_thickened,9,15,48,9,57,5.7,61508,low,0,50,50,17,,,computed-only,computed-only,0,0,8,8,0,0,0,,
61508,0xF044,富士山形盔,防具,头部,武士防具,head,1364,alternate_source,55517,0xD8DD,head,False,4,180,20,3,0,0x00000000,30,20,1/2,strengthened_plus_thickened,9,15,48,4,52,5.2,61508,low,7,50,50,17,,,computed-only,computed-only,0,0,15,15,0,0,0,,
61517,0xF04D,水军装束　裤裙,防具,腿部,忍者防具,legs,766,alternate_source,5030,0x13A6,legs,False,4,180,20,3,0,0x00000000,30,20,0/0,unmodified,9,15,12,0,12,1.2,61517,low,0,27,27,15,,,computed-only,computed-only,12,0,0,0,13,0,0,,
61517,0xF04D,水军装束　裤裙,防具,腿部,忍者防具,legs,766,alternate_source,5030,0x13A6,legs,False,4,180,20,3,0,0x00000000,30,20,1/0,strengthened,9,15,12,0,12,1.2,61517,low,7,27,27,15,,,computed-only,computed-only,19,0,0,0,20,0,0,,
61517,0xF04D,水军装束　裤裙,防具,腿部,忍者防具,legs,766,alternate_source,5030,0x13A6,legs,False,4,180,20,3,0,0x00000000,30,20,2/0,thickened,9,15,12,4,16,1.6,61517,low,0,27,27,15,,,computed-only,computed-only,12,0,0,0,13,0,0,,
61517,0xF04D,水军装束　裤裙,防具,腿部,忍者防具,legs,766,alternate_source,5030,0x13A6,legs,False,4,180,20,3,0,0x00000000,30,20,1/1,extreme_strengthened,9,15,12,0,12,1.2,61517,low,15,27,27,15,,,computed-only,computed-only,27,0,0,0,28,0,0,,
61517,0xF04D,水军装束　裤裙,防具,腿部,忍者防具,legs,766,alternate_source,5030,0x13A6,legs,False,4,180,20,3,0,0x00000000,30,20,2/2,extreme_thickened,9,15,12,9,21,2.1,61517,low,0,27,27,15,,,computed-only,computed-only,12,0,0,0,13,0,0,,
61517,0xF04D,水军装束　裤裙,防具,腿部,忍者防具,legs,766,alternate_source,5030,0x13A6,legs,False,4,180,20,3,0,0x00000000,30,20,1/2,strengthened_plus_thickened,9,15,12,4,16,1.6,61517,low,7,27,27,15,,,computed-only,computed-only,19,0,0,0,20,0,0,,
61599,0xF09F,,防具,,忍者防具,legs,988,standalone,61599,0xF09F,legs,False,4,180,20,3,0,0x00000000,30,20,0/0,unmodified,9,15,18,0,18,1.8,61599,low,0,27,27,15,,,computed-only,computed-only,0,0,0,0,12,0,0,,
61599,0xF09F,,防具,,忍者防具,legs,988,standalone,61599,0xF09F,legs,False,4,180,20,3,0,0x00000000,30,20,1/0,strengthened,9,15,18,0,18,1.8,61599,low,7,27,27,15,,,computed-only,computed-only,0,0,0,0,19,0,0,,
61599,0xF09F,,防具,,忍者防具,legs,988,standalone,61599,0xF09F,legs,False,4,180,20,3,0,0x00000000,30,20,2/0,thickened,9,15,18,4,22,2.2,61599,low,0,27,27,15,,,computed-only,computed-only,0,0,0,0,12,0,0,,
61599,0xF09F,,防具,,忍者防具,legs,988,standalone,61599,0xF09F,legs,False,4,180,20,3,0,0x00000000,30,20,1/1,extreme_strengthened,9,15,18,0,18,1.8,61599,low,15,27,27,15,,,computed-only,computed-only,0,0,0,0,27,0,0,,
61599,0xF09F,,防具,,忍者防具,legs,988,standalone,61599,0xF09F,legs,False,4,180,20,3,0,0x00000000,30,20,2/2,extreme_thickened,9,15,18,9,27,2.7,61599,low,0,27,27,15,,,computed-only,computed-only,0,0,0,0,12,0,0,,
61599,0xF09F,,防具,,忍者防具,legs,988,standalone,61599,0xF09F,legs,False,4,180,20,3,0,0x00000000,30,20,1/2,strengthened_plus_thickened,9,15,18,4,22,2.2,61599,low,7,27,27,15,,,computed-only,computed-only,0,0,0,0,19,0,0,,
61631,0xF0BF,大义之铠　腿甲,防具,足部,武士防具,feet,633,alternate_source,26555,0x67BB,feet,False,4,180,20,3,0,0x00000000,30,20,0/0,unmodified,9,15,36,0,36,3.6,61631,low,0,31,31,16,,,computed-only,computed-only,7,0,0,10,0,0,0,,
61631,0xF0BF,大义之铠　腿甲,防具,足部,武士防具,feet,633,alternate_source,26555,0x67BB,feet,False,4,180,20,3,0,0x00000000,30,20,1/0,strengthened,9,15,36,0,36,3.6,61631,low,7,31,31,16,,,computed-only,computed-only,14,0,0,17,0,0,0,,
61631,0xF0BF,大义之铠　腿甲,防具,足部,武士防具,feet,633,alternate_source,26555,0x67BB,feet,False,4,180,20,3,0,0x00000000,30,20,2/0,thickened,9,15,36,4,40,4.0,61631,low,0,31,31,16,,,computed-only,computed-only,7,0,0,10,0,0,0,,
61631,0xF0BF,大义之铠　腿甲,防具,足部,武士防具,feet,633,alternate_source,26555,0x67BB,feet,False,4,180,20,3,0,0x00000000,30,20,1/1,extreme_strengthened,9,15,36,0,36,3.6,61631,low,15,31,31,16,,,computed-only,computed-only,22,0,0,25,0,0,0,,
61631,0xF0BF,大义之铠　腿甲,防具,足部,武士防具,feet,633,alternate_source,26555,0x67BB,feet,False,4,180,20,3,0,0x00000000,30,20,2/2,extreme_thickened,9,15,36,9,45,4.5,61631,low,0,31,31,16,,,computed-only,computed-only,7,0,0,10,0,0,0,,
61631,0xF0BF,大义之铠　腿甲,防具,足部,武士防具,feet,633,alternate_source,26555,0x67BB,feet,False,4,180,20,3,0,0x00000000,30,20,1/2,strengthened_plus_thickened,9,15,36,4,40,4.0,61631,low,7,31,31,16,,,computed-only,computed-only,14,0,0,17,0,0,0,,
61968,0xF210,万两义贼之铠　胸甲,防具,身体,忍者防具,chest,726,alternate_source,62832,0xF570,chest,False,4,180,20,3,0,0x00000000,30,20,0/0,unmodified,9,15,52,0,52,5.2,61968,low,0,98,98,16,,,computed-only,computed-only,0,0,21,0,15,0,0,,
61968,0xF210,万两义贼之铠　胸甲,防具,身体,忍者防具,chest,726,alternate_source,62832,0xF570,chest,False,4,180,20,3,0,0x00000000,30,20,1/0,strengthened,9,15,52,0,52,5.2,61968,low,7,98,98,16,,,computed-only,computed-only,0,0,28,0,22,0,0,,
61968,0xF210,万两义贼之铠　胸甲,防具,身体,忍者防具,chest,726,alternate_source,62832,0xF570,chest,False,4,180,20,3,0,0x00000000,30,20,2/0,thickened,9,15,52,4,56,5.6,61968,low,0,98,98,16,,,computed-only,computed-only,0,0,21,0,15,0,0,,
61968,0xF210,万两义贼之铠　胸甲,防具,身体,忍者防具,chest,726,alternate_source,62832,0xF570,chest,False,4,180,20,3,0,0x00000000,30,20,1/1,extreme_strengthened,9,15,52,0,52,5.2,61968,low,15,98,98,16,,,computed-only,computed-only,0,0,36,0,30,0,0,,
61968,0xF210,万两义贼之铠　胸甲,防具,身体,忍者防具,chest,726,alternate_source,62832,0xF570,chest,False,4,180,20,3,0,0x00000000,30,20,2/2,extreme_thickened,9,15,52,9,61,6.1,61968,low,0,98,98,16,,,computed-only,computed-only,0,0,21,0,15,0,0,,
61968,0xF210,万两义贼之铠　胸甲,防具,身体,忍者防具,chest,726,alternate_source,62832,0xF570,chest,False,4,180,20,3,0,0x00000000,30,20,1/2,strengthened_plus_thickened,9,15,52,4,56,5.6,61968,low,7,98,98,16,,,computed-only,computed-only,0,0,28,0,22,0,0,,
62003,0xF233,邪马台国之铠　下衣,防具,腿部,武士防具,legs,694,alternate_source,60020,0xEA74,legs,False,4,180,20,3,0,0x00000000,30,20,0/0,unmodified,9,15,77,0,77,7.7,62003,low,0,75,75,17,,,computed-only,computed-only,0,0,12,10,0,0,0,,
62003,0xF233,邪马台国之铠　下衣,防具,腿部,武士防具,legs,694,alternate_source,60020,0xEA74,legs,False,4,180,20,3,0,0x00000000,30,20,1/0,strengthened,9,15,77,0,77,7.7,62003,low,7,75,75,17,,,computed-only,computed-only,0,0,19,17,0,0,0,,
62003,0xF233,邪马台国之铠　下衣,防具,腿部,武士防具,legs,694,alternate_source,60020,0xEA74,legs,False,4,180,20,3,0,0x00000000,30,20,2/0,thickened,9,15,77,4,81,8.1,62003,low,0,75,75,17,,,computed-only,computed-only,0,0,12,10,0,0,0,,
62003,0xF233,邪马台国之铠　下衣,防具,腿部,武士防具,legs,694,alternate_source,60020,0xEA74,legs,False,4,180,20,3,0,0x00000000,30,20,1/1,extreme_strengthened,9,15,77,0,77,7.7,62003,low,15,75,75,17,,,computed-only,computed-only,0,0,27,25,0,0,0,,
62003,0xF233,邪马台国之铠　下衣,防具,腿部,武士防具,legs,694,alternate_source,60020,0xEA74,legs,False,4,180,20,3,0,0x00000000,30,20,2/2,extreme_thickened,9,15,77,9,86,8.6,62003,low,0,75,75,17,,,computed-only,computed-only,0,0,12,10,0,0,0,,
62003,0xF233,邪马台国之铠　下衣,防具,腿部,武士防具,legs,694,alternate_source,60020,0xEA74,legs,False,4,180,20,3,0,0x00000000,30,20,1/2,strengthened_plus_thickened,9,15,77,4,81,8.1,62003,low,7,75,75,17,,,computed-only,computed-only,0,0,19,17,0,0,0,,
62023,0xF247,冰狱忍者装束　上衣,防具,身体,忍者防具,chest,841,alternate_source,5102,0x13EE,chest,False,4,180,20,3,0,0x00000000,30,20,0/0,unmodified,9,15,32,0,32,3.2,62023,low,0,56,56,16,,,computed-only,computed-only,5,0,0,5,0,0,0,,
62023,0xF247,冰狱忍者装束　上衣,防具,身体,忍者防具,chest,841,alternate_source,5102,0x13EE,chest,False,4,180,20,3,0,0x00000000,30,20,1/0,strengthened,9,15,32,0,32,3.2,62023,low,7,56,56,16,,,computed-only,computed-only,12,0,0,12,0,0,0,,
62023,0xF247,冰狱忍者装束　上衣,防具,身体,忍者防具,chest,841,alternate_source,5102,0x13EE,chest,False,4,180,20,3,0,0x00000000,30,20,2/0,thickened,9,15,32,4,36,3.6,62023,low,0,56,56,16,,,computed-only,computed-only,5,0,0,5,0,0,0,,
62023,0xF247,冰狱忍者装束　上衣,防具,身体,忍者防具,chest,841,alternate_source,5102,0x13EE,chest,False,4,180,20,3,0,0x00000000,30,20,1/1,extreme_strengthened,9,15,32,0,32,3.2,62023,low,15,56,56,16,,,computed-only,computed-only,20,0,0,20,0,0,0,,
62023,0xF247,冰狱忍者装束　上衣,防具,身体,忍者防具,chest,841,alternate_source,5102,0x13EE,chest,False,4,180,20,3,0,0x00000000,30,20,2/2,extreme_thickened,9,15,32,9,41,4.1,62023,low,0,56,56,16,,,computed-only,computed-only,5,0,0,5,0,0,0,,
62023,0xF247,冰狱忍者装束　上衣,防具,身体,忍者防具,chest,841,alternate_source,5102,0x13EE,chest,False,4,180,20,3,0,0x00000000,30,20,1/2,strengthened_plus_thickened,9,15,32,4,36,3.6,62023,low,7,56,56,16,,,computed-only,computed-only,12,0,0,12,0,0,0,,
62041,0xF259,最后的忍者装束　面具,防具,头部,忍者防具,head,731,alternate_source,36602,0x8EFA,head,False,4,180,20,3,0,0x00000000,30,20,0/0,unmodified,9,15,19,0,19,1.9,62041,low,0,28,28,16,,,computed-only,computed-only,0,0,15,0,19,0,0,,
62041,0xF259,最后的忍者装束　面具,防具,头部,忍者防具,head,731,alternate_source,36602,0x8EFA,head,False,4,180,20,3,0,0x00000000,30,20,1/0,strengthened,9,15,19,0,19,1.9,62041,low,7,28,28,16,,,computed-only,computed-only,0,0,22,0,26,0,0,,
62041,0xF259,最后的忍者装束　面具,防具,头部,忍者防具,head,731,alternate_source,36602,0x8EFA,head,False,4,180,20,3,0,0x00000000,30,20,2/0,thickened,9,15,19,4,23,2.3,62041,low,0,28,28,16,,,computed-only,computed-only,0,0,15,0,19,0,0,,
62041,0xF259,最后的忍者装束　面具,防具,头部,忍者防具,head,731,alternate_source,36602,0x8EFA,head,False,4,180,20,3,0,0x00000000,30,20,1/1,extreme_strengthened,9,15,19,0,19,1.9,62041,low,15,28,28,16,,,computed-only,computed-only,0,0,30,0,34,0,0,,
62041,0xF259,最后的忍者装束　面具,防具,头部,忍者防具,head,731,alternate_source,36602,0x8EFA,head,False,4,180,20,3,0,0x00000000,30,20,2/2,extreme_thickened,9,15,19,9,28,2.8,62041,low,0,28,28,16,,,computed-only,computed-only,0,0,15,0,19,0,0,,
62041,0xF259,最后的忍者装束　面具,防具,头部,忍者防具,head,731,alternate_source,36602,0x8EFA,head,False,4,180,20,3,0,0x00000000,30,20,1/2,strengthened_plus_thickened,9,15,19,4,23,2.3,62041,low,7,28,28,16,,,computed-only,computed-only,0,0,22,0,26,0,0,,
62225,0xF311,田村后裔之铠　腿甲,防具,足部,武士防具,feet,1208,alternate_source,29597,0x739D,feet,False,4,180,20,3,0,0x00000000,30,20,0/0,unmodified,9,15,55,0,55,5.5,62225,low,0,50,50,17,,,computed-only,computed-only,0,0,19,19,0,0,0,,
62225,0xF311,田村后裔之铠　腿甲,防具,足部,武士防具,feet,1208,alternate_source,29597,0x739D,feet,False,4,180,20,3,0,0x00000000,30,20,1/0,strengthened,9,15,55,0,55,5.5,62225,low,7,50,50,17,,,computed-only,computed-only,0,0,26,26,0,0,0,,
62225,0xF311,田村后裔之铠　腿甲,防具,足部,武士防具,feet,1208,alternate_source,29597,0x739D,feet,False,4,180,20,3,0,0x00000000,30,20,2/0,thickened,9,15,55,4,59,5.9,62225,low,0,50,50,17,,,computed-only,computed-only,0,0,19,19,0,0,0,,
62225,0xF311,田村后裔之铠　腿甲,防具,足部,武士防具,feet,1208,alternate_source,29597,0x739D,feet,False,4,180,20,3,0,0x00000000,30,20,1/1,extreme_strengthened,9,15,55,0,55,5.5,62225,low,15,50,50,17,,,computed-only,computed-only,0,0,34,34,0,0,0,,
62225,0xF311,田村后裔之铠　腿甲,防具,足部,武士防具,feet,1208,alternate_source,29597,0x739D,feet,False,4,180,20,3,0,0x00000000,30,20,2/2,extreme_thickened,9,15,55,9,64,6.4,62225,low,0,50,50,17,,,computed-only,computed-only,0,0,19,19,0,0,0,,
62225,0xF311,田村后裔之铠　腿甲,防具,足部,武士防具,feet,1208,alternate_source,29597,0x739D,feet,False,4,180,20,3,0,0x00000000,30,20,1/2,strengthened_plus_thickened,9,15,55,4,59,5.9,62225,low,7,50,50,17,,,computed-only,computed-only,0,0,26,26,0,0,0,,
62237,0xF31D,凛然装束　下衣,防具,腿部,忍者防具,legs,823,alternate_source,5030,0x13A6,legs,False,4,180,20,3,0,0x00000000,30,20,0/0,unmodified,9,15,12,0,12,1.2,62237,low,0,27,27,15,,,computed-only,computed-only,18,0,0,0,18,0,0,,
62237,0xF31D,凛然装束　下衣,防具,腿部,忍者防具,legs,823,alternate_source,5030,0x13A6,legs,False,4,180,20,3,0,0x00000000,30,20,1/0,strengthened,9,15,12,0,12,1.2,62237,low,7,27,27,15,,,computed-only,computed-only,25,0,0,0,25,0,0,,
62237,0xF31D,凛然装束　下衣,防具,腿部,忍者防具,legs,823,alternate_source,5030,0x13A6,legs,False,4,180,20,3,0,0x00000000,30,20,2/0,thickened,9,15,12,4,16,1.6,62237,low,0,27,27,15,,,computed-only,computed-only,18,0,0,0,18,0,0,,
62237,0xF31D,凛然装束　下衣,防具,腿部,忍者防具,legs,823,alternate_source,5030,0x13A6,legs,False,4,180,20,3,0,0x00000000,30,20,1/1,extreme_strengthened,9,15,12,0,12,1.2,62237,low,15,27,27,15,,,computed-only,computed-only,33,0,0,0,33,0,0,,
62237,0xF31D,凛然装束　下衣,防具,腿部,忍者防具,legs,823,alternate_source,5030,0x13A6,legs,False,4,180,20,3,0,0x00000000,30,20,2/2,extreme_thickened,9,15,12,9,21,2.1,62237,low,0,27,27,15,,,computed-only,computed-only,18,0,0,0,18,0,0,,
62237,0xF31D,凛然装束　下衣,防具,腿部,忍者防具,legs,823,alternate_source,5030,0x13A6,legs,False,4,180,20,3,0,0x00000000,30,20,1/2,strengthened_plus_thickened,9,15,12,4,16,1.6,62237,low,7,27,27,15,,,computed-only,computed-only,25,0,0,0,25,0,0,,
62319,0xF36F,盗贼轻铠　臂甲,防具,手臂,忍者防具,arms,872,alternate_source,34971,0x889B,arms,False,4,180,20,3,0,0x00000000,30,20,0/0,unmodified,9,15,6,0,6,0.6,62319,low,0,18,18,15,,,computed-only,computed-only,6,0,0,0,5,0,0,,
62319,0xF36F,盗贼轻铠　臂甲,防具,手臂,忍者防具,arms,872,alternate_source,34971,0x889B,arms,False,4,180,20,3,0,0x00000000,30,20,1/0,strengthened,9,15,6,0,6,0.6,62319,low,7,18,18,15,,,computed-only,computed-only,13,0,0,0,12,0,0,,
62319,0xF36F,盗贼轻铠　臂甲,防具,手臂,忍者防具,arms,872,alternate_source,34971,0x889B,arms,False,4,180,20,3,0,0x00000000,30,20,2/0,thickened,9,15,6,4,10,1.0,62319,low,0,18,18,15,,,computed-only,computed-only,6,0,0,0,5,0,0,,
62319,0xF36F,盗贼轻铠　臂甲,防具,手臂,忍者防具,arms,872,alternate_source,34971,0x889B,arms,False,4,180,20,3,0,0x00000000,30,20,1/1,extreme_strengthened,9,15,6,0,6,0.6,62319,low,15,18,18,15,,,computed-only,computed-only,21,0,0,0,20,0,0,,
62319,0xF36F,盗贼轻铠　臂甲,防具,手臂,忍者防具,arms,872,alternate_source,34971,0x889B,arms,False,4,180,20,3,0,0x00000000,30,20,2/2,extreme_thickened,9,15,6,9,15,1.5,62319,low,0,18,18,15,,,computed-only,computed-only,6,0,0,0,5,0,0,,
62319,0xF36F,盗贼轻铠　臂甲,防具,手臂,忍者防具,arms,872,alternate_source,34971,0x889B,arms,False,4,180,20,3,0,0x00000000,30,20,1/2,strengthened_plus_thickened,9,15,6,4,10,1.0,62319,low,7,18,18,15,,,computed-only,computed-only,13,0,0,0,12,0,0,,
62458,0xF3FA,忍铠　胸甲,防具,身体,忍者防具,chest,911,alternate_source,37514,0x928A,chest,False,4,180,20,3,0,0x00000000,30,20,0/0,unmodified,9,15,48,0,48,4.8,62458,low,0,98,98,16,,,computed-only,computed-only,0,0,7,0,8,0,0,,
62458,0xF3FA,忍铠　胸甲,防具,身体,忍者防具,chest,911,alternate_source,37514,0x928A,chest,False,4,180,20,3,0,0x00000000,30,20,1/0,strengthened,9,15,48,0,48,4.8,62458,low,7,98,98,16,,,computed-only,computed-only,0,0,14,0,15,0,0,,
62458,0xF3FA,忍铠　胸甲,防具,身体,忍者防具,chest,911,alternate_source,37514,0x928A,chest,False,4,180,20,3,0,0x00000000,30,20,2/0,thickened,9,15,48,4,52,5.2,62458,low,0,98,98,16,,,computed-only,computed-only,0,0,7,0,8,0,0,,
62458,0xF3FA,忍铠　胸甲,防具,身体,忍者防具,chest,911,alternate_source,37514,0x928A,chest,False,4,180,20,3,0,0x00000000,30,20,1/1,extreme_strengthened,9,15,48,0,48,4.8,62458,low,15,98,98,16,,,computed-only,computed-only,0,0,22,0,23,0,0,,
62458,0xF3FA,忍铠　胸甲,防具,身体,忍者防具,chest,911,alternate_source,37514,0x928A,chest,False,4,180,20,3,0,0x00000000,30,20,2/2,extreme_thickened,9,15,48,9,57,5.7,62458,low,0,98,98,16,,,computed-only,computed-only,0,0,7,0,8,0,0,,
62458,0xF3FA,忍铠　胸甲,防具,身体,忍者防具,chest,911,alternate_source,37514,0x928A,chest,False,4,180,20,3,0,0x00000000,30,20,1/2,strengthened_plus_thickened,9,15,48,4,52,5.2,62458,low,7,98,98,16,,,computed-only,computed-only,0,0,14,0,15,0,0,,
62765,0xF52D,大目付忍装束　头巾,防具,头部,忍者防具,head,1248,alternate_source,35948,0x8C6C,head,False,4,180,20,3,0,0x00000000,30,20,0/0,unmodified,9,15,8,0,8,0.8,62765,low,0,18,18,15,,,computed-only,computed-only,22,0,0,22,0,0,0,,
62765,0xF52D,大目付忍装束　头巾,防具,头部,忍者防具,head,1248,alternate_source,35948,0x8C6C,head,False,4,180,20,3,0,0x00000000,30,20,1/0,strengthened,9,15,8,0,8,0.8,62765,low,7,18,18,15,,,computed-only,computed-only,29,0,0,29,0,0,0,,
62765,0xF52D,大目付忍装束　头巾,防具,头部,忍者防具,head,1248,alternate_source,35948,0x8C6C,head,False,4,180,20,3,0,0x00000000,30,20,2/0,thickened,9,15,8,4,12,1.2,62765,low,0,18,18,15,,,computed-only,computed-only,22,0,0,22,0,0,0,,
62765,0xF52D,大目付忍装束　头巾,防具,头部,忍者防具,head,1248,alternate_source,35948,0x8C6C,head,False,4,180,20,3,0,0x00000000,30,20,1/1,extreme_strengthened,9,15,8,0,8,0.8,62765,low,15,18,18,15,,,computed-only,computed-only,37,0,0,37,0,0,0,,
62765,0xF52D,大目付忍装束　头巾,防具,头部,忍者防具,head,1248,alternate_source,35948,0x8C6C,head,False,4,180,20,3,0,0x00000000,30,20,2/2,extreme_thickened,9,15,8,9,17,1.7,62765,low,0,18,18,15,,,computed-only,computed-only,22,0,0,22,0,0,0,,
62765,0xF52D,大目付忍装束　头巾,防具,头部,忍者防具,head,1248,alternate_source,35948,0x8C6C,head,False,4,180,20,3,0,0x00000000,30,20,1/2,strengthened_plus_thickened,9,15,8,4,12,1.2,62765,low,7,18,18,15,,,computed-only,computed-only,29,0,0,29,0,0,0,,
62793,0xF549,第一队队长队服　裤裙,防具,腿部,武士防具,legs,639,alternate_source,36606,0x8EFE,legs,False,4,180,20,3,0,0x00000000,30,20,0/0,unmodified,9,15,23,0,23,2.3,62793,low,0,29,29,15,,,computed-only,computed-only,18,0,0,0,17,0,0,,
62793,0xF549,第一队队长队服　裤裙,防具,腿部,武士防具,legs,639,alternate_source,36606,0x8EFE,legs,False,4,180,20,3,0,0x00000000,30,20,1/0,strengthened,9,15,23,0,23,2.3,62793,low,7,29,29,15,,,computed-only,computed-only,25,0,0,0,24,0,0,,
62793,0xF549,第一队队长队服　裤裙,防具,腿部,武士防具,legs,639,alternate_source,36606,0x8EFE,legs,False,4,180,20,3,0,0x00000000,30,20,2/0,thickened,9,15,23,4,27,2.7,62793,low,0,29,29,15,,,computed-only,computed-only,18,0,0,0,17,0,0,,
62793,0xF549,第一队队长队服　裤裙,防具,腿部,武士防具,legs,639,alternate_source,36606,0x8EFE,legs,False,4,180,20,3,0,0x00000000,30,20,1/1,extreme_strengthened,9,15,23,0,23,2.3,62793,low,15,29,29,15,,,computed-only,computed-only,33,0,0,0,32,0,0,,
62793,0xF549,第一队队长队服　裤裙,防具,腿部,武士防具,legs,639,alternate_source,36606,0x8EFE,legs,False,4,180,20,3,0,0x00000000,30,20,2/2,extreme_thickened,9,15,23,9,32,3.2,62793,low,0,29,29,15,,,computed-only,computed-only,18,0,0,0,17,0,0,,
62793,0xF549,第一队队长队服　裤裙,防具,腿部,武士防具,legs,639,alternate_source,36606,0x8EFE,legs,False,4,180,20,3,0,0x00000000,30,20,1/2,strengthened_plus_thickened,9,15,23,4,27,2.7,62793,low,7,29,29,15,,,computed-only,computed-only,25,0,0,0,24,0,0,,
62871,0xF597,神官净衣　裤裙,防具,腿部,忍者防具,legs,883,alternate_source,5030,0x13A6,legs,False,4,180,20,3,0,0x00000000,30,20,0/0,unmodified,9,15,12,0,12,1.2,62871,low,0,27,27,15,,,computed-only,computed-only,10,0,0,0,9,0,0,,
62871,0xF597,神官净衣　裤裙,防具,腿部,忍者防具,legs,883,alternate_source,5030,0x13A6,legs,False,4,180,20,3,0,0x00000000,30,20,1/0,strengthened,9,15,12,0,12,1.2,62871,low,7,27,27,15,,,computed-only,computed-only,17,0,0,0,16,0,0,,
62871,0xF597,神官净衣　裤裙,防具,腿部,忍者防具,legs,883,alternate_source,5030,0x13A6,legs,False,4,180,20,3,0,0x00000000,30,20,2/0,thickened,9,15,12,4,16,1.6,62871,low,0,27,27,15,,,computed-only,computed-only,10,0,0,0,9,0,0,,
62871,0xF597,神官净衣　裤裙,防具,腿部,忍者防具,legs,883,alternate_source,5030,0x13A6,legs,False,4,180,20,3,0,0x00000000,30,20,1/1,extreme_strengthened,9,15,12,0,12,1.2,62871,low,15,27,27,15,,,computed-only,computed-only,25,0,0,0,24,0,0,,
62871,0xF597,神官净衣　裤裙,防具,腿部,忍者防具,legs,883,alternate_source,5030,0x13A6,legs,False,4,180,20,3,0,0x00000000,30,20,2/2,extreme_thickened,9,15,12,9,21,2.1,62871,low,0,27,27,15,,,computed-only,computed-only,10,0,0,0,9,0,0,,
62871,0xF597,神官净衣　裤裙,防具,腿部,忍者防具,legs,883,alternate_source,5030,0x13A6,legs,False,4,180,20,3,0,0x00000000,30,20,1/2,strengthened_plus_thickened,9,15,12,4,16,1.6,62871,low,7,27,27,15,,,computed-only,computed-only,17,0,0,0,16,0,0,,
62889,0xF5A9,甲斐之虎铠甲　头盔,防具,头部,武士防具,head,626,alternate_source,65103,0xFE4F,head,False,4,180,20,3,0,0x00000000,30,20,0/0,unmodified,9,15,50,0,50,5.0,62889,low,0,50,50,17,,,computed-only,computed-only,0,0,8,10,0,0,0,,
62889,0xF5A9,甲斐之虎铠甲　头盔,防具,头部,武士防具,head,626,alternate_source,65103,0xFE4F,head,False,4,180,20,3,0,0x00000000,30,20,1/0,strengthened,9,15,50,0,50,5.0,62889,low,7,50,50,17,,,computed-only,computed-only,0,0,15,17,0,0,0,,
62889,0xF5A9,甲斐之虎铠甲　头盔,防具,头部,武士防具,head,626,alternate_source,65103,0xFE4F,head,False,4,180,20,3,0,0x00000000,30,20,2/0,thickened,9,15,50,4,54,5.4,62889,low,0,50,50,17,,,computed-only,computed-only,0,0,8,10,0,0,0,,
62889,0xF5A9,甲斐之虎铠甲　头盔,防具,头部,武士防具,head,626,alternate_source,65103,0xFE4F,head,False,4,180,20,3,0,0x00000000,30,20,1/1,extreme_strengthened,9,15,50,0,50,5.0,62889,low,15,50,50,17,,,computed-only,computed-only,0,0,23,25,0,0,0,,
62889,0xF5A9,甲斐之虎铠甲　头盔,防具,头部,武士防具,head,626,alternate_source,65103,0xFE4F,head,False,4,180,20,3,0,0x00000000,30,20,2/2,extreme_thickened,9,15,50,9,59,5.9,62889,low,0,50,50,17,,,computed-only,computed-only,0,0,8,10,0,0,0,,
62889,0xF5A9,甲斐之虎铠甲　头盔,防具,头部,武士防具,head,626,alternate_source,65103,0xFE4F,head,False,4,180,20,3,0,0x00000000,30,20,1/2,strengthened_plus_thickened,9,15,50,4,54,5.4,62889,low,7,50,50,17,,,computed-only,computed-only,0,0,15,17,0,0,0,,
62922,0xF5CA,弓手裤裙,防具,腿部,武士防具,legs,893,alternate_source,17721,0x4539,legs,False,4,180,20,3,0,0x00000000,30,20,0/0,unmodified,9,15,24,0,24,2.4,62922,low,0,29,29,15,,,computed-only,computed-only,9,0,0,0,9,0,0,,
62922,0xF5CA,弓手裤裙,防具,腿部,武士防具,legs,893,alternate_source,17721,0x4539,legs,False,4,180,20,3,0,0x00000000,30,20,1/0,strengthened,9,15,24,0,24,2.4,62922,low,7,29,29,15,,,computed-only,computed-only,16,0,0,0,16,0,0,,
62922,0xF5CA,弓手裤裙,防具,腿部,武士防具,legs,893,alternate_source,17721,0x4539,legs,False,4,180,20,3,0,0x00000000,30,20,2/0,thickened,9,15,24,4,28,2.8,62922,low,0,29,29,15,,,computed-only,computed-only,9,0,0,0,9,0,0,,
62922,0xF5CA,弓手裤裙,防具,腿部,武士防具,legs,893,alternate_source,17721,0x4539,legs,False,4,180,20,3,0,0x00000000,30,20,1/1,extreme_strengthened,9,15,24,0,24,2.4,62922,low,15,29,29,15,,,computed-only,computed-only,24,0,0,0,24,0,0,,
62922,0xF5CA,弓手裤裙,防具,腿部,武士防具,legs,893,alternate_source,17721,0x4539,legs,False,4,180,20,3,0,0x00000000,30,20,2/2,extreme_thickened,9,15,24,9,33,3.3,62922,low,0,29,29,15,,,computed-only,computed-only,9,0,0,0,9,0,0,,
62922,0xF5CA,弓手裤裙,防具,腿部,武士防具,legs,893,alternate_source,17721,0x4539,legs,False,4,180,20,3,0,0x00000000,30,20,1/2,strengthened_plus_thickened,9,15,24,4,28,2.8,62922,low,7,29,29,15,,,computed-only,computed-only,16,0,0,0,16,0,0,,
62953,0xF5E9,,防具,,忍者防具,arms,987,standalone,62953,0xF5E9,arms,False,4,180,20,3,0,0x00000000,30,20,0/0,unmodified,9,15,12,0,12,1.2,62953,low,0,18,18,15,,,computed-only,computed-only,0,0,0,0,12,0,0,,
62953,0xF5E9,,防具,,忍者防具,arms,987,standalone,62953,0xF5E9,arms,False,4,180,20,3,0,0x00000000,30,20,1/0,strengthened,9,15,12,0,12,1.2,62953,low,7,18,18,15,,,computed-only,computed-only,0,0,0,0,19,0,0,,
62953,0xF5E9,,防具,,忍者防具,arms,987,standalone,62953,0xF5E9,arms,False,4,180,20,3,0,0x00000000,30,20,2/0,thickened,9,15,12,4,16,1.6,62953,low,0,18,18,15,,,computed-only,computed-only,0,0,0,0,12,0,0,,
62953,0xF5E9,,防具,,忍者防具,arms,987,standalone,62953,0xF5E9,arms,False,4,180,20,3,0,0x00000000,30,20,1/1,extreme_strengthened,9,15,12,0,12,1.2,62953,low,15,18,18,15,,,computed-only,computed-only,0,0,0,0,27,0,0,,
62953,0xF5E9,,防具,,忍者防具,arms,987,standalone,62953,0xF5E9,arms,False,4,180,20,3,0,0x00000000,30,20,2/2,extreme_thickened,9,15,12,9,21,2.1,62953,low,0,18,18,15,,,computed-only,computed-only,0,0,0,0,12,0,0,,
62953,0xF5E9,,防具,,忍者防具,arms,987,standalone,62953,0xF5E9,arms,False,4,180,20,3,0,0x00000000,30,20,1/2,strengthened_plus_thickened,9,15,12,4,16,1.6,62953,low,7,18,18,15,,,computed-only,computed-only,0,0,0,0,19,0,0,,
63017,0xF629,凛然装束　靴子,防具,足部,忍者防具,feet,824,alternate_source,24404,0x5F54,feet,False,4,180,20,3,0,0x00000000,30,20,0/0,unmodified,9,15,8,0,8,0.8,63017,low,0,18,18,15,,,computed-only,computed-only,18,0,0,0,18,0,0,,
63017,0xF629,凛然装束　靴子,防具,足部,忍者防具,feet,824,alternate_source,24404,0x5F54,feet,False,4,180,20,3,0,0x00000000,30,20,1/0,strengthened,9,15,8,0,8,0.8,63017,low,7,18,18,15,,,computed-only,computed-only,25,0,0,0,25,0,0,,
63017,0xF629,凛然装束　靴子,防具,足部,忍者防具,feet,824,alternate_source,24404,0x5F54,feet,False,4,180,20,3,0,0x00000000,30,20,2/0,thickened,9,15,8,4,12,1.2,63017,low,0,18,18,15,,,computed-only,computed-only,18,0,0,0,18,0,0,,
63017,0xF629,凛然装束　靴子,防具,足部,忍者防具,feet,824,alternate_source,24404,0x5F54,feet,False,4,180,20,3,0,0x00000000,30,20,1/1,extreme_strengthened,9,15,8,0,8,0.8,63017,low,15,18,18,15,,,computed-only,computed-only,33,0,0,0,33,0,0,,
63017,0xF629,凛然装束　靴子,防具,足部,忍者防具,feet,824,alternate_source,24404,0x5F54,feet,False,4,180,20,3,0,0x00000000,30,20,2/2,extreme_thickened,9,15,8,9,17,1.7,63017,low,0,18,18,15,,,computed-only,computed-only,18,0,0,0,18,0,0,,
63017,0xF629,凛然装束　靴子,防具,足部,忍者防具,feet,824,alternate_source,24404,0x5F54,feet,False,4,180,20,3,0,0x00000000,30,20,1/2,strengthened_plus_thickened,9,15,8,4,12,1.2,63017,low,7,18,18,15,,,computed-only,computed-only,25,0,0,0,25,0,0,,
63111,0xF687,盗贼之铠　臂甲,防具,手臂,忍者防具,arms,31,standalone,63111,0xF687,arms,False,4,180,20,3,0,0x00000000,30,20,0/0,unmodified,9,15,45,0,45,4.5,63111,low,0,38,38,17,,,computed-only,computed-only,0,0,6,6,0,0,0,,
63111,0xF687,盗贼之铠　臂甲,防具,手臂,忍者防具,arms,31,standalone,63111,0xF687,arms,False,4,180,20,3,0,0x00000000,30,20,1/0,strengthened,9,15,45,0,45,4.5,63111,low,7,38,38,17,,,computed-only,computed-only,0,0,13,13,0,0,0,,
63111,0xF687,盗贼之铠　臂甲,防具,手臂,忍者防具,arms,31,standalone,63111,0xF687,arms,False,4,180,20,3,0,0x00000000,30,20,2/0,thickened,9,15,45,4,49,4.9,63111,low,0,38,38,17,,,computed-only,computed-only,0,0,6,6,0,0,0,,
63111,0xF687,盗贼之铠　臂甲,防具,手臂,忍者防具,arms,31,standalone,63111,0xF687,arms,False,4,180,20,3,0,0x00000000,30,20,1/1,extreme_strengthened,9,15,45,0,45,4.5,63111,low,15,38,38,17,,,computed-only,computed-only,0,0,21,21,0,0,0,,
63111,0xF687,盗贼之铠　臂甲,防具,手臂,忍者防具,arms,31,standalone,63111,0xF687,arms,False,4,180,20,3,0,0x00000000,30,20,2/2,extreme_thickened,9,15,45,9,54,5.4,63111,low,0,38,38,17,,,computed-only,computed-only,0,0,6,6,0,0,0,,
63111,0xF687,盗贼之铠　臂甲,防具,手臂,忍者防具,arms,31,standalone,63111,0xF687,arms,False,4,180,20,3,0,0x00000000,30,20,1/2,strengthened_plus_thickened,9,15,45,4,49,4.9,63111,low,7,38,38,17,,,computed-only,computed-only,0,0,13,13,0,0,0,,
63286,0xF736,鸢加藤忍衣　覆面,防具,头部,忍者防具,head,920,alternate_source,35948,0x8C6C,head,False,4,180,20,3,0,0x00000000,30,20,0/0,unmodified,9,15,8,0,8,0.8,63286,low,0,18,18,15,,,computed-only,computed-only,16,0,0,0,15,0,0,,
63286,0xF736,鸢加藤忍衣　覆面,防具,头部,忍者防具,head,920,alternate_source,35948,0x8C6C,head,False,4,180,20,3,0,0x00000000,30,20,1/0,strengthened,9,15,8,0,8,0.8,63286,low,7,18,18,15,,,computed-only,computed-only,23,0,0,0,22,0,0,,
63286,0xF736,鸢加藤忍衣　覆面,防具,头部,忍者防具,head,920,alternate_source,35948,0x8C6C,head,False,4,180,20,3,0,0x00000000,30,20,2/0,thickened,9,15,8,4,12,1.2,63286,low,0,18,18,15,,,computed-only,computed-only,16,0,0,0,15,0,0,,
63286,0xF736,鸢加藤忍衣　覆面,防具,头部,忍者防具,head,920,alternate_source,35948,0x8C6C,head,False,4,180,20,3,0,0x00000000,30,20,1/1,extreme_strengthened,9,15,8,0,8,0.8,63286,low,15,18,18,15,,,computed-only,computed-only,31,0,0,0,30,0,0,,
63286,0xF736,鸢加藤忍衣　覆面,防具,头部,忍者防具,head,920,alternate_source,35948,0x8C6C,head,False,4,180,20,3,0,0x00000000,30,20,2/2,extreme_thickened,9,15,8,9,17,1.7,63286,low,0,18,18,15,,,computed-only,computed-only,16,0,0,0,15,0,0,,
63286,0xF736,鸢加藤忍衣　覆面,防具,头部,忍者防具,head,920,alternate_source,35948,0x8C6C,head,False,4,180,20,3,0,0x00000000,30,20,1/2,strengthened_plus_thickened,9,15,8,4,12,1.2,63286,low,7,18,18,15,,,computed-only,computed-only,23,0,0,0,22,0,0,,
63368,0xF788,副将军之铠　头盔,防具,头部,武士防具,head,1242,alternate_source,26615,0x67F7,head,False,4,180,20,3,0,0x00000000,30,20,0/0,unmodified,9,15,51,0,51,5.1,63368,low,0,50,50,17,,,computed-only,computed-only,0,0,23,22,0,0,0,,
63368,0xF788,副将军之铠　头盔,防具,头部,武士防具,head,1242,alternate_source,26615,0x67F7,head,False,4,180,20,3,0,0x00000000,30,20,1/0,strengthened,9,15,51,0,51,5.1,63368,low,7,50,50,17,,,computed-only,computed-only,0,0,30,29,0,0,0,,
63368,0xF788,副将军之铠　头盔,防具,头部,武士防具,head,1242,alternate_source,26615,0x67F7,head,False,4,180,20,3,0,0x00000000,30,20,2/0,thickened,9,15,51,4,55,5.5,63368,low,0,50,50,17,,,computed-only,computed-only,0,0,23,22,0,0,0,,
63368,0xF788,副将军之铠　头盔,防具,头部,武士防具,head,1242,alternate_source,26615,0x67F7,head,False,4,180,20,3,0,0x00000000,30,20,1/1,extreme_strengthened,9,15,51,0,51,5.1,63368,low,15,50,50,17,,,computed-only,computed-only,0,0,38,37,0,0,0,,
63368,0xF788,副将军之铠　头盔,防具,头部,武士防具,head,1242,alternate_source,26615,0x67F7,head,False,4,180,20,3,0,0x00000000,30,20,2/2,extreme_thickened,9,15,51,9,60,6.0,63368,low,0,50,50,17,,,computed-only,computed-only,0,0,23,22,0,0,0,,
63368,0xF788,副将军之铠　头盔,防具,头部,武士防具,head,1242,alternate_source,26615,0x67F7,head,False,4,180,20,3,0,0x00000000,30,20,1/2,strengthened_plus_thickened,9,15,51,4,55,5.5,63368,low,7,50,50,17,,,computed-only,computed-only,0,0,30,29,0,0,0,,
63451,0xF7DB,镰仓大人之铠　膝甲,防具,腿部,武士防具,legs,649,alternate_source,60020,0xEA74,legs,False,4,180,20,3,0,0x00000000,30,20,0/0,unmodified,9,15,77,0,77,7.7,63451,low,0,75,75,17,,,computed-only,computed-only,0,0,9,12,0,0,0,,
63451,0xF7DB,镰仓大人之铠　膝甲,防具,腿部,武士防具,legs,649,alternate_source,60020,0xEA74,legs,False,4,180,20,3,0,0x00000000,30,20,1/0,strengthened,9,15,77,0,77,7.7,63451,low,7,75,75,17,,,computed-only,computed-only,0,0,16,19,0,0,0,,
63451,0xF7DB,镰仓大人之铠　膝甲,防具,腿部,武士防具,legs,649,alternate_source,60020,0xEA74,legs,False,4,180,20,3,0,0x00000000,30,20,2/0,thickened,9,15,77,4,81,8.1,63451,low,0,75,75,17,,,computed-only,computed-only,0,0,9,12,0,0,0,,
63451,0xF7DB,镰仓大人之铠　膝甲,防具,腿部,武士防具,legs,649,alternate_source,60020,0xEA74,legs,False,4,180,20,3,0,0x00000000,30,20,1/1,extreme_strengthened,9,15,77,0,77,7.7,63451,low,15,75,75,17,,,computed-only,computed-only,0,0,24,27,0,0,0,,
63451,0xF7DB,镰仓大人之铠　膝甲,防具,腿部,武士防具,legs,649,alternate_source,60020,0xEA74,legs,False,4,180,20,3,0,0x00000000,30,20,2/2,extreme_thickened,9,15,77,9,86,8.6,63451,low,0,75,75,17,,,computed-only,computed-only,0,0,9,12,0,0,0,,
63451,0xF7DB,镰仓大人之铠　膝甲,防具,腿部,武士防具,legs,649,alternate_source,60020,0xEA74,legs,False,4,180,20,3,0,0x00000000,30,20,1/2,strengthened_plus_thickened,9,15,77,4,81,8.1,63451,low,7,75,75,17,,,computed-only,computed-only,0,0,16,19,0,0,0,,
63493,0xF805,修理亮之铠　胸甲,防具,身体,武士防具,chest,712,alternate_source,44732,0xAEBC,chest,False,4,180,20,3,0,0x00000000,30,20,0/0,unmodified,9,15,98,0,98,9.8,63493,low,0,100,100,17,,,computed-only,computed-only,0,0,9,8,0,0,0,,
63493,0xF805,修理亮之铠　胸甲,防具,身体,武士防具,chest,712,alternate_source,44732,0xAEBC,chest,False,4,180,20,3,0,0x00000000,30,20,1/0,strengthened,9,15,98,0,98,9.8,63493,low,7,100,100,17,,,computed-only,computed-only,0,0,16,15,0,0,0,,
63493,0xF805,修理亮之铠　胸甲,防具,身体,武士防具,chest,712,alternate_source,44732,0xAEBC,chest,False,4,180,20,3,0,0x00000000,30,20,2/0,thickened,9,15,98,4,102,10.2,63493,low,0,100,100,17,,,computed-only,computed-only,0,0,9,8,0,0,0,,
63493,0xF805,修理亮之铠　胸甲,防具,身体,武士防具,chest,712,alternate_source,44732,0xAEBC,chest,False,4,180,20,3,0,0x00000000,30,20,1/1,extreme_strengthened,9,15,98,0,98,9.8,63493,low,15,100,100,17,,,computed-only,computed-only,0,0,24,23,0,0,0,,
63493,0xF805,修理亮之铠　胸甲,防具,身体,武士防具,chest,712,alternate_source,44732,0xAEBC,chest,False,4,180,20,3,0,0x00000000,30,20,2/2,extreme_thickened,9,15,98,9,107,10.7,63493,low,0,100,100,17,,,computed-only,computed-only,0,0,9,8,0,0,0,,
63493,0xF805,修理亮之铠　胸甲,防具,身体,武士防具,chest,712,alternate_source,44732,0xAEBC,chest,False,4,180,20,3,0,0x00000000,30,20,1/2,strengthened_plus_thickened,9,15,98,4,102,10.2,63493,low,7,100,100,17,,,computed-only,computed-only,0,0,16,15,0,0,0,,
63580,0xF85C,赤备大将大铠　腿甲,防具,足部,武士防具,feet,666,alternate_source,10893,0x2A8D,feet,False,4,180,20,3,0,0x00000000,30,20,0/0,unmodified,9,15,46,0,46,4.6,63580,low,0,50,50,17,,,computed-only,computed-only,0,0,6,5,0,0,0,,
63580,0xF85C,赤备大将大铠　腿甲,防具,足部,武士防具,feet,666,alternate_source,10893,0x2A8D,feet,False,4,180,20,3,0,0x00000000,30,20,1/0,strengthened,9,15,46,0,46,4.6,63580,low,7,50,50,17,,,computed-only,computed-only,0,0,13,12,0,0,0,,
63580,0xF85C,赤备大将大铠　腿甲,防具,足部,武士防具,feet,666,alternate_source,10893,0x2A8D,feet,False,4,180,20,3,0,0x00000000,30,20,2/0,thickened,9,15,46,4,50,5.0,63580,low,0,50,50,17,,,computed-only,computed-only,0,0,6,5,0,0,0,,
63580,0xF85C,赤备大将大铠　腿甲,防具,足部,武士防具,feet,666,alternate_source,10893,0x2A8D,feet,False,4,180,20,3,0,0x00000000,30,20,1/1,extreme_strengthened,9,15,46,0,46,4.6,63580,low,15,50,50,17,,,computed-only,computed-only,0,0,21,20,0,0,0,,
63580,0xF85C,赤备大将大铠　腿甲,防具,足部,武士防具,feet,666,alternate_source,10893,0x2A8D,feet,False,4,180,20,3,0,0x00000000,30,20,2/2,extreme_thickened,9,15,46,9,55,5.5,63580,low,0,50,50,17,,,computed-only,computed-only,0,0,6,5,0,0,0,,
63580,0xF85C,赤备大将大铠　腿甲,防具,足部,武士防具,feet,666,alternate_source,10893,0x2A8D,feet,False,4,180,20,3,0,0x00000000,30,20,1/2,strengthened_plus_thickened,9,15,46,4,50,5.0,63580,low,7,50,50,17,,,computed-only,computed-only,0,0,13,12,0,0,0,,
63604,0xF874,镰仓大人之铠　弓挂,防具,手臂,武士防具,arms,645,alternate_source,23903,0x5D5F,arms,False,4,180,20,3,0,0x00000000,30,20,0/0,unmodified,9,15,51,0,51,5.1,63604,low,0,50,50,17,,,computed-only,computed-only,0,0,9,12,0,0,0,,
63604,0xF874,镰仓大人之铠　弓挂,防具,手臂,武士防具,arms,645,alternate_source,23903,0x5D5F,arms,False,4,180,20,3,0,0x00000000,30,20,1/0,strengthened,9,15,51,0,51,5.1,63604,low,7,50,50,17,,,computed-only,computed-only,0,0,16,19,0,0,0,,
63604,0xF874,镰仓大人之铠　弓挂,防具,手臂,武士防具,arms,645,alternate_source,23903,0x5D5F,arms,False,4,180,20,3,0,0x00000000,30,20,2/0,thickened,9,15,51,4,55,5.5,63604,low,0,50,50,17,,,computed-only,computed-only,0,0,9,12,0,0,0,,
63604,0xF874,镰仓大人之铠　弓挂,防具,手臂,武士防具,arms,645,alternate_source,23903,0x5D5F,arms,False,4,180,20,3,0,0x00000000,30,20,1/1,extreme_strengthened,9,15,51,0,51,5.1,63604,low,15,50,50,17,,,computed-only,computed-only,0,0,24,27,0,0,0,,
63604,0xF874,镰仓大人之铠　弓挂,防具,手臂,武士防具,arms,645,alternate_source,23903,0x5D5F,arms,False,4,180,20,3,0,0x00000000,30,20,2/2,extreme_thickened,9,15,51,9,60,6.0,63604,low,0,50,50,17,,,computed-only,computed-only,0,0,9,12,0,0,0,,
63604,0xF874,镰仓大人之铠　弓挂,防具,手臂,武士防具,arms,645,alternate_source,23903,0x5D5F,arms,False,4,180,20,3,0,0x00000000,30,20,1/2,strengthened_plus_thickened,9,15,51,4,55,5.5,63604,low,7,50,50,17,,,computed-only,computed-only,0,0,16,19,0,0,0,,
63643,0xF89B,新选组队服　袖套,防具,手臂,武士防具,arms,671,alternate_source,21828,0x5544,arms,False,4,180,20,3,0,0x00000000,30,20,0/0,unmodified,9,15,17,0,17,1.7,63643,low,0,19,19,15,,,computed-only,computed-only,17,0,0,0,17,0,0,,
63643,0xF89B,新选组队服　袖套,防具,手臂,武士防具,arms,671,alternate_source,21828,0x5544,arms,False,4,180,20,3,0,0x00000000,30,20,1/0,strengthened,9,15,17,0,17,1.7,63643,low,7,19,19,15,,,computed-only,computed-only,24,0,0,0,24,0,0,,
63643,0xF89B,新选组队服　袖套,防具,手臂,武士防具,arms,671,alternate_source,21828,0x5544,arms,False,4,180,20,3,0,0x00000000,30,20,2/0,thickened,9,15,17,4,21,2.1,63643,low,0,19,19,15,,,computed-only,computed-only,17,0,0,0,17,0,0,,
63643,0xF89B,新选组队服　袖套,防具,手臂,武士防具,arms,671,alternate_source,21828,0x5544,arms,False,4,180,20,3,0,0x00000000,30,20,1/1,extreme_strengthened,9,15,17,0,17,1.7,63643,low,15,19,19,15,,,computed-only,computed-only,32,0,0,0,32,0,0,,
63643,0xF89B,新选组队服　袖套,防具,手臂,武士防具,arms,671,alternate_source,21828,0x5544,arms,False,4,180,20,3,0,0x00000000,30,20,2/2,extreme_thickened,9,15,17,9,26,2.6,63643,low,0,19,19,15,,,computed-only,computed-only,17,0,0,0,17,0,0,,
63643,0xF89B,新选组队服　袖套,防具,手臂,武士防具,arms,671,alternate_source,21828,0x5544,arms,False,4,180,20,3,0,0x00000000,30,20,1/2,strengthened_plus_thickened,9,15,17,4,21,2.1,63643,low,7,19,19,15,,,computed-only,computed-only,24,0,0,0,24,0,0,,
63651,0xF8A3,,防具,,忍者防具,chest,981,standalone,63651,0xF8A3,chest,False,4,180,20,3,0,0x00000000,30,20,0/0,unmodified,9,15,22,0,22,2.2,63651,low,0,36,36,15,,,computed-only,computed-only,0,0,0,0,12,0,0,,
63651,0xF8A3,,防具,,忍者防具,chest,981,standalone,63651,0xF8A3,chest,False,4,180,20,3,0,0x00000000,30,20,1/0,strengthened,9,15,22,0,22,2.2,63651,low,7,36,36,15,,,computed-only,computed-only,0,0,0,0,19,0,0,,
63651,0xF8A3,,防具,,忍者防具,chest,981,standalone,63651,0xF8A3,chest,False,4,180,20,3,0,0x00000000,30,20,2/0,thickened,9,15,22,4,26,2.6,63651,low,0,36,36,15,,,computed-only,computed-only,0,0,0,0,12,0,0,,
63651,0xF8A3,,防具,,忍者防具,chest,981,standalone,63651,0xF8A3,chest,False,4,180,20,3,0,0x00000000,30,20,1/1,extreme_strengthened,9,15,22,0,22,2.2,63651,low,15,36,36,15,,,computed-only,computed-only,0,0,0,0,27,0,0,,
63651,0xF8A3,,防具,,忍者防具,chest,981,standalone,63651,0xF8A3,chest,False,4,180,20,3,0,0x00000000,30,20,2/2,extreme_thickened,9,15,22,9,31,3.1,63651,low,0,36,36,15,,,computed-only,computed-only,0,0,0,0,12,0,0,,
63651,0xF8A3,,防具,,忍者防具,chest,981,standalone,63651,0xF8A3,chest,False,4,180,20,3,0,0x00000000,30,20,1/2,strengthened_plus_thickened,9,15,22,4,26,2.6,63651,low,7,36,36,15,,,computed-only,computed-only,0,0,0,0,19,0,0,,
63666,0xF8B2,鸢加藤忍衣　膝甲,防具,腿部,忍者防具,legs,923,alternate_source,5030,0x13A6,legs,False,4,180,20,3,0,0x00000000,30,20,0/0,unmodified,9,15,12,0,12,1.2,63666,low,0,27,27,15,,,computed-only,computed-only,16,0,0,0,15,0,0,,
63666,0xF8B2,鸢加藤忍衣　膝甲,防具,腿部,忍者防具,legs,923,alternate_source,5030,0x13A6,legs,False,4,180,20,3,0,0x00000000,30,20,1/0,strengthened,9,15,12,0,12,1.2,63666,low,7,27,27,15,,,computed-only,computed-only,23,0,0,0,22,0,0,,
63666,0xF8B2,鸢加藤忍衣　膝甲,防具,腿部,忍者防具,legs,923,alternate_source,5030,0x13A6,legs,False,4,180,20,3,0,0x00000000,30,20,2/0,thickened,9,15,12,4,16,1.6,63666,low,0,27,27,15,,,computed-only,computed-only,16,0,0,0,15,0,0,,
63666,0xF8B2,鸢加藤忍衣　膝甲,防具,腿部,忍者防具,legs,923,alternate_source,5030,0x13A6,legs,False,4,180,20,3,0,0x00000000,30,20,1/1,extreme_strengthened,9,15,12,0,12,1.2,63666,low,15,27,27,15,,,computed-only,computed-only,31,0,0,0,30,0,0,,
63666,0xF8B2,鸢加藤忍衣　膝甲,防具,腿部,忍者防具,legs,923,alternate_source,5030,0x13A6,legs,False,4,180,20,3,0,0x00000000,30,20,2/2,extreme_thickened,9,15,12,9,21,2.1,63666,low,0,27,27,15,,,computed-only,computed-only,16,0,0,0,15,0,0,,
63666,0xF8B2,鸢加藤忍衣　膝甲,防具,腿部,忍者防具,legs,923,alternate_source,5030,0x13A6,legs,False,4,180,20,3,0,0x00000000,30,20,1/2,strengthened_plus_thickened,9,15,12,4,16,1.6,63666,low,7,27,27,15,,,computed-only,computed-only,23,0,0,0,22,0,0,,
63804,0xF93C,护国禅师的袈裟　裤裙,防具,腿部,武士防具,legs,704,alternate_source,20047,0x4E4F,legs,False,4,180,20,3,0,0x00000000,30,20,0/0,unmodified,9,15,51,0,51,5.1,63804,low,0,47,47,16,,,computed-only,computed-only,6,0,0,5,0,0,0,,
63804,0xF93C,护国禅师的袈裟　裤裙,防具,腿部,武士防具,legs,704,alternate_source,20047,0x4E4F,legs,False,4,180,20,3,0,0x00000000,30,20,1/0,strengthened,9,15,51,0,51,5.1,63804,low,7,47,47,16,,,computed-only,computed-only,13,0,0,12,0,0,0,,
63804,0xF93C,护国禅师的袈裟　裤裙,防具,腿部,武士防具,legs,704,alternate_source,20047,0x4E4F,legs,False,4,180,20,3,0,0x00000000,30,20,2/0,thickened,9,15,51,4,55,5.5,63804,low,0,47,47,16,,,computed-only,computed-only,6,0,0,5,0,0,0,,
63804,0xF93C,护国禅师的袈裟　裤裙,防具,腿部,武士防具,legs,704,alternate_source,20047,0x4E4F,legs,False,4,180,20,3,0,0x00000000,30,20,1/1,extreme_strengthened,9,15,51,0,51,5.1,63804,low,15,47,47,16,,,computed-only,computed-only,21,0,0,20,0,0,0,,
63804,0xF93C,护国禅师的袈裟　裤裙,防具,腿部,武士防具,legs,704,alternate_source,20047,0x4E4F,legs,False,4,180,20,3,0,0x00000000,30,20,2/2,extreme_thickened,9,15,51,9,60,6.0,63804,low,0,47,47,16,,,computed-only,computed-only,6,0,0,5,0,0,0,,
63804,0xF93C,护国禅师的袈裟　裤裙,防具,腿部,武士防具,legs,704,alternate_source,20047,0x4E4F,legs,False,4,180,20,3,0,0x00000000,30,20,1/2,strengthened_plus_thickened,9,15,51,4,55,5.5,63804,low,7,47,47,16,,,computed-only,computed-only,13,0,0,12,0,0,0,,
63949,0xF9CD,新选组队服　裤裙,防具,腿部,武士防具,legs,680,standalone,63949,0xF9CD,legs,False,4,180,20,3,0,0x00000000,30,20,0/0,unmodified,9,15,26,0,26,2.6,63949,low,0,19,19,15,,,computed-only,computed-only,15,0,0,0,15,0,0,,
63949,0xF9CD,新选组队服　裤裙,防具,腿部,武士防具,legs,680,standalone,63949,0xF9CD,legs,False,4,180,20,3,0,0x00000000,30,20,1/0,strengthened,9,15,26,0,26,2.6,63949,low,7,19,19,15,,,computed-only,computed-only,22,0,0,0,22,0,0,,
63949,0xF9CD,新选组队服　裤裙,防具,腿部,武士防具,legs,680,standalone,63949,0xF9CD,legs,False,4,180,20,3,0,0x00000000,30,20,2/0,thickened,9,15,26,4,30,3.0,63949,low,0,19,19,15,,,computed-only,computed-only,15,0,0,0,15,0,0,,
63949,0xF9CD,新选组队服　裤裙,防具,腿部,武士防具,legs,680,standalone,63949,0xF9CD,legs,False,4,180,20,3,0,0x00000000,30,20,1/1,extreme_strengthened,9,15,26,0,26,2.6,63949,low,15,19,19,15,,,computed-only,computed-only,30,0,0,0,30,0,0,,
63949,0xF9CD,新选组队服　裤裙,防具,腿部,武士防具,legs,680,standalone,63949,0xF9CD,legs,False,4,180,20,3,0,0x00000000,30,20,2/2,extreme_thickened,9,15,26,9,35,3.5,63949,low,0,19,19,15,,,computed-only,computed-only,15,0,0,0,15,0,0,,
63949,0xF9CD,新选组队服　裤裙,防具,腿部,武士防具,legs,680,standalone,63949,0xF9CD,legs,False,4,180,20,3,0,0x00000000,30,20,1/2,strengthened_plus_thickened,9,15,26,4,30,3.0,63949,low,7,19,19,15,,,computed-only,computed-only,22,0,0,0,22,0,0,,
64122,0xFA7A,浪人中铠　面具,防具,头部,武士防具,head,1014,alternate_source,61503,0xF03F,head,False,4,180,20,3,0,0x00000000,30,20,0/0,unmodified,9,15,36,0,36,3.6,64122,low,0,31,31,16,,,computed-only,computed-only,8,0,0,11,0,0,0,,
64122,0xFA7A,浪人中铠　面具,防具,头部,武士防具,head,1014,alternate_source,61503,0xF03F,head,False,4,180,20,3,0,0x00000000,30,20,1/0,strengthened,9,15,36,0,36,3.6,64122,low,7,31,31,16,,,computed-only,computed-only,15,0,0,18,0,0,0,,
64122,0xFA7A,浪人中铠　面具,防具,头部,武士防具,head,1014,alternate_source,61503,0xF03F,head,False,4,180,20,3,0,0x00000000,30,20,2/0,thickened,9,15,36,4,40,4.0,64122,low,0,31,31,16,,,computed-only,computed-only,8,0,0,11,0,0,0,,
64122,0xFA7A,浪人中铠　面具,防具,头部,武士防具,head,1014,alternate_source,61503,0xF03F,head,False,4,180,20,3,0,0x00000000,30,20,1/1,extreme_strengthened,9,15,36,0,36,3.6,64122,low,15,31,31,16,,,computed-only,computed-only,23,0,0,26,0,0,0,,
64122,0xFA7A,浪人中铠　面具,防具,头部,武士防具,head,1014,alternate_source,61503,0xF03F,head,False,4,180,20,3,0,0x00000000,30,20,2/2,extreme_thickened,9,15,36,9,45,4.5,64122,low,0,31,31,16,,,computed-only,computed-only,8,0,0,11,0,0,0,,
64122,0xFA7A,浪人中铠　面具,防具,头部,武士防具,head,1014,alternate_source,61503,0xF03F,head,False,4,180,20,3,0,0x00000000,30,20,1/2,strengthened_plus_thickened,9,15,36,4,40,4.0,64122,low,7,31,31,16,,,computed-only,computed-only,15,0,0,18,0,0,0,,
64221,0xFADD,游历剑士装束　头巾,防具,头部,武士防具,head,782,alternate_source,24733,0x609D,head,False,4,180,20,3,0,0x00000000,30,20,0/0,unmodified,9,15,15,0,15,1.5,64221,low,0,19,19,15,,,computed-only,computed-only,6,0,0,0,8,0,0,,
64221,0xFADD,游历剑士装束　头巾,防具,头部,武士防具,head,782,alternate_source,24733,0x609D,head,False,4,180,20,3,0,0x00000000,30,20,1/0,strengthened,9,15,15,0,15,1.5,64221,low,7,19,19,15,,,computed-only,computed-only,13,0,0,0,15,0,0,,
64221,0xFADD,游历剑士装束　头巾,防具,头部,武士防具,head,782,alternate_source,24733,0x609D,head,False,4,180,20,3,0,0x00000000,30,20,2/0,thickened,9,15,15,4,19,1.9,64221,low,0,19,19,15,,,computed-only,computed-only,6,0,0,0,8,0,0,,
64221,0xFADD,游历剑士装束　头巾,防具,头部,武士防具,head,782,alternate_source,24733,0x609D,head,False,4,180,20,3,0,0x00000000,30,20,1/1,extreme_strengthened,9,15,15,0,15,1.5,64221,low,15,19,19,15,,,computed-only,computed-only,21,0,0,0,23,0,0,,
64221,0xFADD,游历剑士装束　头巾,防具,头部,武士防具,head,782,alternate_source,24733,0x609D,head,False,4,180,20,3,0,0x00000000,30,20,2/2,extreme_thickened,9,15,15,9,24,2.4,64221,low,0,19,19,15,,,computed-only,computed-only,6,0,0,0,8,0,0,,
64221,0xFADD,游历剑士装束　头巾,防具,头部,武士防具,head,782,alternate_source,24733,0x609D,head,False,4,180,20,3,0,0x00000000,30,20,1/2,strengthened_plus_thickened,9,15,15,4,19,1.9,64221,low,7,19,19,15,,,computed-only,computed-only,13,0,0,0,15,0,0,,
64249,0xFAF9,凶王之衣　下衣,防具,腿部,忍者防具,legs,624,alternate_source,5030,0x13A6,legs,False,4,180,20,3,0,0x00000000,30,20,0/0,unmodified,9,15,12,0,12,1.2,64249,low,0,27,27,15,,,computed-only,computed-only,19,0,0,0,20,0,0,,
64249,0xFAF9,凶王之衣　下衣,防具,腿部,忍者防具,legs,624,alternate_source,5030,0x13A6,legs,False,4,180,20,3,0,0x00000000,30,20,1/0,strengthened,9,15,12,0,12,1.2,64249,low,7,27,27,15,,,computed-only,computed-only,26,0,0,0,27,0,0,,
64249,0xFAF9,凶王之衣　下衣,防具,腿部,忍者防具,legs,624,alternate_source,5030,0x13A6,legs,False,4,180,20,3,0,0x00000000,30,20,2/0,thickened,9,15,12,4,16,1.6,64249,low,0,27,27,15,,,computed-only,computed-only,19,0,0,0,20,0,0,,
64249,0xFAF9,凶王之衣　下衣,防具,腿部,忍者防具,legs,624,alternate_source,5030,0x13A6,legs,False,4,180,20,3,0,0x00000000,30,20,1/1,extreme_strengthened,9,15,12,0,12,1.2,64249,low,15,27,27,15,,,computed-only,computed-only,34,0,0,0,35,0,0,,
64249,0xFAF9,凶王之衣　下衣,防具,腿部,忍者防具,legs,624,alternate_source,5030,0x13A6,legs,False,4,180,20,3,0,0x00000000,30,20,2/2,extreme_thickened,9,15,12,9,21,2.1,64249,low,0,27,27,15,,,computed-only,computed-only,19,0,0,0,20,0,0,,
64249,0xFAF9,凶王之衣　下衣,防具,腿部,忍者防具,legs,624,alternate_source,5030,0x13A6,legs,False,4,180,20,3,0,0x00000000,30,20,1/2,strengthened_plus_thickened,9,15,12,4,16,1.6,64249,low,7,27,27,15,,,computed-only,computed-only,26,0,0,0,27,0,0,,
64314,0xFB3A,盾无　腿甲,防具,足部,武士防具,feet,1178,alternate_source,44061,0xAC1D,feet,False,4,180,20,3,0,0x00000000,30,20,0/0,unmodified,9,15,52,0,52,5.2,64314,low,0,50,50,17,,,computed-only,computed-only,0,0,12,13,0,0,0,,
64314,0xFB3A,盾无　腿甲,防具,足部,武士防具,feet,1178,alternate_source,44061,0xAC1D,feet,False,4,180,20,3,0,0x00000000,30,20,1/0,strengthened,9,15,52,0,52,5.2,64314,low,7,50,50,17,,,computed-only,computed-only,0,0,19,20,0,0,0,,
64314,0xFB3A,盾无　腿甲,防具,足部,武士防具,feet,1178,alternate_source,44061,0xAC1D,feet,False,4,180,20,3,0,0x00000000,30,20,2/0,thickened,9,15,52,4,56,5.6,64314,low,0,50,50,17,,,computed-only,computed-only,0,0,12,13,0,0,0,,
64314,0xFB3A,盾无　腿甲,防具,足部,武士防具,feet,1178,alternate_source,44061,0xAC1D,feet,False,4,180,20,3,0,0x00000000,30,20,1/1,extreme_strengthened,9,15,52,0,52,5.2,64314,low,15,50,50,17,,,computed-only,computed-only,0,0,27,28,0,0,0,,
64314,0xFB3A,盾无　腿甲,防具,足部,武士防具,feet,1178,alternate_source,44061,0xAC1D,feet,False,4,180,20,3,0,0x00000000,30,20,2/2,extreme_thickened,9,15,52,9,61,6.1,64314,low,0,50,50,17,,,computed-only,computed-only,0,0,12,13,0,0,0,,
64314,0xFB3A,盾无　腿甲,防具,足部,武士防具,feet,1178,alternate_source,44061,0xAC1D,feet,False,4,180,20,3,0,0x00000000,30,20,1/2,strengthened_plus_thickened,9,15,52,4,56,5.6,64314,low,7,50,50,17,,,computed-only,computed-only,0,0,19,20,0,0,0,,
64316,0xFB3C,田村后裔之铠　膝甲,防具,腿部,武士防具,legs,1207,alternate_source,15944,0x3E48,legs,False,4,180,20,3,0,0x00000000,30,20,0/0,unmodified,9,15,83,0,83,8.3,64316,low,0,75,75,17,,,computed-only,computed-only,0,0,19,19,0,0,0,,
64316,0xFB3C,田村后裔之铠　膝甲,防具,腿部,武士防具,legs,1207,alternate_source,15944,0x3E48,legs,False,4,180,20,3,0,0x00000000,30,20,1/0,strengthened,9,15,83,0,83,8.3,64316,low,7,75,75,17,,,computed-only,computed-only,0,0,26,26,0,0,0,,
64316,0xFB3C,田村后裔之铠　膝甲,防具,腿部,武士防具,legs,1207,alternate_source,15944,0x3E48,legs,False,4,180,20,3,0,0x00000000,30,20,2/0,thickened,9,15,83,4,87,8.7,64316,low,0,75,75,17,,,computed-only,computed-only,0,0,19,19,0,0,0,,
64316,0xFB3C,田村后裔之铠　膝甲,防具,腿部,武士防具,legs,1207,alternate_source,15944,0x3E48,legs,False,4,180,20,3,0,0x00000000,30,20,1/1,extreme_strengthened,9,15,83,0,83,8.3,64316,low,15,75,75,17,,,computed-only,computed-only,0,0,34,34,0,0,0,,
64316,0xFB3C,田村后裔之铠　膝甲,防具,腿部,武士防具,legs,1207,alternate_source,15944,0x3E48,legs,False,4,180,20,3,0,0x00000000,30,20,2/2,extreme_thickened,9,15,83,9,92,9.2,64316,low,0,75,75,17,,,computed-only,computed-only,0,0,19,19,0,0,0,,
64316,0xFB3C,田村后裔之铠　膝甲,防具,腿部,武士防具,legs,1207,alternate_source,15944,0x3E48,legs,False,4,180,20,3,0,0x00000000,30,20,1/2,strengthened_plus_thickened,9,15,83,4,87,8.7,64316,low,7,75,75,17,,,computed-only,computed-only,0,0,26,26,0,0,0,,
64419,0xFBA3,三者忍者装束　臂甲,防具,手臂,忍者防具,arms,755,alternate_source,38896,0x97F0,arms,False,4,180,20,3,0,0x00000000,30,20,0/0,unmodified,9,15,18,0,18,1.8,64419,low,0,28,28,16,,,computed-only,computed-only,0,0,9,0,8,0,0,,
64419,0xFBA3,三者忍者装束　臂甲,防具,手臂,忍者防具,arms,755,alternate_source,38896,0x97F0,arms,False,4,180,20,3,0,0x00000000,30,20,1/0,strengthened,9,15,18,0,18,1.8,64419,low,7,28,28,16,,,computed-only,computed-only,0,0,16,0,15,0,0,,
64419,0xFBA3,三者忍者装束　臂甲,防具,手臂,忍者防具,arms,755,alternate_source,38896,0x97F0,arms,False,4,180,20,3,0,0x00000000,30,20,2/0,thickened,9,15,18,4,22,2.2,64419,low,0,28,28,16,,,computed-only,computed-only,0,0,9,0,8,0,0,,
64419,0xFBA3,三者忍者装束　臂甲,防具,手臂,忍者防具,arms,755,alternate_source,38896,0x97F0,arms,False,4,180,20,3,0,0x00000000,30,20,1/1,extreme_strengthened,9,15,18,0,18,1.8,64419,low,15,28,28,16,,,computed-only,computed-only,0,0,24,0,23,0,0,,
64419,0xFBA3,三者忍者装束　臂甲,防具,手臂,忍者防具,arms,755,alternate_source,38896,0x97F0,arms,False,4,180,20,3,0,0x00000000,30,20,2/2,extreme_thickened,9,15,18,9,27,2.7,64419,low,0,28,28,16,,,computed-only,computed-only,0,0,9,0,8,0,0,,
64419,0xFBA3,三者忍者装束　臂甲,防具,手臂,忍者防具,arms,755,alternate_source,38896,0x97F0,arms,False,4,180,20,3,0,0x00000000,30,20,1/2,strengthened_plus_thickened,9,15,18,4,22,2.2,64419,low,7,28,28,16,,,computed-only,computed-only,0,0,16,0,15,0,0,,
64432,0xFBB0,幕府军装束　阵笠,防具,头部,忍者防具,head,667,alternate_source,35948,0x8C6C,head,False,4,180,20,3,0,0x00000000,30,20,0/0,unmodified,9,15,8,0,8,0.8,64432,low,0,18,18,15,,,computed-only,computed-only,16,0,0,0,16,0,0,,
64432,0xFBB0,幕府军装束　阵笠,防具,头部,忍者防具,head,667,alternate_source,35948,0x8C6C,head,False,4,180,20,3,0,0x00000000,30,20,1/0,strengthened,9,15,8,0,8,0.8,64432,low,7,18,18,15,,,computed-only,computed-only,23,0,0,0,23,0,0,,
64432,0xFBB0,幕府军装束　阵笠,防具,头部,忍者防具,head,667,alternate_source,35948,0x8C6C,head,False,4,180,20,3,0,0x00000000,30,20,2/0,thickened,9,15,8,4,12,1.2,64432,low,0,18,18,15,,,computed-only,computed-only,16,0,0,0,16,0,0,,
64432,0xFBB0,幕府军装束　阵笠,防具,头部,忍者防具,head,667,alternate_source,35948,0x8C6C,head,False,4,180,20,3,0,0x00000000,30,20,1/1,extreme_strengthened,9,15,8,0,8,0.8,64432,low,15,18,18,15,,,computed-only,computed-only,31,0,0,0,31,0,0,,
64432,0xFBB0,幕府军装束　阵笠,防具,头部,忍者防具,head,667,alternate_source,35948,0x8C6C,head,False,4,180,20,3,0,0x00000000,30,20,2/2,extreme_thickened,9,15,8,9,17,1.7,64432,low,0,18,18,15,,,computed-only,computed-only,16,0,0,0,16,0,0,,
64432,0xFBB0,幕府军装束　阵笠,防具,头部,忍者防具,head,667,alternate_source,35948,0x8C6C,head,False,4,180,20,3,0,0x00000000,30,20,1/2,strengthened_plus_thickened,9,15,8,4,12,1.2,64432,low,7,18,18,15,,,computed-only,computed-only,23,0,0,0,23,0,0,,
64577,0xFC41,风魔忍者装束　上衣,防具,身体,忍者防具,chest,886,alternate_source,10607,0x296F,chest,False,4,180,20,3,0,0x00000000,30,20,0/0,unmodified,9,15,14,0,14,1.4,64577,low,0,36,36,15,,,computed-only,computed-only,8,0,0,0,7,0,0,,
64577,0xFC41,风魔忍者装束　上衣,防具,身体,忍者防具,chest,886,alternate_source,10607,0x296F,chest,False,4,180,20,3,0,0x00000000,30,20,1/0,strengthened,9,15,14,0,14,1.4,64577,low,7,36,36,15,,,computed-only,computed-only,15,0,0,0,14,0,0,,
64577,0xFC41,风魔忍者装束　上衣,防具,身体,忍者防具,chest,886,alternate_source,10607,0x296F,chest,False,4,180,20,3,0,0x00000000,30,20,2/0,thickened,9,15,14,4,18,1.8,64577,low,0,36,36,15,,,computed-only,computed-only,8,0,0,0,7,0,0,,
64577,0xFC41,风魔忍者装束　上衣,防具,身体,忍者防具,chest,886,alternate_source,10607,0x296F,chest,False,4,180,20,3,0,0x00000000,30,20,1/1,extreme_strengthened,9,15,14,0,14,1.4,64577,low,15,36,36,15,,,computed-only,computed-only,23,0,0,0,22,0,0,,
64577,0xFC41,风魔忍者装束　上衣,防具,身体,忍者防具,chest,886,alternate_source,10607,0x296F,chest,False,4,180,20,3,0,0x00000000,30,20,2/2,extreme_thickened,9,15,14,9,23,2.3,64577,low,0,36,36,15,,,computed-only,computed-only,8,0,0,0,7,0,0,,
64577,0xFC41,风魔忍者装束　上衣,防具,身体,忍者防具,chest,886,alternate_source,10607,0x296F,chest,False,4,180,20,3,0,0x00000000,30,20,1/2,strengthened_plus_thickened,9,15,14,4,18,1.8,64577,low,7,36,36,15,,,computed-only,computed-only,15,0,0,0,14,0,0,,
64803,0xFD23,镰仓大人之铠　乌帽,防具,头部,武士防具,head,646,alternate_source,26615,0x67F7,head,False,4,180,20,3,0,0x00000000,30,20,0/0,unmodified,9,15,51,0,51,5.1,64803,low,0,50,50,17,,,computed-only,computed-only,0,0,9,12,0,0,0,,
64803,0xFD23,镰仓大人之铠　乌帽,防具,头部,武士防具,head,646,alternate_source,26615,0x67F7,head,False,4,180,20,3,0,0x00000000,30,20,1/0,strengthened,9,15,51,0,51,5.1,64803,low,7,50,50,17,,,computed-only,computed-only,0,0,16,19,0,0,0,,
64803,0xFD23,镰仓大人之铠　乌帽,防具,头部,武士防具,head,646,alternate_source,26615,0x67F7,head,False,4,180,20,3,0,0x00000000,30,20,2/0,thickened,9,15,51,4,55,5.5,64803,low,0,50,50,17,,,computed-only,computed-only,0,0,9,12,0,0,0,,
64803,0xFD23,镰仓大人之铠　乌帽,防具,头部,武士防具,head,646,alternate_source,26615,0x67F7,head,False,4,180,20,3,0,0x00000000,30,20,1/1,extreme_strengthened,9,15,51,0,51,5.1,64803,low,15,50,50,17,,,computed-only,computed-only,0,0,24,27,0,0,0,,
64803,0xFD23,镰仓大人之铠　乌帽,防具,头部,武士防具,head,646,alternate_source,26615,0x67F7,head,False,4,180,20,3,0,0x00000000,30,20,2/2,extreme_thickened,9,15,51,9,60,6.0,64803,low,0,50,50,17,,,computed-only,computed-only,0,0,9,12,0,0,0,,
64803,0xFD23,镰仓大人之铠　乌帽,防具,头部,武士防具,head,646,alternate_source,26615,0x67F7,head,False,4,180,20,3,0,0x00000000,30,20,1/2,strengthened_plus_thickened,9,15,51,4,55,5.5,64803,low,7,50,50,17,,,computed-only,computed-only,0,0,16,19,0,0,0,,
65042,0xFE12,鸢加藤忍衣　臂甲,防具,手臂,忍者防具,arms,922,alternate_source,58519,0xE497,arms,False,4,180,20,3,0,0x00000000,30,20,0/0,unmodified,9,15,8,0,8,0.8,65042,low,0,18,18,15,,,computed-only,computed-only,16,0,0,0,15,0,0,,
65042,0xFE12,鸢加藤忍衣　臂甲,防具,手臂,忍者防具,arms,922,alternate_source,58519,0xE497,arms,False,4,180,20,3,0,0x00000000,30,20,1/0,strengthened,9,15,8,0,8,0.8,65042,low,7,18,18,15,,,computed-only,computed-only,23,0,0,0,22,0,0,,
65042,0xFE12,鸢加藤忍衣　臂甲,防具,手臂,忍者防具,arms,922,alternate_source,58519,0xE497,arms,False,4,180,20,3,0,0x00000000,30,20,2/0,thickened,9,15,8,4,12,1.2,65042,low,0,18,18,15,,,computed-only,computed-only,16,0,0,0,15,0,0,,
65042,0xFE12,鸢加藤忍衣　臂甲,防具,手臂,忍者防具,arms,922,alternate_source,58519,0xE497,arms,False,4,180,20,3,0,0x00000000,30,20,1/1,extreme_strengthened,9,15,8,0,8,0.8,65042,low,15,18,18,15,,,computed-only,computed-only,31,0,0,0,30,0,0,,
65042,0xFE12,鸢加藤忍衣　臂甲,防具,手臂,忍者防具,arms,922,alternate_source,58519,0xE497,arms,False,4,180,20,3,0,0x00000000,30,20,2/2,extreme_thickened,9,15,8,9,17,1.7,65042,low,0,18,18,15,,,computed-only,computed-only,16,0,0,0,15,0,0,,
65042,0xFE12,鸢加藤忍衣　臂甲,防具,手臂,忍者防具,arms,922,alternate_source,58519,0xE497,arms,False,4,180,20,3,0,0x00000000,30,20,1/2,strengthened_plus_thickened,9,15,8,4,12,1.2,65042,low,7,18,18,15,,,computed-only,computed-only,23,0,0,0,22,0,0,,
65169,0xFE91,无缘人之铠　膝甲,防具,腿部,忍者防具,legs,1052,alternate_source,19992,0x4E18,legs,False,4,180,20,3,0,0x00000000,30,20,0/0,unmodified,9,15,24,0,24,2.4,65169,low,0,42,42,16,,,computed-only,computed-only,5,0,0,5,0,0,0,,
65169,0xFE91,无缘人之铠　膝甲,防具,腿部,忍者防具,legs,1052,alternate_source,19992,0x4E18,legs,False,4,180,20,3,0,0x00000000,30,20,1/0,strengthened,9,15,24,0,24,2.4,65169,low,7,42,42,16,,,computed-only,computed-only,12,0,0,12,0,0,0,,
65169,0xFE91,无缘人之铠　膝甲,防具,腿部,忍者防具,legs,1052,alternate_source,19992,0x4E18,legs,False,4,180,20,3,0,0x00000000,30,20,2/0,thickened,9,15,24,4,28,2.8,65169,low,0,42,42,16,,,computed-only,computed-only,5,0,0,5,0,0,0,,
65169,0xFE91,无缘人之铠　膝甲,防具,腿部,忍者防具,legs,1052,alternate_source,19992,0x4E18,legs,False,4,180,20,3,0,0x00000000,30,20,1/1,extreme_strengthened,9,15,24,0,24,2.4,65169,low,15,42,42,16,,,computed-only,computed-only,20,0,0,20,0,0,0,,
65169,0xFE91,无缘人之铠　膝甲,防具,腿部,忍者防具,legs,1052,alternate_source,19992,0x4E18,legs,False,4,180,20,3,0,0x00000000,30,20,2/2,extreme_thickened,9,15,24,9,33,3.3,65169,low,0,42,42,16,,,computed-only,computed-only,5,0,0,5,0,0,0,,
65169,0xFE91,无缘人之铠　膝甲,防具,腿部,忍者防具,legs,1052,alternate_source,19992,0x4E18,legs,False,4,180,20,3,0,0x00000000,30,20,1/2,strengthened_plus_thickened,9,15,24,4,28,2.8,65169,low,7,42,42,16,,,computed-only,computed-only,12,0,0,12,0,0,0,,
65292,0xFF0C,逃弹正之铠　膝甲,防具,腿部,武士防具,legs,719,alternate_source,23645,0x5C5D,legs,False,4,180,20,3,0,0x00000000,30,20,0/0,unmodified,9,15,74,0,74,7.4,65292,low,0,75,75,17,,,computed-only,computed-only,0,0,9,8,0,0,0,,
65292,0xFF0C,逃弹正之铠　膝甲,防具,腿部,武士防具,legs,719,alternate_source,23645,0x5C5D,legs,False,4,180,20,3,0,0x00000000,30,20,1/0,strengthened,9,15,74,0,74,7.4,65292,low,7,75,75,17,,,computed-only,computed-only,0,0,16,15,0,0,0,,
65292,0xFF0C,逃弹正之铠　膝甲,防具,腿部,武士防具,legs,719,alternate_source,23645,0x5C5D,legs,False,4,180,20,3,0,0x00000000,30,20,2/0,thickened,9,15,74,4,78,7.8,65292,low,0,75,75,17,,,computed-only,computed-only,0,0,9,8,0,0,0,,
65292,0xFF0C,逃弹正之铠　膝甲,防具,腿部,武士防具,legs,719,alternate_source,23645,0x5C5D,legs,False,4,180,20,3,0,0x00000000,30,20,1/1,extreme_strengthened,9,15,74,0,74,7.4,65292,low,15,75,75,17,,,computed-only,computed-only,0,0,24,23,0,0,0,,
65292,0xFF0C,逃弹正之铠　膝甲,防具,腿部,武士防具,legs,719,alternate_source,23645,0x5C5D,legs,False,4,180,20,3,0,0x00000000,30,20,2/2,extreme_thickened,9,15,74,9,83,8.3,65292,low,0,75,75,17,,,computed-only,computed-only,0,0,9,8,0,0,0,,
65292,0xFF0C,逃弹正之铠　膝甲,防具,腿部,武士防具,legs,719,alternate_source,23645,0x5C5D,legs,False,4,180,20,3,0,0x00000000,30,20,1/2,strengthened_plus_thickened,9,15,74,4,78,7.8,65292,low,7,75,75,17,,,computed-only,computed-only,0,0,16,15,0,0,0,,
65299,0xFF13,霸王狙击装束　胸甲,防具,身体,忍者防具,chest,789,alternate_source,30310,0x7666,chest,False,4,180,20,3,0,0x00000000,30,20,0/0,unmodified,9,15,34,0,34,3.4,65299,low,0,56,56,16,,,computed-only,computed-only,0,0,7,0,6,0,0,,
65299,0xFF13,霸王狙击装束　胸甲,防具,身体,忍者防具,chest,789,alternate_source,30310,0x7666,chest,False,4,180,20,3,0,0x00000000,30,20,1/0,strengthened,9,15,34,0,34,3.4,65299,low,7,56,56,16,,,computed-only,computed-only,0,0,14,0,13,0,0,,
65299,0xFF13,霸王狙击装束　胸甲,防具,身体,忍者防具,chest,789,alternate_source,30310,0x7666,chest,False,4,180,20,3,0,0x00000000,30,20,2/0,thickened,9,15,34,4,38,3.8,65299,low,0,56,56,16,,,computed-only,computed-only,0,0,7,0,6,0,0,,
65299,0xFF13,霸王狙击装束　胸甲,防具,身体,忍者防具,chest,789,alternate_source,30310,0x7666,chest,False,4,180,20,3,0,0x00000000,30,20,1/1,extreme_strengthened,9,15,34,0,34,3.4,65299,low,15,56,56,16,,,computed-only,computed-only,0,0,22,0,21,0,0,,
65299,0xFF13,霸王狙击装束　胸甲,防具,身体,忍者防具,chest,789,alternate_source,30310,0x7666,chest,False,4,180,20,3,0,0x00000000,30,20,2/2,extreme_thickened,9,15,34,9,43,4.3,65299,low,0,56,56,16,,,computed-only,computed-only,0,0,7,0,6,0,0,,
65299,0xFF13,霸王狙击装束　胸甲,防具,身体,忍者防具,chest,789,alternate_source,30310,0x7666,chest,False,4,180,20,3,0,0x00000000,30,20,1/2,strengthened_plus_thickened,9,15,34,4,38,3.8,65299,low,7,56,56,16,,,computed-only,computed-only,0,0,14,0,13,0,0,,
65374,0xFF5E,八重垣流装束　面具,防具,头部,忍者防具,head,812,alternate_source,40967,0xA007,head,False,4,180,20,3,0,0x00000000,30,20,0/0,unmodified,9,15,26,0,26,2.6,65374,low,0,49,49,16,,,computed-only,computed-only,0,0,12,0,20,0,0,,
65374,0xFF5E,八重垣流装束　面具,防具,头部,忍者防具,head,812,alternate_source,40967,0xA007,head,False,4,180,20,3,0,0x00000000,30,20,1/0,strengthened,9,15,26,0,26,2.6,65374,low,7,49,49,16,,,computed-only,computed-only,0,0,19,0,27,0,0,,
65374,0xFF5E,八重垣流装束　面具,防具,头部,忍者防具,head,812,alternate_source,40967,0xA007,head,False,4,180,20,3,0,0x00000000,30,20,2/0,thickened,9,15,26,4,30,3.0,65374,low,0,49,49,16,,,computed-only,computed-only,0,0,12,0,20,0,0,,
65374,0xFF5E,八重垣流装束　面具,防具,头部,忍者防具,head,812,alternate_source,40967,0xA007,head,False,4,180,20,3,0,0x00000000,30,20,1/1,extreme_strengthened,9,15,26,0,26,2.6,65374,low,15,49,49,16,,,computed-only,computed-only,0,0,27,0,35,0,0,,
65374,0xFF5E,八重垣流装束　面具,防具,头部,忍者防具,head,812,alternate_source,40967,0xA007,head,False,4,180,20,3,0,0x00000000,30,20,2/2,extreme_thickened,9,15,26,9,35,3.5,65374,low,0,49,49,16,,,computed-only,computed-only,0,0,12,0,20,0,0,,
65374,0xFF5E,八重垣流装束　面具,防具,头部,忍者防具,head,812,alternate_source,40967,0xA007,head,False,4,180,20,3,0,0x00000000,30,20,1/2,strengthened_plus_thickened,9,15,26,4,30,3.0,65374,low,7,49,49,16,,,computed-only,computed-only,0,0,19,0,27,0,0,,
