row_index,item_id,item_id_hex,type_class,weight_raw,weight,is_current_armor,catalog_known,name,catalog_major,catalog_minor,catalog_group,planner_candidate,req_body,req_body_aux,req_body_raw_u16,req_heart,req_heart_aux,req_heart_raw_u16,req_stamina,req_stamina_aux,req_stamina_raw_u16,req_strength,req_strength_aux,req_strength_raw_u16,req_skill,req_skill_aux,req_skill_raw_u16
0,40740,0x9F24,58,11,1.1,False,True,美浓传打刀,武器,忍刀,忍者武器,False,0,0,0,0,0,0,0,0,0,0,0,0,0,0,0
1,14809,0x39D9,58,11,1.1,False,True,蜥蜴丸,武器,,,False,0,0,0,0,0,0,0,0,0,0,0,0,0,0,0
2,62620,0xF49C,58,21,2.1,False,True,美浓传打刀双刀,武器,忍双刀,忍者武器,False,0,0,0,0,0,0,0,0,0,0,0,0,0,0,0
3,3435,0x0D6B,58,21,2.1,False,True,血吸·蜘蛛切,武器,,近战武器,False,0,0,0,0,0,0,0,0,0,0,0,0,0,0,0
4,52146,0xCBB2,58,20,2.0,False,True,长枪,武器,枪,武士武器,False,0,0,0,0,0,0,0,0,0,0,0,0,0,0,0
5,12226,0x2FC2,58,48,4.8,False,True,破栅之斧,武器,斧,武士武器,False,0,0,0,0,0,0,0,0,0,0,0,0,0,0,0
6,63541,0xF835,58,18,1.8,False,True,间谍锁镰,武器,锁镰,忍者武器,False,0,0,0,0,0,0,0,0,0,0,0,0,0,0,0
7,45340,0xB11C,58,16,1.6,False,True,大和传大太刀,武器,大太刀,武士武器,False,0,0,0,0,0,0,0,0,0,0,0,0,0,0,0
8,34547,0x86F3,58,20,2.0,False,True,紫檀旋棍,武器,旋棍,忍者武器,False,0,0,0,0,0,0,0,0,0,0,0,0,0,0,0
9,40064,0x9C80,58,11,1.1,False,True,山贼手斧,武器,手斧,忍者武器,False,0,0,0,0,0,0,0,0,0,0,0,0,0,0,0
10,24305,0x5EF1,58,20,2.0,False,True,黑铁薙刀镰,武器,薙刀镰,武士武器,False,0,0,0,0,0,0,0,0,0,0,0,0,0,0,0
11,25010,0x61B2,58,18,1.8,False,True,下忍机关棍,武器,机关棍,忍者武器,False,0,0,0,0,0,0,0,0,0,0,0,0,0,0,0
12,1519,0x05EF,58,18,1.8,False,True,皮手甲,武器,手甲,武士武器,False,0,0,0,0,0,0,0,0,0,0,0,0,0,0,0
13,24705,0x6081,58,18,1.8,False,True,土蜘蛛众手甲钩,武器,手甲钩,忍者武器,False,0,0,0,0,0,0,0,0,0,0,0,0,0,0,0
14,55151,0xD76F,58,18,1.8,False,True,步兵盾矛,武器,盾矛,武士武器,False,0,0,0,0,0,0,0,0,0,0,0,0,0,0,0
15,33366,0x8256,58,18,1.8,False,True,琉球盾矛,武器,忍盾矛,忍者武器,False,0,0,0,0,0,0,0,0,0,0,0,0,0,0,0
16,63116,0xF68C,58,3,0.3,False,True,长弓,武器,弓,远程武器,False,0,0,0,0,0,0,0,0,0,0,0,0,0,0,0
17,21743,0x54EF,58,5,0.5,False,True,种子岛枪,武器,火枪,远程武器,False,0,0,0,0,0,0,0,0,0,0,0,0,0,0,0
18,12961,0x32A1,58,10,1.0,False,True,手持大炮,武器,大炮,远程武器,False,0,0,0,0,0,0,0,0,0,0,0,0,0,0,0
19,59792,0xE990,58,10,1.0,False,True,盗贼轻铠　面具,防具,头部,忍者防具,False,4,2,516,0,0,0,0,0,0,0,0,0,5,2,517
20,45376,0xB140,58,20,2.0,False,True,盗贼轻铠　胸甲,防具,身体,忍者防具,False,4,2,516,0,0,0,0,0,0,0,0,0,5,2,517
21,49635,0xC1E3,58,10,1.0,False,True,盗贼轻铠　臂甲,防具,手臂,忍者防具,False,4,2,516,0,0,0,0,0,0,0,0,0,5,2,517
22,51487,0xC91F,58,15,1.5,False,True,盗贼轻铠　膝甲,防具,腿部,忍者防具,False,4,2,516,0,0,0,0,0,0,0,0,0,5,2,517
23,47077,0xB7E5,58,10,1.0,False,True,盗贼轻铠　腿甲,防具,足部,忍者防具,False,4,2,516,0,0,0,0,0,0,0,0,0,5,2,517
24,52771,0xCE23,58,22,2.2,False,True,足轻中铠　阵笠,防具,头部,武士防具,False,6,3,774,0,0,0,0,0,0,5,2,517,0,0,0
25,5078,0x13D6,58,44,4.4,False,True,足轻中铠　胸甲,防具,身体,武士防具,False,6,3,774,0,0,0,0,0,0,5,2,517,0,0,0
26,6646,0x19F6,58,22,2.2,False,True,足轻中铠　臂甲,防具,手臂,武士防具,False,6,3,774,0,0,0,0,0,0,5,2,517,0,0,0
27,48035,0xBBA3,58,33,3.3,False,True,足轻中铠　膝甲,防具,腿部,武士防具,False,6,3,774,0,0,0,0,0,0,5,2,517,0,0,0
28,22146,0x5682,58,22,2.2,False,True,足轻中铠　腿甲,防具,足部,武士防具,False,6,3,774,0,0,0,0,0,0,5,2,517,0,0,0
29,53345,0xD061,58,45,4.5,False,True,盗贼之铠　头盔,防具,头部,忍者防具,False,0,0,0,0,0,0,6,3,774,6,3,774,0,0,0
30,9044,0x2354,58,90,9.0,False,True,盗贼之铠　胸甲,防具,身体,忍者防具,False,0,0,0,0,0,0,6,3,774,6,3,774,0,0,0
31,63111,0xF687,58,45,4.5,False,True,盗贼之铠　臂甲,防具,手臂,忍者防具,False,0,0,0,0,0,0,6,3,774,6,3,774,0,0,0
32,56936,0xDE68,58,68,6.8,False,True,盗贼之铠　膝甲,防具,腿部,忍者防具,False,0,0,0,0,0,0,6,3,774,6,3,774,0,0,0
33,19224,0x4B18,58,45,4.5,False,True,盗贼之铠　腿甲,防具,足部,忍者防具,False,0,0,0,0,0,0,6,3,774,6,3,774,0,0,0
34,10175,0x27BF,0,14,1.4,False,True,木刀,武器,刀,武士武器,False,0,0,0,0,0,0,0,0,0,0,0,0,0,0,0
35,20503,0x5017,0,14,1.4,False,True,木刀,武器,忍刀,忍者武器,False,0,0,0,0,0,0,0,0,0,0,0,0,0,0,0
36,19447,0x4BF7,0,11,1.1,False,True,备前传太刀,武器,刀,武士武器,False,0,0,0,0,0,0,0,0,0,0,0,0,0,0,0
37,424,0x01A8,0,12,1.2,False,True,千手院太刀,武器,刀,武士武器,False,0,0,0,0,0,0,0,0,0,0,0,0,0,0,0
38,37792,0x93A0,0,12,1.2,False,True,备前长船,武器,刀,武士武器,False,0,0,0,0,0,0,0,0,0,0,0,0,0,0,0
39,8627,0x21B3,0,13,1.3,False,True,当麻国行,武器,刀,武士武器,False,0,0,0,0,0,0,0,0,0,0,0,0,0,0,0
40,59307,0xE7AB,0,14,1.4,False,True,长船兼光,武器,刀,武士武器,False,0,0,0,0,0,0,0,0,0,0,0,0,0,0,0
41,1443,0x05A3,0,11,1.1,False,True,九字兼定,武器,刀,武士武器,False,0,0,0,0,0,0,0,0,0,0,0,0,0,0,0
42,36187,0x8D5B,0,11,1.1,False,True,甲斐国江,武器,刀,武士武器,False,0,0,0,0,0,0,0,0,0,0,0,0,0,0,0
43,41835,0xA36B,0,18,1.8,False,True,楚叶矢之剑,武器,刀,武士武器,False,0,0,0,0,0,0,0,0,0,0,0,0,0,0,0
44,56357,0xDC25,0,14,1.4,False,True,大天狗正家,武器,刀,武士武器,False,0,0,0,0,0,0,0,0,0,0,0,0,0,0,0
45,53581,0xD14D,0,11,1.1,False,True,薄绿,武器,刀,武士武器,False,0,0,0,0,0,0,0,0,0,0,0,0,0,0,0
46,48601,0xBDD9,0,11,1.1,False,True,鬼切,武器,刀,武士武器,False,0,0,0,0,0,0,0,0,0,0,0,0,0,0,0
47,36794,0x8FBA,0,15,1.5,False,True,童子切安纲,武器,刀,武士武器,False,0,0,0,0,0,0,0,0,0,0,0,0,0,0,0
48,61723,0xF11B,0,11,1.1,False,True,髭切,武器,刀,武士武器,False,0,0,0,0,0,0,0,0,0,0,0,0,0,0,0
49,60800,0xED80,0,11,1.1,False,True,邪马台国之剑,武器,刀,武士武器,False,0,0,0,0,0,0,0,0,0,0,0,0,0,0,0
50,32707,0x7FC3,0,11,1.1,False,True,笑面青江,武器,刀,武士武器,False,0,0,0,0,0,0,0,0,0,0,0,0,0,0,0
51,21631,0x547F,0,14,1.4,False,True,大典太光世,武器,刀,武士武器,False,0,0,0,0,0,0,0,0,0,0,0,0,0,0,0
52,9288,0x2448,0,11,1.1,False,True,加州清光,武器,刀,武士武器,False,0,0,0,0,0,0,0,0,0,0,0,0,0,0,0
53,62755,0xF523,0,11,1.1,False,True,蜥蜴丸,武器,刀,武士武器,False,0,0,0,0,0,0,0,0,0,0,0,0,0,0,0
54,39996,0x9C3C,0,11,1.1,False,True,长曾祢虎彻,武器,刀,武士武器,False,0,0,0,0,0,0,0,0,0,0,0,0,0,0,0
55,58910,0xE61E,0,16,1.6,False,True,鬼丸国纲,武器,刀,武士武器,False,0,0,0,0,0,0,0,0,0,0,0,0,0,0,0
56,6927,0x1B0F,0,11,1.1,False,True,家光的装饰刀,武器,刀,武士武器,False,0,0,0,0,0,0,0,0,0,0,0,0,0,0,0
57,4569,0x11D9,0,11,1.1,False,True,处斩丽刀,武器,刀,武士武器,False,0,0,0,0,0,0,0,0,0,0,0,0,0,0,0
58,49364,0xC0D4,1274478592,11,1.1,False,True,狱妖刀,武器,刀,武士武器,False,0,0,0,0,0,0,0,0,0,0,0,0,0,0,0
59,51496,0xC928,0,11,1.1,False,True,长船近景,武器,刀,武士武器,False,0,0,0,0,0,0,0,0,0,0,0,0,0,0,0
60,47560,0xB9C8,0,11,1.1,False,True,备前传打刀,武器,忍刀,忍者武器,False,0,0,0,0,0,0,0,0,0,0,0,0,0,0,0
61,53956,0xD2C4,0,11,1.1,False,True,美浓传打刀,武器,忍刀,忍者武器,False,0,0,0,0,0,0,0,0,0,0,0,0,0,0,0
62,13392,0x3450,0,12,1.2,False,True,大和传打刀,武器,忍刀,忍者武器,False,0,0,0,0,0,0,0,0,0,0,0,0,0,0,0
63,63397,0xF7A5,0,13,1.3,False,True,千手院打刀,武器,忍刀,忍者武器,False,0,0,0,0,0,0,0,0,0,0,0,0,0,0,0
64,29945,0x74F9,0,12,1.2,False,True,备前一文字,武器,忍刀,忍者武器,False,0,0,0,0,0,0,0,0,0,0,0,0,0,0,0
65,55692,0xD98C,0,14,1.4,False,True,菊一文字,武器,忍刀,忍者武器,False,0,0,0,0,0,0,0,0,0,0,0,0,0,0,0
66,24859,0x611B,0,15,1.5,False,True,压切长谷部,武器,忍刀,忍者武器,False,0,0,0,0,0,0,0,0,0,0,0,0,0,0,0
67,13360,0x3430,0,14,1.4,False,True,古备前友成,武器,忍刀,忍者武器,False,0,0,0,0,0,0,0,0,0,0,0,0,0,0,0
68,52518,0xCD26,0,16,1.6,False,True,鬼泪村正,武器,忍刀,忍者武器,False,0,0,0,0,0,0,0,0,0,0,0,0,0,0,0
69,24639,0x603F,0,11,1.1,False,True,薄绿,武器,忍刀,忍者武器,False,0,0,0,0,0,0,0,0,0,0,0,0,0,0,0
70,10767,0x2A0F,0,15,1.5,False,True,三日月宗近,武器,忍刀,忍者武器,False,0,0,0,0,0,0,0,0,0,0,0,0,0,0,0
71,61230,0xEF2E,0,11,1.1,False,True,早鹰,武器,忍刀,忍者武器,False,0,0,0,0,0,0,0,0,0,0,0,0,0,0,0
72,23071,0x5A1F,0,15,1.5,False,True,安宅贞宗,武器,忍刀,忍者武器,False,0,0,0,0,0,0,0,0,0,0,0,0,0,0,0
73,30019,0x7543,0,11,1.1,False,True,实休光忠,武器,忍刀,忍者武器,False,0,0,0,0,0,0,0,0,0,0,0,0,0,0,0
74,30162,0x75D2,0,16,1.6,False,True,雷切,武器,忍刀,忍者武器,False,0,0,0,0,0,0,0,0,0,0,0,0,0,0,0
75,32738,0x7FE2,0,11,1.1,False,True,蜥蜴丸,武器,忍刀,忍者武器,False,0,0,0,0,0,0,0,0,0,0,0,0,0,0,0
76,6909,0x1AFD,0,16,1.6,False,True,念珠丸恒次,武器,忍刀,忍者武器,False,0,0,0,0,0,0,0,0,0,0,0,0,0,0,0
77,36950,0x9056,0,11,1.1,False,True,藤原贞安,武器,忍刀,忍者武器,False,0,0,0,0,0,0,0,0,0,0,0,0,0,0,0
78,35738,0x8B9A,0,11,1.1,False,True,,武器,,NPC武器,False,0,0,0,0,0,0,0,0,0,0,0,0,0,0,0
79,6804,0x1A94,0,11,1.1,False,True,凶王之剑,武器,忍刀,忍者武器,False,0,0,0,0,0,0,0,0,0,0,0,0,0,0,0
80,44350,0xAD3E,0,11,1.1,False,True,家光的装饰刀,武器,忍刀,忍者武器,False,0,0,0,0,0,0,0,0,0,0,0,0,0,0,0
81,3352,0x0D18,3116892160,11,1.1,False,True,狱妖忍刀,武器,忍刀,忍者武器,False,0,0,0,0,0,0,0,0,0,0,0,0,0,0,0
82,17332,0x43B4,0,11,1.1,False,True,大目付忍刀,武器,忍刀,忍者武器,False,0,0,0,0,0,0,0,0,0,0,0,0,0,0,0
83,32935,0x80A7,0,11,1.1,False,True,楚叶矢丸,武器,,NPC武器,False,0,0,0,0,0,0,0,0,0,0,0,0,0,0,0
84,17797,0x4585,0,11,1.1,False,True,,武器,,NPC武器,False,0,0,0,0,0,0,0,0,0,0,0,0,0,0,0
85,19131,0x4ABB,0,11,1.1,False,True,,武器,,NPC武器,False,0,0,0,0,0,0,0,0,0,0,0,0,0,0,0
86,55430,0xD886,0,11,1.1,False,True,,武器,,NPC武器,False,0,0,0,0,0,0,0,0,0,0,0,0,0,0,0
87,35950,0x8C6E,0,11,1.1,False,True,,武器,,NPC武器,False,0,0,0,0,0,0,0,0,0,0,0,0,0,0,0
88,18541,0x486D,0,11,1.1,False,True,,武器,,NPC武器,False,0,0,0,0,0,0,0,0,0,0,0,0,0,0,0
89,31894,0x7C96,0,11,1.1,False,True,,武器,,NPC武器,False,0,0,0,0,0,0,0,0,0,0,0,0,0,0,0
90,31085,0x796D,0,11,1.1,False,True,,武器,,NPC武器,False,0,0,0,0,0,0,0,0,0,0,0,0,0,0,0
91,13015,0x32D7,0,11,1.1,False,True,,武器,,NPC武器,False,0,0,0,0,0,0,0,0,0,0,0,0,0,0,0
92,11080,0x2B48,0,11,1.1,False,True,,武器,,NPC武器,False,0,0,0,0,0,0,0,0,0,0,0,0,0,0,0
93,33317,0x8225,0,11,1.1,False,True,,武器,,NPC武器,False,0,0,0,0,0,0,0,0,0,0,0,0,0,0,0
94,20369,0x4F91,0,11,1.1,False,True,,武器,,NPC武器,False,0,0,0,0,0,0,0,0,0,0,0,0,0,0,0
95,23431,0x5B87,0,11,1.1,False,True,,武器,,NPC武器,False,0,0,0,0,0,0,0,0,0,0,0,0,0,0,0
96,27810,0x6CA2,1,11,1.1,False,True,,武器,,NPC武器,False,0,0,0,0,0,0,0,0,0,0,0,0,0,0,0
97,28098,0x6DC2,0,11,1.1,False,True,执念之鬼的大炮,武器,,NPC武器,False,0,0,0,0,0,0,0,0,0,0,0,0,0,0,0
98,19428,0x4BE4,3,48,4.8,False,True,,武器,,NPC武器,False,0,0,0,0,0,0,0,0,0,0,0,0,0,0,0
99,57436,0xE05C,21,1,0.1,False,True,,武器,,远程武器,False,0,0,0,0,0,0,0,0,0,0,0,0,0,0,0
100,8521,0x2149,3,48,4.8,False,True,,武器,,NPC武器,False,0,0,0,0,0,0,0,0,0,0,0,0,0,0,0
101,25675,0x644B,3,48,4.8,False,True,,武器,,NPC武器,False,0,0,0,0,0,0,0,0,0,0,0,0,0,0,0
102,35719,0x8B87,4,11,1.1,False,True,,武器,,NPC武器,False,0,0,0,0,0,0,0,0,0,0,0,0,0,0,0
103,40151,0x9CD7,0,11,1.1,False,True,,武器,,NPC武器,False,0,0,0,0,0,0,0,0,0,0,0,0,0,0,0
104,24741,0x60A5,0,11,1.1,False,True,,武器,,NPC武器,False,0,0,0,0,0,0,0,0,0,0,0,0,0,0,0
105,35001,0x88B9,0,11,1.1,False,True,,武器,,NPC武器,False,0,0,0,0,0,0,0,0,0,0,0,0,0,0,0
106,26159,0x662F,1,20,2.0,False,True,双木刀,武器,双刀,武士武器,False,0,0,0,0,0,0,0,0,0,0,0,0,0,0,0
107,41889,0xA3A1,1,20,2.0,False,True,双木刀,武器,忍双刀,忍者武器,False,0,0,0,0,0,0,0,0,0,0,0,0,0,0,0
108,16743,0x4167,1,21,2.1,False,True,美浓传太刀双刀,武器,双刀,武士武器,False,0,0,0,0,0,0,0,0,0,0,0,0,0,0,0
109,46150,0xB446,1,22,2.2,False,True,相州传太刀双刀,武器,双刀,武士武器,False,0,0,0,0,0,0,0,0,0,0,0,0,0,0,0
110,34496,0x86C0,1,23,2.3,False,True,关物太刀双刀,武器,双刀,武士武器,False,0,0,0,0,0,0,0,0,0,0,0,0,0,0,0
111,15054,0x3ACE,1,22,2.2,False,True,地狱锯,武器,双刀,武士武器,False,0,0,0,0,0,0,0,0,0,0,0,0,0,0,0
112,27682,0x6C22,1,22,2.2,False,True,关兼则双刀,武器,双刀,武士武器,False,0,0,0,0,0,0,0,0,0,0,0,0,0,0,0
113,52711,0xCDE7,1,22,2.2,False,True,御一门众双刀,武器,双刀,武士武器,False,0,0,0,0,0,0,0,0,0,0,0,0,0,0,0
114,31517,0x7B1D,1,20,2.0,False,True,染血双锲,武器,双刀,武士武器,False,0,0,0,0,0,0,0,0,0,0,0,0,0,0,0
115,57641,0xE129,1,20,2.0,False,True,山姥菜刀,武器,双刀,武士武器,False,0,0,0,0,0,0,0,0,0,0,0,0,0,0,0
116,50932,0xC6F4,1,26,2.6,False,True,不动国行·药研藤四郎,武器,双刀,武士武器,False,0,0,0,0,0,0,0,0,0,0,0,0,0,0,0
117,2578,0x0A12,1,28,2.8,False,True,狮子王·骨食,武器,双刀,武士武器,False,0,0,0,0,0,0,0,0,0,0,0,0,0,0,0
118,15062,0x3AD6,1,22,2.2,False,True,弟君双刀,武器,双刀,武士武器,False,0,0,0,0,0,0,0,0,0,0,0,0,0,0,0
119,9366,0x2496,1,20,2.0,False,True,大般若长光·刨切,武器,双刀,武士武器,False,0,0,0,0,0,0,0,0,0,0,0,0,0,0,0
120,50469,0xC525,1,24,2.4,False,True,来国次双刀,武器,双刀,武士武器,False,0,0,0,0,0,0,0,0,0,0,0,0,0,0,0
121,38355,0x95D3,1,22,2.2,False,True,和泉守兼定·葵纹越前康继,武器,双刀,武士武器,False,0,0,0,0,0,0,0,0,0,0,0,0,0,0,0
122,42970,0xA7DA,1,22,2.2,False,True,本庄正宗·军刀,武器,双刀,武士武器,False,0,0,0,0,0,0,0,0,0,0,0,0,0,0,0
123,59542,0xE896,1,21,2.1,False,True,一期一振·亲子藤四郎,武器,双刀,武士武器,False,0,0,0,0,0,0,0,0,0,0,0,0,0,0,0
124,10177,0x27C1,1097269249,21,2.1,False,True,狱妖双刀,武器,双刀,武士武器,False,0,0,0,0,0,0,0,0,0,0,0,0,0,0,0
125,39814,0x9B86,1,21,2.1,False,True,法桥来金道·宇多国光,武器,双刀,武士武器,False,0,0,0,0,0,0,0,0,0,0,0,0,0,0,0
126,58139,0xE31B,1,21,2.1,False,True,美浓传打刀双刀,武器,忍双刀,忍者武器,False,0,0,0,0,0,0,0,0,0,0,0,0,0,0,0
127,17596,0x44BC,1,20,2.0,False,True,相州传打刀双刀,武器,忍双刀,忍者武器,False,0,0,0,0,0,0,0,0,0,0,0,0,0,0,0
128,3386,0x0D3A,1,21,2.1,False,True,关物打刀双刀,武器,忍双刀,忍者武器,False,0,0,0,0,0,0,0,0,0,0,0,0,0,0,0
129,16899,0x4203,1,22,2.2,False,True,地狱锯,武器,忍双刀,忍者武器,False,0,0,0,0,0,0,0,0,0,0,0,0,0,0,0
130,11407,0x2C8F,1,24,2.4,False,True,关兼吉双刀,武器,忍双刀,忍者武器,False,0,0,0,0,0,0,0,0,0,0,0,0,0,0,0
131,12085,0x2F35,1,27,2.7,False,True,笼钓瓶村正·猪切,武器,忍双刀,忍者武器,False,0,0,0,0,0,0,0,0,0,0,0,0,0,0,0
132,48872,0xBEE8,1,20,2.0,False,True,染血双锲,武器,忍双刀,忍者武器,False,0,0,0,0,0,0,0,0,0,0,0,0,0,0,0
133,49161,0xC009,1,20,2.0,False,True,山姥菜刀,武器,忍双刀,忍者武器,False,0,0,0,0,0,0,0,0,0,0,0,0,0,0,0
134,12428,0x308C,1,29,2.9,False,True,七星剑·丙子椒林剑,武器,忍双刀,忍者武器,False,0,0,0,0,0,0,0,0,0,0,0,0,0,0,0
135,51529,0xC949,1,25,2.5,False,True,小乌丸·拔丸,武器,忍双刀,忍者武器,False,0,0,0,0,0,0,0,0,0,0,0,0,0,0,0
136,41508,0xA224,1,26,2.6,False,True,孙六兼元双刀,武器,忍双刀,忍者武器,False,0,0,0,0,0,0,0,0,0,0,0,0,0,0,0
137,41965,0xA3ED,1,21,2.1,False,True,曝野·白枝,武器,忍双刀,忍者武器,False,0,0,0,0,0,0,0,0,0,0,0,0,0,0,0
138,54690,0xD5A2,1,25,2.5,False,True,相州正宗双刀,武器,忍双刀,忍者武器,False,0,0,0,0,0,0,0,0,0,0,0,0,0,0,0
139,49676,0xC20C,1,21,2.1,False,True,乡义弘双刀,武器,忍双刀,忍者武器,False,0,0,0,0,0,0,0,0,0,0,0,0,0,0,0
140,8744,0x2228,1,23,2.3,False,True,之定双刀,武器,忍双刀,忍者武器,False,0,0,0,0,0,0,0,0,0,0,0,0,0,0,0
141,48887,0xBEF7,1,27,2.7,False,True,大包平·莺丸,武器,忍双刀,忍者武器,False,0,0,0,0,0,0,0,0,0,0,0,0,0,0,0
142,30572,0x776C,3810197505,25,2.5,False,True,狱妖忍双刀,武器,忍双刀,忍者武器,False,0,0,0,0,0,0,0,0,0,0,0,0,0,0,0
143,23745,0x5CC1,1,27,2.7,False,True,柳生众忍双刀,武器,忍双刀,忍者武器,False,0,0,0,0,0,0,0,0,0,0,0,0,0,0,0
144,11679,0x2D9F,1,21,2.1,False,True,,武器,,NPC武器,False,0,0,0,0,0,0,0,0,0,0,0,0,0,0,0
145,17457,0x4431,1,21,2.1,False,True,,武器,,NPC武器,False,0,0,0,0,0,0,0,0,0,0,0,0,0,0,0
146,58183,0xE347,1,21,2.1,False,True,,武器,,NPC武器,False,0,0,0,0,0,0,0,0,0,0,0,0,0,0,0
147,41617,0xA291,1,21,2.1,False,True,,武器,,NPC武器,False,0,0,0,0,0,0,0,0,0,0,0,0,0,0,0
148,35231,0x899F,1,21,2.1,False,True,,武器,,NPC武器,False,0,0,0,0,0,0,0,0,0,0,0,0,0,0,0
149,7993,0x1F39,1,21,2.1,False,True,,武器,,NPC武器,False,0,0,0,0,0,0,0,0,0,0,0,0,0,0,0
150,11923,0x2E93,1,20,2.0,False,True,,武器,,NPC武器,False,0,0,0,0,0,0,0,0,0,0,0,0,0,0,0
151,32893,0x807D,2,18,1.8,False,True,木枪,武器,枪,武士武器,False,0,0,0,0,0,0,0,0,0,0,0,0,0,0,0
152,64403,0xFB93,2,20,2.0,False,True,长枪,武器,枪,武士武器,False,0,0,0,0,0,0,0,0,0,0,0,0,0,0,0
153,57412,0xE044,2,20,2.0,False,True,数枪,武器,枪,武士武器,False,0,0,0,0,0,0,0,0,0,0,0,0,0,0,0
154,1242,0x04DA,2,26,2.6,False,True,单镰枪,武器,枪,武士武器,False,0,0,0,0,0,0,0,0,0,0,0,0,0,0,0
155,27836,0x6CBC,2,20,2.0,False,True,万骨,武器,枪,武士武器,False,0,0,0,0,0,0,0,0,0,0,0,0,0,0,0
156,14599,0x3907,2,21,2.1,False,True,十字枪,武器,枪,武士武器,False,0,0,0,0,0,0,0,0,0,0,0,0,0,0,0
157,1998,0x07CE,2,22,2.2,False,True,组长之枪,武器,枪,武士武器,False,0,0,0,0,0,0,0,0,0,0,0,0,0,0,0
158,12516,0x30E4,2,22,2.2,False,True,侍童十字枪,武器,枪,武士武器,False,0,0,0,0,0,0,0,0,0,0,0,0,0,0,0
159,25974,0x6576,2,20,2.0,False,True,小松明,武器,枪,武士武器,False,0,0,0,0,0,0,0,0,0,0,0,0,0,0,0
160,26597,0x67E5,2,23,2.3,False,True,武者十字枪,武器,枪,武士武器,False,0,0,0,0,0,0,0,0,0,0,0,0,0,0,0
161,23051,0x5A0B,2,20,2.0,False,True,古笼火之枪,武器,枪,武士武器,False,0,0,0,0,0,0,0,0,0,0,0,0,0,0,0
162,30357,0x7695,2,23,2.3,False,True,步兵大将之枪,武器,枪,武士武器,False,0,0,0,0,0,0,0,0,0,0,0,0,0,0,0
163,23397,0x5B65,2,25,2.5,False,True,牛角十字枪,武器,枪,武士武器,False,0,0,0,0,0,0,0,0,0,0,0,0,0,0,0
164,59606,0xE8D6,2,28,2.8,False,True,蜻蛉切,武器,枪,武士武器,False,0,0,0,0,0,0,0,0,0,0,0,0,0,0,0
165,63309,0xF74D,2,25,2.5,False,True,穿岩十字枪,武器,枪,武士武器,False,0,0,0,0,0,0,0,0,0,0,0,0,0,0,0
166,64793,0xFD19,2,25,2.5,False,True,瓮通枪,武器,枪,武士武器,False,0,0,0,0,0,0,0,0,0,0,0,0,0,0,0
167,63208,0xF6E8,2,26,2.6,False,True,千鸟十字枪,武器,枪,武士武器,False,0,0,0,0,0,0,0,0,0,0,0,0,0,0,0
168,29264,0x7250,2,26,2.6,False,True,人间无骨,武器,枪,武士武器,False,0,0,0,0,0,0,0,0,0,0,0,0,0,0,0
169,41885,0xA39D,2,26,2.6,False,True,鬼半藏之枪,武器,枪,武士武器,False,0,0,0,0,0,0,0,0,0,0,0,0,0,0,0
170,58772,0xE594,2,26,2.6,False,True,御手杵,武器,枪,武士武器,False,0,0,0,0,0,0,0,0,0,0,0,0,0,0,0
171,36267,0x8DAB,2,20,2.0,False,True,皆朱枪,武器,枪,武士武器,False,0,0,0,0,0,0,0,0,0,0,0,0,0,0,0
172,1486,0x05CE,2,27,2.7,False,True,日本号,武器,枪,武士武器,False,0,0,0,0,0,0,0,0,0,0,0,0,0,0,0
173,6474,0x194A,2,20,2.0,False,True,邪马台国之矛,武器,枪,武士武器,False,0,0,0,0,0,0,0,0,0,0,0,0,0,0,0
174,35381,0x8A35,2,20,2.0,False,True,地狱刺叉,武器,枪,武士武器,False,0,0,0,0,0,0,0,0,0,0,0,0,0,0,0
175,6711,0x1A37,2,20,2.0,False,True,地狱冰枪,武器,枪,武士武器,False,0,0,0,0,0,0,0,0,0,0,0,0,0,0,0
176,23419,0x5B7B,4220715010,20,2.0,False,True,狱妖之枪,武器,枪,武士武器,False,0,0,0,0,0,0,0,0,0,0,0,0,0,0,0
177,41804,0xA34C,2,26,2.6,False,True,百万石长枪,武器,枪,武士武器,False,0,0,0,0,0,0,0,0,0,0,0,0,0,0,0
178,59727,0xE94F,2,26,2.6,False,True,一玄居士之枪,武器,枪,武士武器,False,0,0,0,0,0,0,0,0,0,0,0,0,0,0,0
179,827,0x033B,2,26,2.6,False,True,,武器,,近战武器,False,0,0,0,0,0,0,0,0,0,0,0,0,0,0,0
180,6704,0x1A30,2,20,2.0,False,True,,武器,,NPC武器,False,0,0,0,0,0,0,0,0,0,0,0,0,0,0,0
181,12855,0x3237,2,20,2.0,False,True,,武器,,NPC武器,False,0,0,0,0,0,0,0,0,0,0,0,0,0,0,0
182,20737,0x5101,2,20,2.0,False,True,,武器,,NPC武器,False,0,0,0,0,0,0,0,0,0,0,0,0,0,0,0
183,47087,0xB7EF,2,20,2.0,False,True,,武器,,NPC武器,False,0,0,0,0,0,0,0,0,0,0,0,0,0,0,0
184,37406,0x921E,2,20,2.0,False,True,,武器,,NPC武器,False,0,0,0,0,0,0,0,0,0,0,0,0,0,0,0
185,27535,0x6B8F,2,20,2.0,False,True,,武器,,NPC武器,False,0,0,0,0,0,0,0,0,0,0,0,0,0,0,0
186,56103,0xDB27,2,20,2.0,False,True,,武器,,NPC武器,False,0,0,0,0,0,0,0,0,0,0,0,0,0,0,0
187,53254,0xD006,2,20,2.0,False,True,,武器,,NPC武器,False,0,0,0,0,0,0,0,0,0,0,0,0,0,0,0
188,64913,0xFD91,2,20,2.0,False,True,,武器,,NPC武器,False,0,0,0,0,0,0,0,0,0,0,0,0,0,0,0
189,8271,0x204F,2,20,2.0,False,True,,武器,,NPC武器,False,0,0,0,0,0,0,0,0,0,0,0,0,0,0,0
190,44243,0xACD3,2,20,2.0,False,True,,武器,,NPC武器,False,0,0,0,0,0,0,0,0,0,0,0,0,0,0,0
191,18307,0x4783,2,20,2.0,False,True,白鸟枪,武器,枪,武士武器,False,0,0,0,0,0,0,0,0,0,0,0,0,0,0,0
192,39768,0x9B58,2,20,2.0,False,True,毘沙门戟,武器,枪,武士武器,False,0,0,0,0,0,0,0,0,0,0,0,0,0,0,0
193,39090,0x98B2,2,20,2.0,False,True,隼风矛,武器,枪,武士武器,False,0,0,0,0,0,0,0,0,0,0,0,0,0,0,0
194,40851,0x9F93,2,20,2.0,False,True,,武器,,NPC武器,False,0,0,0,0,0,0,0,0,0,0,0,0,0,0,0
195,48972,0xBF4C,2,20,2.0,False,True,,武器,,NPC武器,False,0,0,0,0,0,0,0,0,0,0,0,0,0,0,0
196,59339,0xE7CB,2,20,2.0,False,True,,武器,,NPC武器,False,0,0,0,0,0,0,0,0,0,0,0,0,0,0,0
197,50959,0xC70F,2,20,2.0,False,True,,武器,,NPC武器,False,0,0,0,0,0,0,0,0,0,0,0,0,0,0,0
198,20222,0x4EFE,3,43,4.3,False,True,,武器,,NPC武器,False,0,0,0,0,0,0,0,0,0,0,0,0,0,0,0
199,48902,0xBF06,3,48,4.8,False,True,,武器,,NPC武器,False,0,0,0,0,0,0,0,0,0,0,0,0,0,0,0
200,9956,0x26E4,3,43,4.3,False,True,木制大槌,武器,斧,武士武器,False,0,0,0,0,0,0,0,0,0,0,0,0,0,0,0
201,16391,0x4007,3,45,4.5,False,True,黑铁斧,武器,斧,武士武器,False,0,0,0,0,0,0,0,0,0,0,0,0,0,0,0
202,7174,0x1C06,3,48,4.8,False,True,破栅之斧,武器,斧,武士武器,False,0,0,0,0,0,0,0,0,0,0,0,0,0,0,0
203,14010,0x36BA,3,45,4.5,False,True,独脚踏鞴之锤,武器,斧,武士武器,False,0,0,0,0,0,0,0,0,0,0,0,0,0,0,0
204,5760,0x1680,3,44,4.4,False,True,赤栎大槌,武器,斧,武士武器,False,0,0,0,0,0,0,0,0,0,0,0,0,0,0,0
205,36490,0x8E8A,3,46,4.6,False,True,山贼斧,武器,斧,武士武器,False,0,0,0,0,0,0,0,0,0,0,0,0,0,0,0
206,52574,0xCD5E,3,51,5.1,False,True,青铜大锤,武器,斧,武士武器,False,0,0,0,0,0,0,0,0,0,0,0,0,0,0,0
207,60606,0xECBE,3,43,4.3,False,True,十字镐,武器,斧,武士武器,False,0,0,0,0,0,0,0,0,0,0,0,0,0,0,0
208,60062,0xEA9E,3,47,4.7,False,True,破盔斧,武器,斧,武士武器,False,0,0,0,0,0,0,0,0,0,0,0,0,0,0,0
209,48033,0xBBA1,3,48,4.8,False,True,刚力板斧,武器,斧,武士武器,False,0,0,0,0,0,0,0,0,0,0,0,0,0,0,0
210,3322,0x0CFA,3,45,4.5,False,True,刀匠之锤,武器,斧,武士武器,False,0,0,0,0,0,0,0,0,0,0,0,0,0,0,0
211,49814,0xC296,3,47,4.7,False,True,断枪大槌,武器,斧,武士武器,False,0,0,0,0,0,0,0,0,0,0,0,0,0,0,0
212,12099,0x2F43,3,49,4.9,False,True,勇僧大槌,武器,斧,武士武器,False,0,0,0,0,0,0,0,0,0,0,0,0,0,0,0
213,9958,0x26E6,3,50,5.0,False,True,勇武者板斧,武器,斧,武士武器,False,0,0,0,0,0,0,0,0,0,0,0,0,0,0,0
214,65038,0xFE0E,3,53,5.3,False,True,碎岩大槌,武器,斧,武士武器,False,0,0,0,0,0,0,0,0,0,0,0,0,0,0,0
215,60859,0xEDBB,3,52,5.2,False,True,碎铠战斧,武器,斧,武士武器,False,0,0,0,0,0,0,0,0,0,0,0,0,0,0,0
216,44623,0xAE4F,3,48,4.8,False,True,两面宿傩之斧,武器,斧,武士武器,False,0,0,0,0,0,0,0,0,0,0,0,0,0,0,0
217,60929,0xEE01,3,55,5.5,False,True,破邪大槌,武器,斧,武士武器,False,0,0,0,0,0,0,0,0,0,0,0,0,0,0,0
218,32979,0x80D3,3,58,5.8,False,True,物部氏斧,武器,斧,武士武器,False,0,0,0,0,0,0,0,0,0,0,0,0,0,0,0
219,15498,0x3C8A,3,60,6.0,False,True,怪童板斧,武器,斧,武士武器,False,0,0,0,0,0,0,0,0,0,0,0,0,0,0,0
220,32817,0x8031,3,58,5.8,False,True,破军板斧,武器,斧,武士武器,False,0,0,0,0,0,0,0,0,0,0,0,0,0,0,0
221,34202,0x859A,3,60,6.0,False,True,鬼神大槌,武器,斧,武士武器,False,0,0,0,0,0,0,0,0,0,0,0,0,0,0,0
222,18535,0x4867,3,45,4.5,False,True,天目一个神之斧,武器,斧,武士武器,False,0,0,0,0,0,0,0,0,0,0,0,0,0,0,0
223,60271,0xEB6F,3,45,4.5,False,True,玄翁大槌,武器,斧,武士武器,False,0,0,0,0,0,0,0,0,0,0,0,0,0,0,0
224,18319,0x478F,3,45,4.5,False,True,百鬼斧,武器,斧,武士武器,False,0,0,0,0,0,0,0,0,0,0,0,0,0,0,0
225,64551,0xFC27,3,58,5.8,False,True,蜃影战斧,武器,斧,武士武器,False,0,0,0,0,0,0,0,0,0,0,0,0,0,0,0
226,18551,0x4877,3,48,4.8,False,True,锈蚀锄,武器,斧,武士武器,False,0,0,0,0,0,0,0,0,0,0,0,0,0,0,0
227,47233,0xB881,3,48,4.8,False,True,地狱棍棒,武器,斧,武士武器,False,0,0,0,0,0,0,0,0,0,0,0,0,0,0,0
228,19144,0x4AC8,3,48,4.8,False,True,护国禅师之锤,武器,斧,武士武器,False,0,0,0,0,0,0,0,0,0,0,0,0,0,0,0
229,55695,0xD98F,3,48,4.8,False,True,西洋炮术家铁锤,武器,斧,武士武器,False,0,0,0,0,0,0,0,0,0,0,0,0,0,0,0
230,29387,0x72CB,3204841475,48,4.8,False,True,狱妖之斧,武器,斧,武士武器,False,0,0,0,0,0,0,0,0,0,0,0,0,0,0,0
231,2435,0x0983,0,1,0.1,False,True,,武器,,NPC武器,False,0,0,0,0,0,0,0,0,0,0,0,0,0,0,0
232,2459,0x099B,3,48,4.8,False,True,,武器,,NPC武器,False,0,0,0,0,0,0,0,0,0,0,0,0,0,0,0
233,30754,0x7822,3,20,2.0,False,True,,武器,,NPC武器,False,0,0,0,0,0,0,0,0,0,0,0,0,0,0,0
234,26539,0x67AB,3,48,4.8,False,True,,武器,,NPC武器,False,0,0,0,0,0,0,0,0,0,0,0,0,0,0,0
235,27022,0x698E,3,45,4.5,False,True,武藏坊之斧,武器,斧,武士武器,False,0,0,0,0,0,0,0,0,0,0,0,0,0,0,0
236,36294,0x8DC6,3,45,4.5,False,True,破魔金刚锤,武器,斧,武士武器,False,0,0,0,0,0,0,0,0,0,0,0,0,0,0,0
237,10154,0x27AA,3,45,4.5,False,True,,武器,,NPC武器,False,0,0,0,0,0,0,0,0,0,0,0,0,0,0,0
238,16017,0x3E91,3,45,4.5,False,True,退魔之斧,武器,斧,武士武器,False,0,0,0,0,0,0,0,0,0,0,0,0,0,0,0
239,42192,0xA4D0,3,48,4.8,False,True,,武器,,NPC武器,False,0,0,0,0,0,0,0,0,0,0,0,0,0,0,0
240,30971,0x78FB,3,48,4.8,False,True,,武器,,NPC武器,False,0,0,0,0,0,0,0,0,0,0,0,0,0,0,0
241,52941,0xCECD,3,48,4.8,False,True,,武器,,NPC武器,False,0,0,0,0,0,0,0,0,0,0,0,0,0,0,0
242,34393,0x8659,3,48,4.8,False,True,,武器,,NPC武器,False,0,0,0,0,0,0,0,0,0,0,0,0,0,0,0
243,42107,0xA47B,0,1,0.1,False,True,,武器,,NPC武器,False,0,0,0,0,0,0,0,0,0,0,0,0,0,0,0
244,59231,0xE75F,12,18,1.8,False,True,间谍锁镰,武器,锁镰,忍者武器,False,0,0,0,0,0,0,0,0,0,0,0,0,0,0,0
245,60130,0xEAE2,12,18,1.8,False,True,黑竹锁镰,武器,锁镰,忍者武器,False,0,0,0,0,0,0,0,0,0,0,0,0,0,0,0
246,5278,0x149E,12,18,1.8,False,True,薙锁镰,武器,锁镰,忍者武器,False,0,0,0,0,0,0,0,0,0,0,0,0,0,0,0
247,36624,0x8F10,12,18,1.8,False,True,斩朽绳,武器,锁镰,忍者武器,False,0,0,0,0,0,0,0,0,0,0,0,0,0,0,0
248,38856,0x97C8,12,19,1.9,False,True,下忍锁镰,武器,锁镰,忍者武器,False,0,0,0,0,0,0,0,0,0,0,0,0,0,0,0
249,18696,0x4908,12,19,1.9,False,True,三日月锁镰,武器,锁镰,忍者武器,False,0,0,0,0,0,0,0,0,0,0,0,0,0,0,0
250,53532,0xD11C,12,20,2.0,False,True,枪尖锁镰,武器,锁镰,忍者武器,False,0,0,0,0,0,0,0,0,0,0,0,0,0,0,0
251,25437,0x635D,12,20,2.0,False,True,钩刃锁镰,武器,锁镰,忍者武器,False,0,0,0,0,0,0,0,0,0,0,0,0,0,0,0
252,57609,0xE109,12,21,2.1,False,True,中忍锁镰,武器,锁镰,忍者武器,False,0,0,0,0,0,0,0,0,0,0,0,0,0,0,0
253,41295,0xA14F,12,22,2.2,False,True,户隐流锁镰,武器,锁镰,忍者武器,False,0,0,0,0,0,0,0,0,0,0,0,0,0,0,0
254,45552,0xB1F0,12,23,2.3,False,True,风魔锁镰,武器,锁镰,忍者武器,False,0,0,0,0,0,0,0,0,0,0,0,0,0,0,0
255,26870,0x68F6,12,23,2.3,False,True,上忍锁镰,武器,锁镰,忍者武器,False,0,0,0,0,0,0,0,0,0,0,0,0,0,0,0
256,14551,0x38D7,12,23,2.3,False,True,肉户锁镰,武器,锁镰,忍者武器,False,0,0,0,0,0,0,0,0,0,0,0,0,0,0,0
257,6888,0x1AE8,12,23,2.3,False,True,罗刹锁镰,武器,锁镰,忍者武器,False,0,0,0,0,0,0,0,0,0,0,0,0,0,0,0
258,61390,0xEFCE,12,23,2.3,False,True,夜叉锁镰,武器,锁镰,忍者武器,False,0,0,0,0,0,0,0,0,0,0,0,0,0,0,0
259,42372,0xA584,12,24,2.4,False,True,不知火,武器,锁镰,忍者武器,False,0,0,0,0,0,0,0,0,0,0,0,0,0,0,0
260,21818,0x553A,12,24,2.4,False,True,小夜岚,武器,锁镰,忍者武器,False,0,0,0,0,0,0,0,0,0,0,0,0,0,0,0
261,35417,0x8A59,12,18,1.8,False,True,鬼牙锁镰,武器,锁镰,忍者武器,False,0,0,0,0,0,0,0,0,0,0,0,0,0,0,0
262,34449,0x8691,12,25,2.5,False,True,鸣神,武器,锁镰,忍者武器,False,0,0,0,0,0,0,0,0,0,0,0,0,0,0,0
263,20629,0x5095,12,18,1.8,False,True,雪代,武器,锁镰,忍者武器,False,0,0,0,0,0,0,0,0,0,0,0,0,0,0,0
264,457,0x01C9,12,18,1.8,False,True,百鬼锁镰,武器,锁镰,忍者武器,False,0,0,0,0,0,0,0,0,0,0,0,0,0,0,0
265,12531,0x30F3,12,18,1.8,False,True,,武器,,NPC武器,False,0,0,0,0,0,0,0,0,0,0,0,0,0,0,0
266,35665,0x8B51,12,18,1.8,False,True,光世锁镰,武器,锁镰,忍者武器,False,0,0,0,0,0,0,0,0,0,0,0,0,0,0,0
267,46158,0xB44E,12,18,1.8,False,True,诹访明神薙镰,武器,锁镰,忍者武器,False,0,0,0,0,0,0,0,0,0,0,0,0,0,0,0
268,40901,0x9FC5,12,18,1.8,False,True,焦热锁镰,武器,锁镰,忍者武器,False,0,0,0,0,0,0,0,0,0,0,0,0,0,0,0
269,24633,0x6039,3881762828,18,1.8,False,True,狱妖锁镰,武器,锁镰,忍者武器,False,0,0,0,0,0,0,0,0,0,0,0,0,0,0,0
270,39034,0x987A,12,18,1.8,False,True,山田流锁镰,武器,锁镰,忍者武器,False,0,0,0,0,0,0,0,0,0,0,0,0,0,0,0
271,29076,0x7194,12,18,1.8,False,True,,武器,,NPC武器,False,0,0,0,0,0,0,0,0,0,0,0,0,0,0,0
272,34914,0x8862,12,18,1.8,False,True,,武器,,NPC武器,False,0,0,0,0,0,0,0,0,0,0,0,0,0,0,0
273,49075,0xBFB3,12,18,1.8,False,True,,武器,,NPC武器,False,0,0,0,0,0,0,0,0,0,0,0,0,0,0,0
274,54849,0xD641,4,11,1.1,False,True,大木太刀,武器,大太刀,武士武器,False,0,0,0,0,0,0,0,0,0,0,0,0,0,0,0
275,52411,0xCCBB,4,16,1.6,False,True,大和传大太刀,武器,大太刀,武士武器,False,0,0,0,0,0,0,0,0,0,0,0,0,0,0,0
276,33706,0x83AA,4,16,1.6,False,True,备前传大太刀,武器,大太刀,武士武器,False,0,0,0,0,0,0,0,0,0,0,0,0,0,0,0
277,13714,0x3592,4,16,1.6,False,True,山城传大太刀,武器,大太刀,武士武器,False,0,0,0,0,0,0,0,0,0,0,0,0,0,0,0
278,19742,0x4D1E,4,16,1.6,False,True,独脚踏鞴大太刀,武器,大太刀,武士武器,False,0,0,0,0,0,0,0,0,0,0,0,0,0,0,0
279,42957,0xA7CD,4,16,1.6,False,True,茨木童子大太刀,武器,大太刀,武士武器,False,0,0,0,0,0,0,0,0,0,0,0,0,0,0,0
280,12860,0x323C,4,16,1.6,False,True,,武器,,NPC武器,False,0,0,0,0,0,0,0,0,0,0,0,0,0,0,0
281,20464,0x4FF0,4,16,1.6,False,True,,武器,,NPC武器,False,0,0,0,0,0,0,0,0,0,0,0,0,0,0,0
282,25384,0x6328,4,16,1.6,False,True,,武器,,NPC武器,False,0,0,0,0,0,0,0,0,0,0,0,0,0,0,0
283,10586,0x295A,4,16,1.6,False,True,,武器,,NPC武器,False,0,0,0,0,0,0,0,0,0,0,0,0,0,0,0
284,12658,0x3172,4,17,1.7,False,True,来派大太刀,武器,大太刀,武士武器,False,0,0,0,0,0,0,0,0,0,0,0,0,0,0,0
285,30214,0x7606,4,16,1.6,False,True,红蜘蛛,武器,大太刀,武士武器,False,0,0,0,0,0,0,0,0,0,0,0,0,0,0,0
286,61287,0xEF67,4,16,1.6,False,True,古备前大太刀,武器,大太刀,武士武器,False,0,0,0,0,0,0,0,0,0,0,0,0,0,0,0
287,56623,0xDD2F,4,16,1.6,False,True,佑定大太刀,武器,大太刀,武士武器,False,0,0,0,0,0,0,0,0,0,0,0,0,0,0,0
288,30106,0x759A,4,17,1.7,False,True,高平大太刀,武器,大太刀,武士武器,False,0,0,0,0,0,0,0,0,0,0,0,0,0,0,0
289,14216,0x3788,4,17,1.7,False,True,来国行大太刀,武器,大太刀,武士武器,False,0,0,0,0,0,0,0,0,0,0,0,0,0,0,0
290,16612,0x40E4,4,17,1.7,False,True,蛇切丸,武器,大太刀,武士武器,False,0,0,0,0,0,0,0,0,0,0,0,0,0,0,0
291,26530,0x67A2,4,11,1.1,False,True,染血大菜刀,武器,大太刀,武士武器,False,0,0,0,0,0,0,0,0,0,0,0,0,0,0,0
292,7180,0x1C0C,4,18,1.8,False,True,君万岁友成,武器,大太刀,武士武器,False,0,0,0,0,0,0,0,0,0,0,0,0,0,0,0
293,47887,0xBB0F,4,11,1.1,False,True,太郎太刀,武器,大太刀,武士武器,False,0,0,0,0,0,0,0,0,0,0,0,0,0,0,0
294,57110,0xDF16,4,11,1.1,False,True,次郎太刀,武器,大太刀,武士武器,False,0,0,0,0,0,0,0,0,0,0,0,0,0,0,0
295,32485,0x7EE5,4,18,1.8,False,True,神威,武器,大太刀,武士武器,False,0,0,0,0,0,0,0,0,0,0,0,0,0,0,0
296,61300,0xEF74,4,16,1.6,False,True,两面宿傩之剑,武器,大太刀,武士武器,False,0,0,0,0,0,0,0,0,0,0,0,0,0,0,0
297,53876,0xD274,4,18,1.8,False,True,面影,武器,大太刀,武士武器,False,0,0,0,0,0,0,0,0,0,0,0,0,0,0,0
298,48567,0xBDB7,4,11,1.1,False,True,微尘丸,武器,大太刀,武士武器,False,0,0,0,0,0,0,0,0,0,0,0,0,0,0,0
299,42805,0xA735,4,11,1.1,False,True,石州和贞,武器,大太刀,武士武器,False,0,0,0,0,0,0,0,0,0,0,0,0,0,0,0
300,55559,0xD907,4,18,1.8,False,True,萤丸,武器,大太刀,武士武器,False,0,0,0,0,0,0,0,0,0,0,0,0,0,0,0
301,65226,0xFECA,4,16,1.6,False,True,,武器,,NPC武器,False,0,0,0,0,0,0,0,0,0,0,0,0,0,0,0
302,56950,0xDE76,4,16,1.6,False,True,祢祢切丸,武器,大太刀,武士武器,False,0,0,0,0,0,0,0,0,0,0,0,0,0,0,0
303,60928,0xEE00,4,16,1.6,False,True,石切丸,武器,大太刀,武士武器,False,0,0,0,0,0,0,0,0,0,0,0,0,0,0,0
304,11185,0x2BB1,4,16,1.6,False,True,赤备大将长卷,武器,大太刀,武士武器,False,0,0,0,0,0,0,0,0,0,0,0,0,0,0,0
305,8486,0x2126,4,16,1.6,False,True,鬼武者大太刀,武器,大太刀,武士武器,False,0,0,0,0,0,0,0,0,0,0,0,0,0,0,0
306,60377,0xEBD9,4,16,1.6,False,True,凶王妖剑,武器,大太刀,武士武器,False,0,0,0,0,0,0,0,0,0,0,0,0,0,0,0
307,7578,0x1D9A,4,16,1.6,False,True,破瓶,武器,大太刀,武士武器,False,0,0,0,0,0,0,0,0,0,0,0,0,0,0,0
308,27329,0x6AC1,4,16,1.6,False,True,第二队队长大太刀,武器,大太刀,武士武器,False,0,0,0,0,0,0,0,0,0,0,0,0,0,0,0
309,45927,0xB367,4,16,1.6,False,True,鬼神丸国重,武器,大太刀,武士武器,False,0,0,0,0,0,0,0,0,0,0,0,0,0,0,0
310,24790,0x60D6,4,17,1.7,False,True,盗贼首领大太刀,武器,大太刀,武士武器,False,0,0,0,0,0,0,0,0,0,0,0,0,0,0,0
311,40147,0x9CD3,3434807300,17,1.7,False,True,狱妖大太刀,武器,大太刀,武士武器,False,0,0,0,0,0,0,0,0,0,0,0,0,0,0,0
312,2953,0x0B89,4,16,1.6,False,True,三郎兵卫大太刀,武器,大太刀,武士武器,False,0,0,0,0,0,0,0,0,0,0,0,0,0,0,0
313,19625,0x4CA9,4,16,1.6,False,True,蛇腹大太刀,武器,大太刀,武士武器,False,0,0,0,0,0,0,0,0,0,0,0,0,0,0,0
314,35421,0x8A5D,4,16,1.6,False,True,,武器,,NPC武器,False,0,0,0,0,0,0,0,0,0,0,0,0,0,0,0
315,32529,0x7F11,4,16,1.6,False,True,,武器,,NPC武器,False,0,0,0,0,0,0,0,0,0,0,0,0,0,0,0
316,26746,0x687A,4,16,1.6,False,True,,武器,,NPC武器,False,0,0,0,0,0,0,0,0,0,0,0,0,0,0,0
317,10077,0x275D,13,20,2.0,False,True,紫檀旋棍,武器,旋棍,忍者武器,False,0,0,0,0,0,0,0,0,0,0,0,0,0,0,0
318,10050,0x2742,13,20,2.0,False,True,总铁旋棍,武器,旋棍,忍者武器,False,0,0,0,0,0,0,0,0,0,0,0,0,0,0,0
319,58967,0xE657,13,20,2.0,False,True,黑檀旋棍,武器,旋棍,忍者武器,False,0,0,0,0,0,0,0,0,0,0,0,0,0,0,0
320,55525,0xD8E5,13,20,2.0,False,True,白骨精旋棍,武器,旋棍,忍者武器,False,0,0,0,0,0,0,0,0,0,0,0,0,0,0,0
321,55764,0xD9D4,13,20,2.0,False,True,亲云上旋棍,武器,旋棍,忍者武器,False,0,0,0,0,0,0,0,0,0,0,0,0,0,0,0
322,44077,0xAC2D,13,20,2.0,False,True,忍者旋棍,武器,旋棍,忍者武器,False,0,0,0,0,0,0,0,0,0,0,0,0,0,0,0
323,11810,0x2E22,13,20,2.0,False,True,亲方旋棍,武器,旋棍,忍者武器,False,0,0,0,0,0,0,0,0,0,0,0,0,0,0,0
324,20051,0x4E53,13,20,2.0,False,True,武术家旋棍,武器,旋棍,忍者武器,False,0,0,0,0,0,0,0,0,0,0,0,0,0,0,0
325,32193,0x7DC1,13,20,2.0,False,True,按司旋棍,武器,旋棍,忍者武器,False,0,0,0,0,0,0,0,0,0,0,0,0,0,0,0
326,27904,0x6D00,13,20,2.0,False,True,击碎旋棍,武器,旋棍,忍者武器,False,0,0,0,0,0,0,0,0,0,0,0,0,0,0,0
327,58493,0xE47D,13,20,2.0,False,True,双龙旋棍,武器,旋棍,忍者武器,False,0,0,0,0,0,0,0,0,0,0,0,0,0,0,0
328,35536,0x8AD0,13,20,2.0,False,True,两仪旋棍,武器,旋棍,忍者武器,False,0,0,0,0,0,0,0,0,0,0,0,0,0,0,0
329,5738,0x166A,13,20,2.0,False,True,却邪旋棍,武器,旋棍,忍者武器,False,0,0,0,0,0,0,0,0,0,0,0,0,0,0,0
330,26800,0x68B0,13,20,2.0,False,True,金刚旋杵,武器,旋棍,忍者武器,False,0,0,0,0,0,0,0,0,0,0,0,0,0,0,0
331,17148,0x42FC,13,20,2.0,False,True,猿飞秘枪棍,武器,旋棍,忍者武器,False,0,0,0,0,0,0,0,0,0,0,0,0,0,0,0
332,9007,0x232F,13,20,2.0,False,True,王祖旋棍,武器,旋棍,忍者武器,False,0,0,0,0,0,0,0,0,0,0,0,0,0,0,0
333,35236,0x89A4,13,20,2.0,False,True,宝塔旋棍,武器,旋棍,忍者武器,False,0,0,0,0,0,0,0,0,0,0,0,0,0,0,0
334,33088,0x8140,13,20,2.0,False,True,雷火旋棍,武器,旋棍,忍者武器,False,0,0,0,0,0,0,0,0,0,0,0,0,0,0,0
335,16756,0x4174,13,20,2.0,False,True,最后的忍者旋棍,武器,旋棍,忍者武器,False,0,0,0,0,0,0,0,0,0,0,0,0,0,0,0
336,27191,0x6A37,660406285,20,2.0,False,True,狱妖旋棍,武器,旋棍,忍者武器,False,0,0,0,0,0,0,0,0,0,0,0,0,0,0,0
337,41374,0xA19E,13,20,2.0,False,True,大目付旋棍,武器,旋棍,忍者武器,False,0,0,0,0,0,0,0,0,0,0,0,0,0,0,0
338,7387,0x1CDB,13,16,1.6,False,True,,武器,,NPC武器,False,0,0,0,0,0,0,0,0,0,0,0,0,0,0,0
339,39045,0x9885,13,16,1.6,False,True,,武器,,NPC武器,False,0,0,0,0,0,0,0,0,0,0,0,0,0,0,0
340,17237,0x4355,14,11,1.1,False,True,山贼手斧,武器,手斧,忍者武器,False,0,0,0,0,0,0,0,0,0,0,0,0,0,0,0
341,6330,0x18BA,14,11,1.1,False,True,山贼手斧,武器,手斧,忍者武器,False,0,0,0,0,0,0,0,0,0,0,0,0,0,0,0
342,28711,0x7027,14,11,1.1,False,True,户隐流手斧,武器,手斧,忍者武器,False,0,0,0,0,0,0,0,0,0,0,0,0,0,0,0
343,45375,0xB13F,14,11,1.1,False,True,凶贼手斧,武器,手斧,忍者武器,False,0,0,0,0,0,0,0,0,0,0,0,0,0,0,0
344,27846,0x6CC6,14,11,1.1,False,True,行者手斧,武器,手斧,忍者武器,False,0,0,0,0,0,0,0,0,0,0,0,0,0,0,0
345,59698,0xE932,14,11,1.1,False,True,忍者手斧,武器,手斧,忍者武器,False,0,0,0,0,0,0,0,0,0,0,0,0,0,0,0
346,34900,0x8854,14,11,1.1,False,True,豪杰手斧,武器,手斧,忍者武器,False,0,0,0,0,0,0,0,0,0,0,0,0,0,0,0
347,31800,0x7C38,14,11,1.1,False,True,山伏手斧,武器,手斧,忍者武器,False,0,0,0,0,0,0,0,0,0,0,0,0,0,0,0
348,38308,0x95A4,14,11,1.1,False,True,风魔手斧,武器,手斧,忍者武器,False,0,0,0,0,0,0,0,0,0,0,0,0,0,0,0
349,57414,0xE046,14,11,1.1,False,True,羽黑流手斧,武器,手斧,忍者武器,False,0,0,0,0,0,0,0,0,0,0,0,0,0,0,0
350,11111,0x2B67,14,11,1.1,False,True,武艺者手斧,武器,手斧,忍者武器,False,0,0,0,0,0,0,0,0,0,0,0,0,0,0,0
351,63757,0xF90D,14,11,1.1,False,True,灼炎,武器,手斧,忍者武器,False,0,0,0,0,0,0,0,0,0,0,0,0,0,0,0
352,62259,0xF333,14,11,1.1,False,True,冰岳,武器,手斧,忍者武器,False,0,0,0,0,0,0,0,0,0,0,0,0,0,0,0
353,9088,0x2380,14,11,1.1,False,True,震雷,武器,手斧,忍者武器,False,0,0,0,0,0,0,0,0,0,0,0,0,0,0,0
354,27754,0x6C6A,14,11,1.1,False,True,前鬼·后鬼,武器,手斧,忍者武器,False,0,0,0,0,0,0,0,0,0,0,0,0,0,0,0
355,51256,0xC838,14,11,1.1,False,True,日轮·月轮,武器,手斧,忍者武器,False,0,0,0,0,0,0,0,0,0,0,0,0,0,0,0
356,33326,0x822E,14,11,1.1,False,True,波切二丁斧,武器,手斧,忍者武器,False,0,0,0,0,0,0,0,0,0,0,0,0,0,0,0
357,18638,0x48CE,14,11,1.1,False,True,黑雨·霹雳,武器,手斧,忍者武器,False,0,0,0,0,0,0,0,0,0,0,0,0,0,0,0
358,51075,0xC783,14,11,1.1,False,True,平三手斧,武器,手斧,忍者武器,False,0,0,0,0,0,0,0,0,0,0,0,0,0,0,0
359,42248,0xA508,14,11,1.1,False,True,污迹手斧·锈蚀镰,武器,手斧,忍者武器,False,0,0,0,0,0,0,0,0,0,0,0,0,0,0,0
360,15410,0x3C32,1129644046,11,1.1,False,True,狱妖手斧,武器,手斧,忍者武器,False,0,0,0,0,0,0,0,0,0,0,0,0,0,0,0
361,20457,0x4FE9,14,11,1.1,False,True,投掷名手的手斧,武器,手斧,忍者武器,False,0,0,0,0,0,0,0,0,0,0,0,0,0,0,0
362,34792,0x87E8,14,16,1.6,False,True,,武器,,NPC武器,False,0,0,0,0,0,0,0,0,0,0,0,0,0,0,0
363,49587,0xC1B3,14,16,1.6,False,True,,武器,,NPC武器,False,0,0,0,0,0,0,0,0,0,0,0,0,0,0,0
364,7838,0x1E9E,5,20,2.0,False,True,,武器,,NPC武器,False,0,0,0,0,0,0,0,0,0,0,0,0,0,0,0
365,35474,0x8A92,5,20,2.0,False,True,黑铁薙刀镰,武器,薙刀镰,武士武器,False,0,0,0,0,0,0,0,0,0,0,0,0,0,0,0
366,31123,0x7993,5,20,2.0,False,True,猎人薙刀镰,武器,薙刀镰,武士武器,False,0,0,0,0,0,0,0,0,0,0,0,0,0,0,0
367,16615,0x40E7,5,20,2.0,False,True,朱漆薙刀镰,武器,薙刀镰,武士武器,False,0,0,0,0,0,0,0,0,0,0,0,0,0,0,0
368,5351,0x14E7,5,20,2.0,False,True,忌龙,武器,薙刀镰,武士武器,False,0,0,0,0,0,0,0,0,0,0,0,0,0,0,0
369,35668,0x8B54,5,20,2.0,False,True,武艺者薙刀镰,武器,薙刀镰,武士武器,False,0,0,0,0,0,0,0,0,0,0,0,0,0,0,0
370,171,0x00AB,5,20,2.0,False,True,七杀薙刀镰,武器,薙刀镰,武士武器,False,0,0,0,0,0,0,0,0,0,0,0,0,0,0,0
371,62242,0xF322,5,20,2.0,False,True,终止薙刀镰,武器,薙刀镰,武士武器,False,0,0,0,0,0,0,0,0,0,0,0,0,0,0,0
372,41362,0xA192,5,20,2.0,False,True,竹叶雪,武器,薙刀镰,武士武器,False,0,0,0,0,0,0,0,0,0,0,0,0,0,0,0
373,59861,0xE9D5,5,20,2.0,False,True,灭却薙刀镰,武器,薙刀镰,武士武器,False,0,0,0,0,0,0,0,0,0,0,0,0,0,0,0
374,1691,0x069B,5,20,2.0,False,True,破邪薙刀镰,武器,薙刀镰,武士武器,False,0,0,0,0,0,0,0,0,0,0,0,0,0,0,0
375,45407,0xB15F,5,20,2.0,False,True,朱雀嘴,武器,薙刀镰,武士武器,False,0,0,0,0,0,0,0,0,0,0,0,0,0,0,0
376,8753,0x2231,5,20,2.0,False,True,外法薙刀镰,武器,薙刀镰,武士武器,False,0,0,0,0,0,0,0,0,0,0,0,0,0,0,0
377,65205,0xFEB5,5,20,2.0,False,True,夜鸦薙刀镰,武器,薙刀镰,武士武器,False,0,0,0,0,0,0,0,0,0,0,0,0,0,0,0
378,13500,0x34BC,5,20,2.0,False,True,黑莲,武器,薙刀镰,武士武器,False,0,0,0,0,0,0,0,0,0,0,0,0,0,0,0
379,28431,0x6F0F,5,20,2.0,False,True,雷神爪,武器,薙刀镰,武士武器,False,0,0,0,0,0,0,0,0,0,0,0,0,0,0,0
380,39842,0x9BA2,5,20,2.0,False,True,绵津见,武器,薙刀镰,武士武器,False,0,0,0,0,0,0,0,0,0,0,0,0,0,0,0
381,13025,0x32E1,5,20,2.0,False,True,凤凰翼,武器,薙刀镰,武士武器,False,0,0,0,0,0,0,0,0,0,0,0,0,0,0,0
382,61606,0xF0A6,5,20,2.0,False,True,,武器,,NPC武器,False,0,0,0,0,0,0,0,0,0,0,0,0,0,0,0
383,54968,0xD6B8,5,20,2.0,False,True,,武器,,NPC武器,False,0,0,0,0,0,0,0,0,0,0,0,0,0,0,0
384,55257,0xD7D9,5,20,2.0,False,True,,武器,,NPC武器,False,0,0,0,0,0,0,0,0,0,0,0,0,0,0,0
385,54761,0xD5E9,5,20,2.0,False,True,岩融,武器,薙刀镰,武士武器,False,0,0,0,0,0,0,0,0,0,0,0,0,0,0,0
386,34144,0x8560,5,20,2.0,False,True,破戒薙刀镰,武器,薙刀镰,武士武器,False,0,0,0,0,0,0,0,0,0,0,0,0,0,0,0
387,59964,0xEA3C,5,20,2.0,False,True,明神镰,武器,薙刀镰,武士武器,False,0,0,0,0,0,0,0,0,0,0,0,0,0,0,0
388,4632,0x1218,5,20,2.0,False,True,,武器,,NPC武器,False,0,0,0,0,0,0,0,0,0,0,0,0,0,0,0
389,50284,0xC46C,5,20,2.0,False,True,慈悲薙刀镰,武器,薙刀镰,武士武器,False,0,0,0,0,0,0,0,0,0,0,0,0,0,0,0
390,49609,0xC1C9,5,20,2.0,False,True,兼光薙刀镰,武器,薙刀镰,武士武器,False,0,0,0,0,0,0,0,0,0,0,0,0,0,0,0
391,50008,0xC358,5,20,2.0,False,True,木曾紫薙刀镰,武器,薙刀镰,武士武器,False,0,0,0,0,0,0,0,0,0,0,0,0,0,0,0
392,26256,0x6690,2324824069,20,2.0,False,True,狱妖薙刀镰,武器,薙刀镰,武士武器,False,0,0,0,0,0,0,0,0,0,0,0,0,0,0,0
393,53758,0xD1FE,5,20,2.0,False,True,穴泽流薙刀镰,武器,薙刀镰,武士武器,False,0,0,0,0,0,0,0,0,0,0,0,0,0,0,0
394,34649,0x8759,5,20,2.0,False,True,,武器,,NPC武器,False,0,0,0,0,0,0,0,0,0,0,0,0,0,0,0
395,37312,0x91C0,5,20,2.0,False,True,,武器,,NPC武器,False,0,0,0,0,0,0,0,0,0,0,0,0,0,0,0
396,41842,0xA372,5,20,2.0,False,True,,武器,,NPC武器,False,0,0,0,0,0,0,0,0,0,0,0,0,0,0,0
397,35731,0x8B93,5,20,2.0,False,True,,武器,,NPC武器,False,0,0,0,0,0,0,0,0,0,0,0,0,0,0,0
398,40526,0x9E4E,5,20,2.0,False,True,,武器,,NPC武器,False,0,0,0,0,0,0,0,0,0,0,0,0,0,0,0
399,18141,0x46DD,5,20,2.0,False,True,,武器,,NPC武器,False,0,0,0,0,0,0,0,0,0,0,0,0,0,0,0
400,27529,0x6B89,13,16,1.6,False,True,,武器,,NPC武器,False,0,0,0,0,0,0,0,0,0,0,0,0,0,0,0
401,13016,0x32D8,13,16,1.6,False,True,,武器,,NPC武器,False,0,0,0,0,0,0,0,0,0,0,0,0,0,0,0
402,6067,0x17B3,5,20,2.0,False,True,,武器,,NPC武器,False,0,0,0,0,0,0,0,0,0,0,0,0,0,0,0
403,26912,0x6920,5,20,2.0,False,True,,武器,,NPC武器,False,0,0,0,0,0,0,0,0,0,0,0,0,0,0,0
404,25794,0x64C2,15,18,1.8,False,True,,武器,,NPC武器,False,0,0,0,0,0,0,0,0,0,0,0,0,0,0,0
405,53676,0xD1AC,15,18,1.8,False,True,,武器,,NPC武器,False,0,0,0,0,0,0,0,0,0,0,0,0,0,0,0
406,54013,0xD2FD,15,18,1.8,False,True,下忍机关棍,武器,机关棍,忍者武器,False,0,0,0,0,0,0,0,0,0,0,0,0,0,0,0
407,56106,0xDB2A,15,18,1.8,False,True,行脚僧机关棍,武器,机关棍,忍者武器,False,0,0,0,0,0,0,0,0,0,0,0,0,0,0,0
408,32118,0x7D76,15,18,1.8,False,True,猎人机关棍,武器,机关棍,忍者武器,False,0,0,0,0,0,0,0,0,0,0,0,0,0,0,0
409,5214,0x145E,15,18,1.8,False,True,魔缘锡杖,武器,机关棍,忍者武器,False,0,0,0,0,0,0,0,0,0,0,0,0,0,0,0
410,63459,0xF7E3,15,18,1.8,False,True,僧兵机关棍,武器,机关棍,忍者武器,False,0,0,0,0,0,0,0,0,0,0,0,0,0,0,0
411,8671,0x21DF,15,18,1.8,False,True,云水机关棍,武器,机关棍,忍者武器,False,0,0,0,0,0,0,0,0,0,0,0,0,0,0,0
412,63834,0xF95A,15,18,1.8,False,True,中忍机关棍,武器,机关棍,忍者武器,False,0,0,0,0,0,0,0,0,0,0,0,0,0,0,0
413,36252,0x8D9C,15,18,1.8,False,True,,武器,,NPC武器,False,0,0,0,0,0,0,0,0,0,0,0,0,0,0,0
414,25402,0x633A,15,18,1.8,False,True,勇僧机关棍,武器,机关棍,忍者武器,False,0,0,0,0,0,0,0,0,0,0,0,0,0,0,0
415,33371,0x825B,15,18,1.8,False,True,七杀机关棍,武器,机关棍,忍者武器,False,0,0,0,0,0,0,0,0,0,0,0,0,0,0,0
416,62743,0xF517,15,18,1.8,False,True,高手机关棍,武器,机关棍,忍者武器,False,0,0,0,0,0,0,0,0,0,0,0,0,0,0,0
417,7197,0x1C1D,15,18,1.8,False,True,上忍机关棍,武器,机关棍,忍者武器,False,0,0,0,0,0,0,0,0,0,0,0,0,0,0,0
418,22904,0x5978,15,18,1.8,False,True,首领机关棍,武器,机关棍,忍者武器,False,0,0,0,0,0,0,0,0,0,0,0,0,0,0,0
419,64228,0xFAE4,15,18,1.8,False,True,破邪机关棍,武器,机关棍,忍者武器,False,0,0,0,0,0,0,0,0,0,0,0,0,0,0,0
420,47456,0xB960,15,18,1.8,False,True,怒涛机关棍,武器,机关棍,忍者武器,False,0,0,0,0,0,0,0,0,0,0,0,0,0,0,0
421,34075,0x851B,15,18,1.8,False,True,金刚杵机关棍,武器,机关棍,忍者武器,False,0,0,0,0,0,0,0,0,0,0,0,0,0,0,0
422,15591,0x3CE7,15,18,1.8,False,True,火焰光机关棍,武器,机关棍,忍者武器,False,0,0,0,0,0,0,0,0,0,0,0,0,0,0,0
423,13584,0x3510,15,18,1.8,False,True,,武器,,NPC武器,False,0,0,0,0,0,0,0,0,0,0,0,0,0,0,0
424,40517,0x9E45,15,18,1.8,False,True,武藏坊机关棍,武器,机关棍,忍者武器,False,0,0,0,0,0,0,0,0,0,0,0,0,0,0,0
425,23884,0x5D4C,15,18,1.8,False,True,龙王机关棍,武器,机关棍,忍者武器,False,0,0,0,0,0,0,0,0,0,0,0,0,0,0,0
426,24808,0x60E8,15,18,1.8,False,True,弘法大师的锡杖,武器,机关棍,忍者武器,False,0,0,0,0,0,0,0,0,0,0,0,0,0,0,0
427,2366,0x093E,15,16,1.6,False,True,,武器,,NPC武器,False,0,0,0,0,0,0,0,0,0,0,0,0,0,0,0
428,43482,0xA9DA,15,16,1.6,False,True,,武器,,NPC武器,False,0,0,0,0,0,0,0,0,0,0,0,0,0,0,0
429,34485,0x86B5,15,18,1.8,False,True,日巫女之杖,武器,机关棍,忍者武器,False,0,0,0,0,0,0,0,0,0,0,0,0,0,0,0
430,17196,0x432C,15,18,1.8,False,True,见越锡杖,武器,机关棍,忍者武器,False,0,0,0,0,0,0,0,0,0,0,0,0,0,0,0
431,32637,0x7F7D,15,18,1.8,False,True,圣人锡杖,武器,机关棍,忍者武器,False,0,0,0,0,0,0,0,0,0,0,0,0,0,0,0
432,11794,0x2E12,3539795983,18,1.8,False,True,狱妖机关棍,武器,机关棍,忍者武器,False,0,0,0,0,0,0,0,0,0,0,0,0,0,0,0
433,64844,0xFD4C,15,18,1.8,False,True,弁庆梦想锡杖,武器,机关棍,忍者武器,False,0,0,0,0,0,0,0,0,0,0,0,0,0,0,0
434,32348,0x7E5C,15,18,1.8,False,True,,武器,,NPC武器,False,0,0,0,0,0,0,0,0,0,0,0,0,0,0,0
435,5668,0x1624,6,18,1.8,False,True,,武器,,NPC武器,False,0,0,0,0,0,0,0,0,0,0,0,0,0,0,0
436,58561,0xE4C1,6,18,1.8,False,True,,武器,,NPC武器,False,0,0,0,0,0,0,0,0,0,0,0,0,0,0,0
437,19938,0x4DE2,6,18,1.8,False,True,,武器,,NPC武器,False,0,0,0,0,0,0,0,0,0,0,0,0,0,0,0
438,62697,0xF4E9,6,18,1.8,False,True,,武器,,NPC武器,False,0,0,0,0,0,0,0,0,0,0,0,0,0,0,0
439,52923,0xCEBB,6,18,1.8,False,True,皮手甲,武器,手甲,武士武器,False,0,0,0,0,0,0,0,0,0,0,0,0,0,0,0
440,6492,0x195C,6,18,1.8,False,True,足轻手甲,武器,手甲,武士武器,False,0,0,0,0,0,0,0,0,0,0,0,0,0,0,0
441,42646,0xA696,6,18,1.8,False,True,足轻大将手甲,武器,手甲,武士武器,False,0,0,0,0,0,0,0,0,0,0,0,0,0,0,0
442,202,0x00CA,6,18,1.8,False,True,武艺者手甲,武器,手甲,武士武器,False,0,0,0,0,0,0,0,0,0,0,0,0,0,0,0
443,53347,0xD063,6,18,1.8,False,True,侍大将手甲,武器,手甲,武士武器,False,0,0,0,0,0,0,0,0,0,0,0,0,0,0,0
444,33299,0x8213,6,18,1.8,False,True,钵屋众手甲,武器,手甲,武士武器,False,0,0,0,0,0,0,0,0,0,0,0,0,0,0,0
445,57151,0xDF3F,6,18,1.8,False,True,山伏手甲,武器,手甲,武士武器,False,0,0,0,0,0,0,0,0,0,0,0,0,0,0,0
446,4693,0x1255,6,18,1.8,False,True,白莲手甲,武器,手甲,武士武器,False,0,0,0,0,0,0,0,0,0,0,0,0,0,0,0
447,15223,0x3B77,6,18,1.8,False,True,朱漆手甲,武器,手甲,武士武器,False,0,0,0,0,0,0,0,0,0,0,0,0,0,0,0
448,39174,0x9906,6,18,1.8,False,True,鬼腕甲,武器,手甲,武士武器,False,0,0,0,0,0,0,0,0,0,0,0,0,0,0,0
449,53900,0xD28C,6,18,1.8,False,True,辟邪手甲,武器,手甲,武士武器,False,0,0,0,0,0,0,0,0,0,0,0,0,0,0,0
450,40110,0x9CAE,6,18,1.8,False,True,风魔手甲,武器,手甲,武士武器,False,0,0,0,0,0,0,0,0,0,0,0,0,0,0,0
451,53622,0xD176,6,18,1.8,False,True,恶鬼手甲,武器,手甲,武士武器,False,0,0,0,0,0,0,0,0,0,0,0,0,0,0,0
452,18247,0x4747,6,18,1.8,False,True,大名手甲,武器,手甲,武士武器,False,0,0,0,0,0,0,0,0,0,0,0,0,0,0,0
453,12659,0x3173,6,18,1.8,False,True,高手手甲,武器,手甲,武士武器,False,0,0,0,0,0,0,0,0,0,0,0,0,0,0,0
454,45431,0xB177,6,18,1.8,False,True,大风手甲,武器,手甲,武士武器,False,0,0,0,0,0,0,0,0,0,0,0,0,0,0,0
455,497,0x01F1,6,18,1.8,False,True,冰华手甲,武器,手甲,武士武器,False,0,0,0,0,0,0,0,0,0,0,0,0,0,0,0
456,54149,0xD385,6,18,1.8,False,True,百雷手甲,武器,手甲,武士武器,False,0,0,0,0,0,0,0,0,0,0,0,0,0,0,0
457,51885,0xCAAD,6,18,1.8,False,True,焰怒手甲,武器,手甲,武士武器,False,0,0,0,0,0,0,0,0,0,0,0,0,0,0,0
458,39187,0x9913,6,18,1.8,False,True,万两义贼手甲,武器,手甲,武士武器,False,0,0,0,0,0,0,0,0,0,0,0,0,0,0,0
459,53625,0xD179,6,18,1.8,False,True,副将军手甲,武器,手甲,武士武器,False,0,0,0,0,0,0,0,0,0,0,0,0,0,0,0
460,35941,0x8C65,6,18,1.8,False,True,皮手甲钩,武器,手甲钩,忍者武器,False,0,0,0,0,0,0,0,0,0,0,0,0,0,0,0
461,12032,0x2F00,6,18,1.8,False,True,下忍手甲钩,武器,手甲钩,忍者武器,False,0,0,0,0,0,0,0,0,0,0,0,0,0,0,0
462,17244,0x435C,6,18,1.8,False,True,户隐流手甲钩,武器,手甲钩,忍者武器,False,0,0,0,0,0,0,0,0,0,0,0,0,0,0,0
463,41895,0xA3A7,6,18,1.8,False,True,轩猿手甲钩,武器,手甲钩,忍者武器,False,0,0,0,0,0,0,0,0,0,0,0,0,0,0,0
464,62575,0xF46F,6,18,1.8,False,True,中忍手甲钩,武器,手甲钩,忍者武器,False,0,0,0,0,0,0,0,0,0,0,0,0,0,0,0
465,50641,0xC5D1,6,18,1.8,False,True,武艺者手甲钩,武器,手甲钩,忍者武器,False,0,0,0,0,0,0,0,0,0,0,0,0,0,0,0
466,44963,0xAFA3,6,18,1.8,False,True,风魔首领手甲钩,武器,手甲钩,忍者武器,False,0,0,0,0,0,0,0,0,0,0,0,0,0,0,0
467,48215,0xBC57,6,18,1.8,False,True,上忍手甲钩,武器,手甲钩,忍者武器,False,0,0,0,0,0,0,0,0,0,0,0,0,0,0,0
468,63254,0xF716,6,18,1.8,False,True,钵屋众手甲钩,武器,手甲钩,忍者武器,False,0,0,0,0,0,0,0,0,0,0,0,0,0,0,0
469,2190,0x088E,6,18,1.8,False,True,土蜘蛛众手甲钩,武器,手甲钩,忍者武器,False,0,0,0,0,0,0,0,0,0,0,0,0,0,0,0
470,13072,0x3310,6,18,1.8,False,True,山伏手甲钩,武器,手甲钩,忍者武器,False,0,0,0,0,0,0,0,0,0,0,0,0,0,0,0
471,25901,0x652D,6,18,1.8,False,True,白莲手甲钩,武器,手甲钩,忍者武器,False,0,0,0,0,0,0,0,0,0,0,0,0,0,0,0
472,10750,0x29FE,6,18,1.8,False,True,朱漆手甲钩,武器,手甲钩,忍者武器,False,0,0,0,0,0,0,0,0,0,0,0,0,0,0,0
473,10095,0x276F,6,18,1.8,False,True,风魔手甲钩,武器,手甲钩,忍者武器,False,0,0,0,0,0,0,0,0,0,0,0,0,0,0,0
474,37629,0x92FD,6,18,1.8,False,True,首领手甲钩,武器,手甲钩,忍者武器,False,0,0,0,0,0,0,0,0,0,0,0,0,0,0,0
475,22632,0x5868,6,18,1.8,False,True,高手手甲钩,武器,手甲钩,忍者武器,False,0,0,0,0,0,0,0,0,0,0,0,0,0,0,0
476,34845,0x881D,6,18,1.8,False,True,大风手甲钩,武器,手甲钩,忍者武器,False,0,0,0,0,0,0,0,0,0,0,0,0,0,0,0
477,41305,0xA159,6,18,1.8,False,True,冰华手甲钩,武器,手甲钩,忍者武器,False,0,0,0,0,0,0,0,0,0,0,0,0,0,0,0
478,26412,0x672C,6,18,1.8,False,True,百雷手甲钩,武器,手甲钩,忍者武器,False,0,0,0,0,0,0,0,0,0,0,0,0,0,0,0
479,54932,0xD694,6,18,1.8,False,True,万两义贼手甲钩,武器,手甲钩,忍者武器,False,0,0,0,0,0,0,0,0,0,0,0,0,0,0,0
480,36480,0x8E80,6,18,1.8,False,True,焰怒手甲钩,武器,手甲钩,忍者武器,False,0,0,0,0,0,0,0,0,0,0,0,0,0,0,0
481,41176,0xA0D8,2355429382,18,1.8,False,True,狱妖手甲钩,武器,手甲钩,忍者武器,False,0,0,0,0,0,0,0,0,0,0,0,0,0,0,0
482,22823,0x5927,425459718,18,1.8,False,True,狱妖手甲,武器,手甲,武士武器,False,0,0,0,0,0,0,0,0,0,0,0,0,0,0,0
483,39636,0x9AD4,6,18,1.8,False,True,弁庆梦想手甲钩,武器,手甲钩,忍者武器,False,0,0,0,0,0,0,0,0,0,0,0,0,0,0,0
484,58202,0xE35A,6,16,1.6,False,True,,武器,,NPC武器,False,0,0,0,0,0,0,0,0,0,0,0,0,0,0,0
485,48012,0xBB8C,6,16,1.6,False,True,,武器,,NPC武器,False,0,0,0,0,0,0,0,0,0,0,0,0,0,0,0
486,23568,0x5C10,6,16,1.6,False,True,,武器,,NPC武器,False,0,0,0,0,0,0,0,0,0,0,0,0,0,0,0
487,61348,0xEFA4,6,16,1.6,False,True,,武器,,NPC武器,False,0,0,0,0,0,0,0,0,0,0,0,0,0,0,0
488,25615,0x640F,7,20,2.0,False,True,打刀·阵笠,武器,忍盾矛,忍者武器,False,0,0,0,0,0,0,0,0,0,0,0,0,0,0,0
489,14682,0x395A,17,20,2.0,False,True,打刀·阵笠,武器,忍盾矛,忍者武器,False,0,0,0,0,0,0,0,0,0,0,0,0,0,0,0
490,7475,0x1D33,7,20,2.0,False,True,步兵盾矛,武器,盾矛,武士武器,False,0,0,0,0,0,0,0,0,0,0,0,0,0,0,0
491,15623,0x3D07,17,20,2.0,False,True,琉球盾矛,武器,忍盾矛,忍者武器,False,0,0,0,0,0,0,0,0,0,0,0,0,0,0,0
492,38252,0x956C,17,20,2.0,False,True,古代兵盾矛,武器,忍盾矛,忍者武器,False,0,0,0,0,0,0,0,0,0,0,0,0,0,0,0
493,61068,0xEE8C,7,20,2.0,False,True,御家人刀盾,武器,盾矛,武士武器,False,0,0,0,0,0,0,0,0,0,0,0,0,0,0,0
494,47108,0xB804,17,20,2.0,False,True,眉尖刀·团牌,武器,忍盾矛,忍者武器,False,0,0,0,0,0,0,0,0,0,0,0,0,0,0,0
495,57562,0xE0DA,17,20,2.0,False,True,亲方盾矛,武器,忍盾矛,忍者武器,False,0,0,0,0,0,0,0,0,0,0,0,0,0,0,0
496,34208,0x85A0,7,20,2.0,False,True,宗近盾矛,武器,盾矛,武士武器,False,0,0,0,0,0,0,0,0,0,0,0,0,0,0,0
497,64523,0xFC0B,7,20,2.0,False,True,本庄正宗·纯铁盾,武器,盾矛,武士武器,False,0,0,0,0,0,0,0,0,0,0,0,0,0,0,0
498,52801,0xCE41,7,20,2.0,False,True,不动明王剑盾,武器,盾矛,武士武器,False,0,0,0,0,0,0,0,0,0,0,0,0,0,0,0
499,61386,0xEFCA,7,20,2.0,False,True,君真物盾矛,武器,盾矛,武士武器,False,0,0,0,0,0,0,0,0,0,0,0,0,0,0,0
500,33094,0x8146,7,20,2.0,False,True,雷公盾矛,武器,盾矛,武士武器,False,0,0,0,0,0,0,0,0,0,0,0,0,0,0,0
501,55275,0xD7EB,7,20,2.0,False,True,诹访盾矛,武器,盾矛,武士武器,False,0,0,0,0,0,0,0,0,0,0,0,0,0,0,0
502,39128,0x98D8,7,20,2.0,False,True,怨嗟剑盾,武器,盾矛,武士武器,False,0,0,0,0,0,0,0,0,0,0,0,0,0,0,0
503,44068,0xAC24,17,20,2.0,False,True,怨嗟剑盾,武器,忍盾矛,忍者武器,False,0,0,0,0,0,0,0,0,0,0,0,0,0,0,0
504,52874,0xCE8A,7,20,2.0,False,True,先锋盾矛,武器,盾矛,武士武器,False,0,0,0,0,0,0,0,0,0,0,0,0,0,0,0
505,57787,0xE1BB,7,20,2.0,False,True,武田兵刀盾,武器,盾矛,武士武器,False,0,0,0,0,0,0,0,0,0,0,0,0,0,0,0
506,26767,0x688F,17,20,2.0,False,True,仁屋盾矛,武器,忍盾矛,忍者武器,False,0,0,0,0,0,0,0,0,0,0,0,0,0,0,0
507,1552,0x0610,7,20,2.0,False,True,古代将领盾矛,武器,盾矛,武士武器,False,0,0,0,0,0,0,0,0,0,0,0,0,0,0,0
508,8511,0x213F,17,20,2.0,False,True,郎党刀盾,武器,忍盾矛,忍者武器,False,0,0,0,0,0,0,0,0,0,0,0,0,0,0,0
509,26765,0x688D,17,20,2.0,False,True,亲云上盾矛,武器,忍盾矛,忍者武器,False,0,0,0,0,0,0,0,0,0,0,0,0,0,0,0
510,56454,0xDC86,17,20,2.0,False,True,按司盾矛,武器,忍盾矛,忍者武器,False,0,0,0,0,0,0,0,0,0,0,0,0,0,0,0
511,10208,0x27E0,7,20,2.0,False,True,泷口武者盾矛,武器,盾矛,武士武器,False,0,0,0,0,0,0,0,0,0,0,0,0,0,0,0
512,42786,0xA722,7,20,2.0,False,True,豪杰刀盾,武器,盾矛,武士武器,False,0,0,0,0,0,0,0,0,0,0,0,0,0,0,0
513,65229,0xFECD,17,20,2.0,False,True,灵炎剑盾,武器,忍盾矛,忍者武器,False,0,0,0,0,0,0,0,0,0,0,0,0,0,0,0
514,17989,0x4645,17,20,2.0,False,True,激浪盾矛,武器,忍盾矛,忍者武器,False,0,0,0,0,0,0,0,0,0,0,0,0,0,0,0
515,19456,0x4C00,17,20,2.0,False,True,妖雷盾矛,武器,忍盾矛,忍者武器,False,0,0,0,0,0,0,0,0,0,0,0,0,0,0,0
516,48050,0xBBB2,17,20,2.0,False,True,神风盾矛,武器,忍盾矛,忍者武器,False,0,0,0,0,0,0,0,0,0,0,0,0,0,0,0
517,20493,0x500D,7,20,2.0,False,True,三池典太·编笠,武器,盾矛,武士武器,False,0,0,0,0,0,0,0,0,0,0,0,0,0,0,0
518,52995,0xCF03,7,20,2.0,False,True,炼金术师剑盾,武器,盾矛,武士武器,False,0,0,0,0,0,0,0,0,0,0,0,0,0,0,0
519,19617,0x4CA1,7,20,2.0,False,True,炼金术师剑盾,武器,盾矛,武士武器,False,0,0,0,0,0,0,0,0,0,0,0,0,0,0,0
520,29981,0x751D,7,16,1.6,False,True,,武器,,NPC武器,False,0,0,0,0,0,0,0,0,0,0,0,0,0,0,0
521,3302,0x0CE6,7,16,1.6,False,True,,武器,,NPC武器,False,0,0,0,0,0,0,0,0,0,0,0,0,0,0,0
522,42060,0xA44C,17,16,1.6,False,True,,武器,,NPC武器,False,0,0,0,0,0,0,0,0,0,0,0,0,0,0,0
523,241,0x00F1,17,16,1.6,False,True,,武器,,NPC武器,False,0,0,0,0,0,0,0,0,0,0,0,0,0,0,0
524,1446,0x05A6,0,1,0.1,False,True,,武器,,NPC武器,False,0,0,0,0,0,0,0,0,0,0,0,0,0,0,0
525,49493,0xC155,0,1,0.1,False,True,,武器,,NPC武器,False,0,0,0,0,0,0,0,0,0,0,0,0,0,0,0
526,17863,0x45C7,0,1,0.1,False,True,,武器,,NPC武器,False,0,0,0,0,0,0,0,0,0,0,0,0,0,0,0
527,33129,0x8169,0,1,0.1,False,True,,武器,,NPC武器,False,0,0,0,0,0,0,0,0,0,0,0,0,0,0,0
528,41983,0xA3FF,0,1,0.1,False,True,,武器,,NPC武器,False,0,0,0,0,0,0,0,0,0,0,0,0,0,0,0
529,11117,0x2B6D,0,1,0.1,False,True,,武器,,NPC武器,False,0,0,0,0,0,0,0,0,0,0,0,0,0,0,0
530,30663,0x77C7,0,1,0.1,False,True,,武器,,NPC武器,False,0,0,0,0,0,0,0,0,0,0,0,0,0,0,0
531,56086,0xDB16,0,1,0.1,False,True,,武器,,NPC武器,False,0,0,0,0,0,0,0,0,0,0,0,0,0,0,0
532,45011,0xAFD3,0,1,0.1,False,True,,武器,,NPC武器,False,0,0,0,0,0,0,0,0,0,0,0,0,0,0,0
533,23073,0x5A21,0,1,0.1,False,True,,武器,,NPC武器,False,0,0,0,0,0,0,0,0,0,0,0,0,0,0,0
534,1914,0x077A,0,1,0.1,False,True,,武器,,NPC武器,False,0,0,0,0,0,0,0,0,0,0,0,0,0,0,0
535,61297,0xEF71,0,1,0.1,False,True,,武器,,NPC武器,False,0,0,0,0,0,0,0,0,0,0,0,0,0,0,0
536,41073,0xA071,0,1,0.1,False,True,,武器,,NPC武器,False,0,0,0,0,0,0,0,0,0,0,0,0,0,0,0
537,16875,0x41EB,0,1,0.1,False,True,,武器,,NPC武器,False,0,0,0,0,0,0,0,0,0,0,0,0,0,0,0
538,28859,0x70BB,0,1,0.1,False,True,,武器,,NPC武器,False,0,0,0,0,0,0,0,0,0,0,0,0,0,0,0
539,6896,0x1AF0,1,1,0.1,False,True,,武器,,NPC武器,False,0,0,0,0,0,0,0,0,0,0,0,0,0,0,0
540,10351,0x286F,20,1,0.1,False,True,,武器,,远程武器,False,0,0,0,0,0,0,0,0,0,0,0,0,0,0,0
541,52195,0xCBE3,1,1,0.1,False,True,,武器,,NPC武器,False,0,0,0,0,0,0,0,0,0,0,0,0,0,0,0
542,44320,0xAD20,4,1,0.1,False,True,,武器,,NPC武器,False,0,0,0,0,0,0,0,0,0,0,0,0,0,0,0
543,5624,0x15F8,5,1,0.1,False,True,,武器,,NPC武器,False,0,0,0,0,0,0,0,0,0,0,0,0,0,0,0
544,26210,0x6662,1,1,0.1,False,True,,武器,,NPC武器,False,0,0,0,0,0,0,0,0,0,0,0,0,0,0,0
545,50367,0xC4BF,15,1,0.1,False,True,,武器,,NPC武器,False,0,0,0,0,0,0,0,0,0,0,0,0,0,0,0
546,59928,0xEA18,15,1,0.1,False,True,,武器,,NPC武器,False,0,0,0,0,0,0,0,0,0,0,0,0,0,0,0
547,10309,0x2845,4,1,0.1,False,True,,武器,,NPC武器,False,0,0,0,0,0,0,0,0,0,0,0,0,0,0,0
548,41824,0xA360,5,1,0.1,False,True,,武器,,NPC武器,False,0,0,0,0,0,0,0,0,0,0,0,0,0,0,0
549,20797,0x513D,1,1,0.1,False,True,,武器,,NPC武器,False,0,0,0,0,0,0,0,0,0,0,0,0,0,0,0
550,51555,0xC963,0,1,0.1,False,True,,武器,,NPC武器,False,0,0,0,0,0,0,0,0,0,0,0,0,0,0,0
551,40527,0x9E4F,0,1,0.1,False,True,,武器,,NPC武器,False,0,0,0,0,0,0,0,0,0,0,0,0,0,0,0
552,15551,0x3CBF,0,1,0.1,False,True,,武器,,NPC武器,False,0,0,0,0,0,0,0,0,0,0,0,0,0,0,0
553,65286,0xFF06,1,1,0.1,False,True,,武器,,NPC武器,False,0,0,0,0,0,0,0,0,0,0,0,0,0,0,0
554,21314,0x5342,20,1,0.1,False,True,,武器,,远程武器,False,0,0,0,0,0,0,0,0,0,0,0,0,0,0,0
555,46310,0xB4E6,0,1,0.1,False,True,,武器,,NPC武器,False,0,0,0,0,0,0,0,0,0,0,0,0,0,0,0
556,50529,0xC561,0,1,0.1,False,True,,武器,,NPC武器,False,0,0,0,0,0,0,0,0,0,0,0,0,0,0,0
557,19946,0x4DEA,0,1,0.1,False,True,,武器,,NPC武器,False,0,0,0,0,0,0,0,0,0,0,0,0,0,0,0
558,23581,0x5C1D,0,1,0.1,False,True,,武器,,NPC武器,False,0,0,0,0,0,0,0,0,0,0,0,0,0,0,0
559,43679,0xAA9F,0,1,0.1,False,True,,武器,,NPC武器,False,0,0,0,0,0,0,0,0,0,0,0,0,0,0,0
560,906,0x038A,0,1,0.1,False,True,,武器,,NPC武器,False,0,0,0,0,0,0,0,0,0,0,0,0,0,0,0
561,52362,0xCC8A,3,1,0.1,False,True,,武器,,NPC武器,False,0,0,0,0,0,0,0,0,0,0,0,0,0,0,0
562,1596,0x063C,3,1,0.1,False,True,,武器,,NPC武器,False,0,0,0,0,0,0,0,0,0,0,0,0,0,0,0
563,49178,0xC01A,4,1,0.1,False,True,,武器,,NPC武器,False,0,0,0,0,0,0,0,0,0,0,0,0,0,0,0
564,30053,0x7565,20,1,0.1,False,True,,武器,,远程武器,False,0,0,0,0,0,0,0,0,0,0,0,0,0,0,0
565,39287,0x9977,5,1,0.1,False,True,,武器,,NPC武器,False,0,0,0,0,0,0,0,0,0,0,0,0,0,0,0
566,47167,0xB83F,0,1,0.1,False,True,,武器,,NPC武器,False,0,0,0,0,0,0,0,0,0,0,0,0,0,0,0
567,4431,0x114F,1,1,0.1,False,True,,武器,,NPC武器,False,0,0,0,0,0,0,0,0,0,0,0,0,0,0,0
568,22907,0x597B,1,1,0.1,False,True,,武器,,NPC武器,False,0,0,0,0,0,0,0,0,0,0,0,0,0,0,0
569,48324,0xBCC4,15,18,1.8,False,True,巨型禅杖（来源未知）,武器,,NPC武器,False,0,0,0,0,0,0,0,0,0,0,0,0,0,0,0
570,53547,0xD12B,1,1,0.1,False,True,,武器,,NPC武器,False,0,0,0,0,0,0,0,0,0,0,0,0,0,0,0
571,9252,0x2424,4,1,0.1,False,True,,武器,,NPC武器,False,0,0,0,0,0,0,0,0,0,0,0,0,0,0,0
572,18583,0x4897,1,1,0.1,False,True,,武器,,NPC武器,False,0,0,0,0,0,0,0,0,0,0,0,0,0,0,0
573,56559,0xDCEF,0,1,0.1,False,True,,武器,,NPC武器,False,0,0,0,0,0,0,0,0,0,0,0,0,0,0,0
574,19786,0x4D4A,7,20,2.0,False,True,炼金术师剑盾,武器,盾矛,武士武器,False,0,0,0,0,0,0,0,0,0,0,0,0,0,0,0
575,9390,0x24AE,5,1,0.1,False,False,,,,,False,0,0,0,0,0,0,0,0,0,0,0,0,0,0,0
576,52273,0xCC31,20,3,0.3,False,True,长弓,武器,弓,远程武器,False,0,0,0,0,0,0,0,0,0,0,0,0,0,0,0
577,58741,0xE575,20,4,0.4,False,True,重藤弓,武器,弓,远程武器,False,0,0,0,0,0,0,0,0,0,0,0,0,0,0,0
578,36378,0x8E1A,20,5,0.5,False,True,穿盾强弓,武器,弓,远程武器,False,0,0,0,0,0,0,0,0,0,0,0,0,0,0,0
579,29406,0x72DE,20,4,0.4,False,True,五人弓,武器,弓,远程武器,False,0,0,0,0,0,0,0,0,0,0,0,0,0,0,0
580,13901,0x364D,20,3,0.3,False,True,两面宿傩之弓,武器,弓,远程武器,False,0,0,0,0,0,0,0,0,0,0,0,0,0,0,0
581,17530,0x447A,20,3,0.3,False,True,雷上动,武器,弓,远程武器,False,0,0,0,0,0,0,0,0,0,0,0,0,0,0,0
582,25537,0x63C1,20,3,0.3,False,True,射扇之弓,武器,弓,远程武器,False,0,0,0,0,0,0,0,0,0,0,0,0,0,0,0
583,47542,0xB9B6,20,4,0.4,False,True,御持弓,武器,弓,远程武器,False,0,0,0,0,0,0,0,0,0,0,0,0,0,0,0
584,33812,0x8414,20,4,0.4,False,True,镇西八郎之弓,武器,弓,远程武器,False,0,0,0,0,0,0,0,0,0,0,0,0,0,0,0
585,12297,0x3009,20,4,0.4,False,True,神通弓,武器,弓,远程武器,False,0,0,0,0,0,0,0,0,0,0,0,0,0,0,0
586,55740,0xD9BC,20,3,0.3,False,True,镰仓大人之弓,武器,弓,远程武器,False,0,0,0,0,0,0,0,0,0,0,0,0,0,0,0
587,25158,0x6246,20,3,0.3,False,True,赤备大将之弓,武器,弓,远程武器,False,0,0,0,0,0,0,0,0,0,0,0,0,0,0,0
588,23374,0x5B4E,20,3,0.3,False,True,,武器,,远程武器,False,0,0,0,0,0,0,0,0,0,0,0,0,0,0,0
589,14341,0x3805,20,3,0.3,False,True,日置当流之弓,武器,弓,远程武器,False,0,0,0,0,0,0,0,0,0,0,0,0,0,0,0
590,45519,0xB1CF,21,5,0.5,False,True,种子岛枪,武器,火枪,远程武器,False,0,0,0,0,0,0,0,0,0,0,0,0,0,0,0
591,58616,0xE4F8,21,6,0.6,False,True,国友铁炮,武器,火枪,远程武器,False,0,0,0,0,0,0,0,0,0,0,0,0,0,0,0
592,31866,0x7C7A,21,7,0.7,False,True,堺铁炮,武器,火枪,远程武器,False,0,0,0,0,0,0,0,0,0,0,0,0,0,0,0
593,51219,0xC813,21,6,0.6,False,True,日野铁炮,武器,火枪,远程武器,False,0,0,0,0,0,0,0,0,0,0,0,0,0,0,0
594,7108,0x1BC4,21,7,0.7,False,True,根来铁炮,武器,火枪,远程武器,False,0,0,0,0,0,0,0,0,0,0,0,0,0,0,0
595,4297,0x10C9,21,5,0.5,False,True,稻富流火绳枪,武器,火枪,远程武器,False,0,0,0,0,0,0,0,0,0,0,0,0,0,0,0
596,29607,0x73A7,21,5,0.5,False,True,田付流火绳枪,武器,火枪,远程武器,False,0,0,0,0,0,0,0,0,0,0,0,0,0,0,0
597,10149,0x27A5,21,5,0.5,False,True,,武器,,远程武器,False,0,0,0,0,0,0,0,0,0,0,0,0,0,0,0
598,51180,0xC7EC,21,1,0.1,False,True,,武器,,远程武器,False,0,0,0,0,0,0,0,0,0,0,0,0,0,0,0
599,22296,0x5718,22,10,1.0,False,True,手持大炮,武器,大炮,远程武器,False,0,0,0,0,0,0,0,0,0,0,0,0,0,0,0
600,48731,0xBE5B,22,11,1.1,False,True,崩国大炮,武器,大炮,远程武器,False,0,0,0,0,0,0,0,0,0,0,0,0,0,0,0
601,7624,0x1DC8,22,12,1.2,False,True,银朱大炮,武器,大炮,远程武器,False,0,0,0,0,0,0,0,0,0,0,0,0,0,0,0
602,7279,0x1C6F,22,13,1.3,False,True,阳流秘传大炮,武器,大炮,远程武器,False,0,0,0,0,0,0,0,0,0,0,0,0,0,0,0
603,6761,0x1A69,22,15,1.5,False,True,天龙大咆哮,武器,大炮,远程武器,False,0,0,0,0,0,0,0,0,0,0,0,0,0,0,0
604,58011,0xE29B,22,10,1.0,False,True,雷火炮,武器,大炮,远程武器,False,0,0,0,0,0,0,0,0,0,0,0,0,0,0,0
605,30213,0x7605,22,10,1.0,False,True,,武器,,远程武器,False,0,0,0,0,0,0,0,0,0,0,0,0,0,0,0
606,58282,0xE3AA,22,10,1.0,False,True,田付流秘传大炮,武器,大炮,远程武器,False,0,0,0,0,0,0,0,0,0,0,0,0,0,0,0
607,32963,0x80C3,22,10,1.0,False,True,,武器,,远程武器,False,0,0,0,0,0,0,0,0,0,0,0,0,0,0,0
608,40683,0x9EEB,28,66,6.6,True,True,世嗣中铠　胸甲,防具,身体,武士防具,True,5,2,517,0,0,0,0,0,0,5,2,517,0,0,0
609,7476,0x1D34,31,33,3.3,True,True,世嗣中铠　臂甲,防具,手臂,武士防具,True,5,2,517,0,0,0,0,0,0,5,2,517,0,0,0
610,16118,0x3EF6,34,50,5.0,True,True,世嗣中铠　膝甲,防具,腿部,武士防具,True,5,2,517,0,0,0,0,0,0,5,2,517,0,0,0
611,49958,0xC326,37,33,3.3,True,True,世嗣中铠　腿甲,防具,足部,武士防具,True,5,2,517,0,0,0,0,0,0,5,2,517,0,0,0
612,43657,0xAA89,25,6,0.6,True,True,世嗣忍者装束　护额,防具,头部,忍者防具,True,5,2,517,0,0,0,0,0,0,0,2,512,5,0,5
613,56774,0xDDC6,28,12,1.2,True,True,世嗣忍者装束　上衣,防具,身体,忍者防具,True,5,2,517,0,0,0,0,0,0,0,2,512,5,0,5
614,6760,0x1A68,31,6,0.6,True,True,世嗣忍者装束　臂甲,防具,手臂,忍者防具,True,5,2,517,0,0,0,0,0,0,0,2,512,5,0,5
615,33382,0x8266,34,9,0.9,True,True,世嗣忍者装束　膝甲,防具,腿部,忍者防具,True,5,2,517,0,0,0,0,0,0,0,2,512,5,0,5
616,15704,0x3D58,37,6,0.6,True,True,世嗣忍者装束　腿甲,防具,足部,忍者防具,True,5,2,517,0,0,0,0,0,0,0,2,512,5,0,5
617,55715,0xD9A3,28,74,7.4,True,True,弟君锦衣　上衣,防具,身体,武士防具,True,13,2,525,0,0,0,0,0,0,12,2,524,0,0,0
618,12913,0x3271,37,37,3.7,True,True,弟君锦衣　足履,防具,足部,武士防具,True,13,2,525,0,0,0,0,0,0,12,2,524,0,0,0
619,3867,0x0F1B,34,56,5.6,True,True,弟君锦衣　裤裙,防具,腿部,武士防具,True,13,2,525,0,0,0,0,0,0,12,2,524,0,0,0
620,55109,0xD745,31,8,0.8,True,True,凶王之衣　臂甲,防具,手臂,忍者防具,True,19,2,531,0,0,0,0,0,0,0,2,512,20,0,20
621,17223,0x4347,25,8,0.8,True,True,凶王之衣　头冠,防具,头部,忍者防具,True,19,2,531,0,0,0,0,0,0,0,2,512,20,0,20
622,34760,0x87C8,28,16,1.6,True,True,凶王之衣　项链,防具,身体,忍者防具,True,19,2,531,0,0,0,0,0,0,0,2,512,20,0,20
623,47260,0xB89C,37,8,0.8,True,True,凶王之衣　足履,防具,足部,忍者防具,True,19,2,531,0,0,0,0,0,0,0,2,512,20,0,20
624,64249,0xFAF9,34,12,1.2,True,True,凶王之衣　下衣,防具,腿部,忍者防具,True,19,2,531,0,0,0,0,0,0,0,2,512,20,0,20
625,52396,0xCCAC,31,54,5.4,True,True,甲斐之虎铠甲　臂甲,防具,手臂,武士防具,True,0,2,512,0,0,0,8,0,8,10,2,522,0,0,0
626,62889,0xF5A9,25,54,5.4,True,True,甲斐之虎铠甲　头盔,防具,头部,武士防具,True,0,2,512,0,0,0,8,0,8,10,2,522,0,0,0
627,56225,0xDBA1,28,108,10.8,True,True,甲斐之虎铠甲　胸甲,防具,身体,武士防具,True,0,2,512,0,0,0,8,0,8,10,2,522,0,0,0
628,25778,0x64B2,37,54,5.4,True,True,甲斐之虎铠甲　腿甲,防具,足部,武士防具,True,0,2,512,0,0,0,8,0,8,10,2,522,0,0,0
629,26656,0x6820,34,81,8.1,True,True,甲斐之虎铠甲　膝甲,防具,腿部,武士防具,True,0,2,512,0,0,0,8,0,8,10,2,522,0,0,0
630,18743,0x4937,31,37,3.7,True,True,大义之铠　臂甲,防具,手臂,武士防具,True,7,2,519,0,0,0,0,0,0,10,2,522,0,0,0
631,42340,0xA564,25,37,3.7,True,True,大义之铠　头盔,防具,头部,武士防具,True,7,2,519,0,0,0,0,0,0,10,2,522,0,0,0
632,7557,0x1D85,28,74,7.4,True,True,大义之铠　胸甲,防具,身体,武士防具,True,7,2,519,0,0,0,0,0,0,10,2,522,0,0,0
633,61631,0xF0BF,37,37,3.7,True,True,大义之铠　腿甲,防具,足部,武士防具,True,7,2,519,0,0,0,0,0,0,10,2,522,0,0,0
634,52988,0xCEFC,34,56,5.6,True,True,大义之铠　膝甲,防具,腿部,武士防具,True,7,2,519,0,0,0,0,0,0,10,2,522,0,0,0
635,33701,0x83A5,31,18,1.8,True,True,第一队队长队服　袖套,防具,手臂,武士防具,True,18,2,530,0,0,0,0,0,0,0,2,512,17,0,17
636,26511,0x678F,25,18,1.8,True,True,第一队队长队服　护额,防具,头部,武士防具,True,18,2,530,0,0,0,0,0,0,0,2,512,17,0,17
637,5213,0x145D,28,36,3.6,True,True,第一队队长队服　羽织,防具,身体,武士防具,True,18,2,530,0,0,0,0,0,0,0,2,512,17,0,17
638,14806,0x39D6,37,18,1.8,True,True,第一队队长队服　足履,防具,足部,武士防具,True,18,2,530,0,0,0,0,0,0,0,2,512,17,0,17
639,62793,0xF549,34,27,2.7,True,True,第一队队长队服　裤裙,防具,腿部,武士防具,True,18,2,530,0,0,0,0,0,0,0,2,512,17,0,17
640,22256,0x56F0,31,35,3.5,True,True,九郎判官之铠　臂甲,防具,手臂,武士防具,True,12,2,524,0,0,0,0,0,0,12,2,524,0,0,0
641,38010,0x947A,25,35,3.5,True,True,九郎判官之铠　头盔,防具,头部,武士防具,True,12,2,524,0,0,0,0,0,0,12,2,524,0,0,0
642,9407,0x24BF,28,70,7.0,True,True,九郎判官之铠　胸甲,防具,身体,武士防具,True,12,2,524,0,0,0,0,0,0,12,2,524,0,0,0
643,22732,0x58CC,37,35,3.5,True,True,九郎判官之铠　腿甲,防具,足部,武士防具,True,12,2,524,0,0,0,0,0,0,12,2,524,0,0,0
644,42396,0xA59C,34,53,5.3,True,True,九郎判官之铠　膝甲,防具,腿部,武士防具,True,12,2,524,0,0,0,0,0,0,12,2,524,0,0,0
645,63604,0xF874,31,54,5.4,True,True,镰仓大人之铠　弓挂,防具,手臂,武士防具,True,0,2,512,0,0,0,9,0,9,12,2,524,0,0,0
646,64803,0xFD23,25,54,5.4,True,True,镰仓大人之铠　乌帽,防具,头部,武士防具,True,0,2,512,0,0,0,9,0,9,12,2,524,0,0,0
647,51121,0xC7B1,28,108,10.8,True,True,镰仓大人之铠　胸甲,防具,身体,武士防具,True,0,2,512,0,0,0,9,0,9,12,2,524,0,0,0
648,13502,0x34BE,37,54,5.4,True,True,镰仓大人之铠　腿甲,防具,足部,武士防具,True,0,2,512,0,0,0,9,0,9,12,2,524,0,0,0
649,63451,0xF7DB,34,81,8.1,True,True,镰仓大人之铠　膝甲,防具,腿部,武士防具,True,0,2,512,0,0,0,9,0,9,12,2,524,0,0,0
650,61166,0xEEEE,31,18,1.8,True,True,奇兵队长装束　臂甲,防具,手臂,忍者防具,True,0,2,512,0,0,0,16,0,16,0,2,512,17,0,17
651,10518,0x2916,28,36,3.6,True,True,奇兵队长装束　上衣,防具,身体,忍者防具,True,0,2,512,0,0,0,16,0,16,0,2,512,17,0,17
652,55585,0xD921,37,18,1.8,True,True,奇兵队长装束　腿甲,防具,足部,忍者防具,True,0,2,512,0,0,0,16,0,16,0,2,512,17,0,17
653,32609,0x7F61,34,27,2.7,True,True,奇兵队长装束　下衣,防具,腿部,忍者防具,True,0,2,512,0,0,0,16,0,16,0,2,512,17,0,17
654,60084,0xEAB4,31,16,1.6,True,True,剑术无双之衣　臂甲,防具,手臂,武士防具,True,13,2,525,0,0,0,0,0,0,0,2,512,12,0,12
655,21860,0x5564,28,32,3.2,True,True,剑术无双之衣　肩衣,防具,身体,武士防具,True,13,2,525,0,0,0,0,0,0,0,2,512,12,0,12
656,46865,0xB711,37,16,1.6,True,True,剑术无双之衣　足履,防具,足部,武士防具,True,13,2,525,0,0,0,0,0,0,0,2,512,12,0,12
657,53685,0xD1B5,34,24,2.4,True,True,剑术无双之衣　裤裙,防具,腿部,武士防具,True,13,2,525,0,0,0,0,0,0,0,2,512,12,0,12
658,3294,0x0CDE,31,40,4.0,True,True,葵纹之铠　臂甲,防具,手臂,武士防具,True,14,2,526,0,0,0,0,0,0,19,2,531,0,0,0
659,16537,0x4099,28,80,8.0,True,True,葵纹之铠　胸甲,防具,身体,武士防具,True,14,2,526,0,0,0,0,0,0,19,2,531,0,0,0
660,21969,0x55D1,37,40,4.0,True,True,葵纹之铠　靴子,防具,足部,武士防具,True,14,2,526,0,0,0,0,0,0,19,2,531,0,0,0
661,37625,0x92F9,34,60,6.0,True,True,葵纹之铠　裙裤,防具,腿部,武士防具,True,14,2,526,0,0,0,0,0,0,19,2,531,0,0,0
662,18054,0x4686,26,49,4.9,True,True,赤备大将大铠　头盔,防具,头部,武士防具,True,0,2,512,0,0,0,6,0,6,5,2,517,0,0,0
663,48648,0xBE08,29,98,9.8,True,True,赤备大将大铠　胸甲,防具,身体,武士防具,True,0,2,512,0,0,0,6,0,6,5,2,517,0,0,0
664,14835,0x39F3,32,49,4.9,True,True,赤备大将大铠　臂甲,防具,手臂,武士防具,True,0,2,512,0,0,0,6,0,6,5,2,517,0,0,0
665,9847,0x2677,35,74,7.4,True,True,赤备大将大铠　膝甲,防具,腿部,武士防具,True,0,2,512,0,0,0,6,0,6,5,2,517,0,0,0
666,63580,0xF85C,38,49,4.9,True,True,赤备大将大铠　腿甲,防具,足部,武士防具,True,0,2,512,0,0,0,6,0,6,5,2,517,0,0,0
667,64432,0xFBB0,25,8,0.8,True,True,幕府军装束　阵笠,防具,头部,忍者防具,True,16,2,528,0,0,0,0,0,0,0,2,512,16,0,16
668,6914,0x1B02,28,16,1.6,True,True,幕府军装束　上衣,防具,身体,忍者防具,True,16,2,528,0,0,0,0,0,0,0,2,512,16,0,16
669,44213,0xACB5,37,8,0.8,True,True,幕府军装束　绑腿,防具,足部,忍者防具,True,16,2,528,0,0,0,0,0,0,0,2,512,16,0,16
670,50502,0xC546,34,12,1.2,True,True,幕府军装束　裤裙,防具,腿部,忍者防具,True,16,2,528,0,0,0,0,0,0,0,2,512,16,0,16
671,63643,0xF89B,31,17,1.7,True,True,新选组队服　袖套,防具,手臂,武士防具,True,17,2,529,0,0,0,0,0,0,0,2,512,17,0,17
672,6610,0x19D2,25,17,1.7,True,True,新选组队服　护额,防具,头部,武士防具,True,17,2,529,0,0,0,0,0,0,0,2,512,17,0,17
673,32853,0x8055,28,34,3.4,True,True,新选组队服　羽织,防具,身体,武士防具,True,17,2,529,0,0,0,0,0,0,0,2,512,17,0,17
674,44748,0xAECC,37,17,1.7,True,True,新选组队服　足履,防具,足部,武士防具,True,17,2,529,0,0,0,0,0,0,0,2,512,17,0,17
675,25354,0x630A,34,26,2.6,True,True,新选组队服　裤裙,防具,腿部,武士防具,True,17,2,529,0,0,0,0,0,0,0,2,512,17,0,17
676,58419,0xE433,31,17,1.7,True,True,新选组队服　袖套,防具,手臂,武士防具,True,15,2,527,0,0,0,0,0,0,0,2,512,15,0,15
677,49106,0xBFD2,25,17,1.7,True,True,新选组队服　护额,防具,头部,武士防具,True,15,2,527,0,0,0,0,0,0,0,2,512,15,0,15
678,61160,0xEEE8,28,34,3.4,True,True,新选组队服　羽织,防具,身体,武士防具,True,15,2,527,0,0,0,0,0,0,0,2,512,15,0,15
679,48824,0xBEB8,37,17,1.7,True,True,新选组队服　足履,防具,足部,武士防具,True,15,2,527,0,0,0,0,0,0,0,2,512,15,0,15
680,63949,0xF9CD,34,26,2.6,True,True,新选组队服　裤裙,防具,腿部,武士防具,True,15,2,527,0,0,0,0,0,0,0,2,512,15,0,15
681,4864,0x1300,25,16,1.6,True,True,旗本之衣　阵笠,防具,头部,武士防具,True,14,2,526,0,0,0,0,0,0,0,2,512,15,0,15
682,646,0x0286,28,32,3.2,True,True,旗本之衣　肩衣,防具,身体,武士防具,True,14,2,526,0,0,0,0,0,0,0,2,512,15,0,15
683,53128,0xCF88,37,16,1.6,True,True,旗本之衣　足履,防具,足部,武士防具,True,14,2,526,0,0,0,0,0,0,0,2,512,15,0,15
684,11769,0x2DF9,34,24,2.4,True,True,旗本之衣　裤裙,防具,腿部,武士防具,True,14,2,526,0,0,0,0,0,0,0,2,512,15,0,15
685,34594,0x8722,31,18,1.8,True,True,邪马台国轻铠　臂甲,防具,手臂,忍者防具,True,0,2,512,0,0,0,13,0,13,0,2,512,18,0,18
686,56862,0xDE1E,25,18,1.8,True,True,邪马台国轻铠　头盔,防具,头部,忍者防具,True,0,2,512,0,0,0,13,0,13,0,2,512,18,0,18
687,21782,0x5516,28,36,3.6,True,True,邪马台国轻铠　胸甲,防具,身体,忍者防具,True,0,2,512,0,0,0,13,0,13,0,2,512,18,0,18
688,217,0x00D9,37,18,1.8,True,True,邪马台国轻铠　腿甲,防具,足部,忍者防具,True,0,2,512,0,0,0,13,0,13,0,2,512,18,0,18
689,60370,0xEBD2,34,27,2.7,True,True,邪马台国轻铠　下衣,防具,腿部,忍者防具,True,0,2,512,0,0,0,13,0,13,0,2,512,18,0,18
690,13847,0x3617,31,54,5.4,True,True,邪马台国之铠　臂甲,防具,手臂,武士防具,True,0,2,512,0,0,0,12,0,12,10,2,522,0,0,0
691,342,0x0156,25,54,5.4,True,True,邪马台国之铠　头盔,防具,头部,武士防具,True,0,2,512,0,0,0,12,0,12,10,2,522,0,0,0
692,4069,0x0FE5,28,108,10.8,True,True,邪马台国之铠　胸甲,防具,身体,武士防具,True,0,2,512,0,0,0,12,0,12,10,2,522,0,0,0
693,16619,0x40EB,37,54,5.4,True,True,邪马台国之铠　腿甲,防具,足部,武士防具,True,0,2,512,0,0,0,12,0,12,10,2,522,0,0,0
694,62003,0xF233,34,81,8.1,True,True,邪马台国之铠　下衣,防具,腿部,武士防具,True,0,2,512,0,0,0,12,0,12,10,2,522,0,0,0
695,27862,0x6CD6,31,17,1.7,True,True,风魔头领忍者装束　臂甲,防具,手臂,忍者防具,True,0,2,512,0,0,0,6,0,6,0,2,512,8,0,8
696,31025,0x7931,25,17,1.7,True,True,风魔头领忍者装束　覆面,防具,头部,忍者防具,True,0,2,512,0,0,0,6,0,6,0,2,512,8,0,8
697,8226,0x2022,28,34,3.4,True,True,风魔头领忍者装束　上衣,防具,身体,忍者防具,True,0,2,512,0,0,0,6,0,6,0,2,512,8,0,8
698,52291,0xCC43,37,17,1.7,True,True,风魔头领忍者装束　腿甲,防具,足部,忍者防具,True,0,2,512,0,0,0,6,0,6,0,2,512,8,0,8
699,40484,0x9E24,34,26,2.6,True,True,风魔头领忍者装束　膝甲,防具,腿部,忍者防具,True,0,2,512,0,0,0,6,0,6,0,2,512,8,0,8
700,1547,0x060B,31,35,3.5,True,True,护国禅师的袈裟　袖套,防具,手臂,武士防具,True,6,2,518,0,0,0,0,0,0,5,2,517,0,0,0
701,31129,0x7999,25,35,3.5,True,True,护国禅师的袈裟　斗笠,防具,头部,武士防具,True,6,2,518,0,0,0,0,0,0,5,2,517,0,0,0
702,52372,0xCC94,28,70,7.0,True,True,护国禅师的袈裟　上衣,防具,身体,武士防具,True,6,2,518,0,0,0,0,0,0,5,2,517,0,0,0
703,38361,0x95D9,37,35,3.5,True,True,护国禅师的袈裟　绑腿,防具,足部,武士防具,True,6,2,518,0,0,0,0,0,0,5,2,517,0,0,0
704,63804,0xF93C,34,53,5.3,True,True,护国禅师的袈裟　裤裙,防具,腿部,武士防具,True,6,2,518,0,0,0,0,0,0,5,2,517,0,0,0
705,40824,0x9F78,31,51,5.1,True,True,御一门众之铠　臂甲,防具,手臂,武士防具,True,0,2,512,0,0,0,7,0,7,6,2,518,0,0,0
706,50167,0xC3F7,25,51,5.1,True,True,御一门众之铠　头盔,防具,头部,武士防具,True,0,2,512,0,0,0,7,0,7,6,2,518,0,0,0
707,23175,0x5A87,28,102,10.2,True,True,御一门众之铠　胸甲,防具,身体,武士防具,True,0,2,512,0,0,0,7,0,7,6,2,518,0,0,0
708,56888,0xDE38,37,51,5.1,True,True,御一门众之铠　腿甲,防具,足部,武士防具,True,0,2,512,0,0,0,7,0,7,6,2,518,0,0,0
709,39620,0x9AC4,34,77,7.7,True,True,御一门众之铠　膝甲,防具,腿部,武士防具,True,0,2,512,0,0,0,7,0,7,6,2,518,0,0,0
710,44351,0xAD3F,31,52,5.2,True,True,修理亮之铠　臂甲,防具,手臂,武士防具,True,0,2,512,0,0,0,9,0,9,8,2,520,0,0,0
711,53757,0xD1FD,25,52,5.2,True,True,修理亮之铠　头盔,防具,头部,武士防具,True,0,2,512,0,0,0,9,0,9,8,2,520,0,0,0
712,63493,0xF805,28,104,10.4,True,True,修理亮之铠　胸甲,防具,身体,武士防具,True,0,2,512,0,0,0,9,0,9,8,2,520,0,0,0
713,52224,0xCC00,37,52,5.2,True,True,修理亮之铠　腿甲,防具,足部,武士防具,True,0,2,512,0,0,0,9,0,9,8,2,520,0,0,0
714,6588,0x19BC,34,78,7.8,True,True,修理亮之铠　膝甲,防具,腿部,武士防具,True,0,2,512,0,0,0,9,0,9,8,2,520,0,0,0
715,19238,0x4B26,31,52,5.2,True,True,逃弹正之铠　臂甲,防具,手臂,武士防具,True,0,2,512,0,0,0,9,0,9,8,2,520,0,0,0
716,10664,0x29A8,25,52,5.2,True,True,逃弹正之铠　头盔,防具,头部,武士防具,True,0,2,512,0,0,0,9,0,9,8,2,520,0,0,0
717,12410,0x307A,28,104,10.4,True,True,逃弹正之铠　胸甲,防具,身体,武士防具,True,0,2,512,0,0,0,9,0,9,8,2,520,0,0,0
718,48975,0xBF4F,37,52,5.2,True,True,逃弹正之铠　腿甲,防具,足部,武士防具,True,0,2,512,0,0,0,9,0,9,8,2,520,0,0,0
719,65292,0xFF0C,34,78,7.8,True,True,逃弹正之铠　膝甲,防具,腿部,武士防具,True,0,2,512,0,0,0,9,0,9,8,2,520,0,0,0
720,39607,0x9AB7,26,26,2.6,True,True,万两义贼之铠　面具,防具,头部,忍者防具,True,0,2,512,0,0,0,21,0,21,0,2,512,15,0,15
721,41347,0xA183,29,52,5.2,True,True,万两义贼之铠　胸甲,防具,身体,忍者防具,True,0,2,512,0,0,0,21,0,21,0,2,512,15,0,15
722,30700,0x77EC,32,26,2.6,True,True,万两义贼之铠　臂甲,防具,手臂,忍者防具,True,0,2,512,0,0,0,21,0,21,0,2,512,15,0,15
723,55260,0xD7DC,35,39,3.9,True,True,万两义贼之铠　膝甲,防具,腿部,忍者防具,True,0,2,512,0,0,0,21,0,21,0,2,512,15,0,15
724,59942,0xEA26,38,26,2.6,True,True,万两义贼之铠　腿甲,防具,足部,忍者防具,True,0,2,512,0,0,0,21,0,21,0,2,512,15,0,15
725,24309,0x5EF5,26,26,2.6,True,True,万两义贼之铠　面具,防具,头部,忍者防具,True,0,2,512,0,0,0,21,0,21,0,2,512,15,0,15
726,61968,0xF210,29,52,5.2,True,True,万两义贼之铠　胸甲,防具,身体,忍者防具,True,0,2,512,0,0,0,21,0,21,0,2,512,15,0,15
727,1921,0x0781,32,26,2.6,True,True,万两义贼之铠　臂甲,防具,手臂,忍者防具,True,0,2,512,0,0,0,21,0,21,0,2,512,15,0,15
728,42722,0xA6E2,35,39,3.9,True,True,万两义贼之铠　膝甲,防具,腿部,忍者防具,True,0,2,512,0,0,0,21,0,21,0,2,512,15,0,15
729,14866,0x3A12,38,26,2.6,True,True,万两义贼之铠　腿甲,防具,足部,忍者防具,True,0,2,512,0,0,0,21,0,21,0,2,512,15,0,15
730,15336,0x3BE8,31,19,1.9,True,True,最后的忍者装束　臂甲,防具,手臂,忍者防具,True,0,2,512,0,0,0,15,0,15,0,2,512,19,0,19
731,62041,0xF259,25,19,1.9,True,True,最后的忍者装束　面具,防具,头部,忍者防具,True,0,2,512,0,0,0,15,0,15,0,2,512,19,0,19
732,55410,0xD872,28,38,3.8,True,True,最后的忍者装束　胸甲,防具,身体,忍者防具,True,0,2,512,0,0,0,15,0,15,0,2,512,19,0,19
733,48821,0xBEB5,37,19,1.9,True,True,最后的忍者装束　腿甲,防具,足部,忍者防具,True,0,2,512,0,0,0,15,0,15,0,2,512,19,0,19
734,2649,0x0A59,34,29,2.9,True,True,最后的忍者装束　膝甲,防具,腿部,忍者防具,True,0,2,512,0,0,0,15,0,15,0,2,512,19,0,19
735,28944,0x7110,31,17,1.7,True,True,海内无双之衣　臂甲,防具,手臂,武士防具,True,17,2,529,0,0,0,0,0,0,0,2,512,16,0,16
736,60437,0xEC15,28,34,3.4,True,True,海内无双之衣　肩衣,防具,身体,武士防具,True,17,2,529,0,0,0,0,0,0,0,2,512,16,0,16
737,52564,0xCD54,37,17,1.7,True,True,海内无双之衣　足履,防具,足部,武士防具,True,17,2,529,0,0,0,0,0,0,0,2,512,16,0,16
738,40423,0x9DE7,34,26,2.6,True,True,海内无双之衣　裤裙,防具,腿部,武士防具,True,17,2,529,0,0,0,0,0,0,0,2,512,16,0,16
739,43945,0xABA9,29,80,8.0,True,True,威光中铠　胸甲,防具,身体,武士防具,True,16,2,528,0,0,0,0,0,0,15,2,527,0,0,0
740,47660,0xBA2C,32,40,4.0,True,True,威光中铠　臂甲,防具,手臂,武士防具,True,16,2,528,0,0,0,0,0,0,15,2,527,0,0,0
741,11341,0x2C4D,35,60,6.0,True,True,威光中铠　膝甲,防具,腿部,武士防具,True,16,2,528,0,0,0,0,0,0,15,2,527,0,0,0
742,49719,0xC237,38,40,4.0,True,True,威光中铠　腿甲,防具,足部,武士防具,True,16,2,528,0,0,0,0,0,0,15,2,527,0,0,0
743,44108,0xAC4C,26,8,0.8,True,True,御庭番忍者装束　护额,防具,头部,忍者防具,True,14,2,526,0,0,0,0,0,0,0,2,512,15,0,15
744,55264,0xD7E0,29,16,1.6,True,True,御庭番忍者装束　胸甲,防具,身体,忍者防具,True,14,2,526,0,0,0,0,0,0,0,2,512,15,0,15
745,2240,0x08C0,32,8,0.8,True,True,御庭番忍者装束　臂甲,防具,手臂,忍者防具,True,14,2,526,0,0,0,0,0,0,0,2,512,15,0,15
746,51220,0xC814,35,12,1.2,True,True,御庭番忍者装束　膝甲,防具,腿部,忍者防具,True,14,2,526,0,0,0,0,0,0,0,2,512,15,0,15
747,17046,0x4296,38,8,0.8,True,True,御庭番忍者装束　腿甲,防具,足部,忍者防具,True,14,2,526,0,0,0,0,0,0,0,2,512,15,0,15
748,31867,0x7C7B,26,8,0.8,True,True,屈之装束　头巾,防具,头部,忍者防具,True,9,2,521,0,0,0,0,0,0,0,2,512,8,0,8
749,24745,0x60A9,29,16,1.6,True,True,屈之装束　上衣,防具,身体,忍者防具,True,9,2,521,0,0,0,0,0,0,0,2,512,8,0,8
750,30090,0x758A,32,8,0.8,True,True,屈之装束　臂甲,防具,手臂,忍者防具,True,9,2,521,0,0,0,0,0,0,0,2,512,8,0,8
751,35040,0x88E0,35,12,1.2,True,True,屈之装束　裤裙,防具,腿部,忍者防具,True,9,2,521,0,0,0,0,0,0,0,2,512,8,0,8
752,53837,0xD24D,38,8,0.8,True,True,屈之装束　绑腿,防具,足部,忍者防具,True,9,2,521,0,0,0,0,0,0,0,2,512,8,0,8
753,38196,0x9534,26,18,1.8,True,True,三者忍者装束　面具,防具,头部,忍者防具,True,0,2,512,0,0,0,9,0,9,0,2,512,8,0,8
754,29289,0x7269,29,36,3.6,True,True,三者忍者装束　上衣,防具,身体,忍者防具,True,0,2,512,0,0,0,9,0,9,0,2,512,8,0,8
755,64419,0xFBA3,32,18,1.8,True,True,三者忍者装束　臂甲,防具,手臂,忍者防具,True,0,2,512,0,0,0,9,0,9,0,2,512,8,0,8
756,44476,0xADBC,35,27,2.7,True,True,三者忍者装束　裤裙,防具,腿部,忍者防具,True,0,2,512,0,0,0,9,0,9,0,2,512,8,0,8
757,5739,0x166B,38,18,1.8,True,True,三者忍者装束　腿甲,防具,足部,忍者防具,True,0,2,512,0,0,0,9,0,9,0,2,512,8,0,8
758,12432,0x3090,26,24,2.4,True,True,修验者装束　头襟,防具,头部,忍者防具,True,0,2,512,0,0,0,6,0,6,0,2,512,5,0,5
759,52866,0xCE82,29,48,4.8,True,True,修验者装束　上衣,防具,身体,忍者防具,True,0,2,512,0,0,0,6,0,6,0,2,512,5,0,5
760,25617,0x6411,32,24,2.4,True,True,修验者装束　臂甲,防具,手臂,忍者防具,True,0,2,512,0,0,0,6,0,6,0,2,512,5,0,5
761,39911,0x9BE7,35,36,3.6,True,True,修验者装束　裤裙,防具,腿部,忍者防具,True,0,2,512,0,0,0,6,0,6,0,2,512,5,0,5
762,34950,0x8886,38,24,2.4,True,True,修验者装束　草鞋,防具,足部,忍者防具,True,0,2,512,0,0,0,6,0,6,0,2,512,5,0,5
763,36584,0x8EE8,26,8,0.8,True,True,水军装束　头巾,防具,头部,忍者防具,True,12,2,524,0,0,0,0,0,0,0,2,512,13,0,13
764,58890,0xE60A,29,16,1.6,True,True,水军装束　上衣,防具,身体,忍者防具,True,12,2,524,0,0,0,0,0,0,0,2,512,13,0,13
765,2665,0x0A69,32,8,0.8,True,True,水军装束　臂甲,防具,手臂,忍者防具,True,12,2,524,0,0,0,0,0,0,0,2,512,13,0,13
766,61517,0xF04D,35,12,1.2,True,True,水军装束　裤裙,防具,腿部,忍者防具,True,12,2,524,0,0,0,0,0,0,0,2,512,13,0,13
767,29450,0x730A,38,8,0.8,True,True,水军装束　腿甲,防具,足部,忍者防具,True,12,2,524,0,0,0,0,0,0,0,2,512,13,0,13
768,56361,0xDC29,26,19,1.9,True,True,射手装束　乌帽子,防具,头部,忍者防具,True,0,2,512,0,0,0,18,0,18,0,2,512,17,0,17
769,29031,0x7167,29,38,3.8,True,True,射手装束　胸甲,防具,身体,忍者防具,True,0,2,512,0,0,0,18,0,18,0,2,512,17,0,17
770,60798,0xED7E,32,19,1.9,True,True,射手装束　臂甲,防具,手臂,忍者防具,True,0,2,512,0,0,0,18,0,18,0,2,512,17,0,17
771,13827,0x3603,35,29,2.9,True,True,射手装束　膝甲,防具,腿部,忍者防具,True,0,2,512,0,0,0,18,0,18,0,2,512,17,0,17
772,43526,0xAA06,38,19,1.9,True,True,射手装束　腿甲,防具,足部,忍者防具,True,0,2,512,0,0,0,18,0,18,0,2,512,17,0,17
773,52436,0xCCD4,29,16,1.6,True,True,落难御曹司装束　胸甲,防具,身体,忍者防具,True,12,2,524,0,0,0,0,0,0,0,2,512,12,0,12
774,28630,0x6FD6,32,8,0.8,True,True,落难御曹司装束　臂甲,防具,手臂,忍者防具,True,12,2,524,0,0,0,0,0,0,0,2,512,12,0,12
775,30492,0x771C,35,12,1.2,True,True,落难御曹司装束　裤裙,防具,腿部,忍者防具,True,12,2,524,0,0,0,0,0,0,0,2,512,12,0,12
776,19698,0x4CF2,38,8,0.8,True,True,落难御曹司装束　腿甲,防具,足部,忍者防具,True,12,2,524,0,0,0,0,0,0,0,2,512,12,0,12
777,24732,0x609C,26,27,2.7,True,True,暗行忍者装束　护额,防具,头部,忍者防具,True,0,2,512,0,0,0,21,0,21,0,2,512,20,0,20
778,21408,0x53A0,29,54,5.4,True,True,暗行忍者装束　上衣,防具,身体,忍者防具,True,0,2,512,0,0,0,21,0,21,0,2,512,20,0,20
779,49828,0xC2A4,32,27,2.7,True,True,暗行忍者装束　臂甲,防具,手臂,忍者防具,True,0,2,512,0,0,0,21,0,21,0,2,512,20,0,20
780,38219,0x954B,35,41,4.1,True,True,暗行忍者装束　膝甲,防具,腿部,忍者防具,True,0,2,512,0,0,0,21,0,21,0,2,512,20,0,20
781,33321,0x8229,38,27,2.7,True,True,暗行忍者装束　腿甲,防具,足部,忍者防具,True,0,2,512,0,0,0,21,0,21,0,2,512,20,0,20
782,64221,0xFADD,26,15,1.5,True,True,游历剑士装束　头巾,防具,头部,武士防具,True,6,2,518,0,0,0,0,0,0,0,2,512,8,0,8
783,29451,0x730B,29,30,3.0,True,True,游历剑士装束　上衣,防具,身体,武士防具,True,6,2,518,0,0,0,0,0,0,0,2,512,8,0,8
784,43893,0xAB75,32,15,1.5,True,True,游历剑士装束　袖套,防具,手臂,武士防具,True,6,2,518,0,0,0,0,0,0,0,2,512,8,0,8
785,47463,0xB967,35,23,2.3,True,True,游历剑士装束　裤裙,防具,腿部,武士防具,True,6,2,518,0,0,0,0,0,0,0,2,512,8,0,8
786,50900,0xC6D4,38,15,1.5,True,True,游历剑士装束　足履,防具,足部,武士防具,True,6,2,518,0,0,0,0,0,0,0,2,512,8,0,8
787,11290,0x2C1A,31,17,1.7,True,True,霸王狙击装束　臂甲,防具,手臂,忍者防具,True,0,2,512,0,0,0,7,0,7,0,2,512,6,0,6
788,34899,0x8853,25,17,1.7,True,True,霸王狙击装束　阵笠,防具,头部,忍者防具,True,0,2,512,0,0,0,7,0,7,0,2,512,6,0,6
789,65299,0xFF13,28,34,3.4,True,True,霸王狙击装束　胸甲,防具,身体,忍者防具,True,0,2,512,0,0,0,7,0,7,0,2,512,6,0,6
790,20078,0x4E6E,37,17,1.7,True,True,霸王狙击装束　腿甲,防具,足部,忍者防具,True,0,2,512,0,0,0,7,0,7,0,2,512,6,0,6
791,5852,0x16DC,34,26,2.6,True,True,霸王狙击装束　膝甲,防具,腿部,忍者防具,True,0,2,512,0,0,0,7,0,7,0,2,512,6,0,6
792,21820,0x553C,26,26,2.6,True,True,平三之铠　面具,防具,头部,忍者防具,True,0,2,512,0,0,0,17,0,17,0,2,512,11,0,11
793,5800,0x16A8,29,52,5.2,True,True,平三之铠　胸甲,防具,身体,忍者防具,True,0,2,512,0,0,0,17,0,17,0,2,512,11,0,11
794,10319,0x284F,32,26,2.6,True,True,平三之铠　臂甲,防具,手臂,忍者防具,True,0,2,512,0,0,0,17,0,17,0,2,512,11,0,11
795,42464,0xA5E0,35,39,3.9,True,True,平三之铠　膝甲,防具,腿部,忍者防具,True,0,2,512,0,0,0,17,0,17,0,2,512,11,0,11
796,51759,0xCA2F,38,26,2.6,True,True,平三之铠　腿甲,防具,足部,忍者防具,True,0,2,512,0,0,0,17,0,17,0,2,512,11,0,11
797,49521,0xC171,26,56,5.6,True,True,木曾紫之铠　乌帽子,防具,头部,武士防具,True,0,2,512,0,0,0,15,0,15,13,2,525,0,0,0
798,7077,0x1BA5,29,112,11.2,True,True,木曾紫之铠　胸甲,防具,身体,武士防具,True,0,2,512,0,0,0,15,0,15,13,2,525,0,0,0
799,18329,0x4799,32,56,5.6,True,True,木曾紫之铠　臂甲,防具,手臂,武士防具,True,0,2,512,0,0,0,15,0,15,13,2,525,0,0,0
800,7749,0x1E45,35,84,8.4,True,True,木曾紫之铠　膝甲,防具,腿部,武士防具,True,0,2,512,0,0,0,15,0,15,13,2,525,0,0,0
801,41927,0xA3C7,38,56,5.6,True,True,木曾紫之铠　腿甲,防具,足部,武士防具,True,0,2,512,0,0,0,15,0,15,13,2,525,0,0,0
802,50753,0xC641,26,8,0.8,True,True,圣人旅装　斗笠,防具,头部,忍者防具,True,12,2,524,0,0,0,0,0,0,0,2,512,11,0,11
803,52599,0xCD77,29,16,1.6,True,True,圣人旅装　上衣,防具,身体,忍者防具,True,12,2,524,0,0,0,0,0,0,0,2,512,11,0,11
804,55239,0xD7C7,32,8,0.8,True,True,圣人旅装　臂甲,防具,手臂,忍者防具,True,12,2,524,0,0,0,0,0,0,0,2,512,11,0,11
805,53131,0xCF8B,35,12,1.2,True,True,圣人旅装　裤裙,防具,腿部,忍者防具,True,12,2,524,0,0,0,0,0,0,0,2,512,11,0,11
806,41041,0xA051,38,8,0.8,True,True,圣人旅装　草鞋,防具,足部,忍者防具,True,12,2,524,0,0,0,0,0,0,0,2,512,11,0,11
807,61249,0xEF41,26,17,1.7,True,True,西洋炮术家装束　阵笠,防具,头部,武士防具,True,18,2,530,0,0,0,0,0,0,0,2,512,19,0,19
808,34828,0x880C,29,34,3.4,True,True,西洋炮术家装束　上衣,防具,身体,武士防具,True,18,2,530,0,0,0,0,0,0,0,2,512,19,0,19
809,10311,0x2847,35,26,2.6,True,True,西洋炮术家装束　裤裙,防具,腿部,武士防具,True,18,2,530,0,0,0,0,0,0,0,2,512,19,0,19
810,13465,0x3499,38,17,1.7,True,True,西洋炮术家装束　绑腿,防具,足部,武士防具,True,18,2,530,0,0,0,0,0,0,0,2,512,19,0,19
811,48583,0xBDC7,31,27,2.7,True,True,八重垣流装束　臂甲,防具,手臂,忍者防具,True,0,2,512,0,0,0,12,0,12,0,2,512,20,0,20
812,65374,0xFF5E,25,27,2.7,True,True,八重垣流装束　面具,防具,头部,忍者防具,True,0,2,512,0,0,0,12,0,12,0,2,512,20,0,20
813,31322,0x7A5A,28,54,5.4,True,True,八重垣流装束　胸甲,防具,身体,忍者防具,True,0,2,512,0,0,0,12,0,12,0,2,512,20,0,20
814,48222,0xBC5E,37,27,2.7,True,True,八重垣流装束　腿甲,防具,足部,忍者防具,True,0,2,512,0,0,0,12,0,12,0,2,512,20,0,20
815,21574,0x5446,34,41,4.1,True,True,八重垣流装束　膝甲,防具,腿部,忍者防具,True,0,2,512,0,0,0,12,0,12,0,2,512,20,0,20
816,34001,0x84D1,31,37,3.7,True,True,御家人之铠　臂甲,防具,手臂,武士防具,True,10,2,522,0,0,0,0,0,0,9,2,521,0,0,0
817,17371,0x43DB,25,37,3.7,True,True,御家人之铠　头盔,防具,头部,武士防具,True,10,2,522,0,0,0,0,0,0,9,2,521,0,0,0
818,26048,0x65C0,28,74,7.4,True,True,御家人之铠　胸甲,防具,身体,武士防具,True,10,2,522,0,0,0,0,0,0,9,2,521,0,0,0
819,12424,0x3088,37,37,3.7,True,True,御家人之铠　腿甲,防具,足部,武士防具,True,10,2,522,0,0,0,0,0,0,9,2,521,0,0,0
820,55170,0xD782,34,56,5.6,True,True,御家人之铠　膝甲,防具,腿部,武士防具,True,10,2,522,0,0,0,0,0,0,9,2,521,0,0,0
821,12996,0x32C4,29,16,1.6,True,True,凛然装束　上衣,防具,身体,忍者防具,True,18,2,530,0,0,0,0,0,0,0,2,512,18,0,18
822,11211,0x2BCB,32,8,0.8,True,True,凛然装束　手套,防具,手臂,忍者防具,True,18,2,530,0,0,0,0,0,0,0,2,512,18,0,18
823,62237,0xF31D,35,12,1.2,True,True,凛然装束　下衣,防具,腿部,忍者防具,True,18,2,530,0,0,0,0,0,0,0,2,512,18,0,18
824,63017,0xF629,38,8,0.8,True,True,凛然装束　靴子,防具,足部,忍者防具,True,18,2,530,0,0,0,0,0,0,0,2,512,18,0,18
825,56872,0xDE28,2897084442,37,3.7,False,True,炎狱武者之铠　头盔,防具,头部,武士防具,False,5,2,517,0,0,0,0,0,0,5,2,517,0,0,0
826,39760,0x9B50,1493565469,74,7.4,False,True,炎狱武者之铠　胸甲,防具,身体,武士防具,False,5,2,517,0,0,0,0,0,0,5,2,517,0,0,0
827,44527,0xADEF,3620405280,37,3.7,False,True,炎狱武者之铠　臂甲,防具,手臂,武士防具,False,5,2,517,0,0,0,0,0,0,5,2,517,0,0,0
828,47609,0xB9F9,3222601763,56,5.6,False,True,炎狱武者之铠　膝甲,防具,腿部,武士防具,False,5,2,517,0,0,0,0,0,0,5,2,517,0,0,0
829,23795,0x5CF3,150470694,37,3.7,False,True,炎狱武者之铠　腿甲,防具,足部,武士防具,False,5,2,517,0,0,0,0,0,0,5,2,517,0,0,0
830,6847,0x1ABF,2361983002,17,1.7,False,True,炎狱忍者装束　面具,防具,头部,忍者防具,False,5,2,517,0,0,0,0,0,0,5,2,517,0,0,0
831,8077,0x1F8D,3247308829,34,3.4,False,True,炎狱忍者装束　上衣,防具,身体,忍者防具,False,5,2,517,0,0,0,0,0,0,5,2,517,0,0,0
832,54706,0xD5B2,4084138016,17,1.7,False,True,炎狱忍者装束　臂甲,防具,手臂,忍者防具,False,5,2,517,0,0,0,0,0,0,5,2,517,0,0,0
833,26400,0x6720,485621795,26,2.6,False,True,炎狱忍者装束　膝甲,防具,腿部,忍者防具,False,5,2,517,0,0,0,0,0,0,5,2,517,0,0,0
834,15260,0x3B9C,3545563174,17,1.7,False,True,炎狱忍者装束　腿甲,防具,足部,忍者防具,False,5,2,517,0,0,0,0,0,0,5,2,517,0,0,0
835,51722,0xCA0A,3218538522,38,3.8,False,True,冰狱武者之铠　头盔,防具,头部,武士防具,False,0,2,512,0,0,0,5,0,5,0,2,512,5,0,5
836,1078,0x0436,901513245,76,7.6,False,True,冰狱武者之铠　胸甲,防具,身体,武士防具,False,0,2,512,0,0,0,5,0,5,0,2,512,5,0,5
837,14537,0x38C9,3474718752,38,3.8,False,True,冰狱武者之铠　臂甲,防具,手臂,武士防具,False,0,2,512,0,0,0,5,0,5,0,2,512,5,0,5
838,51751,0xCA27,3254386723,57,5.7,False,True,冰狱武者之铠　膝甲,防具,腿部,武士防具,False,0,2,512,0,0,0,5,0,5,0,2,512,5,0,5
839,45059,0xB003,2612396070,38,3.8,False,True,冰狱武者之铠　腿甲,防具,足部,武士防具,False,0,2,512,0,0,0,5,0,5,0,2,512,5,0,5
840,31570,0x7B52,1649475610,18,1.8,False,True,冰狱忍者装束　面具,防具,头部,忍者防具,False,5,2,517,0,0,0,0,0,0,5,2,517,0,0,0
841,62023,0xF247,1922826269,36,3.6,False,True,冰狱忍者装束　上衣,防具,身体,忍者防具,False,5,2,517,0,0,0,0,0,0,5,2,517,0,0,0
842,43465,0xA9C9,1809973280,18,1.8,False,True,冰狱忍者装束　臂甲,防具,手臂,忍者防具,False,5,2,517,0,0,0,0,0,0,5,2,517,0,0,0
843,1139,0x0473,3932160035,27,2.7,False,True,冰狱忍者装束　膝甲,防具,腿部,忍者防具,False,5,2,517,0,0,0,0,0,0,5,2,517,0,0,0
844,6237,0x185D,1008205862,18,1.8,False,True,冰狱忍者装束　腿甲,防具,足部,忍者防具,False,5,2,517,0,0,0,0,0,0,5,2,517,0,0,0
845,36161,0x8D41,26,38,3.8,True,True,万雷武士之铠　头盔,防具,头部,武士防具,True,5,2,517,0,0,0,0,0,0,5,2,517,0,0,0
846,5741,0x166D,29,76,7.6,True,True,万雷武士之铠　胸甲,防具,身体,武士防具,True,5,2,517,0,0,0,0,0,0,5,2,517,0,0,0
847,14721,0x3981,32,38,3.8,True,True,万雷武士之铠　臂甲,防具,手臂,武士防具,True,5,2,517,0,0,0,0,0,0,5,2,517,0,0,0
848,48451,0xBD43,35,57,5.7,True,True,万雷武士之铠　膝甲,防具,腿部,武士防具,True,5,2,517,0,0,0,0,0,0,5,2,517,0,0,0
849,7000,0x1B58,38,38,3.8,True,True,万雷武士之铠　腿甲,防具,足部,武士防具,True,5,2,517,0,0,0,0,0,0,5,2,517,0,0,0
850,50612,0xC5B4,26,18,1.8,True,True,万雷忍者装束　面具,防具,头部,忍者防具,True,0,0,0,0,0,0,5,2,517,0,0,0,5,2,517
851,38463,0x963F,29,36,3.6,True,True,万雷忍者装束　上衣,防具,身体,忍者防具,True,0,0,0,0,0,0,5,2,517,0,0,0,5,2,517
852,23201,0x5AA1,32,18,1.8,True,True,万雷忍者装束　臂甲,防具,手臂,忍者防具,True,0,0,0,0,0,0,5,2,517,0,0,0,5,2,517
853,47607,0xB9F7,35,27,2.7,True,True,万雷忍者装束　膝甲,防具,腿部,忍者防具,True,0,0,0,0,0,0,5,2,517,0,0,0,5,2,517
854,41380,0xA1A4,38,18,1.8,True,True,万雷忍者装束　腿甲,防具,足部,忍者防具,True,0,0,0,0,0,0,5,2,517,0,0,0,5,2,517
855,45919,0xB35F,31,33,3.3,True,True,黑魔法师服装（躯干防具）,防具,,忍者防具,True,5,2,517,0,0,0,0,0,0,5,2,517,0,0,0
856,55092,0xD734,31,33,3.3,True,True,托马斯·格洛弗的服装（躯干防具）,防具,,忍者防具,True,5,2,517,0,0,0,0,0,0,5,2,517,0,0,0
857,38786,0x9782,31,33,3.3,True,True,,防具,,忍者防具,False,5,2,517,0,0,0,0,0,0,5,2,517,0,0,0
858,54019,0xD303,34,50,5.0,True,True,,防具,,忍者防具,False,5,2,517,0,0,0,0,0,0,5,2,517,0,0,0
859,47427,0xB943,37,33,3.3,True,True,,防具,,忍者防具,False,5,2,517,0,0,0,0,0,0,5,2,517,0,0,0
860,51892,0xCAB4,31,33,3.3,True,True,隐形胸带（躯干防具）,防具,,忍者防具,True,5,2,517,0,0,0,0,0,0,5,2,517,0,0,0
861,22859,0x594B,2666201115,30,3.0,False,True,道服上衣,防具,身体,武士防具,False,5,1,261,0,0,0,0,0,0,0,0,0,5,1,261
862,43087,0xA84F,1056309281,23,2.3,False,True,道服裤裙,防具,腿部,武士防具,False,5,1,261,0,0,0,0,0,0,0,0,0,5,1,261
863,35189,0x8975,2666201115,14,1.4,False,True,道服上衣,防具,身体,忍者防具,False,5,1,261,0,0,0,0,0,0,0,0,0,5,1,261
864,5387,0x150B,1056309281,11,1.1,False,True,道服裤裙,防具,腿部,忍者防具,False,5,1,261,0,0,0,0,0,0,0,0,0,5,1,261
865,44206,0xACAE,24,15,1.5,True,True,不请自来者之铠　阵笠,防具,头部,武士防具,True,5,2,517,0,0,0,0,0,0,0,0,0,6,2,518
866,22790,0x5906,27,30,3.0,True,True,不请自来者之铠　胸甲,防具,身体,武士防具,True,5,2,517,0,0,0,0,0,0,0,0,0,6,2,518
867,55243,0xD7CB,30,15,1.5,True,True,不请自来者之铠　臂甲,防具,手臂,武士防具,True,5,2,517,0,0,0,0,0,0,0,0,0,6,2,518
868,49173,0xC015,33,23,2.3,True,True,不请自来者之铠　膝甲,防具,腿部,武士防具,True,5,2,517,0,0,0,0,0,0,0,0,0,6,2,518
869,2296,0x08F8,36,15,1.5,True,True,不请自来者之铠　腿甲,防具,足部,武士防具,True,5,2,517,0,0,0,0,0,0,0,0,0,6,2,518
870,36041,0x8CC9,24,6,0.6,True,True,盗贼轻铠　面具,防具,头部,忍者防具,True,6,3,774,0,0,0,0,0,0,0,0,0,5,3,773
871,49550,0xC18E,27,12,1.2,True,True,盗贼轻铠　胸甲,防具,身体,忍者防具,True,6,3,774,0,0,0,0,0,0,0,0,0,5,3,773
872,62319,0xF36F,30,6,0.6,True,True,盗贼轻铠　臂甲,防具,手臂,忍者防具,True,6,3,774,0,0,0,0,0,0,0,0,0,5,3,773
873,7410,0x1CF2,33,9,0.9,True,True,盗贼轻铠　膝甲,防具,腿部,忍者防具,True,6,3,774,0,0,0,0,0,0,0,0,0,5,3,773
874,54101,0xD355,36,6,0.6,True,True,盗贼轻铠　腿甲,防具,足部,忍者防具,True,6,3,774,0,0,0,0,0,0,0,0,0,5,3,773
875,25169,0x6251,24,7,0.7,True,True,忍者装束　头巾,防具,头部,忍者防具,True,6,2,518,0,0,0,0,0,0,0,0,0,7,2,519
876,29340,0x729C,27,14,1.4,True,True,忍者装束　上衣,防具,身体,忍者防具,True,6,2,518,0,0,0,0,0,0,0,0,0,7,2,519
877,27618,0x6BE2,30,7,0.7,True,True,忍者装束　臂甲,防具,手臂,忍者防具,True,6,2,518,0,0,0,0,0,0,0,0,0,7,2,519
878,60000,0xEA60,33,11,1.1,True,True,忍者装束　裤裙,防具,腿部,忍者防具,True,6,2,518,0,0,0,0,0,0,0,0,0,7,2,519
879,15384,0x3C18,36,7,0.7,True,True,忍者装束　绑腿,防具,足部,忍者防具,True,6,2,518,0,0,0,0,0,0,0,0,0,7,2,519
880,47580,0xB9DC,24,8,0.8,True,True,神官净衣　头冠,防具,头部,忍者防具,True,10,2,522,0,0,0,0,0,0,0,0,0,9,2,521
881,22613,0x5855,27,16,1.6,True,True,神官净衣　狩衣,防具,身体,忍者防具,True,10,2,522,0,0,0,0,0,0,0,0,0,9,2,521
882,58683,0xE53B,30,8,0.8,True,True,神官净衣　臂甲,防具,手臂,忍者防具,True,10,2,522,0,0,0,0,0,0,0,0,0,9,2,521
883,62871,0xF597,33,12,1.2,True,True,神官净衣　裤裙,防具,腿部,忍者防具,True,10,2,522,0,0,0,0,0,0,0,0,0,9,2,521
884,52894,0xCE9E,36,8,0.8,True,True,神官净衣　足履,防具,足部,忍者防具,True,10,2,522,0,0,0,0,0,0,0,0,0,9,2,521
885,38223,0x954F,24,7,0.7,True,True,风魔忍者装束　面具,防具,头部,忍者防具,True,8,2,520,0,0,0,0,0,0,0,0,0,7,3,775
886,64577,0xFC41,27,14,1.4,True,True,风魔忍者装束　上衣,防具,身体,忍者防具,True,8,2,520,0,0,0,0,0,0,0,0,0,7,3,775
887,34395,0x865B,30,7,0.7,True,True,风魔忍者装束　臂甲,防具,手臂,忍者防具,True,8,2,520,0,0,0,0,0,0,0,0,0,7,3,775
888,3154,0x0C52,33,11,1.1,True,True,风魔忍者装束　裤裙,防具,腿部,忍者防具,True,8,2,520,0,0,0,0,0,0,0,0,0,7,3,775
889,29771,0x744B,36,7,0.7,True,True,风魔忍者装束　腿甲,防具,足部,忍者防具,True,8,2,520,0,0,0,0,0,0,0,0,0,7,3,775
890,14543,0x38CF,24,16,1.6,True,True,弓手斗笠,防具,头部,武士防具,True,9,3,777,0,0,0,0,0,0,0,0,0,9,3,777
891,27315,0x6AB3,27,32,3.2,True,True,弓手上衣,防具,身体,武士防具,True,9,3,777,0,0,0,0,0,0,0,0,0,9,3,777
892,31154,0x79B2,30,16,1.6,True,True,弓手臂甲,防具,手臂,武士防具,True,9,3,777,0,0,0,0,0,0,0,0,0,9,3,777
893,62922,0xF5CA,33,24,2.4,True,True,弓手裤裙,防具,腿部,武士防具,True,9,3,777,0,0,0,0,0,0,0,0,0,9,3,777
894,13796,0x35E4,36,16,1.6,True,True,弓手草鞋,防具,足部,武士防具,True,9,3,777,0,0,0,0,0,0,0,0,0,9,3,777
895,49225,0xC049,24,7,0.7,True,True,摆渡者装束　头巾,防具,头部,忍者防具,True,7,4,1031,0,0,0,0,0,0,0,0,0,8,3,776
896,10148,0x27A4,27,14,1.4,True,True,摆渡者装束　上衣,防具,身体,忍者防具,True,7,4,1031,0,0,0,0,0,0,0,0,0,8,3,776
897,4050,0x0FD2,30,7,0.7,True,True,摆渡者装束　臂甲,防具,手臂,忍者防具,True,7,4,1031,0,0,0,0,0,0,0,0,0,8,3,776
898,60735,0xED3F,33,11,1.1,True,True,摆渡者装束　裤裙,防具,腿部,忍者防具,True,7,4,1031,0,0,0,0,0,0,0,0,0,8,3,776
899,49788,0xC27C,36,7,0.7,True,True,摆渡者装束　腿甲,防具,足部,忍者防具,True,7,4,1031,0,0,0,0,0,0,0,0,0,8,3,776
900,26959,0x694F,24,8,0.8,True,True,山伏装束　头襟,防具,头部,忍者防具,True,10,4,1034,0,0,0,0,0,0,0,0,0,11,4,1035
901,45486,0xB1AE,27,16,1.6,True,True,山伏装束　上衣,防具,身体,忍者防具,True,10,4,1034,0,0,0,0,0,0,0,0,0,11,4,1035
902,4694,0x1256,30,8,0.8,True,True,山伏装束　臂甲,防具,手臂,忍者防具,True,10,4,1034,0,0,0,0,0,0,0,0,0,11,4,1035
903,29485,0x732D,33,12,1.2,True,True,山伏装束　裤裙,防具,腿部,忍者防具,True,10,4,1034,0,0,0,0,0,0,0,0,0,11,4,1035
904,14516,0x38B4,36,8,0.8,True,True,山伏装束　草鞋,防具,足部,忍者防具,True,10,4,1034,0,0,0,0,0,0,0,0,0,11,4,1035
905,8003,0x1F43,24,18,1.8,True,True,阴阳师狩衣　乌帽子,防具,头部,忍者防具,True,0,4,1024,0,0,0,10,0,10,0,0,0,11,5,1291
906,28727,0x7037,27,36,3.6,True,True,阴阳师狩衣　上衣,防具,身体,忍者防具,True,0,4,1024,0,0,0,10,0,10,0,0,0,11,5,1291
907,9760,0x2620,30,18,1.8,True,True,阴阳师狩衣　臂甲,防具,手臂,忍者防具,True,0,4,1024,0,0,0,10,0,10,0,0,0,11,5,1291
908,31203,0x79E3,33,27,2.7,True,True,阴阳师狩衣　裤裙,防具,腿部,忍者防具,True,0,4,1024,0,0,0,10,0,10,0,0,0,11,5,1291
909,52774,0xCE26,36,18,1.8,True,True,阴阳师狩衣　足沓,防具,足部,忍者防具,True,0,4,1024,0,0,0,10,0,10,0,0,0,11,5,1291
910,53767,0xD207,25,25,2.5,True,True,忍铠　面具,防具,头部,忍者防具,True,0,3,768,0,0,0,7,0,7,0,0,0,8,4,1032
911,62458,0xF3FA,28,50,5.0,True,True,忍铠　胸甲,防具,身体,忍者防具,True,0,3,768,0,0,0,7,0,7,0,0,0,8,4,1032
912,30031,0x754F,31,25,2.5,True,True,忍铠　臂甲,防具,手臂,忍者防具,True,0,3,768,0,0,0,7,0,7,0,0,0,8,4,1032
913,60401,0xEBF1,34,38,3.8,True,True,忍铠　膝甲,防具,腿部,忍者防具,True,0,3,768,0,0,0,7,0,7,0,0,0,8,4,1032
914,34930,0x8872,37,25,2.5,True,True,忍铠　腿甲,防具,足部,忍者防具,True,0,3,768,0,0,0,7,0,7,0,0,0,8,4,1032
915,59030,0xE696,24,8,0.8,True,True,宫司净衣　头冠,防具,头部,忍者防具,True,14,6,1550,0,0,0,0,0,0,0,0,0,13,6,1549
916,19048,0x4A68,27,16,1.6,True,True,宫司净衣　狩衣,防具,身体,忍者防具,True,14,6,1550,0,0,0,0,0,0,0,0,0,13,6,1549
917,58906,0xE61A,30,8,0.8,True,True,宫司净衣　臂甲,防具,手臂,忍者防具,True,14,6,1550,0,0,0,0,0,0,0,0,0,13,6,1549
918,44502,0xADD6,33,12,1.2,True,True,宫司净衣　裤裙,防具,腿部,忍者防具,True,14,6,1550,0,0,0,0,0,0,0,0,0,13,6,1549
919,51081,0xC789,36,8,0.8,True,True,宫司净衣　足履,防具,足部,忍者防具,True,14,6,1550,0,0,0,0,0,0,0,0,0,13,6,1549
920,63286,0xF736,24,8,0.8,True,True,鸢加藤忍衣　覆面,防具,头部,忍者防具,True,16,7,1808,0,0,0,0,0,0,0,0,0,15,8,2063
921,42344,0xA568,27,16,1.6,True,True,鸢加藤忍衣　上衣,防具,身体,忍者防具,True,16,7,1808,0,0,0,0,0,0,0,0,0,15,8,2063
922,65042,0xFE12,30,8,0.8,True,True,鸢加藤忍衣　臂甲,防具,手臂,忍者防具,True,16,7,1808,0,0,0,0,0,0,0,0,0,15,8,2063
923,63666,0xF8B2,33,12,1.2,True,True,鸢加藤忍衣　膝甲,防具,腿部,忍者防具,True,16,7,1808,0,0,0,0,0,0,0,0,0,15,8,2063
924,25087,0x61FF,36,8,0.8,True,True,鸢加藤忍衣　腿甲,防具,足部,忍者防具,True,16,7,1808,0,0,0,0,0,0,0,0,0,15,8,2063
925,50645,0xC5D5,24,7,0.7,True,True,伊贺上忍装束　护额,防具,头部,忍者防具,True,8,8,2056,0,0,0,0,0,0,0,0,0,9,8,2057
926,47895,0xBB17,27,14,1.4,True,True,伊贺上忍装束　胸甲,防具,身体,忍者防具,True,8,8,2056,0,0,0,0,0,0,0,0,0,9,8,2057
927,10406,0x28A6,30,7,0.7,True,True,伊贺上忍装束　臂甲,防具,手臂,忍者防具,True,8,8,2056,0,0,0,0,0,0,0,0,0,9,8,2057
928,43843,0xAB43,33,11,1.1,True,True,伊贺上忍装束　膝甲,防具,腿部,忍者防具,True,8,8,2056,0,0,0,0,0,0,0,0,0,9,8,2057
929,49138,0xBFF2,36,7,0.7,True,True,伊贺上忍装束　腿甲,防具,足部,忍者防具,True,8,8,2056,0,0,0,0,0,0,0,0,0,9,8,2057
930,15593,0x3CE9,24,8,0.8,True,True,袖神之铠　乌帽子,防具,头部,忍者防具,True,10,8,2058,0,0,0,0,0,0,0,0,0,10,9,2314
931,17591,0x44B7,27,16,1.6,True,True,袖神之铠　胸甲,防具,身体,忍者防具,True,10,8,2058,0,0,0,0,0,0,0,0,0,10,9,2314
932,10461,0x28DD,30,8,0.8,True,True,袖神之铠　臂甲,防具,手臂,忍者防具,True,10,8,2058,0,0,0,0,0,0,0,0,0,10,9,2314
933,17573,0x44A5,33,12,1.2,True,True,袖神之铠　膝甲,防具,腿部,忍者防具,True,10,8,2058,0,0,0,0,0,0,0,0,0,10,9,2314
934,16995,0x4263,36,8,0.8,True,True,袖神之铠　腿甲,防具,足部,忍者防具,True,10,8,2058,0,0,0,0,0,0,0,0,0,10,9,2314
935,38625,0x96E1,24,18,1.8,True,True,弘法大师僧衣　斗笠,防具,头部,忍者防具,True,0,9,2304,0,0,0,18,0,18,0,0,0,12,9,2316
936,34352,0x8630,27,36,3.6,True,True,弘法大师僧衣　袈裟,防具,身体,忍者防具,True,0,9,2304,0,0,0,18,0,18,0,0,0,12,9,2316
937,36101,0x8D05,30,18,1.8,True,True,弘法大师僧衣　袖套,防具,手臂,忍者防具,True,0,9,2304,0,0,0,18,0,18,0,0,0,12,9,2316
938,59969,0xEA41,33,27,2.7,True,True,弘法大师僧衣　裤裙,防具,腿部,忍者防具,True,0,9,2304,0,0,0,18,0,18,0,0,0,12,9,2316
939,44300,0xAD0C,36,18,1.8,True,True,弘法大师僧衣　绑腿,防具,足部,忍者防具,True,0,9,2304,0,0,0,18,0,18,0,0,0,12,9,2316
940,24733,0x609D,24,15,1.5,True,True,,防具,,忍者防具,False,13,8,2061,0,0,0,0,0,0,0,0,0,12,9,2316
941,49295,0xC08F,27,30,3.0,True,True,,防具,,忍者防具,False,13,8,2061,0,0,0,0,0,0,0,0,0,12,9,2316
942,64438,0xFBB6,30,15,1.5,True,True,,防具,,忍者防具,False,13,8,2061,0,0,0,0,0,0,0,0,0,12,9,2316
943,13357,0x342D,33,21,2.1,True,True,,防具,,忍者防具,False,13,8,2061,0,0,0,0,0,0,0,0,0,12,9,2316
944,1540,0x0604,36,15,1.5,True,True,,防具,,忍者防具,False,13,8,2061,0,0,0,0,0,0,0,0,0,12,9,2316
945,52695,0xCDD7,24,16,1.6,True,True,,防具,,忍者防具,False,13,8,2061,0,0,0,0,0,0,0,0,0,12,9,2316
946,24343,0x5F17,27,32,3.2,True,True,,防具,,忍者防具,False,13,8,2061,0,0,0,0,0,0,0,0,0,12,9,2316
947,27609,0x6BD9,30,16,1.6,True,True,,防具,,忍者防具,False,13,8,2061,0,0,0,0,0,0,0,0,0,12,9,2316
948,17721,0x4539,33,24,2.4,True,True,,防具,,忍者防具,False,13,8,2061,0,0,0,0,0,0,0,0,0,12,9,2316
949,4335,0x10EF,36,16,1.6,True,True,,防具,,忍者防具,False,13,8,2061,0,0,0,0,0,0,0,0,0,12,9,2316
950,59856,0xE9D0,24,17,1.7,True,True,,防具,,忍者防具,False,13,8,2061,0,0,0,0,0,0,0,0,0,12,9,2316
951,55720,0xD9A8,27,34,3.4,True,True,,防具,,忍者防具,False,13,8,2061,0,0,0,0,0,0,0,0,0,12,9,2316
952,21828,0x5544,30,17,1.7,True,True,,防具,,忍者防具,False,13,8,2061,0,0,0,0,0,0,0,0,0,12,9,2316
953,17956,0x4624,33,26,2.6,True,True,,防具,,忍者防具,False,13,8,2061,0,0,0,0,0,0,0,0,0,12,9,2316
954,36285,0x8DBD,36,17,1.7,True,True,,防具,,忍者防具,False,13,8,2061,0,0,0,0,0,0,0,0,0,12,9,2316
955,31332,0x7A64,24,18,1.8,True,True,,防具,,忍者防具,False,13,8,2061,0,0,0,0,0,0,0,0,0,12,9,2316
956,52428,0xCCCC,27,36,3.6,True,True,,防具,,忍者防具,False,13,8,2061,0,0,0,0,0,0,0,0,0,12,9,2316
957,33879,0x8457,30,18,1.8,True,True,,防具,,忍者防具,False,13,8,2061,0,0,0,0,0,0,0,0,0,12,9,2316
958,36606,0x8EFE,33,23,2.3,True,True,,防具,,忍者防具,False,13,8,2061,0,0,0,0,0,0,0,0,0,12,9,2316
959,52088,0xCB78,36,18,1.8,True,True,,防具,,忍者防具,False,13,8,2061,0,0,0,0,0,0,0,0,0,12,9,2316
960,12081,0x2F31,24,6,0.6,True,True,,防具,,忍者防具,False,0,9,2304,0,0,0,0,0,0,0,0,0,12,9,2316
961,54701,0xD5AD,27,12,1.2,True,True,,防具,,忍者防具,False,0,9,2304,0,0,0,0,0,0,0,0,0,12,9,2316
962,34971,0x889B,30,6,0.6,True,True,,防具,,忍者防具,False,0,9,2304,0,0,0,0,0,0,0,0,0,12,9,2316
963,39639,0x9AD7,33,9,0.9,True,True,,防具,,忍者防具,False,0,9,2304,0,0,0,0,0,0,0,0,0,12,9,2316
964,34599,0x8727,36,6,0.6,True,True,,防具,,忍者防具,False,0,9,2304,0,0,0,0,0,0,0,0,0,12,9,2316
965,35931,0x8C5B,24,7,0.7,True,True,,防具,,忍者防具,False,0,9,2304,0,0,0,0,0,0,0,0,0,12,9,2316
966,10607,0x296F,27,14,1.4,True,True,,防具,,忍者防具,False,0,9,2304,0,0,0,0,0,0,0,0,0,12,9,2316
967,21484,0x53EC,30,7,0.7,True,True,,防具,,忍者防具,False,0,9,2304,0,0,0,0,0,0,0,0,0,12,9,2316
968,7238,0x1C46,33,11,1.1,True,True,,防具,,忍者防具,False,0,9,2304,0,0,0,0,0,0,0,0,0,12,9,2316
969,52829,0xCE5D,36,7,0.7,True,True,,防具,,忍者防具,False,0,9,2304,0,0,0,0,0,0,0,0,0,12,9,2316
970,35948,0x8C6C,24,8,0.8,True,True,,防具,,忍者防具,False,0,9,2304,0,0,0,0,0,0,0,0,0,12,9,2316
971,4728,0x1278,27,16,1.6,True,True,,防具,,忍者防具,False,0,9,2304,0,0,0,0,0,0,0,0,0,12,9,2316
972,58519,0xE497,30,8,0.8,True,True,,防具,,忍者防具,False,0,9,2304,0,0,0,0,0,0,0,0,0,12,9,2316
973,5030,0x13A6,33,12,1.2,True,True,,防具,,忍者防具,False,0,9,2304,0,0,0,0,0,0,0,0,0,12,9,2316
974,24404,0x5F54,36,8,0.8,True,True,,防具,,忍者防具,False,0,9,2304,0,0,0,0,0,0,0,0,0,12,9,2316
975,39189,0x9915,24,10,1.0,True,True,,防具,,忍者防具,False,0,9,2304,0,0,0,0,0,0,0,0,0,12,9,2316
976,11242,0x2BEA,27,20,2.0,True,True,,防具,,忍者防具,False,0,9,2304,0,0,0,0,0,0,0,0,0,12,9,2316
977,27209,0x6A49,30,10,1.0,True,True,,防具,,忍者防具,False,0,9,2304,0,0,0,0,0,0,0,0,0,12,9,2316
978,56114,0xDB32,33,15,1.5,True,True,,防具,,忍者防具,False,0,9,2304,0,0,0,0,0,0,0,0,0,12,9,2316
979,33205,0x81B5,36,10,1.0,True,True,,防具,,忍者防具,False,0,9,2304,0,0,0,0,0,0,0,0,0,12,9,2316
980,39582,0x9A9E,24,11,1.1,True,True,,防具,,忍者防具,False,0,9,2304,0,0,0,0,0,0,0,0,0,12,9,2316
981,63651,0xF8A3,27,22,2.2,True,True,,防具,,忍者防具,False,0,9,2304,0,0,0,0,0,0,0,0,0,12,9,2316
982,20903,0x51A7,30,11,1.1,True,True,,防具,,忍者防具,False,0,9,2304,0,0,0,0,0,0,0,0,0,12,9,2316
983,21732,0x54E4,33,17,1.7,True,True,,防具,,忍者防具,False,0,9,2304,0,0,0,0,0,0,0,0,0,12,9,2316
984,24470,0x5F96,36,11,1.1,True,True,,防具,,忍者防具,False,0,9,2304,0,0,0,0,0,0,0,0,0,12,9,2316
985,1310,0x051E,24,12,1.2,True,True,,防具,,忍者防具,False,0,9,2304,0,0,0,0,0,0,0,0,0,12,9,2316
986,29951,0x74FF,27,24,2.4,True,True,,防具,,忍者防具,False,0,9,2304,0,0,0,0,0,0,0,0,0,12,9,2316
987,62953,0xF5E9,30,12,1.2,True,True,,防具,,忍者防具,False,0,9,2304,0,0,0,0,0,0,0,0,0,12,9,2316
988,61599,0xF09F,33,18,1.8,True,True,,防具,,忍者防具,False,0,9,2304,0,0,0,0,0,0,0,0,0,12,9,2316
989,14096,0x3710,36,12,1.2,True,True,,防具,,忍者防具,False,0,9,2304,0,0,0,0,0,0,0,0,0,12,9,2316
990,31164,0x79BC,24,13,1.3,True,True,,防具,,忍者防具,False,0,9,2304,0,0,0,0,0,0,0,0,0,12,9,2316
991,53208,0xCFD8,27,26,2.6,True,True,,防具,,忍者防具,False,0,9,2304,0,0,0,0,0,0,0,0,0,12,9,2316
992,20036,0x4E44,30,13,1.3,True,True,,防具,,忍者防具,False,0,9,2304,0,0,0,0,0,0,0,0,0,12,9,2316
993,9380,0x24A4,33,20,2.0,True,True,,防具,,忍者防具,False,0,9,2304,0,0,0,0,0,0,0,0,0,12,9,2316
994,20720,0x50F0,36,13,1.3,True,True,,防具,,忍者防具,False,0,9,2304,0,0,0,0,0,0,0,0,0,12,9,2316
995,24267,0x5ECB,24,14,1.4,True,True,,防具,,忍者防具,False,0,9,2304,0,0,0,0,0,0,0,0,0,12,9,2316
996,25677,0x644D,27,28,2.8,True,True,,防具,,忍者防具,False,0,9,2304,0,0,0,0,0,0,0,0,0,12,9,2316
997,45946,0xB37A,30,14,1.4,True,True,,防具,,忍者防具,False,0,9,2304,0,0,0,0,0,0,0,0,0,12,9,2316
998,45505,0xB1C1,33,21,2.1,True,True,,防具,,忍者防具,False,0,9,2304,0,0,0,0,0,0,0,0,0,12,9,2316
999,24194,0x5E82,36,14,1.4,True,True,,防具,,忍者防具,False,0,9,2304,0,0,0,0,0,0,0,0,0,12,9,2316
1000,39458,0x9A22,24,15,1.5,True,True,,防具,,忍者防具,False,0,9,2304,0,0,0,0,0,0,0,0,0,12,9,2316
1001,29970,0x7512,27,30,3.0,True,True,,防具,,忍者防具,False,0,9,2304,0,0,0,0,0,0,0,0,0,12,9,2316
1002,26537,0x67A9,30,15,1.5,True,True,,防具,,忍者防具,False,0,9,2304,0,0,0,0,0,0,0,0,0,12,9,2316
1003,31093,0x7975,33,23,2.3,True,True,,防具,,忍者防具,False,0,9,2304,0,0,0,0,0,0,0,0,0,12,9,2316
1004,47225,0xB879,36,15,1.5,True,True,,防具,,忍者防具,False,0,9,2304,0,0,0,0,0,0,0,0,0,12,9,2316
1005,9446,0x24E6,2666201116,66,6.6,False,True,少武者中铠　胸甲,防具,身体,武士防具,False,5,0,5,0,0,0,0,0,0,5,0,5,0,0,0
1006,35437,0x8A6D,489947167,33,3.3,False,True,少武者中铠　臂甲,防具,手臂,武士防具,False,5,0,5,0,0,0,0,0,0,5,0,5,0,0,0
1007,10545,0x2931,1056309282,50,5.0,False,True,少武者中铠　膝甲,防具,腿部,武士防具,False,5,0,5,0,0,0,0,0,0,5,0,5,0,0,0
1008,16577,0x40C1,3274047525,33,3.3,False,True,少武者中铠　腿甲,防具,足部,武士防具,False,5,0,5,0,0,0,0,0,0,5,0,5,0,0,0
1009,49111,0xBFD7,25,36,3.6,True,True,足轻中铠　阵笠,防具,头部,武士防具,True,7,3,775,0,0,0,0,0,0,6,2,518,0,0,0
1010,13756,0x35BC,28,72,7.2,True,True,足轻中铠　胸甲,防具,身体,武士防具,True,7,3,775,0,0,0,0,0,0,6,2,518,0,0,0
1011,53020,0xCF1C,31,36,3.6,True,True,足轻中铠　臂甲,防具,手臂,武士防具,True,7,3,775,0,0,0,0,0,0,6,2,518,0,0,0
1012,49658,0xC1FA,34,54,5.4,True,True,足轻中铠　膝甲,防具,腿部,武士防具,True,7,3,775,0,0,0,0,0,0,6,2,518,0,0,0
1013,39862,0x9BB6,37,36,3.6,True,True,足轻中铠　腿甲,防具,足部,武士防具,True,7,3,775,0,0,0,0,0,0,6,2,518,0,0,0
1014,64122,0xFA7A,25,37,3.7,True,True,浪人中铠　面具,防具,头部,武士防具,True,8,3,776,0,0,0,0,0,0,11,3,779,0,0,0
1015,41751,0xA317,28,74,7.4,True,True,浪人中铠　胸甲,防具,身体,武士防具,True,8,3,776,0,0,0,0,0,0,11,3,779,0,0,0
1016,20548,0x5044,31,37,3.7,True,True,浪人中铠　臂甲,防具,手臂,武士防具,True,8,3,776,0,0,0,0,0,0,11,3,779,0,0,0
1017,13006,0x32CE,34,56,5.6,True,True,浪人中铠　膝甲,防具,腿部,武士防具,True,8,3,776,0,0,0,0,0,0,11,3,779,0,0,0
1018,32110,0x7D6E,37,37,3.7,True,True,浪人中铠　腿甲,防具,足部,武士防具,True,8,3,776,0,0,0,0,0,0,11,3,779,0,0,0
1019,6047,0x179F,25,25,2.5,True,True,退魔师战甲　乌帽子,防具,头部,忍者防具,True,0,3,768,0,0,0,10,0,10,0,3,768,9,0,9
1020,32824,0x8038,28,50,5.0,True,True,退魔师战甲　胸甲,防具,身体,忍者防具,True,0,3,768,0,0,0,10,0,10,0,3,768,9,0,9
1021,23249,0x5AD1,31,25,2.5,True,True,退魔师战甲　臂甲,防具,手臂,忍者防具,True,0,3,768,0,0,0,10,0,10,0,3,768,9,0,9
1022,48485,0xBD65,34,38,3.8,True,True,退魔师战甲　膝甲,防具,腿部,忍者防具,True,0,3,768,0,0,0,10,0,10,0,3,768,9,0,9
1023,11904,0x2E80,37,25,2.5,True,True,退魔师战甲　腿甲,防具,足部,忍者防具,True,0,3,768,0,0,0,10,0,10,0,3,768,9,0,9
1024,49299,0xC093,25,18,1.8,True,True,楚叶矢众铠　面具,防具,头部,忍者防具,True,0,4,1024,0,0,0,20,0,20,0,4,1024,14,0,14
1025,19063,0x4A77,28,36,3.6,True,True,楚叶矢众铠　胸甲,防具,身体,忍者防具,True,0,4,1024,0,0,0,20,0,20,0,4,1024,14,0,14
1026,7199,0x1C1F,31,18,1.8,True,True,楚叶矢众铠　臂甲,防具,手臂,忍者防具,True,0,4,1024,0,0,0,20,0,20,0,4,1024,14,0,14
1027,51663,0xC9CF,34,27,2.7,True,True,楚叶矢众铠　膝甲,防具,腿部,忍者防具,True,0,4,1024,0,0,0,20,0,20,0,4,1024,14,0,14
1028,2189,0x088D,37,18,1.8,True,True,楚叶矢众铠　腿甲,防具,足部,忍者防具,True,0,4,1024,0,0,0,20,0,20,0,4,1024,14,0,14
1029,43906,0xAB82,25,39,3.9,True,True,燕尾中铠　头盔,防具,头部,武士防具,True,11,4,1035,0,0,0,0,0,0,13,0,13,0,0,0
1030,25533,0x63BD,28,78,7.8,True,True,燕尾中铠　胸甲,防具,身体,武士防具,True,11,4,1035,0,0,0,0,0,0,13,0,13,0,0,0
1031,29203,0x7213,31,39,3.9,True,True,燕尾中铠　臂甲,防具,手臂,武士防具,True,11,4,1035,0,0,0,0,0,0,13,0,13,0,0,0
1032,21067,0x524B,34,59,5.9,True,True,燕尾中铠　膝甲,防具,腿部,武士防具,True,11,4,1035,0,0,0,0,0,0,13,0,13,0,0,0
1033,32758,0x7FF6,37,39,3.9,True,True,燕尾中铠　腿甲,防具,足部,武士防具,True,11,4,1035,0,0,0,0,0,0,13,0,13,0,0,0
1034,57072,0xDEF0,25,17,1.7,True,True,祈月斗将之铠　头盔,防具,头部,武士防具,True,18,7,1810,0,0,0,0,0,0,0,7,1792,18,0,18
1035,24909,0x614D,28,34,3.4,True,True,祈月斗将之铠　胸甲,防具,身体,武士防具,True,18,7,1810,0,0,0,0,0,0,0,7,1792,18,0,18
1036,44918,0xAF76,31,17,1.7,True,True,祈月斗将之铠　臂甲,防具,手臂,武士防具,True,18,7,1810,0,0,0,0,0,0,0,7,1792,18,0,18
1037,52365,0xCC8D,34,26,2.6,True,True,祈月斗将之铠　膝甲,防具,腿部,武士防具,True,18,7,1810,0,0,0,0,0,0,0,7,1792,18,0,18
1038,51511,0xC937,37,17,1.7,True,True,祈月斗将之铠　腿甲,防具,足部,武士防具,True,18,7,1810,0,0,0,0,0,0,0,7,1792,18,0,18
1039,51013,0xC745,25,39,3.9,True,True,侍大将中铠　头盔,防具,头部,武士防具,True,11,7,1803,0,0,0,0,0,0,16,7,1808,0,0,0
1040,8464,0x2110,28,78,7.8,True,True,侍大将中铠　胸甲,防具,身体,武士防具,True,11,7,1803,0,0,0,0,0,0,16,7,1808,0,0,0
1041,34901,0x8855,31,39,3.9,True,True,侍大将中铠　臂甲,防具,手臂,武士防具,True,11,7,1803,0,0,0,0,0,0,16,7,1808,0,0,0
1042,42257,0xA511,34,59,5.9,True,True,侍大将中铠　膝甲,防具,腿部,武士防具,True,11,7,1803,0,0,0,0,0,0,16,7,1808,0,0,0
1043,18090,0x46AA,37,39,3.9,True,True,侍大将中铠　腿甲,防具,足部,武士防具,True,11,7,1803,0,0,0,0,0,0,16,7,1808,0,0,0
1044,43668,0xAA94,25,39,3.9,True,True,百战武者中铠　头盔,防具,头部,武士防具,True,16,8,2064,0,0,0,0,0,0,12,8,2060,0,0,0
1045,5357,0x14ED,28,78,7.8,True,True,百战武者中铠　胸甲,防具,身体,武士防具,True,16,8,2064,0,0,0,0,0,0,12,8,2060,0,0,0
1046,50053,0xC385,31,39,3.9,True,True,百战武者中铠　臂甲,防具,手臂,武士防具,True,16,8,2064,0,0,0,0,0,0,12,8,2060,0,0,0
1047,57083,0xDEFB,34,59,5.9,True,True,百战武者中铠　膝甲,防具,腿部,武士防具,True,16,8,2064,0,0,0,0,0,0,12,8,2060,0,0,0
1048,17921,0x4601,37,39,3.9,True,True,百战武者中铠　腿甲,防具,足部,武士防具,True,16,8,2064,0,0,0,0,0,0,12,8,2060,0,0,0
1049,35209,0x8989,2861105177,16,1.6,False,True,无缘人之铠　头巾,防具,头部,忍者防具,False,5,0,5,0,0,0,0,0,0,5,0,5,0,0,0
1050,309,0x0135,3720740892,32,3.2,False,True,无缘人之铠　胸甲,防具,身体,忍者防具,False,5,0,5,0,0,0,0,0,0,5,0,5,0,0,0
1051,21715,0x54D3,443023391,16,1.6,False,True,无缘人之铠　臂甲,防具,手臂,忍者防具,False,5,0,5,0,0,0,0,0,0,5,0,5,0,0,0
1052,65169,0xFE91,2187722786,24,2.4,False,True,无缘人之铠　膝甲,防具,腿部,忍者防具,False,5,0,5,0,0,0,0,0,0,5,0,5,0,0,0
1053,36374,0x8E16,1029177381,16,1.6,False,True,无缘人之铠　腿甲,防具,足部,忍者防具,False,5,0,5,0,0,0,0,0,0,5,0,5,0,0,0
1054,61421,0xEFED,25,40,4.0,True,True,绝群倾奇之铠　头盔,防具,头部,武士防具,True,13,6,1549,0,0,0,0,0,0,18,0,18,0,0,0
1055,57074,0xDEF2,28,80,8.0,True,True,绝群倾奇之铠　胸甲,防具,身体,武士防具,True,13,6,1549,0,0,0,0,0,0,18,0,18,0,0,0
1056,38421,0x9615,31,40,4.0,True,True,绝群倾奇之铠　臂甲,防具,手臂,武士防具,True,13,6,1549,0,0,0,0,0,0,18,0,18,0,0,0
1057,33876,0x8454,34,60,6.0,True,True,绝群倾奇之铠　膝甲,防具,腿部,武士防具,True,13,6,1549,0,0,0,0,0,0,18,0,18,0,0,0
1058,40790,0x9F56,37,40,4.0,True,True,绝群倾奇之铠　腿甲,防具,足部,武士防具,True,13,6,1549,0,0,0,0,0,0,18,0,18,0,0,0
1059,47223,0xB877,25,38,3.8,True,True,大型八龙　头盔,防具,头部,武士防具,True,10,10,2570,0,0,0,0,0,0,11,10,2571,0,0,0
1060,59647,0xE8FF,28,76,7.6,True,True,大型八龙　胸甲,防具,身体,武士防具,True,10,10,2570,0,0,0,0,0,0,11,10,2571,0,0,0
1061,15800,0x3DB8,31,38,3.8,True,True,大型八龙　臂甲,防具,手臂,武士防具,True,10,10,2570,0,0,0,0,0,0,11,10,2571,0,0,0
1062,19615,0x4C9F,34,57,5.7,True,True,大型八龙　膝甲,防具,腿部,武士防具,True,10,10,2570,0,0,0,0,0,0,11,10,2571,0,0,0
1063,10631,0x2987,37,38,3.8,True,True,大型八龙　腿甲,防具,足部,武士防具,True,10,10,2570,0,0,0,0,0,0,11,10,2571,0,0,0
1064,35229,0x899D,25,37,3.7,True,True,讨鬼勇猛之铠　头盔,防具,头部,武士防具,True,8,10,2568,0,0,0,0,0,0,11,10,2571,0,0,0
1065,6519,0x1977,28,74,7.4,True,True,讨鬼勇猛之铠　胸甲,防具,身体,武士防具,True,8,10,2568,0,0,0,0,0,0,11,10,2571,0,0,0
1066,12595,0x3133,31,37,3.7,True,True,讨鬼勇猛之铠　臂甲,防具,手臂,武士防具,True,8,10,2568,0,0,0,0,0,0,11,10,2571,0,0,0
1067,1191,0x04A7,34,56,5.6,True,True,讨鬼勇猛之铠　膝甲,防具,腿部,武士防具,True,8,10,2568,0,0,0,0,0,0,11,10,2571,0,0,0
1068,59960,0xEA38,37,37,3.7,True,True,讨鬼勇猛之铠　腿甲,防具,足部,武士防具,True,8,10,2568,0,0,0,0,0,0,11,10,2571,0,0,0
1069,2028,0x07EC,25,33,3.3,True,True,,防具,,忍者防具,False,17,10,2577,0,0,0,0,0,0,16,10,2576,0,0,0
1070,13303,0x33F7,28,66,6.6,True,True,,防具,,忍者防具,False,17,10,2577,0,0,0,0,0,0,16,10,2576,0,0,0
1071,6486,0x1956,31,33,3.3,True,True,,防具,,忍者防具,False,17,10,2577,0,0,0,0,0,0,16,10,2576,0,0,0
1072,2948,0x0B84,34,50,5.0,True,True,,防具,,忍者防具,False,17,10,2577,0,0,0,0,0,0,16,10,2576,0,0,0
1073,61193,0xEF09,37,33,3.3,True,True,,防具,,忍者防具,False,17,10,2577,0,0,0,0,0,0,16,10,2576,0,0,0
1074,42512,0xA610,25,34,3.4,True,True,,防具,,忍者防具,False,17,10,2577,0,0,0,0,0,0,16,10,2576,0,0,0
1075,41288,0xA148,28,68,6.8,True,True,,防具,,忍者防具,False,17,10,2577,0,0,0,0,0,0,16,10,2576,0,0,0
1076,58324,0xE3D4,31,34,3.4,True,True,,防具,,忍者防具,False,17,10,2577,0,0,0,0,0,0,16,10,2576,0,0,0
1077,20047,0x4E4F,34,51,5.1,True,True,,防具,,忍者防具,False,17,10,2577,0,0,0,0,0,0,16,10,2576,0,0,0
1078,26227,0x6673,37,34,3.4,True,True,,防具,,忍者防具,False,17,10,2577,0,0,0,0,0,0,16,10,2576,0,0,0
1079,54298,0xD41A,25,35,3.5,True,True,,防具,,忍者防具,False,17,10,2577,0,0,0,0,0,0,16,10,2576,0,0,0
1080,38200,0x9538,28,70,7.0,True,True,,防具,,忍者防具,False,17,10,2577,0,0,0,0,0,0,16,10,2576,0,0,0
1081,40479,0x9E1F,31,35,3.5,True,True,,防具,,忍者防具,False,17,10,2577,0,0,0,0,0,0,16,10,2576,0,0,0
1082,27970,0x6D42,34,53,5.3,True,True,,防具,,忍者防具,False,17,10,2577,0,0,0,0,0,0,16,10,2576,0,0,0
1083,38340,0x95C4,37,35,3.5,True,True,,防具,,忍者防具,False,17,10,2577,0,0,0,0,0,0,16,10,2576,0,0,0
1084,61503,0xF03F,25,36,3.6,True,True,,防具,,忍者防具,False,17,10,2577,0,0,0,0,0,0,16,10,2576,0,0,0
1085,14950,0x3A66,28,72,7.2,True,True,,防具,,忍者防具,False,17,10,2577,0,0,0,0,0,0,16,10,2576,0,0,0
1086,53745,0xD1F1,31,36,3.6,True,True,,防具,,忍者防具,False,17,10,2577,0,0,0,0,0,0,16,10,2576,0,0,0
1087,7357,0x1CBD,34,54,5.4,True,True,,防具,,忍者防具,False,17,10,2577,0,0,0,0,0,0,16,10,2576,0,0,0
1088,26555,0x67BB,37,36,3.6,True,True,,防具,,忍者防具,False,17,10,2577,0,0,0,0,0,0,16,10,2576,0,0,0
1089,46614,0xB616,25,37,3.7,True,True,,防具,,忍者防具,False,17,10,2577,0,0,0,0,0,0,16,10,2576,0,0,0
1090,7240,0x1C48,28,74,7.4,True,True,,防具,,忍者防具,False,17,10,2577,0,0,0,0,0,0,16,10,2576,0,0,0
1091,5458,0x1552,31,37,3.7,True,True,,防具,,忍者防具,False,17,10,2577,0,0,0,0,0,0,16,10,2576,0,0,0
1092,16049,0x3EB1,34,56,5.6,True,True,,防具,,忍者防具,False,17,10,2577,0,0,0,0,0,0,16,10,2576,0,0,0
1093,39153,0x98F1,37,37,3.7,True,True,,防具,,忍者防具,False,17,10,2577,0,0,0,0,0,0,16,10,2576,0,0,0
1094,5930,0x172A,25,38,3.8,True,True,,防具,,忍者防具,False,17,10,2577,0,0,0,0,0,0,16,10,2576,0,0,0
1095,38837,0x97B5,28,76,7.6,True,True,,防具,,忍者防具,False,17,10,2577,0,0,0,0,0,0,16,10,2576,0,0,0
1096,29499,0x733B,31,38,3.8,True,True,,防具,,忍者防具,False,17,10,2577,0,0,0,0,0,0,16,10,2576,0,0,0
1097,26345,0x66E9,34,57,5.7,True,True,,防具,,忍者防具,False,17,10,2577,0,0,0,0,0,0,16,10,2576,0,0,0
1098,59808,0xE9A0,37,38,3.8,True,True,,防具,,忍者防具,False,17,10,2577,0,0,0,0,0,0,16,10,2576,0,0,0
1099,65053,0xFE1D,25,39,3.9,True,True,,防具,,忍者防具,False,17,10,2577,0,0,0,0,0,0,16,10,2576,0,0,0
1100,24047,0x5DEF,28,78,7.8,True,True,,防具,,忍者防具,False,17,10,2577,0,0,0,0,0,0,16,10,2576,0,0,0
1101,57417,0xE049,31,39,3.9,True,True,,防具,,忍者防具,False,17,10,2577,0,0,0,0,0,0,16,10,2576,0,0,0
1102,14470,0x3886,34,59,5.9,True,True,,防具,,忍者防具,False,17,10,2577,0,0,0,0,0,0,16,10,2576,0,0,0
1103,31502,0x7B0E,37,39,3.9,True,True,,防具,,忍者防具,False,17,10,2577,0,0,0,0,0,0,16,10,2576,0,0,0
1104,12838,0x3226,25,40,4.0,True,True,,防具,,忍者防具,False,17,10,2577,0,0,0,0,0,0,16,10,2576,0,0,0
1105,36419,0x8E43,28,80,8.0,True,True,,防具,,忍者防具,False,17,10,2577,0,0,0,0,0,0,16,10,2576,0,0,0
1106,34745,0x87B9,31,40,4.0,True,True,,防具,,忍者防具,False,17,10,2577,0,0,0,0,0,0,16,10,2576,0,0,0
1107,8900,0x22C4,34,60,6.0,True,True,,防具,,忍者防具,False,17,10,2577,0,0,0,0,0,0,16,10,2576,0,0,0
1108,43752,0xAAE8,37,40,4.0,True,True,,防具,,忍者防具,False,17,10,2577,0,0,0,0,0,0,16,10,2576,0,0,0
1109,37269,0x9195,24,16,1.6,True,True,,防具,,忍者防具,False,0,4,1024,0,0,0,0,0,0,0,0,0,8,5,1288
1110,5102,0x13EE,27,32,3.2,True,True,,防具,,忍者防具,False,0,4,1024,0,0,0,0,0,0,0,0,0,8,5,1288
1111,13877,0x3635,30,16,1.6,True,True,,防具,,忍者防具,False,0,4,1024,0,0,0,0,0,0,0,0,0,8,5,1288
1112,19992,0x4E18,33,24,2.4,True,True,,防具,,忍者防具,False,0,4,1024,0,0,0,0,0,0,0,0,0,8,5,1288
1113,15871,0x3DFF,36,16,1.6,True,True,,防具,,忍者防具,False,0,4,1024,0,0,0,0,0,0,0,0,0,8,5,1288
1114,36746,0x8F8A,24,17,1.7,True,True,,防具,,忍者防具,False,0,4,1024,0,0,0,0,0,0,0,0,0,8,5,1288
1115,30310,0x7666,27,34,3.4,True,True,,防具,,忍者防具,False,0,4,1024,0,0,0,0,0,0,0,0,0,8,5,1288
1116,24866,0x6122,30,17,1.7,True,True,,防具,,忍者防具,False,0,4,1024,0,0,0,0,0,0,0,0,0,8,5,1288
1117,21992,0x55E8,33,26,2.6,True,True,,防具,,忍者防具,False,0,4,1024,0,0,0,0,0,0,0,0,0,8,5,1288
1118,22763,0x58EB,36,17,1.7,True,True,,防具,,忍者防具,False,0,4,1024,0,0,0,0,0,0,0,0,0,8,5,1288
1119,25630,0x641E,24,18,1.8,True,True,,防具,,忍者防具,False,0,4,1024,0,0,0,0,0,0,0,0,0,8,5,1288
1120,43208,0xA8C8,27,36,3.6,True,True,,防具,,忍者防具,False,0,4,1024,0,0,0,0,0,0,0,0,0,8,5,1288
1121,38896,0x97F0,30,18,1.8,True,True,,防具,,忍者防具,False,0,4,1024,0,0,0,0,0,0,0,0,0,8,5,1288
1122,52862,0xCE7E,33,27,2.7,True,True,,防具,,忍者防具,False,0,4,1024,0,0,0,0,0,0,0,0,0,8,5,1288
1123,49723,0xC23B,36,18,1.8,True,True,,防具,,忍者防具,False,0,4,1024,0,0,0,0,0,0,0,0,0,8,5,1288
1124,36602,0x8EFA,24,19,1.9,True,True,,防具,,忍者防具,False,0,4,1024,0,0,0,0,0,0,0,0,0,8,5,1288
1125,32101,0x7D65,27,38,3.8,True,True,,防具,,忍者防具,False,0,4,1024,0,0,0,0,0,0,0,0,0,8,5,1288
1126,597,0x0255,30,19,1.9,True,True,,防具,,忍者防具,False,0,4,1024,0,0,0,0,0,0,0,0,0,8,5,1288
1127,23653,0x5C65,33,29,2.9,True,True,,防具,,忍者防具,False,0,4,1024,0,0,0,0,0,0,0,0,0,8,5,1288
1128,12352,0x3040,36,19,1.9,True,True,,防具,,忍者防具,False,0,4,1024,0,0,0,0,0,0,0,0,0,8,5,1288
1129,6974,0x1B3E,24,20,2.0,True,True,,防具,,忍者防具,False,0,4,1024,0,0,0,0,0,0,0,0,0,8,5,1288
1130,46959,0xB76F,27,40,4.0,True,True,,防具,,忍者防具,False,0,4,1024,0,0,0,0,0,0,0,0,0,8,5,1288
1131,13967,0x368F,30,20,2.0,True,True,,防具,,忍者防具,False,0,4,1024,0,0,0,0,0,0,0,0,0,8,5,1288
1132,11177,0x2BA9,33,30,3.0,True,True,,防具,,忍者防具,False,0,4,1024,0,0,0,0,0,0,0,0,0,8,5,1288
1133,51699,0xC9F3,36,20,2.0,True,True,,防具,,忍者防具,False,0,4,1024,0,0,0,0,0,0,0,0,0,8,5,1288
1134,63737,0xF8F9,24,23,2.3,True,True,,防具,,忍者防具,False,0,4,1024,0,0,0,0,0,0,0,0,0,8,5,1288
1135,7962,0x1F1A,27,46,4.6,True,True,,防具,,忍者防具,False,0,4,1024,0,0,0,0,0,0,0,0,0,8,5,1288
1136,17733,0x4545,30,23,2.3,True,True,,防具,,忍者防具,False,0,4,1024,0,0,0,0,0,0,0,0,0,8,5,1288
1137,18062,0x468E,33,35,3.5,True,True,,防具,,忍者防具,False,0,4,1024,0,0,0,0,0,0,0,0,0,8,5,1288
1138,58560,0xE4C0,36,23,2.3,True,True,,防具,,忍者防具,False,0,4,1024,0,0,0,0,0,0,0,0,0,8,5,1288
1139,23309,0x5B0D,24,24,2.4,True,True,,防具,,忍者防具,False,0,4,1024,0,0,0,0,0,0,0,0,0,8,5,1288
1140,37514,0x928A,27,48,4.8,True,True,,防具,,忍者防具,False,0,4,1024,0,0,0,0,0,0,0,0,0,8,5,1288
1141,45378,0xB142,30,24,2.4,True,True,,防具,,忍者防具,False,0,4,1024,0,0,0,0,0,0,0,0,0,8,5,1288
1142,12959,0x329F,33,36,3.6,True,True,,防具,,忍者防具,False,0,4,1024,0,0,0,0,0,0,0,0,0,8,5,1288
1143,1554,0x0612,36,24,2.4,True,True,,防具,,忍者防具,False,0,4,1024,0,0,0,0,0,0,0,0,0,8,5,1288
1144,21374,0x537E,24,25,2.5,True,True,,防具,,忍者防具,False,0,4,1024,0,0,0,0,0,0,0,0,0,8,5,1288
1145,53297,0xD031,27,50,5.0,True,True,,防具,,忍者防具,False,0,4,1024,0,0,0,0,0,0,0,0,0,8,5,1288
1146,16137,0x3F09,30,25,2.5,True,True,,防具,,忍者防具,False,0,4,1024,0,0,0,0,0,0,0,0,0,8,5,1288
1147,37141,0x9115,33,38,3.8,True,True,,防具,,忍者防具,False,0,4,1024,0,0,0,0,0,0,0,0,0,8,5,1288
1148,38297,0x9599,36,25,2.5,True,True,,防具,,忍者防具,False,0,4,1024,0,0,0,0,0,0,0,0,0,8,5,1288
1149,40967,0xA007,24,26,2.6,True,True,,防具,,忍者防具,False,0,4,1024,0,0,0,0,0,0,0,0,0,8,5,1288
1150,62832,0xF570,27,52,5.2,True,True,,防具,,忍者防具,False,0,4,1024,0,0,0,0,0,0,0,0,0,8,5,1288
1151,222,0x00DE,30,26,2.6,True,True,,防具,,忍者防具,False,0,4,1024,0,0,0,0,0,0,0,0,0,8,5,1288
1152,46504,0xB5A8,33,39,3.9,True,True,,防具,,忍者防具,False,0,4,1024,0,0,0,0,0,0,0,0,0,8,5,1288
1153,38285,0x958D,36,26,2.6,True,True,,防具,,忍者防具,False,0,4,1024,0,0,0,0,0,0,0,0,0,8,5,1288
1154,3892,0x0F34,24,27,2.7,True,True,,防具,,忍者防具,False,0,4,1024,0,0,0,0,0,0,0,0,0,8,5,1288
1155,59976,0xEA48,27,54,5.4,True,True,,防具,,忍者防具,False,0,4,1024,0,0,0,0,0,0,0,0,0,8,5,1288
1156,12030,0x2EFE,30,27,2.7,True,True,,防具,,忍者防具,False,0,4,1024,0,0,0,0,0,0,0,0,0,8,5,1288
1157,18459,0x481B,33,41,4.1,True,True,,防具,,忍者防具,False,0,4,1024,0,0,0,0,0,0,0,0,0,8,5,1288
1158,4865,0x1301,36,27,2.7,True,True,,防具,,忍者防具,False,0,4,1024,0,0,0,0,0,0,0,0,0,8,5,1288
1159,17113,0x42D9,26,48,4.8,True,True,传家大铠　头盔,防具,头部,武士防具,True,0,0,0,0,0,0,5,3,773,5,2,517,0,0,0
1160,18951,0x4A07,29,96,9.6,True,True,传家大铠　胸甲,防具,身体,武士防具,True,0,0,0,0,0,0,5,3,773,5,2,517,0,0,0
1161,15080,0x3AE8,32,48,4.8,True,True,传家大铠　臂甲,防具,手臂,武士防具,True,0,0,0,0,0,0,5,3,773,5,2,517,0,0,0
1162,1296,0x0510,35,72,7.2,True,True,传家大铠　膝甲,防具,腿部,武士防具,True,0,0,0,0,0,0,5,3,773,5,2,517,0,0,0
1163,49248,0xC060,38,48,4.8,True,True,传家大铠　腿甲,防具,足部,武士防具,True,0,0,0,0,0,0,5,3,773,5,2,517,0,0,0
1164,12799,0x31FF,26,16,1.6,True,True,盗贼之铠　头盔,防具,头部,忍者防具,True,0,0,0,0,0,0,5,2,517,0,2,512,5,0,5
1165,27723,0x6C4B,29,32,3.2,True,True,盗贼之铠　胸甲,防具,身体,忍者防具,True,0,0,0,0,0,0,5,2,517,0,2,512,5,0,5
1166,54493,0xD4DD,32,16,1.6,True,True,盗贼之铠　臂甲,防具,手臂,忍者防具,True,0,0,0,0,0,0,5,2,517,0,2,512,5,0,5
1167,50217,0xC429,35,24,2.4,True,True,盗贼之铠　膝甲,防具,腿部,忍者防具,True,0,0,0,0,0,0,5,2,517,0,2,512,5,0,5
1168,10974,0x2ADE,38,16,1.6,True,True,盗贼之铠　腿甲,防具,足部,忍者防具,True,0,0,0,0,0,0,5,2,517,0,2,512,5,0,5
1169,46552,0xB5D8,26,52,5.2,True,True,美浓宿老之铠　头盔,防具,头部,武士防具,True,0,0,0,0,0,0,6,2,518,8,2,520,0,0,0
1170,54315,0xD42B,29,104,10.4,True,True,美浓宿老之铠　胸甲,防具,身体,武士防具,True,0,0,0,0,0,0,6,2,518,8,2,520,0,0,0
1171,33293,0x820D,32,52,5.2,True,True,美浓宿老之铠　臂甲,防具,手臂,武士防具,True,0,0,0,0,0,0,6,2,518,8,2,520,0,0,0
1172,15513,0x3C99,35,78,7.8,True,True,美浓宿老之铠　膝甲,防具,腿部,武士防具,True,0,0,0,0,0,0,6,2,518,8,2,520,0,0,0
1173,39415,0x99F7,38,52,5.2,True,True,美浓宿老之铠　腿甲,防具,足部,武士防具,True,0,0,0,0,0,0,6,2,518,8,2,520,0,0,0
1174,7215,0x1C2F,26,55,5.5,True,True,盾无　头盔,防具,头部,武士防具,True,0,0,0,0,0,0,12,4,1036,13,3,781,0,0,0
1175,49800,0xC288,29,110,11.0,True,True,盾无　胸甲,防具,身体,武士防具,True,0,0,0,0,0,0,12,4,1036,13,3,781,0,0,0
1176,54162,0xD392,32,55,5.5,True,True,盾无　臂甲,防具,手臂,武士防具,True,0,0,0,0,0,0,12,4,1036,13,3,781,0,0,0
1177,886,0x0376,35,83,8.3,True,True,盾无　膝甲,防具,腿部,武士防具,True,0,0,0,0,0,0,12,4,1036,13,3,781,0,0,0
1178,64314,0xFB3A,38,55,5.5,True,True,盾无　腿甲,防具,足部,武士防具,True,0,0,0,0,0,0,12,4,1036,13,3,781,0,0,0
1179,28134,0x6DE6,26,50,5.0,True,True,东国无双之铠　头盔,防具,头部,武士防具,True,0,0,0,0,0,0,6,4,1030,6,3,774,0,0,0
1180,14145,0x3741,29,100,10.0,True,True,东国无双之铠　胸甲,防具,身体,武士防具,True,0,0,0,0,0,0,6,4,1030,6,3,774,0,0,0
1181,59353,0xE7D9,32,50,5.0,True,True,东国无双之铠　臂甲,防具,手臂,武士防具,True,0,0,0,0,0,0,6,4,1030,6,3,774,0,0,0
1182,24534,0x5FD6,35,75,7.5,True,True,东国无双之铠　膝甲,防具,腿部,武士防具,True,0,0,0,0,0,0,6,4,1030,6,3,774,0,0,0
1183,18984,0x4A28,38,50,5.0,True,True,东国无双之铠　腿甲,防具,足部,武士防具,True,0,0,0,0,0,0,6,4,1030,6,3,774,0,0,0
1184,29975,0x7517,26,54,5.4,True,True,枭雄之铠　头盔,防具,头部,武士防具,True,0,0,0,0,0,0,9,6,1545,10,6,1546,0,0,0
1185,52665,0xCDB9,29,108,10.8,True,True,枭雄之铠　胸甲,防具,身体,武士防具,True,0,0,0,0,0,0,9,6,1545,10,6,1546,0,0,0
1186,45005,0xAFCD,32,54,5.4,True,True,枭雄之铠　臂甲,防具,手臂,武士防具,True,0,0,0,0,0,0,9,6,1545,10,6,1546,0,0,0
1187,46410,0xB54A,35,81,8.1,True,True,枭雄之铠　膝甲,防具,腿部,武士防具,True,0,0,0,0,0,0,9,6,1545,10,6,1546,0,0,0
1188,20955,0x51DB,38,54,5.4,True,True,枭雄之铠　腿甲,防具,足部,武士防具,True,0,0,0,0,0,0,9,6,1545,10,6,1546,0,0,0
1189,12519,0x30E7,26,56,5.6,True,True,怪童大铠　头巾,防具,头部,武士防具,True,0,0,0,0,0,0,14,3,782,15,3,783,0,0,0
1190,51574,0xC976,29,112,11.2,True,True,怪童大铠　胸甲,防具,身体,武士防具,True,0,0,0,0,0,0,14,3,782,15,3,783,0,0,0
1191,28529,0x6F71,32,56,5.6,True,True,怪童大铠　臂甲,防具,手臂,武士防具,True,0,0,0,0,0,0,14,3,782,15,3,783,0,0,0
1192,40461,0x9E0D,35,84,8.4,True,True,怪童大铠　膝甲,防具,腿部,武士防具,True,0,0,0,0,0,0,14,3,782,15,3,783,0,0,0
1193,25862,0x6506,38,56,5.6,True,True,怪童大铠　腿甲,防具,足部,武士防具,True,0,0,0,0,0,0,14,3,782,15,3,783,0,0,0
1194,60339,0xEBB3,26,26,2.6,True,True,百鬼之铠　头盔,防具,头部,忍者防具,True,0,0,0,0,0,0,20,0,20,0,0,0,13,0,13
1195,9310,0x245E,29,52,5.2,True,True,百鬼之铠　胸甲,防具,身体,忍者防具,True,0,0,0,0,0,0,20,0,20,0,0,0,13,0,13
1196,52327,0xCC67,32,26,2.6,True,True,百鬼之铠　臂甲,防具,手臂,忍者防具,True,0,0,0,0,0,0,20,0,20,0,0,0,13,0,13
1197,3772,0x0EBC,35,39,3.9,True,True,百鬼之铠　膝甲,防具,腿部,忍者防具,True,0,0,0,0,0,0,20,0,20,0,0,0,13,0,13
1198,2105,0x0839,38,26,2.6,True,True,百鬼之铠　腿甲,防具,足部,忍者防具,True,0,0,0,0,0,0,20,0,20,0,0,0,13,0,13
1199,33260,0x81EC,26,57,5.7,True,True,崇佛诚心之铠　头盔,防具,头部,武士防具,True,0,0,0,0,0,0,18,9,2322,17,9,2321,0,0,0
1200,24618,0x602A,29,114,11.4,True,True,崇佛诚心之铠　胸甲,防具,身体,武士防具,True,0,0,0,0,0,0,18,9,2322,17,9,2321,0,0,0
1201,24074,0x5E0A,32,57,5.7,True,True,崇佛诚心之铠　臂甲,防具,手臂,武士防具,True,0,0,0,0,0,0,18,9,2322,17,9,2321,0,0,0
1202,51894,0xCAB6,35,86,8.6,True,True,崇佛诚心之铠　膝甲,防具,腿部,武士防具,True,0,0,0,0,0,0,18,9,2322,17,9,2321,0,0,0
1203,49523,0xC173,38,57,5.7,True,True,崇佛诚心之铠　腿甲,防具,足部,武士防具,True,0,0,0,0,0,0,18,9,2322,17,9,2321,0,0,0
1204,54905,0xD679,26,58,5.8,True,True,田村后裔之铠　斗笠,防具,头部,武士防具,True,0,0,0,0,0,0,19,9,2323,19,9,2323,0,0,0
1205,39858,0x9BB2,29,116,11.6,True,True,田村后裔之铠　胸甲,防具,身体,武士防具,True,0,0,0,0,0,0,19,9,2323,19,9,2323,0,0,0
1206,28482,0x6F42,32,58,5.8,True,True,田村后裔之铠　臂甲,防具,手臂,武士防具,True,0,0,0,0,0,0,19,9,2323,19,9,2323,0,0,0
1207,64316,0xFB3C,35,87,8.7,True,True,田村后裔之铠　膝甲,防具,腿部,武士防具,True,0,0,0,0,0,0,19,9,2323,19,9,2323,0,0,0
1208,62225,0xF311,38,58,5.8,True,True,田村后裔之铠　腿甲,防具,足部,武士防具,True,0,0,0,0,0,0,19,9,2323,19,9,2323,0,0,0
1209,11317,0x2C35,25,8,0.8,True,True,,防具或饰品,,装备,False,21,0,21,0,0,0,21,0,21,0,0,0,0,0,0
1210,53416,0xD0A8,28,16,1.6,True,True,,防具或饰品,,装备,False,21,0,21,0,0,0,21,0,21,0,0,0,0,0,0
1211,20597,0x5075,34,12,1.2,True,True,,防具或饰品,,装备,False,21,0,21,0,0,0,21,0,21,0,0,0,0,0,0
1212,50449,0xC511,37,8,0.8,True,True,,防具或饰品,,装备,False,21,0,21,0,0,0,21,0,21,0,0,0,0,0,0
1213,48704,0xBE40,25,15,1.5,True,True,,防具或饰品,,装备,False,21,0,21,0,0,0,0,0,0,21,0,21,0,0,0
1214,26635,0x680B,28,30,3.0,True,True,,防具或饰品,,装备,False,21,0,21,0,0,0,0,0,0,21,0,21,0,0,0
1215,478,0x01DE,34,23,2.3,True,True,,防具或饰品,,装备,False,21,0,21,0,0,0,0,0,0,21,0,21,0,0,0
1216,39726,0x9B2E,37,15,1.5,True,True,,防具或饰品,,装备,False,21,0,21,0,0,0,0,0,0,21,0,21,0,0,0
1217,21207,0x52D7,25,41,4.1,True,True,叛军浪士之铠　斗笠,防具,头部,武士防具,True,21,0,21,0,0,0,0,0,0,21,0,21,0,0,0
1218,36552,0x8EC8,28,82,8.2,True,True,叛军浪士之铠　胸甲,防具,身体,武士防具,True,21,0,21,0,0,0,0,0,0,21,0,21,0,0,0
1219,13351,0x3427,31,41,4.1,True,True,叛军浪士之铠　臂甲,防具,手臂,武士防具,True,21,0,21,0,0,0,0,0,0,21,0,21,0,0,0
1220,14256,0x37B0,34,63,6.3,True,True,叛军浪士之铠　膝甲,防具,腿部,武士防具,True,21,0,21,0,0,0,0,0,0,21,0,21,0,0,0
1221,44753,0xAED1,37,41,4.1,True,True,叛军浪士之铠　腿甲,防具,足部,武士防具,True,21,0,21,0,0,0,0,0,0,21,0,21,0,0,0
1222,41660,0xA2BC,25,41,4.1,True,True,叛军浪士之铠　斗笠,防具,头部,武士防具,True,21,0,21,0,0,0,0,0,0,21,0,21,0,0,0
1223,23478,0x5BB6,28,82,8.2,True,True,叛军浪士之铠　胸甲,防具,身体,武士防具,True,21,0,21,0,0,0,0,0,0,21,0,21,0,0,0
1224,23255,0x5AD7,31,41,4.1,True,True,叛军浪士之铠　臂甲,防具,手臂,武士防具,True,21,0,21,0,0,0,0,0,0,21,0,21,0,0,0
1225,26849,0x68E1,34,63,6.3,True,True,叛军浪士之铠　膝甲,防具,腿部,武士防具,True,21,0,21,0,0,0,0,0,0,21,0,21,0,0,0
1226,5126,0x1406,37,41,4.1,True,True,叛军浪士之铠　腿甲,防具,足部,武士防具,True,21,0,21,0,0,0,0,0,0,21,0,21,0,0,0
1227,28581,0x6FA5,25,59,5.9,True,True,百万石之铠　头盔,防具,头部,武士防具,True,22,0,22,0,0,0,0,0,0,0,0,0,23,0,23
1228,17605,0x44C5,28,118,11.8,True,True,百万石之铠　胸甲,防具,身体,武士防具,True,22,0,22,0,0,0,0,0,0,0,0,0,23,0,23
1229,42784,0xA720,31,59,5.9,True,True,百万石之铠　臂甲,防具,手臂,武士防具,True,22,0,22,0,0,0,0,0,0,0,0,0,23,0,23
1230,5697,0x1641,34,89,8.9,True,True,百万石之铠　膝甲,防具,腿部,武士防具,True,22,0,22,0,0,0,0,0,0,0,0,0,23,0,23
1231,31292,0x7A3C,37,59,5.9,True,True,百万石之铠　腿甲,防具,足部,武士防具,True,22,0,22,0,0,0,0,0,0,0,0,0,23,0,23
1232,25587,0x63F3,25,41,4.1,True,True,一玄居士之衣　面具,防具,头部,武士防具,True,22,0,22,0,0,0,0,0,0,0,0,0,23,0,23
1233,52748,0xCE0C,28,82,8.2,True,True,一玄居士之衣　上衣,防具,身体,武士防具,True,22,0,22,0,0,0,0,0,0,0,0,0,23,0,23
1234,24211,0x5E93,31,41,4.1,True,True,一玄居士之衣　袖套,防具,手臂,武士防具,True,22,0,22,0,0,0,0,0,0,0,0,0,23,0,23
1235,31571,0x7B53,34,63,6.3,True,True,一玄居士之衣　裤裙,防具,腿部,武士防具,True,22,0,22,0,0,0,0,0,0,0,0,0,23,0,23
1236,364,0x016C,37,41,4.1,True,True,一玄居士之衣　足履,防具,足部,武士防具,True,22,0,22,0,0,0,0,0,0,0,0,0,23,0,23
1237,4863,0x12FF,25,19,1.9,True,True,柳生众装束　斗笠,防具,头部,忍者防具,True,0,0,0,21,0,21,0,0,0,0,0,0,21,0,21
1238,41515,0xA22B,28,38,3.8,True,True,柳生众装束　胸甲,防具,身体,忍者防具,True,0,0,0,21,0,21,0,0,0,0,0,0,21,0,21
1239,3676,0x0E5C,31,19,1.9,True,True,柳生众装束　臂甲,防具,手臂,忍者防具,True,0,0,0,21,0,21,0,0,0,0,0,0,21,0,21
1240,35357,0x8A1D,34,29,2.9,True,True,柳生众装束　膝甲,防具,腿部,忍者防具,True,0,0,0,21,0,21,0,0,0,0,0,0,21,0,21
1241,54292,0xD414,37,19,1.9,True,True,柳生众装束　腿甲,防具,足部,忍者防具,True,0,0,0,21,0,21,0,0,0,0,0,0,21,0,21
1242,63368,0xF788,25,59,5.9,True,True,副将军之铠　头盔,防具,头部,武士防具,True,0,0,0,0,0,0,23,0,23,22,0,22,0,0,0
1243,36895,0x901F,28,118,11.8,True,True,副将军之铠　胸甲,防具,身体,武士防具,True,0,0,0,0,0,0,23,0,23,22,0,22,0,0,0
1244,45961,0xB389,31,59,5.9,True,True,副将军之铠　臂甲,防具,手臂,武士防具,True,0,0,0,0,0,0,23,0,23,22,0,22,0,0,0
1245,31842,0x7C62,34,89,8.9,True,True,副将军之铠　膝甲,防具,腿部,武士防具,True,0,0,0,0,0,0,23,0,23,22,0,22,0,0,0
1246,39675,0x9AFB,37,59,5.9,True,True,副将军之铠　腿甲,防具,足部,武士防具,True,0,0,0,0,0,0,23,0,23,22,0,22,0,0,0
1247,28301,0x6E8D,25,59,5.9,True,True,,防具或饰品,,装备,False,0,0,0,0,0,0,23,0,23,22,0,22,0,0,0
1248,62765,0xF52D,25,8,0.8,True,True,大目付忍装束　头巾,防具,头部,忍者防具,True,22,0,22,0,0,0,0,0,0,22,0,22,0,0,0
1249,21457,0x53D1,28,16,1.6,True,True,大目付忍装束　胸甲,防具,身体,忍者防具,True,22,0,22,0,0,0,0,0,0,22,0,22,0,0,0
1250,14648,0x3938,31,8,0.8,True,True,大目付忍装束　臂甲,防具,手臂,忍者防具,True,22,0,22,0,0,0,0,0,0,22,0,22,0,0,0
1251,23949,0x5D8D,34,12,1.2,True,True,大目付忍装束　膝甲,防具,腿部,忍者防具,True,22,0,22,0,0,0,0,0,0,22,0,22,0,0,0
1252,5517,0x158D,37,8,0.8,True,True,大目付忍装束　腿甲,防具,足部,忍者防具,True,22,0,22,0,0,0,0,0,0,22,0,22,0,0,0
1253,23469,0x5BAD,25,19,1.9,True,True,弁庆梦想装束　头巾,防具,头部,忍者防具,True,0,0,0,0,0,0,0,0,0,23,0,23,22,0,22
1254,34246,0x85C6,28,38,3.8,True,True,弁庆梦想装束　上衣,防具,身体,忍者防具,True,0,0,0,0,0,0,0,0,0,23,0,23,22,0,22
1255,61156,0xEEE4,31,19,1.9,True,True,弁庆梦想装束　臂甲,防具,手臂,忍者防具,True,0,0,0,0,0,0,0,0,0,23,0,23,22,0,22
1256,29430,0x72F6,34,29,2.9,True,True,弁庆梦想装束　裤裙,防具,腿部,忍者防具,True,0,0,0,0,0,0,0,0,0,23,0,23,22,0,22
1257,12541,0x30FD,37,19,1.9,True,True,弁庆梦想装束　草鞋,防具,足部,忍者防具,True,0,0,0,0,0,0,0,0,0,23,0,23,22,0,22
1258,48266,0xBC8A,24,18,1.8,True,True,智慧伊豆之衣　头巾,防具,头部,武士防具,True,0,0,0,0,0,0,0,0,0,22,0,22,22,0,22
1259,32010,0x7D0A,27,36,3.6,True,True,智慧伊豆之衣　肩衣,防具,身体,武士防具,True,0,0,0,0,0,0,0,0,0,22,0,22,22,0,22
1260,34651,0x875B,30,18,1.8,True,True,智慧伊豆之衣　臂甲,防具,手臂,武士防具,True,0,0,0,0,0,0,0,0,0,22,0,22,22,0,22
1261,54835,0xD633,33,27,2.7,True,True,智慧伊豆之衣　裤裙,防具,腿部,武士防具,True,0,0,0,0,0,0,0,0,0,22,0,22,22,0,22
1262,32844,0x804C,36,18,1.8,True,True,智慧伊豆之衣　草鞋,防具,足部,武士防具,True,0,0,0,0,0,0,0,0,0,22,0,22,22,0,22
1263,18843,0x499B,24,18,1.8,True,True,,防具或饰品,,装备,False,0,0,0,0,0,0,0,0,0,22,0,22,22,0,22
1264,48705,0xBE41,27,36,3.6,True,True,,防具或饰品,,装备,False,0,0,0,0,0,0,0,0,0,22,0,22,22,0,22
1265,17819,0x459B,30,18,1.8,True,True,,防具或饰品,,装备,False,0,0,0,0,0,0,0,0,0,22,0,22,22,0,22
1266,43096,0xA858,33,27,2.7,True,True,,防具或饰品,,装备,False,0,0,0,0,0,0,0,0,0,22,0,22,22,0,22
1267,2211,0x08A3,36,18,1.8,True,True,,防具或饰品,,装备,False,0,0,0,0,0,0,0,0,0,22,0,22,22,0,22
1268,1048,0x0418,27,36,3.6,True,True,又右卫门之衣　胸甲,防具,身体,武士防具,True,22,0,22,0,0,0,0,0,0,22,0,22,0,0,0
1269,58067,0xE2D3,30,18,1.8,True,True,又右卫门之衣　臂甲,防具,手臂,武士防具,True,22,0,22,0,0,0,0,0,0,22,0,22,0,0,0
1270,13261,0x33CD,33,27,2.7,True,True,又右卫门之衣　膝甲,防具,腿部,武士防具,True,22,0,22,0,0,0,0,0,0,22,0,22,0,0,0
1271,6254,0x186E,36,18,1.8,True,True,又右卫门之衣　腿甲,防具,足部,武士防具,True,22,0,22,0,0,0,0,0,0,22,0,22,0,0,0
1272,55167,0xD77F,25,41,4.1,True,True,独眼剑豪之衣　斗笠,防具,头部,武士防具,True,21,0,21,0,0,0,0,0,0,0,0,0,21,0,21
1273,32876,0x806C,28,82,8.2,True,True,独眼剑豪之衣　胸甲,防具,身体,武士防具,True,21,0,21,0,0,0,0,0,0,0,0,0,21,0,21
1274,12987,0x32BB,31,41,4.1,True,True,独眼剑豪之衣　臂甲,防具,手臂,武士防具,True,21,0,21,0,0,0,0,0,0,0,0,0,21,0,21
1275,38271,0x957F,34,63,6.3,True,True,独眼剑豪之衣　膝甲,防具,腿部,武士防具,True,21,0,21,0,0,0,0,0,0,0,0,0,21,0,21
1276,39891,0x9BD3,37,41,4.1,True,True,独眼剑豪之衣　腿甲,防具,足部,武士防具,True,21,0,21,0,0,0,0,0,0,0,0,0,21,0,21
1277,6304,0x18A0,25,15,1.5,True,True,,防具或饰品,,装备,False,21,0,21,0,0,0,0,0,0,21,0,21,0,0,0
1278,43048,0xA828,28,30,3.0,True,True,,防具或饰品,,装备,False,21,0,21,0,0,0,0,0,0,21,0,21,0,0,0
1279,34493,0x86BD,31,15,1.5,True,True,,防具或饰品,,装备,False,21,0,21,0,0,0,0,0,0,21,0,21,0,0,0
1280,33762,0x83E2,34,23,2.3,True,True,,防具或饰品,,装备,False,21,0,21,0,0,0,0,0,0,21,0,21,0,0,0
1281,7136,0x1BE0,37,15,1.5,True,True,,防具或饰品,,装备,False,21,0,21,0,0,0,0,0,0,21,0,21,0,0,0
1282,59899,0xE9FB,24,18,1.8,True,True,,防具或饰品,,装备,False,0,4,1024,0,0,0,10,0,10,0,0,0,11,5,1291
1283,4950,0x1356,27,36,3.6,True,True,,防具或饰品,,装备,False,0,4,1024,0,0,0,10,0,10,0,0,0,11,5,1291
1284,18217,0x4729,30,18,1.8,True,True,,防具或饰品,,装备,False,0,4,1024,0,0,0,10,0,10,0,0,0,11,5,1291
1285,60240,0xEB50,33,27,2.7,True,True,,防具或饰品,,装备,False,0,4,1024,0,0,0,10,0,10,0,0,0,11,5,1291
1286,12612,0x3144,36,18,1.8,True,True,,防具或饰品,,装备,False,0,4,1024,0,0,0,10,0,10,0,0,0,11,5,1291
1287,3416,0x0D58,25,17,1.7,True,True,,防具或饰品,,装备,False,21,0,21,0,0,0,21,9,2325,21,9,2325,0,0,0
1288,19079,0x4A87,28,34,3.4,True,True,,防具或饰品,,装备,False,21,0,21,0,0,0,21,9,2325,21,9,2325,0,0,0
1289,16914,0x4212,31,17,1.7,True,True,,防具或饰品,,装备,False,21,0,21,0,0,0,21,9,2325,21,9,2325,0,0,0
1290,18398,0x47DE,34,26,2.6,True,True,,防具或饰品,,装备,False,21,0,21,0,0,0,21,9,2325,21,9,2325,0,0,0
1291,4873,0x1309,37,17,1.7,True,True,,防具或饰品,,装备,False,21,0,21,0,0,0,21,9,2325,21,9,2325,0,0,0
1292,54687,0xD59F,26,45,4.5,True,True,,防具,,忍者防具,False,0,0,0,0,0,0,0,9,2304,11,9,2315,0,0,0
1293,31816,0x7C48,29,90,9.0,True,True,,防具,,忍者防具,False,0,0,0,0,0,0,0,9,2304,11,9,2315,0,0,0
1294,45888,0xB340,32,45,4.5,True,True,,防具,,忍者防具,False,0,0,0,0,0,0,0,9,2304,11,9,2315,0,0,0
1295,8995,0x2323,35,68,6.8,True,True,,防具,,忍者防具,False,0,0,0,0,0,0,0,9,2304,11,9,2315,0,0,0
1296,11011,0x2B03,38,45,4.5,True,True,,防具,,忍者防具,False,0,0,0,0,0,0,0,9,2304,11,9,2315,0,0,0
1297,35148,0x894C,26,46,4.6,True,True,,防具,,忍者防具,False,0,0,0,0,0,0,0,9,2304,11,9,2315,0,0,0
1298,39556,0x9A84,29,92,9.2,True,True,,防具,,忍者防具,False,0,0,0,0,0,0,0,9,2304,11,9,2315,0,0,0
1299,14187,0x376B,32,46,4.6,True,True,,防具,,忍者防具,False,0,0,0,0,0,0,0,9,2304,11,9,2315,0,0,0
1300,55630,0xD94E,35,69,6.9,True,True,,防具,,忍者防具,False,0,0,0,0,0,0,0,9,2304,11,9,2315,0,0,0
1301,10893,0x2A8D,38,46,4.6,True,True,,防具,,忍者防具,False,0,0,0,0,0,0,0,9,2304,11,9,2315,0,0,0
1302,58443,0xE44B,26,47,4.7,True,True,,防具,,忍者防具,False,0,0,0,0,0,0,0,9,2304,11,9,2315,0,0,0
1303,3504,0x0DB0,29,94,9.4,True,True,,防具,,忍者防具,False,0,0,0,0,0,0,0,9,2304,11,9,2315,0,0,0
1304,5559,0x15B7,32,47,4.7,True,True,,防具,,忍者防具,False,0,0,0,0,0,0,0,9,2304,11,9,2315,0,0,0
1305,17521,0x4471,35,71,7.1,True,True,,防具,,忍者防具,False,0,0,0,0,0,0,0,9,2304,11,9,2315,0,0,0
1306,46880,0xB720,38,47,4.7,True,True,,防具,,忍者防具,False,0,0,0,0,0,0,0,9,2304,11,9,2315,0,0,0
1307,55517,0xD8DD,26,48,4.8,True,True,,防具,,忍者防具,False,0,0,0,0,0,0,0,9,2304,11,9,2315,0,0,0
1308,9240,0x2418,29,96,9.6,True,True,,防具,,忍者防具,False,0,0,0,0,0,0,0,9,2304,11,9,2315,0,0,0
1309,58523,0xE49B,32,48,4.8,True,True,,防具,,忍者防具,False,0,0,0,0,0,0,0,9,2304,11,9,2315,0,0,0
1310,56456,0xDC88,35,72,7.2,True,True,,防具,,忍者防具,False,0,0,0,0,0,0,0,9,2304,11,9,2315,0,0,0
1311,18930,0x49F2,38,48,4.8,True,True,,防具,,忍者防具,False,0,0,0,0,0,0,0,9,2304,11,9,2315,0,0,0
1312,48392,0xBD08,26,49,4.9,True,True,,防具,,忍者防具,False,0,0,0,0,0,0,0,9,2304,11,9,2315,0,0,0
1313,44732,0xAEBC,29,98,9.8,True,True,,防具,,忍者防具,False,0,0,0,0,0,0,0,9,2304,11,9,2315,0,0,0
1314,9394,0x24B2,32,49,4.9,True,True,,防具,,忍者防具,False,0,0,0,0,0,0,0,9,2304,11,9,2315,0,0,0
1315,23645,0x5C5D,35,74,7.4,True,True,,防具,,忍者防具,False,0,0,0,0,0,0,0,9,2304,11,9,2315,0,0,0
1316,51280,0xC850,38,49,4.9,True,True,,防具,,忍者防具,False,0,0,0,0,0,0,0,9,2304,11,9,2315,0,0,0
1317,65103,0xFE4F,26,50,5.0,True,True,,防具,,忍者防具,False,0,0,0,0,0,0,0,9,2304,11,9,2315,0,0,0
1318,8356,0x20A4,29,100,10.0,True,True,,防具,,忍者防具,False,0,0,0,0,0,0,0,9,2304,11,9,2315,0,0,0
1319,36,0x0024,32,50,5.0,True,True,,防具,,忍者防具,False,0,0,0,0,0,0,0,9,2304,11,9,2315,0,0,0
1320,5312,0x14C0,35,75,7.5,True,True,,防具,,忍者防具,False,0,0,0,0,0,0,0,9,2304,11,9,2315,0,0,0
1321,53903,0xD28F,38,50,5.0,True,True,,防具,,忍者防具,False,0,0,0,0,0,0,0,9,2304,11,9,2315,0,0,0
1322,26615,0x67F7,26,51,5.1,True,True,,防具,,忍者防具,False,0,0,0,0,0,0,0,9,2304,11,9,2315,0,0,0
1323,27067,0x69BB,29,102,10.2,True,True,,防具,,忍者防具,False,0,0,0,0,0,0,0,9,2304,11,9,2315,0,0,0
1324,23903,0x5D5F,32,51,5.1,True,True,,防具,,忍者防具,False,0,0,0,0,0,0,0,9,2304,11,9,2315,0,0,0
1325,60020,0xEA74,35,77,7.7,True,True,,防具,,忍者防具,False,0,0,0,0,0,0,0,9,2304,11,9,2315,0,0,0
1326,38677,0x9715,38,51,5.1,True,True,,防具,,忍者防具,False,0,0,0,0,0,0,0,9,2304,11,9,2315,0,0,0
1327,16432,0x4030,26,52,5.2,True,True,,防具,,忍者防具,False,0,0,0,0,0,0,0,9,2304,11,9,2315,0,0,0
1328,36084,0x8CF4,29,104,10.4,True,True,,防具,,忍者防具,False,0,0,0,0,0,0,0,9,2304,11,9,2315,0,0,0
1329,6838,0x1AB6,32,52,5.2,True,True,,防具,,忍者防具,False,0,0,0,0,0,0,0,9,2304,11,9,2315,0,0,0
1330,48666,0xBE1A,35,78,7.8,True,True,,防具,,忍者防具,False,0,0,0,0,0,0,0,9,2304,11,9,2315,0,0,0
1331,44061,0xAC1D,38,52,5.2,True,True,,防具,,忍者防具,False,0,0,0,0,0,0,0,9,2304,11,9,2315,0,0,0
1332,19000,0x4A38,26,53,5.3,True,True,,防具,,忍者防具,False,0,0,0,0,0,0,0,9,2304,11,9,2315,0,0,0
1333,63987,0xF9F3,29,106,10.6,True,True,,防具,,忍者防具,False,0,0,0,0,0,0,0,9,2304,11,9,2315,0,0,0
1334,48333,0xBCCD,32,53,5.3,True,True,,防具,,忍者防具,False,0,0,0,0,0,0,0,9,2304,11,9,2315,0,0,0
1335,53701,0xD1C5,35,80,8.0,True,True,,防具,,忍者防具,False,0,0,0,0,0,0,0,9,2304,11,9,2315,0,0,0
1336,3737,0x0E99,38,53,5.3,True,True,,防具,,忍者防具,False,0,0,0,0,0,0,0,9,2304,11,9,2315,0,0,0
1337,65430,0xFF96,26,55,5.5,True,True,,防具,,忍者防具,False,0,0,0,0,0,0,0,9,2304,11,9,2315,0,0,0
1338,64059,0xFA3B,29,110,11.0,True,True,,防具,,忍者防具,False,0,0,0,0,0,0,0,9,2304,11,9,2315,0,0,0
1339,57803,0xE1CB,32,55,5.5,True,True,,防具,,忍者防具,False,0,0,0,0,0,0,0,9,2304,11,9,2315,0,0,0
1340,15944,0x3E48,35,83,8.3,True,True,,防具,,忍者防具,False,0,0,0,0,0,0,0,9,2304,11,9,2315,0,0,0
1341,29597,0x739D,38,55,5.5,True,True,,防具,,忍者防具,False,0,0,0,0,0,0,0,9,2304,11,9,2315,0,0,0
1342,58876,0xE5FC,24,7,0.7,True,True,女面,防具,头部,忍者防具,True,8,2,520,0,0,0,0,0,0,0,0,0,8,2,520
1343,54770,0xD5F2,24,16,1.6,True,True,木灵碗,防具,头部,忍者防具,True,0,2,512,0,0,0,5,0,5,0,0,0,5,3,773
1344,58834,0xE5D2,26,45,4.5,True,True,黑漆涂雁金形盔,防具,头部,武士防具,True,0,0,0,0,0,0,5,3,773,5,2,517,0,0,0
1345,1814,0x0716,24,7,0.7,True,True,翁面,防具,头部,忍者防具,True,8,3,776,0,0,0,0,0,0,0,0,0,8,3,776
1346,57636,0xE124,26,36,3.6,True,True,猪前立头盔,防具,头部,武士防具,True,8,0,8,0,0,0,0,3,768,8,3,776,0,0,0
1347,2537,0x09E9,24,17,1.7,True,True,天狗面,防具,头部,忍者防具,True,0,3,768,0,0,0,8,0,8,0,0,0,8,3,776
1348,4257,0x10A1,24,17,1.7,True,True,般若面,防具,头部,忍者防具,True,0,3,768,0,0,0,8,0,8,0,0,0,8,3,776
1349,6877,0x1ADD,24,38,3.8,True,True,扇前立头盔,防具,头部,武士防具,True,13,3,781,0,0,0,0,0,0,13,0,13,0,4,1024
1350,52172,0xCBCC,24,8,0.8,True,True,黑狐面,防具,头部,忍者防具,True,18,4,1042,0,0,0,0,0,0,0,0,0,18,4,1042
1351,24462,0x5F8E,24,8,0.8,True,True,白狐面,防具,头部,忍者防具,True,13,4,1037,0,0,0,0,0,0,0,0,0,13,4,1037
1352,56727,0xDD97,25,36,3.6,True,True,三钴剑前立头盔,防具,头部,武士防具,True,8,4,1032,0,0,0,0,0,0,8,4,1032,0,0,0
1353,42723,0xA6E3,25,33,3.3,True,True,蝾螺形盔,防具,头部,武士防具,True,5,5,1285,0,0,0,0,0,0,5,5,1285,0,0,0
1354,43454,0xA9BE,24,18,1.8,True,True,怨灵面,防具,头部,忍者防具,True,0,5,1280,0,0,0,18,0,18,0,0,0,18,5,1298
1355,35123,0x8933,26,51,5.1,True,True,铁三枚张峰界形盔,防具,头部,武士防具,True,0,0,0,0,0,0,8,5,1288,8,5,1288,0,0,0
1356,54439,0xD4A7,24,18,1.8,True,True,鬼神面,防具,头部,忍者防具,True,0,6,1536,0,0,0,13,0,13,0,0,0,13,6,1549
1357,4341,0x10F5,25,36,3.6,True,True,六字名号头盔,防具,头部,武士防具,True,8,6,1544,0,0,0,0,0,0,8,6,1544,0,0,0
1358,4023,0x0FB7,26,17,1.7,True,True,稿编笠形盔,防具,头部,武士防具,True,18,0,18,0,0,0,0,6,1536,0,6,1536,18,0,18
1359,60752,0xED50,25,56,5.6,True,True,爱字前立头盔,防具,头部,武士防具,True,0,6,1536,0,0,0,18,0,18,18,6,1554,0,0,0
1360,25962,0x656A,25,36,3.6,True,True,改良冠形盔,防具,头部,武士防具,True,8,6,1544,0,0,0,0,0,0,8,7,1800,0,0,0
1361,50203,0xC41B,25,15,1.5,True,True,龙头形盔,防具,头部,武士防具,True,8,7,1800,0,0,0,0,0,0,0,7,1792,8,0,8
1362,16415,0x401F,25,15,1.5,True,True,蜷曲蛇形盔,防具,头部,武士防具,True,5,7,1797,0,0,0,0,0,0,0,7,1792,5,0,5
1363,21652,0x5494,26,51,5.1,True,True,毛虫前立鸟毛胁立头盔,防具,头部,武士防具,True,0,0,0,0,0,0,8,7,1800,8,7,1800,0,0,0
1364,61508,0xF044,25,51,5.1,True,True,富士山形盔,防具,头部,武士防具,True,0,7,1792,0,0,0,8,0,8,8,8,2056,0,0,0
1365,16655,0x410F,25,6,0.6,True,True,修罗护颊,防具,头部,忍者防具,True,5,8,2053,0,0,0,0,0,0,0,8,2048,5,0,5
1366,32835,0x8043,25,15,1.5,True,True,螺形乌帽子,防具,头部,武士防具,True,5,8,2053,0,0,0,0,0,0,0,8,2048,5,0,5
1367,27555,0x6BA3,24,15,1.5,True,True,千千古头盔,防具,头部,武士防具,True,5,7,1797,0,0,0,0,0,0,0,0,0,5,7,1797
1368,30531,0x7743,26,33,3.3,True,True,草薙形盔,防具,头部,武士防具,True,5,0,5,0,0,0,0,7,1792,5,7,1797,0,0,0
1369,48042,0xBBAA,24,16,1.6,True,True,丛云形盔,防具,头部,忍者防具,True,0,7,1792,0,0,0,5,0,5,0,0,0,5,8,2053
1370,55906,0xDA62,1121517593,45,4.5,False,True,丹青双蛇头盔,防具,头部,武士防具,False,0,7,1792,0,0,0,5,0,5,5,8,2053,0,0,0
1371,15717,0x3D65,26,18,1.8,True,True,风神头盔,防具,头部,忍者防具,True,0,0,0,0,0,0,18,8,2066,0,8,2048,18,0,18
1372,19777,0x4D41,25,39,3.9,True,True,雷神头盔,防具,头部,武士防具,True,18,8,2066,0,0,0,0,0,0,18,8,2066,0,0,0
1373,46045,0xB3DD,25,39,3.9,True,True,总黑熊毛植盔,防具,头部,武士防具,True,18,8,2066,0,0,0,0,0,0,18,8,2066,0,0,0
1374,26084,0x65E4,26,51,5.1,True,True,一之谷形盔,防具,头部,武士防具,True,0,0,0,0,0,0,8,8,2056,8,8,2056,0,0,0
1375,2551,0x09F7,25,15,1.5,True,True,神符八日月前立头盔,防具,头部,武士防具,True,8,8,2056,0,0,0,0,0,0,0,8,2048,8,0,8
1376,57300,0xDFD4,25,56,5.6,True,True,日轮前立头盔,防具,头部,武士防具,True,0,8,2048,0,0,0,18,0,18,18,8,2066,0,0,0
1377,21100,0x526C,24,16,1.6,True,True,善擦帽子,防具,头部,忍者防具,True,0,5,1280,0,0,0,5,0,5,0,0,0,5,5,1285
1378,21085,0x525D,24,16,1.6,True,True,善擦帽子,防具,头部,忍者防具,True,0,5,1280,0,0,0,5,0,5,0,0,0,5,5,1285
1379,44124,0xAC5C,24,16,1.6,True,True,善擦帽子,防具,头部,忍者防具,True,0,5,1280,0,0,0,5,0,5,0,0,0,5,5,1285
1380,43978,0xABCA,24,16,1.6,True,True,善擦帽子,防具,头部,忍者防具,True,0,5,1280,0,0,0,5,0,5,0,0,0,5,5,1285
1381,19357,0x4B9D,24,16,1.6,True,True,善擦帽子,防具,头部,忍者防具,True,0,5,1280,0,0,0,5,0,5,0,0,0,5,5,1285
1382,1028,0x0404,24,16,1.6,True,True,善擦帽子,防具,头部,忍者防具,True,0,5,1280,0,0,0,5,0,5,0,0,0,5,5,1285
1383,15950,0x3E4E,24,16,1.6,True,True,善擦帽子,防具,头部,忍者防具,True,0,5,1280,0,0,0,5,0,5,0,0,0,5,5,1285
1384,1477,0x05C5,24,16,1.6,True,True,善擦帽子,防具,头部,忍者防具,True,0,5,1280,0,0,0,5,0,5,0,0,0,5,5,1285
1385,56385,0xDC41,24,16,1.6,True,True,善擦帽子,防具,头部,忍者防具,True,0,5,1280,0,0,0,5,0,5,0,0,0,5,5,1285
1386,7145,0x1BE9,24,16,1.6,True,True,善擦帽子,防具,头部,忍者防具,True,0,5,1280,0,0,0,5,0,5,0,0,0,5,5,1285
1387,21505,0x5401,24,16,1.6,True,True,夜袭护颊,防具,头部,武士防具,True,13,3,781,0,0,0,0,0,0,0,0,0,13,3,781
1388,27184,0x6A30,24,7,0.7,True,True,女面,防具,头部,忍者防具,True,8,2,520,0,0,0,0,0,0,0,0,0,8,2,520
1389,42370,0xA582,24,18,1.8,True,True,怨灵面,防具,头部,忍者防具,True,0,5,1280,0,0,0,18,0,18,0,0,0,18,5,1298
1390,54383,0xD46F,26,45,4.5,True,True,黑漆涂雁金形盔,防具,头部,武士防具,True,0,0,0,0,0,0,5,3,773,5,2,517,0,0,0
1391,53118,0xCF7E,24,7,0.7,True,True,翁面,防具,头部,忍者防具,True,8,3,776,0,0,0,0,0,0,0,0,0,8,3,776
1392,34856,0x8828,24,18,1.8,True,True,鬼神面,防具,头部,忍者防具,True,0,6,1536,0,0,0,13,0,13,0,0,0,13,6,1549
1393,60242,0xEB52,24,17,1.7,True,True,天狗面,防具,头部,忍者防具,True,0,3,768,0,0,0,8,0,8,0,0,0,8,3,776
1394,58964,0xE654,24,17,1.7,True,True,般若面,防具,头部,忍者防具,True,0,3,768,0,0,0,8,0,8,0,0,0,8,3,776
1395,8873,0x22A9,24,38,3.8,True,True,扇前立头盔,防具,头部,武士防具,True,13,3,781,0,0,0,0,0,0,13,0,13,0,4,1024
1396,9569,0x2561,24,8,0.8,True,True,黑狐面,防具,头部,忍者防具,True,18,4,1042,0,0,0,0,0,0,0,0,0,18,4,1042
1397,16580,0x40C4,24,8,0.8,True,True,白狐面,防具,头部,忍者防具,True,13,4,1037,0,0,0,0,0,0,0,0,0,13,4,1037
1398,13547,0x34EB,24,16,1.6,True,True,夜袭护颊,防具,头部,武士防具,True,13,3,781,0,0,0,0,0,0,0,0,0,13,3,781
1399,11160,0x2B98,39,1,0.1,False,True,护身符,饰品,武士饰品,武士饰品,False,0,0,0,0,0,0,0,0,0,0,0,0,0,0,0
1400,31602,0x7B72,39,1,0.1,False,True,扇子,饰品,武士饰品,武士饰品,False,0,0,0,0,0,0,0,0,0,0,0,0,0,0,0
1401,32194,0x7DC2,39,1,0.1,False,True,扇子,饰品,武士饰品,武士饰品,False,0,0,0,0,0,0,0,0,0,0,0,0,0,0,0
1402,38568,0x96A8,39,1,0.1,False,True,扇子,饰品,武士饰品,武士饰品,False,0,0,0,0,0,0,0,0,0,0,0,0,0,0,0
1403,36354,0x8E02,39,1,0.1,False,True,矢立,饰品,武士饰品,武士饰品,False,0,0,0,0,0,0,0,0,0,0,0,0,0,0,0
1404,15155,0x3B33,39,1,0.1,False,True,纱剪,饰品,武士饰品,武士饰品,False,0,0,0,0,0,0,0,0,0,0,0,0,0,0,0
1405,60589,0xECAD,39,1,0.1,False,True,葫芦,饰品,武士饰品,武士饰品,False,0,0,0,0,0,0,0,0,0,0,0,0,0,0,0
1406,49377,0xC0E1,39,1,0.1,False,True,信玄的军扇,饰品,武士饰品,武士饰品,False,0,0,0,0,0,0,0,0,0,0,0,0,0,0,0
1407,23962,0x5D9A,39,1,0.1,False,True,念珠,饰品,武士饰品,武士饰品,False,0,0,0,0,0,0,0,0,0,0,0,0,0,0,0
1408,12730,0x31BA,39,1,0.1,False,True,念珠,饰品,武士饰品,武士饰品,False,0,0,0,0,0,0,0,0,0,0,0,0,0,0,0
1409,52178,0xCBD2,39,1,0.1,False,True,念珠,饰品,武士饰品,武士饰品,False,0,0,0,0,0,0,0,0,0,0,0,0,0,0,0
1410,15935,0x3E3F,39,1,0.1,False,True,龙笛,饰品,武士饰品,武士饰品,False,0,0,0,0,0,0,0,0,0,0,0,0,0,0,0
1411,26616,0x67F8,39,1,0.1,False,True,兄弟护身符,饰品,武士饰品,武士饰品,False,0,0,0,0,0,0,0,0,0,0,0,0,0,0,0
1412,44902,0xAF66,40,1,0.1,False,True,白椿发簪,饰品,武士饰品,武士饰品,False,0,0,0,0,0,0,0,0,0,0,0,0,0,0,0
1413,48630,0xBDF6,39,1,0.1,False,True,蝉折之笛,饰品,武士饰品,武士饰品,False,0,0,0,0,0,0,0,0,0,0,0,0,0,0,0
1414,13462,0x3496,39,1,0.1,False,True,六壬式盘,饰品,武士饰品,武士饰品,False,0,0,0,0,0,0,0,0,0,0,0,0,0,0,0
1415,18390,0x47D6,39,1,0.1,False,True,勾玉,饰品,武士饰品,武士饰品,False,0,0,0,0,0,0,0,0,0,0,0,0,0,0,0
1416,49017,0xBF79,39,1,0.1,False,True,勾玉,饰品,武士饰品,武士饰品,False,0,0,0,0,0,0,0,0,0,0,0,0,0,0,0
1417,26611,0x67F3,39,1,0.1,False,True,勾玉,饰品,武士饰品,武士饰品,False,0,0,0,0,0,0,0,0,0,0,0,0,0,0,0
1418,64970,0xFDCA,39,1,0.1,False,True,国松的砚盒,饰品,武士饰品,武士饰品,False,0,0,0,0,0,0,0,0,0,0,0,0,0,0,0
1419,14912,0x3A40,39,1,0.1,False,True,印笼,饰品,武士饰品,武士饰品,False,0,0,0,0,0,0,0,0,0,0,0,0,0,0,0
1420,31259,0x7A1B,39,1,0.1,False,True,印笼,饰品,武士饰品,武士饰品,False,0,0,0,0,0,0,0,0,0,0,0,0,0,0,0
1421,38821,0x97A5,39,1,0.1,False,True,印笼,饰品,武士饰品,武士饰品,False,0,0,0,0,0,0,0,0,0,0,0,0,0,0,0
1422,35336,0x8A08,39,1,0.1,False,True,烟管,饰品,武士饰品,武士饰品,False,0,0,0,0,0,0,0,0,0,0,0,0,0,0,0
1423,29898,0x74CA,39,1,0.1,False,True,发梳,饰品,武士饰品,武士饰品,False,0,0,0,0,0,0,0,0,0,0,0,0,0,0,0
1424,63605,0xF875,39,1,0.1,False,True,叶二,饰品,武士饰品,武士饰品,False,0,0,0,0,0,0,0,0,0,0,0,0,0,0,0
1425,16176,0x3F30,39,1,0.1,False,True,算盘,饰品,武士饰品,武士饰品,False,0,0,0,0,0,0,0,0,0,0,0,0,0,0,0
1426,35110,0x8926,39,1,0.1,False,True,手镜,饰品,武士饰品,武士饰品,False,0,0,0,0,0,0,0,0,0,0,0,0,0,0,0
1427,38650,0x96FA,39,1,0.1,False,True,进口怀表,饰品,武士饰品,武士饰品,False,0,0,0,0,0,0,0,0,0,0,0,0,0,0,0
1428,53808,0xD230,39,1,0.1,False,True,胧月笛,饰品,武士饰品,武士饰品,False,0,0,0,0,0,0,0,0,0,0,0,0,0,0,0
1429,11566,0x2D2E,39,1,0.1,False,True,柯亭,饰品,武士饰品,武士饰品,False,0,0,0,0,0,0,0,0,0,0,0,0,0,0,0
1430,38055,0x94A7,39,1,0.1,False,True,水龙,饰品,武士饰品,武士饰品,False,0,0,0,0,0,0,0,0,0,0,0,0,0,0,0
1431,23647,0x5C5F,39,1,0.1,False,True,八咫镜,饰品,,武士饰品,False,0,0,0,0,0,0,0,0,0,0,0,0,0,0,0
1432,18823,0x4987,39,1,0.1,False,True,八尺琼勾玉,饰品,武士饰品,武士饰品,False,0,0,0,0,0,0,0,0,0,0,0,0,0,0,0
1433,4250,0x109A,39,1,0.1,False,True,除火护身符,饰品,武士饰品,武士饰品,False,0,0,0,0,0,0,0,0,0,0,0,0,0,0,0
1434,25646,0x642E,39,1,0.1,False,True,除水护身符,饰品,武士饰品,武士饰品,False,0,0,0,0,0,0,0,0,0,0,0,0,0,0,0
1435,49742,0xC24E,39,1,0.1,False,True,除风护身符,饰品,武士饰品,武士饰品,False,0,0,0,0,0,0,0,0,0,0,0,0,0,0,0
1436,52383,0xCC9F,39,1,0.1,False,True,除雷护身符,饰品,武士饰品,武士饰品,False,0,0,0,0,0,0,0,0,0,0,0,0,0,0,0
1437,45938,0xB372,39,1,0.1,False,True,除毒护身符,饰品,武士饰品,武士饰品,False,0,0,0,0,0,0,0,0,0,0,0,0,0,0,0
1438,37687,0x9337,39,1,0.1,False,True,除麻痹护身符,饰品,武士饰品,武士饰品,False,0,0,0,0,0,0,0,0,0,0,0,0,0,0,0
1439,52226,0xCC02,731381799,1,0.1,False,True,木灵吊饰,饰品,武士饰品,武士饰品,False,0,0,0,0,0,0,0,0,0,0,0,0,0,0,0
1440,23285,0x5AF5,731381799,1,0.1,False,True,千千古吊饰,饰品,武士饰品,武士饰品,False,0,0,0,0,0,0,0,0,0,0,0,0,0,0,0
1441,11758,0x2DEE,731381799,1,0.1,False,True,善擦毛球吊饰,饰品,武士饰品,武士饰品,False,0,0,0,0,0,0,0,0,0,0,0,0,0,0,0
1442,49202,0xC032,731381799,1,0.1,False,True,草薙吊饰,饰品,,武士饰品,False,0,0,0,0,0,0,0,0,0,0,0,0,0,0,0
1443,50520,0xC558,731381799,1,0.1,False,True,福狸吊饰,饰品,,武士饰品,False,0,0,0,0,0,0,0,0,0,0,0,0,0,0,0
1444,36120,0x8D18,40,1,0.1,False,True,护身符,饰品,忍者饰品,忍者饰品,False,0,0,0,0,0,0,0,0,0,0,0,0,0,0,0
1445,57696,0xE160,40,1,0.1,False,True,扇子,饰品,忍者饰品,忍者饰品,False,0,0,0,0,0,0,0,0,0,0,0,0,0,0,0
1446,64073,0xFA49,40,1,0.1,False,True,扇子,饰品,忍者饰品,忍者饰品,False,0,0,0,0,0,0,0,0,0,0,0,0,0,0,0
1447,27598,0x6BCE,40,1,0.1,False,True,扇子,饰品,忍者饰品,忍者饰品,False,0,0,0,0,0,0,0,0,0,0,0,0,0,0,0
1448,22723,0x58C3,40,1,0.1,False,True,矢立,饰品,忍者饰品,忍者饰品,False,0,0,0,0,0,0,0,0,0,0,0,0,0,0,0
1449,43480,0xA9D8,40,1,0.1,False,True,弘法大师的念珠,饰品,忍者饰品,忍者饰品,False,0,0,0,0,0,0,0,0,0,0,0,0,0,0,0
1450,11725,0x2DCD,40,1,0.1,False,True,纱剪,饰品,忍者饰品,忍者饰品,False,0,0,0,0,0,0,0,0,0,0,0,0,0,0,0
1451,28350,0x6EBE,40,1,0.1,False,True,葫芦,饰品,忍者饰品,忍者饰品,False,0,0,0,0,0,0,0,0,0,0,0,0,0,0,0
1452,8912,0x22D0,40,1,0.1,False,True,念珠,饰品,忍者饰品,忍者饰品,False,0,0,0,0,0,0,0,0,0,0,0,0,0,0,0
1453,30548,0x7754,40,1,0.1,False,True,念珠,饰品,忍者饰品,忍者饰品,False,0,0,0,0,0,0,0,0,0,0,0,0,0,0,0
1454,49940,0xC314,40,1,0.1,False,True,念珠,饰品,忍者饰品,忍者饰品,False,0,0,0,0,0,0,0,0,0,0,0,0,0,0,0
1455,41285,0xA145,40,1,0.1,False,True,龙笛,饰品,忍者饰品,忍者饰品,False,0,0,0,0,0,0,0,0,0,0,0,0,0,0,0
1456,54192,0xD3B0,40,1,0.1,False,True,兄弟护身符,饰品,忍者饰品,忍者饰品,False,0,0,0,0,0,0,0,0,0,0,0,0,0,0,0
1457,14299,0x37DB,40,1,0.1,False,True,白椿发簪,饰品,忍者饰品,忍者饰品,False,0,0,0,0,0,0,0,0,0,0,0,0,0,0,0
1458,61885,0xF1BD,40,1,0.1,False,True,蝉折之笛,饰品,忍者饰品,忍者饰品,False,0,0,0,0,0,0,0,0,0,0,0,0,0,0,0
1459,63895,0xF997,40,1,0.1,False,True,六壬式盘,饰品,忍者饰品,忍者饰品,False,0,0,0,0,0,0,0,0,0,0,0,0,0,0,0
1460,26687,0x683F,40,1,0.1,False,True,勾玉,饰品,忍者饰品,忍者饰品,False,0,0,0,0,0,0,0,0,0,0,0,0,0,0,0
1461,37363,0x91F3,40,1,0.1,False,True,勾玉,饰品,忍者饰品,忍者饰品,False,0,0,0,0,0,0,0,0,0,0,0,0,0,0,0
1462,58896,0xE610,40,1,0.1,False,True,勾玉,饰品,忍者饰品,忍者饰品,False,0,0,0,0,0,0,0,0,0,0,0,0,0,0,0
1463,35874,0x8C22,40,1,0.1,False,True,日巫女首饰,饰品,忍者饰品,忍者饰品,False,0,0,0,0,0,0,0,0,0,0,0,0,0,0,0
1464,62907,0xF5BB,40,1,0.1,False,True,凶王耳饰,饰品,忍者饰品,忍者饰品,False,0,0,0,0,0,0,0,0,0,0,0,0,0,0,0
1465,50991,0xC72F,40,1,0.1,False,True,印笼,饰品,忍者饰品,忍者饰品,False,0,0,0,0,0,0,0,0,0,0,0,0,0,0,0
1466,52278,0xCC36,40,1,0.1,False,True,印笼,饰品,忍者饰品,忍者饰品,False,0,0,0,0,0,0,0,0,0,0,0,0,0,0,0
1467,25282,0x62C2,40,1,0.1,False,True,印笼,饰品,忍者饰品,忍者饰品,False,0,0,0,0,0,0,0,0,0,0,0,0,0,0,0
1468,44784,0xAEF0,40,1,0.1,False,True,烟管,饰品,忍者饰品,忍者饰品,False,0,0,0,0,0,0,0,0,0,0,0,0,0,0,0
1469,34119,0x8547,40,1,0.1,False,True,发梳,饰品,忍者饰品,忍者饰品,False,0,0,0,0,0,0,0,0,0,0,0,0,0,0,0
1470,28735,0x703F,40,1,0.1,False,True,叶二,饰品,忍者饰品,忍者饰品,False,0,0,0,0,0,0,0,0,0,0,0,0,0,0,0
1471,59413,0xE815,40,1,0.1,False,True,算盘,饰品,忍者饰品,忍者饰品,False,0,0,0,0,0,0,0,0,0,0,0,0,0,0,0
1472,9481,0x2509,40,1,0.1,False,True,手镜,饰品,忍者饰品,忍者饰品,False,0,0,0,0,0,0,0,0,0,0,0,0,0,0,0
1473,2730,0x0AAA,40,1,0.1,False,True,胧月笛,饰品,忍者饰品,忍者饰品,False,0,0,0,0,0,0,0,0,0,0,0,0,0,0,0
1474,64488,0xFBE8,40,1,0.1,False,True,柯亭,饰品,忍者饰品,忍者饰品,False,0,0,0,0,0,0,0,0,0,0,0,0,0,0,0
1475,7789,0x1E6D,40,1,0.1,False,True,水龙,饰品,忍者饰品,忍者饰品,False,0,0,0,0,0,0,0,0,0,0,0,0,0,0,0
1476,5409,0x1521,40,1,0.1,False,True,八咫镜,饰品,,忍者饰品,False,0,0,0,0,0,0,0,0,0,0,0,0,0,0,0
1477,41054,0xA05E,40,1,0.1,False,True,八尺琼勾玉,饰品,忍者饰品,忍者饰品,False,0,0,0,0,0,0,0,0,0,0,0,0,0,0,0
1478,31439,0x7ACF,40,1,0.1,False,True,除火护身符,饰品,忍者饰品,忍者饰品,False,0,0,0,0,0,0,0,0,0,0,0,0,0,0,0
1479,6906,0x1AFA,40,1,0.1,False,True,除水护身符,饰品,忍者饰品,忍者饰品,False,0,0,0,0,0,0,0,0,0,0,0,0,0,0,0
1480,54852,0xD644,40,1,0.1,False,True,除风护身符,饰品,忍者饰品,忍者饰品,False,0,0,0,0,0,0,0,0,0,0,0,0,0,0,0
1481,1642,0x066A,40,1,0.1,False,True,除雷护身符,饰品,忍者饰品,忍者饰品,False,0,0,0,0,0,0,0,0,0,0,0,0,0,0,0
1482,9302,0x2456,40,1,0.1,False,True,除毒护身符,饰品,忍者饰品,忍者饰品,False,0,0,0,0,0,0,0,0,0,0,0,0,0,0,0
1483,60981,0xEE35,40,1,0.1,False,True,除麻痹护身符,饰品,忍者饰品,忍者饰品,False,0,0,0,0,0,0,0,0,0,0,0,0,0,0,0
1484,2169,0x0879,2367160360,1,0.1,False,True,木灵吊饰,饰品,忍者饰品,忍者饰品,False,0,0,0,0,0,0,0,0,0,0,0,0,0,0,0
1485,24535,0x5FD7,2367160360,1,0.1,False,True,千千古吊饰,饰品,忍者饰品,忍者饰品,False,0,0,0,0,0,0,0,0,0,0,0,0,0,0,0
1486,59753,0xE969,2367160360,1,0.1,False,True,善擦毛球吊饰,饰品,忍者饰品,忍者饰品,False,0,0,0,0,0,0,0,0,0,0,0,0,0,0,0
1487,8453,0x2105,2367160360,1,0.1,False,True,草薙吊饰,饰品,,忍者饰品,False,0,0,0,0,0,0,0,0,0,0,0,0,0,0,0
1488,20376,0x4F98,2367160360,1,0.1,False,True,福狸吊饰,饰品,,忍者饰品,False,0,0,0,0,0,0,0,0,0,0,0,0,0,0,0
1489,4478,0x117E,40,1,0.1,False,True,,防具,,忍者防具,False,0,0,0,0,0,0,0,0,0,0,0,0,0,0,0
1490,16785,0x4191,40,1,0.1,False,True,,防具,,忍者防具,False,0,0,0,0,0,0,0,0,0,0,0,0,0,0,0
1491,54472,0xD4C8,40,1,0.1,False,True,魂核箱,饰品,,通用饰品,False,0,0,0,0,0,0,0,0,0,0,0,0,0,0,0
1492,6632,0x19E8,40,1,0.1,False,True,利家的算盘,防具或饰品,,装备,False,0,0,0,0,0,0,0,0,0,0,0,0,0,0,0
1493,15146,0x3B2A,40,1,0.1,False,True,藤吉郎的葫芦,饰品,,通用饰品,False,0,0,0,0,0,0,0,0,0,0,0,0,0,0,0
1494,10973,0x2ADD,39,1,0.1,False,True,酒吞童子的葫芦,饰品,,通用饰品,False,0,0,0,0,0,0,0,0,0,0,0,0,0,0,0
1495,59919,0xEA0F,39,1,0.1,False,True,肩背皮带,饰品,,通用饰品,False,0,0,0,0,0,0,0,0,0,0,0,0,0,0,0
1496,15004,0x3A9C,39,1,0.1,False,True,木灵吊饰,饰品,,通用饰品,False,0,0,0,0,0,0,0,0,0,0,0,0,0,0,0
1497,57123,0xDF23,39,1,0.1,False,True,魑魅吊饰,饰品,,通用饰品,False,0,0,0,0,0,0,0,0,0,0,0,0,0,0,0
1498,17767,0x4567,39,1,0.1,False,True,松平信纲的军扇,饰品,武士饰品,武士饰品,False,0,0,0,0,0,0,0,0,0,0,0,0,0,0,0
1499,58086,0xE2E6,39,1,0.1,False,True,副将军的印笼,饰品,武士饰品,武士饰品,False,0,0,0,0,0,0,0,0,0,0,0,0,0,0,0
1500,62899,0xF5B3,39,1,0.1,False,True,一玄居士的烟管,饰品,武士饰品,武士饰品,False,0,0,0,0,0,0,0,0,0,0,0,0,0,0,0
1501,1511,0x05E7,0,0,0.0,False,True,仙药,道具,,可使用道具,False,0,0,0,0,0,0,0,0,0,0,0,0,0,0,0
1502,48110,0xBBEE,0,0,0.0,False,False,,,,,False,0,0,0,0,0,0,0,0,0,0,0,0,0,0,0
1503,40112,0x9CB0,0,0,0.0,False,True,养身丹,道具,,可使用道具,False,0,0,0,0,0,0,0,0,0,0,0,0,0,0,0
1504,26036,0x65B4,0,0,0.0,False,True,丰身丹,道具,,可使用道具,False,0,0,0,0,0,0,0,0,0,0,0,0,0,0,0
1505,5073,0x13D1,0,0,0.0,False,False,,,,,False,0,0,0,0,0,0,0,0,0,0,0,0,0,0,0
1506,9221,0x2405,0,0,0.0,False,True,灵命丹,道具,,可使用道具,False,0,0,0,0,0,0,0,0,0,0,0,0,0,0,0
1507,63105,0xF681,0,0,0.0,False,True,神曲,道具,,可使用道具,False,0,0,0,0,0,0,0,0,0,0,0,0,0,0,0
1508,25876,0x6514,0,0,0.0,False,True,解毒药,道具,,可使用道具,False,0,0,0,0,0,0,0,0,0,0,0,0,0,0,0
1509,38572,0x96AC,0,0,0.0,False,True,扫毒丹,道具,,忍术或阴阳术道具,False,0,0,0,0,0,0,0,0,0,0,0,0,0,0,0
1510,28419,0x6F03,0,0,0.0,False,True,扫毒符,道具,,忍术或阴阳术道具,False,0,0,0,0,0,0,0,0,0,0,0,0,0,0,0
1511,64110,0xFA6E,0,0,0.0,False,True,解麻针,道具,,可使用道具,False,0,0,0,0,0,0,0,0,0,0,0,0,0,0,0
1512,38153,0x9509,0,0,0.0,False,True,香木原木,道具,,可使用道具,False,0,0,0,0,0,0,0,0,0,0,0,0,0,0,0
1513,25462,0x6376,0,0,0.0,False,True,紫金丸,道具,,忍术或阴阳术道具,False,0,0,0,0,0,0,0,0,0,0,0,0,0,0,0
1514,12334,0x302E,0,0,0.0,False,True,扫痹符,道具,,忍术或阴阳术道具,False,0,0,0,0,0,0,0,0,0,0,0,0,0,0,0
1515,19814,0x4D66,0,0,0.0,False,True,御火护符,道具,,可使用道具,False,0,0,0,0,0,0,0,0,0,0,0,0,0,0,0
1516,26092,0x65EC,0,0,0.0,False,True,御水护符,道具,,可使用道具,False,0,0,0,0,0,0,0,0,0,0,0,0,0,0,0
1517,52316,0xCC5C,0,0,0.0,False,True,御雷护符,道具,,可使用道具,False,0,0,0,0,0,0,0,0,0,0,0,0,0,0,0
1518,35674,0x8B5A,0,0,0.0,False,True,御风护符,道具,,可使用道具,False,0,0,0,0,0,0,0,0,0,0,0,0,0,0,0
1519,20002,0x4E22,0,0,0.0,False,True,太阴神之酒,道具,,可使用道具,False,0,0,0,0,0,0,0,0,0,0,0,0,0,0,0
1520,64634,0xFC7A,0,0,0.0,False,True,护摩之灰,道具,,可使用道具,False,0,0,0,0,0,0,0,0,0,0,0,0,0,0,0
1521,53913,0xD299,0,0,0.0,False,True,毒刃涂剂,道具,,可使用道具,False,0,0,0,0,0,0,0,0,0,0,0,0,0,0,0
1522,26914,0x6922,0,0,0.0,False,True,麻痹刃涂剂,道具,,可使用道具,False,0,0,0,0,0,0,0,0,0,0,0,0,0,0,0
1523,27102,0x69DE,0,0,0.0,False,True,毒烟雾弹,道具,,可使用道具,False,0,0,0,0,0,0,0,0,0,0,0,0,0,0,0
1524,19816,0x4D68,0,0,0.0,False,True,麻痹烟雾弹,道具,,可使用道具,False,0,0,0,0,0,0,0,0,0,0,0,0,0,0,0
1525,8312,0x2078,0,0,0.0,False,True,箭矢毒药,道具,,可使用道具,False,0,0,0,0,0,0,0,0,0,0,0,0,0,0,0
1526,32736,0x7FE0,0,0,0.0,False,True,箭矢麻痹药,道具,,可使用道具,False,0,0,0,0,0,0,0,0,0,0,0,0,0,0,0
1527,59695,0xE92F,0,0,0.0,False,True,箭矢火药,道具,,可使用道具,False,0,0,0,0,0,0,0,0,0,0,0,0,0,0,0
1528,52290,0xCC42,0,0,0.0,False,True,刚力丹,道具,,可使用道具,False,0,0,0,0,0,0,0,0,0,0,0,0,0,0,0
1529,23121,0x5A51,0,0,0.0,False,True,烟雾弹,道具,,可使用道具,False,0,0,0,0,0,0,0,0,0,0,0,0,0,0,0
1530,24283,0x5EDB,0,0,0.0,False,True,虎驱术护符,道具,,可使用道具,False,0,0,0,0,0,0,0,0,0,0,0,0,0,0,0
1531,12953,0x3299,0,0,0.0,False,True,金刚丹,道具,,可使用道具,False,0,0,0,0,0,0,0,0,0,0,0,0,0,0,0
1532,58538,0xE4AA,0,0,0.0,False,True,开运护符,道具,,可使用道具,False,0,0,0,0,0,0,0,0,0,0,0,0,0,0,0
1533,22012,0x55FC,0,0,0.0,False,False,,,,,False,0,0,0,0,0,0,0,0,0,0,0,0,0,0,0
1534,2963,0x0B93,0,0,0.0,False,True,用刀好手的遗发,道具,,可使用道具,False,0,0,0,0,0,0,0,0,0,0,0,0,0,0,0
1535,54637,0xD56D,0,0,0.0,False,True,双刀手的遗发,道具,,可使用道具,False,0,0,0,0,0,0,0,0,0,0,0,0,0,0,0
1536,10190,0x27CE,0,0,0.0,False,True,长枪手的遗发,道具,,可使用道具,False,0,0,0,0,0,0,0,0,0,0,0,0,0,0,0
1537,53337,0xD059,0,0,0.0,False,True,斧头手的遗发,道具,,可使用道具,False,0,0,0,0,0,0,0,0,0,0,0,0,0,0,0
1538,59384,0xE7F8,0,0,0.0,False,True,锁镰手的遗发,道具,,可使用道具,False,0,0,0,0,0,0,0,0,0,0,0,0,0,0,0
1539,40057,0x9C79,0,0,0.0,False,True,大太刀手的遗发,道具,,可使用道具,False,0,0,0,0,0,0,0,0,0,0,0,0,0,0,0
1540,18160,0x46F0,0,0,0.0,False,True,旋棍好手的遗发,道具,,可使用道具,False,0,0,0,0,0,0,0,0,0,0,0,0,0,0,0
1541,4539,0x11BB,0,0,0.0,False,True,手斧好手的遗发,道具,,可使用道具,False,0,0,0,0,0,0,0,0,0,0,0,0,0,0,0
1542,8463,0x210F,0,0,0.0,False,True,薙刀镰好手的遗发,道具,,可使用道具,False,0,0,0,0,0,0,0,0,0,0,0,0,0,0,0
1543,60926,0xEDFE,0,0,0.0,False,True,机关棍好手的遗发,道具,,可使用道具,False,0,0,0,0,0,0,0,0,0,0,0,0,0,0,0
1544,33912,0x8478,0,0,0.0,False,True,手甲好手的遗发,道具,,可使用道具,False,0,0,0,0,0,0,0,0,0,0,0,0,0,0,0
1545,37212,0x915C,0,0,0.0,False,True,忍者的遗发,道具,,可使用道具,False,0,0,0,0,0,0,0,0,0,0,0,0,0,0,0
1546,40883,0x9FB3,0,0,0.0,False,True,阴阳师的遗发,道具,,可使用道具,False,0,0,0,0,0,0,0,0,0,0,0,0,0,0,0
1547,33613,0x834D,0,0,0.0,False,True,武人传书,重要物品,,任务或关键物品,False,0,0,0,0,0,0,0,0,0,0,0,0,0,0,0
1548,31696,0x7BD0,0,0,0.0,False,True,武士传书,重要物品,,任务或关键物品,False,0,0,0,0,0,0,0,0,0,0,0,0,0,0,0
1549,55549,0xD8FD,0,0,0.0,False,True,忍者传书,重要物品,,任务或关键物品,False,0,0,0,0,0,0,0,0,0,0,0,0,0,0,0
1550,27752,0x6C68,0,0,0.0,False,True,武人手记,重要物品,,任务或关键物品,False,0,0,0,0,0,0,0,0,0,0,0,0,0,0,0
1551,4925,0x133D,0,0,0.0,False,True,武士手记,重要物品,,任务或关键物品,False,0,0,0,0,0,0,0,0,0,0,0,0,0,0,0
1552,27854,0x6CCE,0,0,0.0,False,True,忍者手记,重要物品,,任务或关键物品,False,0,0,0,0,0,0,0,0,0,0,0,0,0,0,0
1553,22393,0x5779,0,0,0.0,False,True,武士的遗发,重要物品,,任务或关键物品,False,0,0,0,0,0,0,0,0,0,0,0,0,0,0,0
1554,44459,0xADAB,0,0,0.0,False,True,忍者的遗发,重要物品,,任务或关键物品,False,0,0,0,0,0,0,0,0,0,0,0,0,0,0,0
1555,1434,0x059A,0,0,0.0,False,True,鬼灯果,道具,,可使用道具,False,0,0,0,0,0,0,0,0,0,0,0,0,0,0,0
1556,37248,0x9180,0,0,0.0,False,True,一朵彼岸花,道具,,可使用道具,False,0,0,0,0,0,0,0,0,0,0,0,0,0,0,0
1557,25942,0x6556,0,0,0.0,False,True,小灵石,道具,,可使用道具,False,0,0,0,0,0,0,0,0,0,0,0,0,0,0,0
1558,29359,0x72AF,0,0,0.0,False,True,灵石,道具,,可使用道具,False,0,0,0,0,0,0,0,0,0,0,0,0,0,0,0
1559,57386,0xE02A,0,0,0.0,False,True,大灵石,道具,,可使用道具,False,0,0,0,0,0,0,0,0,0,0,0,0,0,0,0
1560,18125,0x46CD,0,0,0.0,False,True,小辉灵石,道具,,可使用道具,False,0,0,0,0,0,0,0,0,0,0,0,0,0,0,0
1561,46483,0xB593,0,0,0.0,False,True,辉灵石,道具,,可使用道具,False,0,0,0,0,0,0,0,0,0,0,0,0,0,0,0
1562,29097,0x71A9,0,0,0.0,False,True,大辉灵石,道具,,可使用道具,False,0,0,0,0,0,0,0,0,0,0,0,0,0,0,0
1563,21475,0x53E3,0,0,0.0,False,True,小炽灵石,道具,,可使用道具,False,0,0,0,0,0,0,0,0,0,0,0,0,0,0,0
1564,55832,0xDA18,0,0,0.0,False,True,炽灵石,道具,,可使用道具,False,0,0,0,0,0,0,0,0,0,0,0,0,0,0,0
1565,28812,0x708C,0,0,0.0,False,True,大炽灵石,道具,,可使用道具,False,0,0,0,0,0,0,0,0,0,0,0,0,0,0,0
1566,8628,0x21B4,0,0,0.0,False,True,小秘灵石,道具,,可使用道具,False,0,0,0,0,0,0,0,0,0,0,0,0,0,0,0
1567,57695,0xE15F,0,0,0.0,False,True,秘灵石,道具,,可使用道具,False,0,0,0,0,0,0,0,0,0,0,0,0,0,0,0
1568,39107,0x98C3,0,0,0.0,False,True,大秘灵石,道具,,可使用道具,False,0,0,0,0,0,0,0,0,0,0,0,0,0,0,0
1569,16063,0x3EBF,0,0,0.0,False,True,小髓灵石,道具,,可使用道具,False,0,0,0,0,0,0,0,0,0,0,0,0,0,0,0
1570,55526,0xD8E6,0,0,0.0,False,True,髓灵石,道具,,可使用道具,False,0,0,0,0,0,0,0,0,0,0,0,0,0,0,0
1571,38424,0x9618,0,0,0.0,False,True,大髓灵石,道具,,可使用道具,False,0,0,0,0,0,0,0,0,0,0,0,0,0,0,0
1572,11033,0x2B19,0,0,0.0,False,True,小神灵石,道具,,可使用道具,False,0,0,0,0,0,0,0,0,0,0,0,0,0,0,0
1573,46827,0xB6EB,0,0,0.0,False,True,神灵石,道具,,可使用道具,False,0,0,0,0,0,0,0,0,0,0,0,0,0,0,0
1574,8986,0x231A,0,0,0.0,False,True,大神灵石,道具,,可使用道具,False,0,0,0,0,0,0,0,0,0,0,0,0,0,0,0
1575,57165,0xDF4D,0,0,0.0,False,True,灵银地金,重要物品,,任务或关键物品,False,0,0,0,0,0,0,0,0,0,0,0,0,0,0,0
1576,6315,0x18AB,0,0,0.0,False,False,,,,,False,0,0,0,0,0,0,0,0,0,0,0,0,0,0,0
1577,53832,0xD248,0,0,0.0,False,False,,,,,False,0,0,0,0,0,0,0,0,0,0,0,0,0,0,0
1578,25790,0x64BE,0,0,0.0,False,False,,,,,False,0,0,0,0,0,0,0,0,0,0,0,0,0,0,0
1579,40669,0x9EDD,0,0,0.0,False,True,磨刀石,道具,,可使用道具,False,0,0,0,0,0,0,0,0,0,0,0,0,0,0,0
1580,35928,0x8C58,0,0,0.0,False,True,黏胶,道具,,可使用道具,False,0,0,0,0,0,0,0,0,0,0,0,0,0,0,0
1581,41000,0xA028,0,0,0.0,False,True,百夜香,道具,,可使用道具,False,0,0,0,0,0,0,0,0,0,0,0,0,0,0,0
1582,49143,0xBFF7,0,0,0.0,False,True,忍者工具箱,道具,,可使用道具,False,0,0,0,0,0,0,0,0,0,0,0,0,0,0,0
1583,32418,0x7EA2,0,0,0.0,False,True,净化过的笔,道具,,可使用道具,False,0,0,0,0,0,0,0,0,0,0,0,0,0,0,0
1584,22637,0x586D,0,0,0.0,False,True,岁杀神之酒,道具,,可使用道具,False,0,0,0,0,0,0,0,0,0,0,0,0,0,0,0
1585,14875,0x3A1B,0,0,0.0,False,True,打磨粉,道具,,可使用道具,False,0,0,0,0,0,0,0,0,0,0,0,0,0,0,0
1586,14378,0x382A,0,0,0.0,False,True,御神水,道具,,可使用道具,False,0,0,0,0,0,0,0,0,0,0,0,0,0,0,0
1587,34000,0x84D0,0,0,0.0,False,True,稀人转移符,道具,,可使用道具,False,0,0,0,0,0,0,0,0,0,0,0,0,0,0,0
1588,14901,0x3A35,0,0,0.0,False,True,路标符,道具,,可使用道具,False,0,0,0,0,0,0,0,0,0,0,0,0,0,0,0
1589,63430,0xF7C6,0,0,0.0,False,True,妖香,道具,,可使用道具,False,0,0,0,0,0,0,0,0,0,0,0,0,0,0,0
1590,5551,0x15AF,0,0,0.0,False,True,守护灵呼唤符,道具,,可使用道具,False,0,0,0,0,0,0,0,0,0,0,0,0,0,0,0
1591,59347,0xE7D3,0,0,0.0,False,True,粪球,道具,,可使用道具,False,0,0,0,0,0,0,0,0,0,0,0,0,0,0,0
1592,24141,0x5E4D,0,0,0.0,False,True,高贵粪球,道具,,可使用道具,False,0,0,0,0,0,0,0,0,0,0,0,0,0,0,0
1593,58243,0xE383,0,0,0.0,False,True,黏液罐,道具,,可使用道具,False,0,0,0,0,0,0,0,0,0,0,0,0,0,0,0
1594,35393,0x8A41,0,0,0.0,False,True,盐,道具,,可使用道具,False,0,0,0,0,0,0,0,0,0,0,0,0,0,0,0
1595,8854,0x2296,0,0,0.0,False,True,黄泉水罐,道具,,可使用道具,False,0,0,0,0,0,0,0,0,0,0,0,0,0,0,0
1596,9391,0x24AF,0,0,0.0,False,True,火男面具,道具,,可使用道具,False,0,0,0,0,0,0,0,0,0,0,0,0,0,0,0
1597,28053,0x6D95,0,0,0.0,False,True,寄宿木灵之碗,道具,,可使用道具,False,0,0,0,0,0,0,0,0,0,0,0,0,0,0,0
1598,38154,0x950A,0,0,0.0,False,True,召唤土铃,道具,,可使用道具,False,0,0,0,0,0,0,0,0,0,0,0,0,0,0,0
1599,18370,0x47C2,0,0,0.0,False,True,肉瘤怪的肉干,道具,,可使用道具,False,0,0,0,0,0,0,0,0,0,0,0,0,0,0,0
1600,36280,0x8DB8,0,0,0.0,False,False,,,,,False,0,0,0,0,0,0,0,0,0,0,0,0,0,0,0
1601,24693,0x6075,0,0,0.0,False,True,焚火油壶,道具,,可使用道具,False,0,0,0,0,0,0,0,0,0,0,0,0,0,0,0
1602,9807,0x264F,0,0,0.0,False,True,天狗团扇,道具,,可使用道具,False,0,0,0,0,0,0,0,0,0,0,0,0,0,0,0
1603,38567,0x96A7,0,0,0.0,False,True,御箭护符,道具,,可使用道具,False,0,0,0,0,0,0,0,0,0,0,0,0,0,0,0
1604,28640,0x6FE0,0,0,0.0,False,True,同伴护符,道具,,可使用道具,False,0,0,0,0,0,0,0,0,0,0,0,0,0,0,0
1605,25029,0x61C5,0,0,0.0,False,True,回顾之沙,道具,,可使用道具,False,0,0,0,0,0,0,0,0,0,0,0,0,0,0,0
1606,33909,0x8475,0,0,0.0,False,True,阴气赤沙,道具,,可使用道具,False,0,0,0,0,0,0,0,0,0,0,0,0,0,0,0
1607,5390,0x150E,0,0,0.0,False,True,禁火晴明符,重要物品,,任务或关键物品,False,0,0,0,0,0,0,0,0,0,0,0,0,0,0,0
1608,33638,0x8366,0,0,0.0,False,True,禁水晴明符,重要物品,,任务或关键物品,False,0,0,0,0,0,0,0,0,0,0,0,0,0,0,0
1609,20179,0x4ED3,0,0,0.0,False,True,禁雷晴明符,重要物品,,任务或关键物品,False,0,0,0,0,0,0,0,0,0,0,0,0,0,0,0
1610,6358,0x18D6,0,0,0.0,False,False,,,,,False,0,0,0,0,0,0,0,0,0,0,0,0,0,0,0
1611,58948,0xE644,0,0,0.0,False,True,活魂石,道具,,可使用道具,False,0,0,0,0,0,0,0,0,0,0,0,0,0,0,0
1612,60208,0xEB30,0,0,0.0,False,True,污泥壶,道具,,可使用道具,False,0,0,0,0,0,0,0,0,0,0,0,0,0,0,0
1613,49183,0xC01F,0,0,0.0,False,False,,,,,False,0,0,0,0,0,0,0,0,0,0,0,0,0,0,0
1614,62446,0xF3EE,0,0,0.0,False,True,箭,道具,,弹药,False,0,0,0,0,0,0,0,0,0,0,0,0,0,0,0
1615,58799,0xE5AF,0,0,0.0,False,True,破魔矢,道具,,弹药,False,0,0,0,0,0,0,0,0,0,0,0,0,0,0,0
1616,42763,0xA70B,0,0,0.0,False,True,火箭,道具,,弹药,False,0,0,0,0,0,0,0,0,0,0,0,0,0,0,0
1617,31183,0x79CF,0,0,0.0,False,True,枪弹,道具,,弹药,False,0,0,0,0,0,0,0,0,0,0,0,0,0,0,0
1618,45488,0xB1B0,0,0,0.0,False,True,轰音枪弹,道具,,弹药,False,0,0,0,0,0,0,0,0,0,0,0,0,0,0,0
1619,40355,0x9DA3,0,0,0.0,False,True,炮弹,道具,,弹药,False,0,0,0,0,0,0,0,0,0,0,0,0,0,0,0
1620,52937,0xCEC9,0,0,0.0,False,True,炸裂炮弹,道具,,弹药,False,0,0,0,0,0,0,0,0,0,0,0,0,0,0,0
1621,19551,0x4C5F,0,0,0.0,False,True,石块,道具,,可使用道具,False,0,0,0,0,0,0,0,0,0,0,0,0,0,0,0
1622,53405,0xD09D,0,0,0.0,False,True,手里剑,道具,,忍术或阴阳术道具,False,0,0,0,0,0,0,0,0,0,0,0,0,0,0,0
1623,48412,0xBD1C,0,0,0.0,False,True,毒手里剑,道具,,忍术或阴阳术道具,False,0,0,0,0,0,0,0,0,0,0,0,0,0,0,0
1624,15221,0x3B75,0,0,0.0,False,True,麻痹手里剑,道具,,忍术或阴阳术道具,False,0,0,0,0,0,0,0,0,0,0,0,0,0,0,0
1625,58708,0xE554,0,0,0.0,False,True,苦无,道具,,忍术或阴阳术道具,False,0,0,0,0,0,0,0,0,0,0,0,0,0,0,0
1626,43285,0xA915,0,0,0.0,False,True,火药镖,道具,,忍术或阴阳术道具,False,0,0,0,0,0,0,0,0,0,0,0,0,0,0,0
1627,35098,0x891A,0,0,0.0,False,True,火药弹,道具,,可使用道具,False,0,0,0,0,0,0,0,0,0,0,0,0,0,0,0
1628,6054,0x17A6,0,0,0.0,False,True,伊贺流火药弹,道具,,忍术或阴阳术道具,False,0,0,0,0,0,0,0,0,0,0,0,0,0,0,0
1629,53411,0xD0A3,0,0,0.0,False,True,焙烙弹,道具,,可使用道具,False,0,0,0,0,0,0,0,0,0,0,0,0,0,0,0
1630,42943,0xA7BF,0,0,0.0,False,True,伊贺流焙烙弹,道具,,忍术或阴阳术道具,False,0,0,0,0,0,0,0,0,0,0,0,0,0,0,0
1631,35694,0x8B6E,0,0,0.0,False,True,伊贺流大焙烙弹,道具,,忍术或阴阳术道具,False,0,0,0,0,0,0,0,0,0,0,0,0,0,0,0
1632,21937,0x55B1,0,0,0.0,False,True,撒菱,道具,,忍术或阴阳术道具,False,0,0,0,0,0,0,0,0,0,0,0,0,0,0,0
1633,34626,0x8742,0,0,0.0,False,True,撒菱弹,道具,,忍术或阴阳术道具,False,0,0,0,0,0,0,0,0,0,0,0,0,0,0,0
1634,29082,0x719A,0,0,0.0,False,True,地胆粉,道具,,忍术或阴阳术道具,False,0,0,0,0,0,0,0,0,0,0,0,0,0,0,0
1635,42303,0xA53F,0,0,0.0,False,True,水母粉,道具,,忍术或阴阳术道具,False,0,0,0,0,0,0,0,0,0,0,0,0,0,0,0
1636,57902,0xE22E,0,0,0.0,False,True,盲目弹,道具,,忍术或阴阳术道具,False,0,0,0,0,0,0,0,0,0,0,0,0,0,0,0
1637,37728,0x9360,0,0,0.0,False,True,烟雾弹,道具,,忍术或阴阳术道具,False,0,0,0,0,0,0,0,0,0,0,0,0,0,0,0
1638,30667,0x77CB,0,0,0.0,False,True,火药弹（忍术）,内部或占位,,未确认,False,0,0,0,0,0,0,0,0,0,0,0,0,0,0,0
1639,21253,0x5305,0,0,0.0,False,True,焙烙弹（忍术）,内部或占位,,未确认,False,0,0,0,0,0,0,0,0,0,0,0,0,0,0,0
1640,55312,0xD810,0,0,0.0,False,True,召火符,道具,,忍术或阴阳术道具,False,0,0,0,0,0,0,0,0,0,0,0,0,0,0,0
1641,62593,0xF481,0,0,0.0,False,True,缠火护符,道具,,可使用道具,False,0,0,0,0,0,0,0,0,0,0,0,0,0,0,0
1642,52163,0xCBC3,0,0,0.0,False,True,召水符,道具,,忍术或阴阳术道具,False,0,0,0,0,0,0,0,0,0,0,0,0,0,0,0
1643,12366,0x304E,0,0,0.0,False,True,缠水护符,道具,,可使用道具,False,0,0,0,0,0,0,0,0,0,0,0,0,0,0,0
1644,62544,0xF450,0,0,0.0,False,True,召雷符,道具,,忍术或阴阳术道具,False,0,0,0,0,0,0,0,0,0,0,0,0,0,0,0
1645,50057,0xC389,0,0,0.0,False,True,缠雷护符,道具,,可使用道具,False,0,0,0,0,0,0,0,0,0,0,0,0,0,0,0
1646,62314,0xF36A,0,0,0.0,False,True,召风符,道具,,忍术或阴阳术道具,False,0,0,0,0,0,0,0,0,0,0,0,0,0,0,0
1647,29372,0x72BC,0,0,0.0,False,True,缠风护符,道具,,可使用道具,False,0,0,0,0,0,0,0,0,0,0,0,0,0,0,0
1648,27505,0x6B71,0,0,0.0,False,True,破魔矢护符,道具,,可使用道具,False,0,0,0,0,0,0,0,0,0,0,0,0,0,0,0
1649,13155,0x3363,0,0,0.0,False,True,迟钝符,道具,,忍术或阴阳术道具,False,0,0,0,0,0,0,0,0,0,0,0,0,0,0,0
1650,48107,0xBBEB,0,0,0.0,False,True,结界符,道具,,忍术或阴阳术道具,False,0,0,0,0,0,0,0,0,0,0,0,0,0,0,0
1651,19045,0x4A65,0,0,0.0,False,False,,,,,False,0,0,0,0,0,0,0,0,0,0,0,0,0,0,0
1652,5755,0x167B,0,0,0.0,False,True,附子汁,道具,,忍术或阴阳术道具,False,0,0,0,0,0,0,0,0,0,0,0,0,0,0,0
1653,31837,0x7C5D,0,0,0.0,False,True,大芹汁,道具,,忍术或阴阳术道具,False,0,0,0,0,0,0,0,0,0,0,0,0,0,0,0
1654,23611,0x5C3B,0,0,0.0,False,True,假箭弹术卷轴,道具,,忍术或阴阳术道具,False,0,0,0,0,0,0,0,0,0,0,0,0,0,0,0
1655,14257,0x37B1,0,0,0.0,False,True,猫步术卷轴,道具,,忍术或阴阳术道具,False,0,0,0,0,0,0,0,0,0,0,0,0,0,0,0
1656,58811,0xE5BB,0,0,0.0,False,True,轻身符,道具,,忍术或阴阳术道具,False,0,0,0,0,0,0,0,0,0,0,0,0,0,0,0
1657,9325,0x246D,0,0,0.0,False,True,虎驱术卷轴,道具,,忍术或阴阳术道具,False,0,0,0,0,0,0,0,0,0,0,0,0,0,0,0
1658,2007,0x07D7,0,0,0.0,False,True,迅足符,道具,,忍术或阴阳术道具,False,0,0,0,0,0,0,0,0,0,0,0,0,0,0,0
1659,4383,0x111F,0,0,0.0,False,True,刚力丹,道具,,忍术或阴阳术道具,False,0,0,0,0,0,0,0,0,0,0,0,0,0,0,0
1660,29341,0x729D,0,0,0.0,False,True,刚力符,道具,,忍术或阴阳术道具,False,0,0,0,0,0,0,0,0,0,0,0,0,0,0,0
1661,41577,0xA269,0,0,0.0,False,True,埋火,道具,,忍术或阴阳术道具,False,0,0,0,0,0,0,0,0,0,0,0,0,0,0,0
1662,38925,0x980D,0,0,0.0,False,True,替身术卷轴,道具,,忍术或阴阳术道具,False,0,0,0,0,0,0,0,0,0,0,0,0,0,0,0
1663,8088,0x1F98,0,0,0.0,False,True,回生符,道具,,忍术或阴阳术道具,False,0,0,0,0,0,0,0,0,0,0,0,0,0,0,0
1664,43502,0xA9EE,0,0,0.0,False,False,,,,,False,0,0,0,0,0,0,0,0,0,0,0,0,0,0,0
1665,34921,0x8869,0,0,0.0,False,True,透波术卷轴,道具,,忍术或阴阳术道具,False,0,0,0,0,0,0,0,0,0,0,0,0,0,0,0
1666,30255,0x762F,0,0,0.0,False,True,隐密符,道具,,忍术或阴阳术道具,False,0,0,0,0,0,0,0,0,0,0,0,0,0,0,0
1667,53043,0xCF33,0,0,0.0,False,True,木灵变化符,道具,,忍术或阴阳术道具,False,0,0,0,0,0,0,0,0,0,0,0,0,0,0,0
1668,14776,0x39B8,0,0,0.0,False,True,散弹苦无,道具,,忍术或阴阳术道具,False,0,0,0,0,0,0,0,0,0,0,0,0,0,0,0
1669,36073,0x8CE9,0,0,0.0,False,True,埋火·地胆,道具,,忍术或阴阳术道具,False,0,0,0,0,0,0,0,0,0,0,0,0,0,0,0
1670,2977,0x0BA1,0,0,0.0,False,True,埋火·水母,道具,,忍术或阴阳术道具,False,0,0,0,0,0,0,0,0,0,0,0,0,0,0,0
1671,38537,0x9689,0,0,0.0,False,True,埋火·秽土,道具,,忍术或阴阳术道具,False,0,0,0,0,0,0,0,0,0,0,0,0,0,0,0
1672,37074,0x90D2,0,0,0.0,False,True,凤仙花术卷轴,道具,,忍术或阴阳术道具,False,0,0,0,0,0,0,0,0,0,0,0,0,0,0,0
1673,11402,0x2C8A,0,0,0.0,False,True,舍身符,道具,,忍术或阴阳术道具,False,0,0,0,0,0,0,0,0,0,0,0,0,0,0,0
1674,49216,0xC040,0,0,0.0,False,True,蓄力奉还术卷轴,道具,,忍术或阴阳术道具,False,0,0,0,0,0,0,0,0,0,0,0,0,0,0,0
1675,1815,0x0717,0,0,0.0,False,True,浮云术卷轴,道具,,忍术或阴阳术道具,False,0,0,0,0,0,0,0,0,0,0,0,0,0,0,0
1676,25551,0x63CF,0,0,0.0,False,False,,,,,False,0,0,0,0,0,0,0,0,0,0,0,0,0,0,0
1677,9097,0x2389,0,0,0.0,False,True,虎视术卷轴,道具,,忍术或阴阳术道具,False,0,0,0,0,0,0,0,0,0,0,0,0,0,0,0
1678,50069,0xC395,0,0,0.0,False,True,狙击符,道具,,忍术或阴阳术道具,False,0,0,0,0,0,0,0,0,0,0,0,0,0,0,0
1679,44048,0xAC10,0,0,0.0,False,True,麻痹箭涂剂,道具,,忍术或阴阳术道具,False,0,0,0,0,0,0,0,0,0,0,0,0,0,0,0
1680,26710,0x6856,0,0,0.0,False,True,毒箭涂剂,道具,,忍术或阴阳术道具,False,0,0,0,0,0,0,0,0,0,0,0,0,0,0,0
1681,24958,0x617E,0,0,0.0,False,True,五位之火的羽毛,道具,,忍术或阴阳术道具,False,0,0,0,0,0,0,0,0,0,0,0,0,0,0,0
1682,23669,0x5C75,0,0,0.0,False,True,天降水厄的羽毛,道具,,忍术或阴阳术道具,False,0,0,0,0,0,0,0,0,0,0,0,0,0,0,0
1683,26700,0x684C,0,0,0.0,False,True,雷尊扬威的羽毛,道具,,忍术或阴阳术道具,False,0,0,0,0,0,0,0,0,0,0,0,0,0,0,0
1684,16020,0x3E94,0,0,0.0,False,True,焦热地狱的羽毛,道具,,忍术或阴阳术道具,False,0,0,0,0,0,0,0,0,0,0,0,0,0,0,0
1685,65102,0xFE4E,0,0,0.0,False,True,八寒地狱的羽毛,道具,,忍术或阴阳术道具,False,0,0,0,0,0,0,0,0,0,0,0,0,0,0,0
1686,26385,0x6711,0,0,0.0,False,True,雷电地狱的羽毛,道具,,忍术或阴阳术道具,False,0,0,0,0,0,0,0,0,0,0,0,0,0,0,0
1687,58481,0xE471,0,0,0.0,False,True,罗汉币,道具,,忍术或阴阳术道具,False,0,0,0,0,0,0,0,0,0,0,0,0,0,0,0
1688,13761,0x35C1,0,0,0.0,False,True,火炎龙术卷轴,道具,,忍术或阴阳术道具,False,0,0,0,0,0,0,0,0,0,0,0,0,0,0,0
1689,5499,0x157B,0,0,0.0,False,True,破魔裂风刃术卷轴,道具,,忍术或阴阳术道具,False,0,0,0,0,0,0,0,0,0,0,0,0,0,0,0
1690,27708,0x6C3C,0,0,0.0,False,True,暗极重波弹术卷轴,道具,,忍术或阴阳术道具,False,0,0,0,0,0,0,0,0,0,0,0,0,0,0,0
1691,13849,0x3619,0,0,0.0,False,True,死里求生丸,道具,,忍术或阴阳术道具,False,0,0,0,0,0,0,0,0,0,0,0,0,0,0,0
1692,53831,0xD247,0,0,0.0,False,True,背水符,道具,,忍术或阴阳术道具,False,0,0,0,0,0,0,0,0,0,0,0,0,0,0,0
1693,24031,0x5DDF,0,0,0.0,False,True,风车手里剑,道具,,忍术或阴阳术道具,False,0,0,0,0,0,0,0,0,0,0,0,0,0,0,0
1694,34450,0x8692,0,0,0.0,False,True,爆裂箭卷轴,道具,,忍术或阴阳术道具,False,0,0,0,0,0,0,0,0,0,0,0,0,0,0,0
1695,39953,0x9C11,0,0,0.0,False,True,净缠符,道具,,忍术或阴阳术道具,False,0,0,0,0,0,0,0,0,0,0,0,0,0,0,0
1696,23694,0x5C8E,0,0,0.0,False,True,斩冲符,道具,,忍术或阴阳术道具,False,0,0,0,0,0,0,0,0,0,0,0,0,0,0,0
1697,2121,0x0849,0,0,0.0,False,True,斥风符,道具,,忍术或阴阳术道具,False,0,0,0,0,0,0,0,0,0,0,0,0,0,0,0
1698,28170,0x6E0A,0,0,0.0,False,True,漏活符,道具,,忍术或阴阳术道具,False,0,0,0,0,0,0,0,0,0,0,0,0,0,0,0
1699,29193,0x7209,0,0,0.0,False,True,感爆符,道具,,忍术或阴阳术道具,False,0,0,0,0,0,0,0,0,0,0,0,0,0,0,0
1700,30150,0x75C6,0,0,0.0,False,True,从火符,道具,,忍术或阴阳术道具,False,0,0,0,0,0,0,0,0,0,0,0,0,0,0,0
1701,11106,0x2B62,0,0,0.0,False,True,神箭符,道具,,忍术或阴阳术道具,False,0,0,0,0,0,0,0,0,0,0,0,0,0,0,0
1702,9059,0x2363,0,0,0.0,False,True,昂神符,道具,,忍术或阴阳术道具,False,0,0,0,0,0,0,0,0,0,0,0,0,0,0,0
1703,14523,0x38BB,0,0,0.0,False,True,式神符·火卒,道具,,忍术或阴阳术道具,False,0,0,0,0,0,0,0,0,0,0,0,0,0,0,0
1704,12768,0x31E0,0,0,0.0,False,True,式神符·水卒,道具,,忍术或阴阳术道具,False,0,0,0,0,0,0,0,0,0,0,0,0,0,0,0
1705,1800,0x0708,0,0,0.0,False,True,式神符·雷卒,道具,,忍术或阴阳术道具,False,0,0,0,0,0,0,0,0,0,0,0,0,0,0,0
1706,15522,0x3CA2,0,0,0.0,False,True,式神符·风卒,道具,,忍术或阴阳术道具,False,0,0,0,0,0,0,0,0,0,0,0,0,0,0,0
1707,30189,0x75ED,0,0,0.0,False,True,转移不净的纸人,道具,,忍术或阴阳术道具,False,0,0,0,0,0,0,0,0,0,0,0,0,0,0,0
1708,16502,0x4076,0,0,0.0,False,True,禁火符,道具,,忍术或阴阳术道具,False,0,0,0,0,0,0,0,0,0,0,0,0,0,0,0
1709,36754,0x8F92,0,0,0.0,False,True,禁水符,道具,,忍术或阴阳术道具,False,0,0,0,0,0,0,0,0,0,0,0,0,0,0,0
1710,2096,0x0830,0,0,0.0,False,True,禁雷符,道具,,忍术或阴阳术道具,False,0,0,0,0,0,0,0,0,0,0,0,0,0,0,0
1711,35184,0x8970,0,0,0.0,False,True,禁风符,道具,,忍术或阴阳术道具,False,0,0,0,0,0,0,0,0,0,0,0,0,0,0,0
1712,45053,0xAFFD,0,0,0.0,False,True,金刚符,道具,,忍术或阴阳术道具,False,0,0,0,0,0,0,0,0,0,0,0,0,0,0,0
1713,42749,0xA6FD,0,0,0.0,False,True,加持符,道具,,忍术或阴阳术道具,False,0,0,0,0,0,0,0,0,0,0,0,0,0,0,0
1714,42491,0xA5FB,0,0,0.0,False,True,封力符,道具,,忍术或阴阳术道具,False,0,0,0,0,0,0,0,0,0,0,0,0,0,0,0
1715,60675,0xED03,0,0,0.0,False,True,克金符,道具,,忍术或阴阳术道具,False,0,0,0,0,0,0,0,0,0,0,0,0,0,0,0
1716,31674,0x7BBA,0,0,0.0,False,True,通占符,道具,,忍术或阴阳术道具,False,0,0,0,0,0,0,0,0,0,0,0,0,0,0,0
1717,5184,0x1440,0,0,0.0,False,True,开运符,道具,,忍术或阴阳术道具,False,0,0,0,0,0,0,0,0,0,0,0,0,0,0,0
1718,11665,0x2D91,0,0,0.0,False,True,养身符,道具,,忍术或阴阳术道具,False,0,0,0,0,0,0,0,0,0,0,0,0,0,0,0
1719,10593,0x2961,0,0,0.0,False,True,护身符,道具,,忍术或阴阳术道具,False,0,0,0,0,0,0,0,0,0,0,0,0,0,0,0
1720,36479,0x8E7F,0,0,0.0,False,True,活源符,道具,,忍术或阴阳术道具,False,0,0,0,0,0,0,0,0,0,0,0,0,0,0,0
1721,50463,0xC51F,0,0,0.0,False,True,护灵招来符,道具,,忍术或阴阳术道具,False,0,0,0,0,0,0,0,0,0,0,0,0,0,0,0
1722,40618,0x9EAA,0,0,0.0,False,True,昂灵符,道具,,忍术或阴阳术道具,False,0,0,0,0,0,0,0,0,0,0,0,0,0,0,0
1723,35242,0x89AA,0,0,0.0,False,True,夺灵符,道具,,忍术或阴阳术道具,False,0,0,0,0,0,0,0,0,0,0,0,0,0,0,0
1724,37389,0x920D,0,0,0.0,False,True,影弹符,道具,,忍术或阴阳术道具,False,0,0,0,0,0,0,0,0,0,0,0,0,0,0,0
1725,36044,0x8CCC,0,0,0.0,False,True,封气符,道具,,忍术或阴阳术道具,False,0,0,0,0,0,0,0,0,0,0,0,0,0,0,0
1726,4318,0x10DE,0,0,0.0,False,True,修罗符,道具,,忍术或阴阳术道具,False,0,0,0,0,0,0,0,0,0,0,0,0,0,0,0
1727,6183,0x1827,0,0,0.0,False,True,聚财符,道具,,忍术或阴阳术道具,False,0,0,0,0,0,0,0,0,0,0,0,0,0,0,0
1728,30809,0x7859,0,0,0.0,False,True,波动符,道具,,忍术或阴阳术道具,False,0,0,0,0,0,0,0,0,0,0,0,0,0,0,0
1729,25928,0x6548,0,0,0.0,False,True,宿心解放符,道具,,忍术或阴阳术道具,False,0,0,0,0,0,0,0,0,0,0,0,0,0,0,0
1730,9609,0x2589,0,0,0.0,False,True,拳力符,道具,,忍术或阴阳术道具,False,0,0,0,0,0,0,0,0,0,0,0,0,0,0,0
1731,16362,0x3FEA,0,0,0.0,False,True,火弹符,道具,,忍术或阴阳术道具,False,0,0,0,0,0,0,0,0,0,0,0,0,0,0,0
1732,3999,0x0F9F,0,0,0.0,False,True,水弹符,道具,,忍术或阴阳术道具,False,0,0,0,0,0,0,0,0,0,0,0,0,0,0,0
1733,46056,0xB3E8,0,0,0.0,False,True,雷弹符,道具,,忍术或阴阳术道具,False,0,0,0,0,0,0,0,0,0,0,0,0,0,0,0
1734,19007,0x4A3F,0,0,0.0,False,True,风弹符,道具,,忍术或阴阳术道具,False,0,0,0,0,0,0,0,0,0,0,0,0,0,0,0
1735,15507,0x3C93,0,0,0.0,False,True,召火符,道具,,忍术或阴阳术道具,False,0,0,0,0,0,0,0,0,0,0,0,0,0,0,0
1736,12691,0x3193,0,0,0.0,False,True,召水符,道具,,忍术或阴阳术道具,False,0,0,0,0,0,0,0,0,0,0,0,0,0,0,0
1737,54812,0xD61C,0,0,0.0,False,True,召雷符,道具,,忍术或阴阳术道具,False,0,0,0,0,0,0,0,0,0,0,0,0,0,0,0
1738,25110,0x6216,0,0,0.0,False,True,召风符,道具,,忍术或阴阳术道具,False,0,0,0,0,0,0,0,0,0,0,0,0,0,0,0
1739,52586,0xCD6A,0,0,0.0,False,True,迟钝符,道具,,忍术或阴阳术道具,False,0,0,0,0,0,0,0,0,0,0,0,0,0,0,0
1740,59389,0xE7FD,0,0,0.0,False,True,结界符,道具,,忍术或阴阳术道具,False,0,0,0,0,0,0,0,0,0,0,0,0,0,0,0
1741,34514,0x86D2,0,0,0.0,False,False,,,,,False,0,0,0,0,0,0,0,0,0,0,0,0,0,0,0
1742,3815,0x0EE7,0,0,0.0,False,True,金刚符,道具,,忍术或阴阳术道具,False,0,0,0,0,0,0,0,0,0,0,0,0,0,0,0
1743,47534,0xB9AE,0,0,0.0,False,True,封力符,道具,,忍术或阴阳术道具,False,0,0,0,0,0,0,0,0,0,0,0,0,0,0,0
1744,24289,0x5EE1,0,0,0.0,False,True,克金符,道具,,忍术或阴阳术道具,False,0,0,0,0,0,0,0,0,0,0,0,0,0,0,0
1745,9938,0x26D2,0,0,0.0,False,True,养身符,道具,,忍术或阴阳术道具,False,0,0,0,0,0,0,0,0,0,0,0,0,0,0,0
1746,5280,0x14A0,0,0,0.0,False,True,活源符,道具,,忍术或阴阳术道具,False,0,0,0,0,0,0,0,0,0,0,0,0,0,0,0
1747,14308,0x37E4,0,0,0.0,False,True,封气符,道具,,忍术或阴阳术道具,False,0,0,0,0,0,0,0,0,0,0,0,0,0,0,0
1748,43721,0xAAC9,0,0,0.0,False,True,修罗符,道具,,忍术或阴阳术道具,False,0,0,0,0,0,0,0,0,0,0,0,0,0,0,0
1749,27046,0x69A6,0,0,0.0,False,True,发气符,道具,,忍术或阴阳术道具,False,0,0,0,0,0,0,0,0,0,0,0,0,0,0,0
1750,61049,0xEE79,0,0,0.0,False,True,火爆符,道具,,忍术或阴阳术道具,False,0,0,0,0,0,0,0,0,0,0,0,0,0,0,0
1751,596,0x0254,0,0,0.0,False,True,水牙符,道具,,忍术或阴阳术道具,False,0,0,0,0,0,0,0,0,0,0,0,0,0,0,0
1752,36816,0x8FD0,0,0,0.0,False,True,雷霆符,道具,,忍术或阴阳术道具,False,0,0,0,0,0,0,0,0,0,0,0,0,0,0,0
1753,2618,0x0A3A,0,0,0.0,False,True,风箭符,道具,,忍术或阴阳术道具,False,0,0,0,0,0,0,0,0,0,0,0,0,0,0,0
1754,31984,0x7CF0,0,0,0.0,False,True,仙身符,道具,,忍术或阴阳术道具,False,0,0,0,0,0,0,0,0,0,0,0,0,0,0,0
1755,9280,0x2440,0,0,0.0,False,True,燃生符,道具,,忍术或阴阳术道具,False,0,0,0,0,0,0,0,0,0,0,0,0,0,0,0
1756,21146,0x529A,0,0,0.0,False,True,衰气符,道具,,忍术或阴阳术道具,False,0,0,0,0,0,0,0,0,0,0,0,0,0,0,0
1757,2813,0x0AFD,0,0,0.0,False,True,潜气符,道具,,忍术或阴阳术道具,False,0,0,0,0,0,0,0,0,0,0,0,0,0,0,0
1758,1920,0x0780,0,0,0.0,False,True,散变符,道具,,忍术或阴阳术道具,False,0,0,0,0,0,0,0,0,0,0,0,0,0,0,0
1759,53560,0xD138,0,0,0.0,False,True,宿心升华符,道具,,忍术或阴阳术道具,False,0,0,0,0,0,0,0,0,0,0,0,0,0,0,0
1760,42414,0xA5AE,0,0,0.0,False,True,粹然符,道具,,忍术或阴阳术道具,False,0,0,0,0,0,0,0,0,0,0,0,0,0,0,0
1761,17064,0x42A8,0,0,0.0,False,True,飞剑符,道具,,忍术或阴阳术道具,False,0,0,0,0,0,0,0,0,0,0,0,0,0,0,0
1762,3382,0x0D36,0,0,0.0,False,True,操身符,道具,,忍术或阴阳术道具,False,0,0,0,0,0,0,0,0,0,0,0,0,0,0,0
1763,63901,0xF99D,0,0,0.0,False,True,净击符,道具,,忍术或阴阳术道具,False,0,0,0,0,0,0,0,0,0,0,0,0,0,0,0
1764,49082,0xBFBA,0,0,0.0,False,True,从水符,道具,,忍术或阴阳术道具,False,0,0,0,0,0,0,0,0,0,0,0,0,0,0,0
1765,31359,0x7A7F,0,0,0.0,False,True,从雷符,道具,,忍术或阴阳术道具,False,0,0,0,0,0,0,0,0,0,0,0,0,0,0,0
1766,5071,0x13CF,0,0,0.0,False,True,从风符,道具,,忍术或阴阳术道具,False,0,0,0,0,0,0,0,0,0,0,0,0,0,0,0
1767,4968,0x1368,0,0,0.0,False,True,光刃符,道具,,忍术或阴阳术道具,False,0,0,0,0,0,0,0,0,0,0,0,0,0,0,0
1768,7604,0x1DB4,0,0,0.0,False,True,妖化轰势符,道具,,忍术或阴阳术道具,False,0,0,0,0,0,0,0,0,0,0,0,0,0,0,0
1769,61465,0xF019,0,0,0.0,False,True,吸神符,道具,,忍术或阴阳术道具,False,0,0,0,0,0,0,0,0,0,0,0,0,0,0,0
1770,26224,0x6670,0,0,0.0,False,True,禁全符,道具,,忍术或阴阳术道具,False,0,0,0,0,0,0,0,0,0,0,0,0,0,0,0
1771,12305,0x3011,0,0,0.0,False,True,削气符,道具,,忍术或阴阳术道具,False,0,0,0,0,0,0,0,0,0,0,0,0,0,0,0
1772,13473,0x34A1,0,0,0.0,False,True,造弹符,道具,,忍术或阴阳术道具,False,0,0,0,0,0,0,0,0,0,0,0,0,0,0,0
1773,19296,0x4B60,0,0,0.0,False,True,除秽符,道具,,忍术或阴阳术道具,False,0,0,0,0,0,0,0,0,0,0,0,0,0,0,0
1774,2773,0x0AD5,0,0,0.0,False,True,减气符,道具,,忍术或阴阳术道具,False,0,0,0,0,0,0,0,0,0,0,0,0,0,0,0
1775,21604,0x5464,0,0,0.0,False,False,,,,,False,0,0,0,0,0,0,0,0,0,0,0,0,0,0,0
1776,33930,0x848A,0,0,0.0,False,False,,,,,False,0,0,0,0,0,0,0,0,0,0,0,0,0,0,0
1777,3506,0x0DB2,0,0,0.0,False,False,,,,,False,0,0,0,0,0,0,0,0,0,0,0,0,0,0,0
1778,38277,0x9585,0,0,0.0,False,False,,,,,False,0,0,0,0,0,0,0,0,0,0,0,0,0,0,0
1779,51593,0xC989,0,0,0.0,False,False,,,,,False,0,0,0,0,0,0,0,0,0,0,0,0,0,0,0
1780,15524,0x3CA4,0,0,0.0,False,False,,,,,False,0,0,0,0,0,0,0,0,0,0,0,0,0,0,0
1781,21290,0x532A,0,0,0.0,False,False,,,,,False,0,0,0,0,0,0,0,0,0,0,0,0,0,0,0
1782,25963,0x656B,0,0,0.0,False,False,,,,,False,0,0,0,0,0,0,0,0,0,0,0,0,0,0,0
1783,20890,0x519A,0,0,0.0,False,False,,,,,False,0,0,0,0,0,0,0,0,0,0,0,0,0,0,0
1784,24882,0x6132,0,0,0.0,False,True,狱炎符,道具,,忍术或阴阳术道具,False,0,0,0,0,0,0,0,0,0,0,0,0,0,0,0
1785,60129,0xEAE1,0,0,0.0,False,True,狱水符,道具,,忍术或阴阳术道具,False,0,0,0,0,0,0,0,0,0,0,0,0,0,0,0
1786,49058,0xBFA2,0,0,0.0,False,True,狱雷符,道具,,忍术或阴阳术道具,False,0,0,0,0,0,0,0,0,0,0,0,0,0,0,0
1787,51477,0xC915,0,0,0.0,False,True,狱风符,道具,,忍术或阴阳术道具,False,0,0,0,0,0,0,0,0,0,0,0,0,0,0,0
1788,42884,0xA784,0,0,0.0,False,False,,,,,False,0,0,0,0,0,0,0,0,0,0,0,0,0,0,0
1789,44573,0xAE1D,0,0,0.0,False,True,使役符·{},道具,,忍术或阴阳术道具,False,0,0,0,0,0,0,0,0,0,0,0,0,0,0,0
1790,6345,0x18C9,0,0,0.0,False,True,使役符·{},道具,,忍术或阴阳术道具,False,0,0,0,0,0,0,0,0,0,0,0,0,0,0,0
1791,15116,0x3B0C,0,0,0.0,False,True,使役符·{},道具,,忍术或阴阳术道具,False,0,0,0,0,0,0,0,0,0,0,0,0,0,0,0
1792,23810,0x5D02,0,0,0.0,False,True,使役符·{},道具,,忍术或阴阳术道具,False,0,0,0,0,0,0,0,0,0,0,0,0,0,0,0
1793,27509,0x6B75,0,0,0.0,False,True,使役符·{},道具,,忍术或阴阳术道具,False,0,0,0,0,0,0,0,0,0,0,0,0,0,0,0
1794,46765,0xB6AD,0,0,0.0,False,True,使役符·{},道具,,忍术或阴阳术道具,False,0,0,0,0,0,0,0,0,0,0,0,0,0,0,0
1795,6036,0x1794,0,0,0.0,False,True,使役符·{},道具,,忍术或阴阳术道具,False,0,0,0,0,0,0,0,0,0,0,0,0,0,0,0
1796,43407,0xA98F,0,0,0.0,False,True,使役符·{},道具,,忍术或阴阳术道具,False,0,0,0,0,0,0,0,0,0,0,0,0,0,0,0
1797,49780,0xC274,0,0,0.0,False,True,使役符·{},道具,,忍术或阴阳术道具,False,0,0,0,0,0,0,0,0,0,0,0,0,0,0,0
1798,41401,0xA1B9,0,0,0.0,False,True,使役符·{},道具,,忍术或阴阳术道具,False,0,0,0,0,0,0,0,0,0,0,0,0,0,0,0
1799,65392,0xFF70,0,0,0.0,False,True,使役符·{},道具,,忍术或阴阳术道具,False,0,0,0,0,0,0,0,0,0,0,0,0,0,0,0
1800,18790,0x4966,0,0,0.0,False,True,使役符·{},道具,,忍术或阴阳术道具,False,0,0,0,0,0,0,0,0,0,0,0,0,0,0,0
1801,43077,0xA845,0,0,0.0,False,True,使役符·{},道具,,忍术或阴阳术道具,False,0,0,0,0,0,0,0,0,0,0,0,0,0,0,0
1802,45574,0xB206,0,0,0.0,False,True,使役符·{},道具,,忍术或阴阳术道具,False,0,0,0,0,0,0,0,0,0,0,0,0,0,0,0
1803,6850,0x1AC2,0,0,0.0,False,True,使役符·{},道具,,忍术或阴阳术道具,False,0,0,0,0,0,0,0,0,0,0,0,0,0,0,0
1804,41414,0xA1C6,0,0,0.0,False,True,使役符·{},道具,,忍术或阴阳术道具,False,0,0,0,0,0,0,0,0,0,0,0,0,0,0,0
1805,38979,0x9843,0,0,0.0,False,True,使役符·{},道具,,忍术或阴阳术道具,False,0,0,0,0,0,0,0,0,0,0,0,0,0,0,0
1806,13485,0x34AD,0,0,0.0,False,True,使役符·{},道具,,忍术或阴阳术道具,False,0,0,0,0,0,0,0,0,0,0,0,0,0,0,0
1807,25736,0x6488,0,0,0.0,False,True,使役符·{},道具,,忍术或阴阳术道具,False,0,0,0,0,0,0,0,0,0,0,0,0,0,0,0
1808,39903,0x9BDF,0,0,0.0,False,True,使役符·{},道具,,忍术或阴阳术道具,False,0,0,0,0,0,0,0,0,0,0,0,0,0,0,0
1809,62647,0xF4B7,0,0,0.0,False,True,使役符·{},道具,,忍术或阴阳术道具,False,0,0,0,0,0,0,0,0,0,0,0,0,0,0,0
1810,62462,0xF3FE,0,0,0.0,False,True,使役符·{},道具,,忍术或阴阳术道具,False,0,0,0,0,0,0,0,0,0,0,0,0,0,0,0
1811,1061,0x0425,0,0,0.0,False,True,使役符·{},道具,,忍术或阴阳术道具,False,0,0,0,0,0,0,0,0,0,0,0,0,0,0,0
1812,64671,0xFC9F,0,0,0.0,False,True,使役符·{},道具,,忍术或阴阳术道具,False,0,0,0,0,0,0,0,0,0,0,0,0,0,0,0
1813,15088,0x3AF0,0,0,0.0,False,True,使役符·{},道具,,忍术或阴阳术道具,False,0,0,0,0,0,0,0,0,0,0,0,0,0,0,0
1814,47836,0xBADC,0,0,0.0,False,True,使役符·{},道具,,忍术或阴阳术道具,False,0,0,0,0,0,0,0,0,0,0,0,0,0,0,0
1815,711,0x02C7,0,0,0.0,False,True,使役符·{},道具,,忍术或阴阳术道具,False,0,0,0,0,0,0,0,0,0,0,0,0,0,0,0
1816,43763,0xAAF3,0,0,0.0,False,True,使役符·{},道具,,忍术或阴阳术道具,False,0,0,0,0,0,0,0,0,0,0,0,0,0,0,0
1817,61990,0xF226,0,0,0.0,False,True,使役符·{},道具,,忍术或阴阳术道具,False,0,0,0,0,0,0,0,0,0,0,0,0,0,0,0
1818,51190,0xC7F6,0,0,0.0,False,True,使役符·{},道具,,忍术或阴阳术道具,False,0,0,0,0,0,0,0,0,0,0,0,0,0,0,0
1819,47381,0xB915,0,0,0.0,False,True,使役符·{},道具,,忍术或阴阳术道具,False,0,0,0,0,0,0,0,0,0,0,0,0,0,0,0
1820,21907,0x5593,0,0,0.0,False,True,使役符·{},道具,,忍术或阴阳术道具,False,0,0,0,0,0,0,0,0,0,0,0,0,0,0,0
1821,25791,0x64BF,0,0,0.0,False,True,使役符·{},道具,,忍术或阴阳术道具,False,0,0,0,0,0,0,0,0,0,0,0,0,0,0,0
1822,61810,0xF172,0,0,0.0,False,True,使役符·{},道具,,忍术或阴阳术道具,False,0,0,0,0,0,0,0,0,0,0,0,0,0,0,0
1823,44035,0xAC03,0,0,0.0,False,True,使役符·{},道具,,忍术或阴阳术道具,False,0,0,0,0,0,0,0,0,0,0,0,0,0,0,0
1824,30522,0x773A,0,0,0.0,False,True,使役符·{},道具,,忍术或阴阳术道具,False,0,0,0,0,0,0,0,0,0,0,0,0,0,0,0
1825,792,0x0318,0,0,0.0,False,True,使役符·{},道具,,忍术或阴阳术道具,False,0,0,0,0,0,0,0,0,0,0,0,0,0,0,0
1826,4081,0x0FF1,0,0,0.0,False,True,使役符·{},道具,,忍术或阴阳术道具,False,0,0,0,0,0,0,0,0,0,0,0,0,0,0,0
1827,12974,0x32AE,0,0,0.0,False,True,使役符·{},道具,,忍术或阴阳术道具,False,0,0,0,0,0,0,0,0,0,0,0,0,0,0,0
1828,40956,0x9FFC,0,0,0.0,False,True,使役符·{},道具,,忍术或阴阳术道具,False,0,0,0,0,0,0,0,0,0,0,0,0,0,0,0
1829,50308,0xC484,0,0,0.0,False,True,使役符·{},道具,,忍术或阴阳术道具,False,0,0,0,0,0,0,0,0,0,0,0,0,0,0,0
1830,9757,0x261D,0,0,0.0,False,True,使役符·{},道具,,忍术或阴阳术道具,False,0,0,0,0,0,0,0,0,0,0,0,0,0,0,0
1831,30305,0x7661,0,0,0.0,False,True,使役符·{},道具,,忍术或阴阳术道具,False,0,0,0,0,0,0,0,0,0,0,0,0,0,0,0
1832,2174,0x087E,0,0,0.0,False,True,使役符·{},道具,,忍术或阴阳术道具,False,0,0,0,0,0,0,0,0,0,0,0,0,0,0,0
1833,1101,0x044D,0,0,0.0,False,True,使役符·{},道具,,忍术或阴阳术道具,False,0,0,0,0,0,0,0,0,0,0,0,0,0,0,0
1834,55920,0xDA70,0,0,0.0,False,True,使役符·{},道具,,忍术或阴阳术道具,False,0,0,0,0,0,0,0,0,0,0,0,0,0,0,0
1835,49309,0xC09D,0,0,0.0,False,True,使役符·{},道具,,忍术或阴阳术道具,False,0,0,0,0,0,0,0,0,0,0,0,0,0,0,0
1836,12189,0x2F9D,0,0,0.0,False,True,使役符·{},道具,,忍术或阴阳术道具,False,0,0,0,0,0,0,0,0,0,0,0,0,0,0,0
1837,32180,0x7DB4,0,0,0.0,False,True,使役符·{},道具,,忍术或阴阳术道具,False,0,0,0,0,0,0,0,0,0,0,0,0,0,0,0
1838,13650,0x3552,0,0,0.0,False,True,使役符·{},道具,,忍术或阴阳术道具,False,0,0,0,0,0,0,0,0,0,0,0,0,0,0,0
1839,3951,0x0F6F,0,0,0.0,False,True,使役符·{},道具,,忍术或阴阳术道具,False,0,0,0,0,0,0,0,0,0,0,0,0,0,0,0
1840,42923,0xA7AB,0,0,0.0,False,True,使役符·{},道具,,忍术或阴阳术道具,False,0,0,0,0,0,0,0,0,0,0,0,0,0,0,0
1841,39940,0x9C04,0,0,0.0,False,True,使役符·{},道具,,忍术或阴阳术道具,False,0,0,0,0,0,0,0,0,0,0,0,0,0,0,0
1842,51434,0xC8EA,0,0,0.0,False,True,使役符·{},道具,,忍术或阴阳术道具,False,0,0,0,0,0,0,0,0,0,0,0,0,0,0,0
1843,9716,0x25F4,0,0,0.0,False,True,使役符·{},道具,,忍术或阴阳术道具,False,0,0,0,0,0,0,0,0,0,0,0,0,0,0,0
1844,50801,0xC671,0,0,0.0,False,True,使役符·{},道具,,忍术或阴阳术道具,False,0,0,0,0,0,0,0,0,0,0,0,0,0,0,0
1845,60071,0xEAA7,0,0,0.0,False,True,使役符·{},道具,,忍术或阴阳术道具,False,0,0,0,0,0,0,0,0,0,0,0,0,0,0,0
1846,19128,0x4AB8,0,0,0.0,False,True,使役符·{},道具,,忍术或阴阳术道具,False,0,0,0,0,0,0,0,0,0,0,0,0,0,0,0
1847,44952,0xAF98,0,0,0.0,False,True,使役符·{},道具,,忍术或阴阳术道具,False,0,0,0,0,0,0,0,0,0,0,0,0,0,0,0
1848,5737,0x1669,0,0,0.0,False,True,使役符·{},道具,,忍术或阴阳术道具,False,0,0,0,0,0,0,0,0,0,0,0,0,0,0,0
1849,58941,0xE63D,0,0,0.0,False,True,使役符·{},道具,,忍术或阴阳术道具,False,0,0,0,0,0,0,0,0,0,0,0,0,0,0,0
1850,38870,0x97D6,0,0,0.0,False,True,使役符·{},道具,,忍术或阴阳术道具,False,0,0,0,0,0,0,0,0,0,0,0,0,0,0,0
1851,28387,0x6EE3,0,0,0.0,False,True,使役符·{},道具,,忍术或阴阳术道具,False,0,0,0,0,0,0,0,0,0,0,0,0,0,0,0
1852,16792,0x4198,0,0,0.0,False,True,使役符·{},道具,,忍术或阴阳术道具,False,0,0,0,0,0,0,0,0,0,0,0,0,0,0,0
1853,33806,0x840E,0,0,0.0,False,True,使役符·{},道具,,忍术或阴阳术道具,False,0,0,0,0,0,0,0,0,0,0,0,0,0,0,0
1854,11743,0x2DDF,0,0,0.0,False,True,使役符·{},道具,,忍术或阴阳术道具,False,0,0,0,0,0,0,0,0,0,0,0,0,0,0,0
1855,25494,0x6396,0,0,0.0,False,True,使役符·{},道具,,忍术或阴阳术道具,False,0,0,0,0,0,0,0,0,0,0,0,0,0,0,0
1856,48092,0xBBDC,0,0,0.0,False,True,使役符·{},道具,,忍术或阴阳术道具,False,0,0,0,0,0,0,0,0,0,0,0,0,0,0,0
1857,13196,0x338C,0,0,0.0,False,True,使役符·{},道具,,忍术或阴阳术道具,False,0,0,0,0,0,0,0,0,0,0,0,0,0,0,0
1858,63792,0xF930,0,0,0.0,False,True,使役符·{},道具,,忍术或阴阳术道具,False,0,0,0,0,0,0,0,0,0,0,0,0,0,0,0
1859,14906,0x3A3A,0,0,0.0,False,True,使役符·{},道具,,忍术或阴阳术道具,False,0,0,0,0,0,0,0,0,0,0,0,0,0,0,0
1860,43676,0xAA9C,0,0,0.0,False,True,使役符·{},道具,,忍术或阴阳术道具,False,0,0,0,0,0,0,0,0,0,0,0,0,0,0,0
1861,7877,0x1EC5,0,0,0.0,False,True,使役符·{},道具,,忍术或阴阳术道具,False,0,0,0,0,0,0,0,0,0,0,0,0,0,0,0
1862,43422,0xA99E,0,0,0.0,False,True,使役符·{},道具,,忍术或阴阳术道具,False,0,0,0,0,0,0,0,0,0,0,0,0,0,0,0
1863,19038,0x4A5E,0,0,0.0,False,True,使役符·{},道具,,忍术或阴阳术道具,False,0,0,0,0,0,0,0,0,0,0,0,0,0,0,0
1864,42899,0xA793,0,0,0.0,False,True,使役符·{},道具,,忍术或阴阳术道具,False,0,0,0,0,0,0,0,0,0,0,0,0,0,0,0
1865,4887,0x1317,0,0,0.0,False,True,使役符·{},道具,,忍术或阴阳术道具,False,0,0,0,0,0,0,0,0,0,0,0,0,0,0,0
1866,17316,0x43A4,0,0,0.0,False,True,使役符·{},道具,,忍术或阴阳术道具,False,0,0,0,0,0,0,0,0,0,0,0,0,0,0,0
1867,34590,0x871E,0,0,0.0,False,True,使役符·{},道具,,忍术或阴阳术道具,False,0,0,0,0,0,0,0,0,0,0,0,0,0,0,0
1868,18086,0x46A6,0,0,0.0,False,True,使役符·{},道具,,忍术或阴阳术道具,False,0,0,0,0,0,0,0,0,0,0,0,0,0,0,0
1869,5086,0x13DE,0,0,0.0,False,True,使役符·{},道具,,忍术或阴阳术道具,False,0,0,0,0,0,0,0,0,0,0,0,0,0,0,0
1870,54642,0xD572,0,0,0.0,False,True,使役符·{},道具,,忍术或阴阳术道具,False,0,0,0,0,0,0,0,0,0,0,0,0,0,0,0
1871,35247,0x89AF,0,0,0.0,False,True,使役符·{},道具,,忍术或阴阳术道具,False,0,0,0,0,0,0,0,0,0,0,0,0,0,0,0
1872,61440,0xF000,0,0,0.0,False,True,髓材（造成伤害）,材料,,素材,False,0,0,0,0,0,0,0,0,0,0,0,0,0,0,0
1873,1281,0x0501,0,0,0.0,False,True,髓材（承受伤害）,材料,,素材,False,0,0,0,0,0,0,0,0,0,0,0,0,0,0,0
1874,50555,0xC57B,0,0,0.0,False,True,髓材（精华槽）,材料,,素材,False,0,0,0,0,0,0,0,0,0,0,0,0,0,0,0
1875,14989,0x3A8D,0,0,0.0,False,True,髓材（造成精力伤害）,材料,,素材,False,0,0,0,0,0,0,0,0,0,0,0,0,0,0,0
1876,11469,0x2CCD,0,0,0.0,False,True,髓材（承受精力伤害和精力消耗）,材料,,素材,False,0,0,0,0,0,0,0,0,0,0,0,0,0,0,0
1877,43786,0xAB0A,0,0,0.0,False,True,髓材（移动、闪避）,材料,,素材,False,0,0,0,0,0,0,0,0,0,0,0,0,0,0,0
1878,21988,0x55E4,0,0,0.0,False,True,髓材（造成异常状态）,材料,,素材,False,0,0,0,0,0,0,0,0,0,0,0,0,0,0,0
1879,52065,0xCB61,0,0,0.0,False,True,髓材（承受异常状态）,材料,,素材,False,0,0,0,0,0,0,0,0,0,0,0,0,0,0,0
1880,48888,0xBEF8,0,0,0.0,False,True,髓材（掉落）,材料,,素材,False,0,0,0,0,0,0,0,0,0,0,0,0,0,0,0
1881,59645,0xE8FD,0,0,0.0,False,True,髓材（恢复体力）,材料,,素材,False,0,0,0,0,0,0,0,0,0,0,0,0,0,0,0
1882,53803,0xD22B,0,0,0.0,False,True,髓材（恢复精力）,材料,,素材,False,0,0,0,0,0,0,0,0,0,0,0,0,0,0,0
1883,35654,0x8B46,0,0,0.0,False,True,髓材（灵力）,材料,,素材,False,0,0,0,0,0,0,0,0,0,0,0,0,0,0,0
1884,32355,0x7E63,0,0,0.0,False,True,髓材（远距离）,材料,,素材,False,0,0,0,0,0,0,0,0,0,0,0,0,0,0,0
1885,28423,0x6F07,0,0,0.0,False,True,髓材（特殊）,材料,,素材,False,0,0,0,0,0,0,0,0,0,0,0,0,0,0,0
1886,25817,0x64D9,0,0,0.0,False,True,髓材（忍术）,材料,,素材,False,0,0,0,0,0,0,0,0,0,0,0,0,0,0,0
1887,21637,0x5485,0,0,0.0,False,False,,,,,False,0,0,0,0,0,0,0,0,0,0,0,0,0,0,0
1888,65089,0xFE41,0,0,0.0,False,True,灵石炭,材料,,素材,False,0,0,0,0,0,0,0,0,0,0,0,0,0,0,0
1889,57782,0xE1B6,0,0,0.0,False,True,神器的碎片,材料,,素材,False,0,0,0,0,0,0,0,0,0,0,0,0,0,0,0
1890,17590,0x44B6,0,0,0.0,False,True,士魂石,材料,,素材,False,0,0,0,0,0,0,0,0,0,0,0,0,0,0,0
1891,58413,0xE42D,0,0,0.0,False,True,金工凿子,材料,,素材,False,0,0,0,0,0,0,0,0,0,0,0,0,0,0,0
1892,54630,0xD566,0,0,0.0,False,True,灵石炭的碎片,材料,,素材,False,0,0,0,0,0,0,0,0,0,0,0,0,0,0,0
1893,56820,0xDDF4,0,0,0.0,False,True,灵石炭,材料,,素材,False,0,0,0,0,0,0,0,0,0,0,0,0,0,0,0
1894,51708,0xC9FC,0,0,0.0,False,True,良木灵石炭,材料,,素材,False,0,0,0,0,0,0,0,0,0,0,0,0,0,0,0
1895,9743,0x260F,0,0,0.0,False,True,名木灵石炭,材料,,素材,False,0,0,0,0,0,0,0,0,0,0,0,0,0,0,0
1896,57819,0xE1DB,0,0,0.0,False,True,神木灵石炭,材料,,素材,False,0,0,0,0,0,0,0,0,0,0,0,0,0,0,0
1897,44701,0xAE9D,0,0,0.0,False,True,玉钢,材料,,素材,False,0,0,0,0,0,0,0,0,0,0,0,0,0,0,0
1898,63262,0xF71E,0,0,0.0,False,True,良质玉钢,材料,,素材,False,0,0,0,0,0,0,0,0,0,0,0,0,0,0,0
1899,363,0x016B,0,0,0.0,False,True,上好玉钢,材料,,素材,False,0,0,0,0,0,0,0,0,0,0,0,0,0,0,0
1900,26488,0x6778,0,0,0.0,False,True,最高级玉钢,材料,,素材,False,0,0,0,0,0,0,0,0,0,0,0,0,0,0,0
1901,5982,0x175E,0,0,0.0,False,True,木材,材料,,素材,False,0,0,0,0,0,0,0,0,0,0,0,0,0,0,0
1902,4427,0x114B,0,0,0.0,False,True,良质木材,材料,,素材,False,0,0,0,0,0,0,0,0,0,0,0,0,0,0,0
1903,63219,0xF6F3,0,0,0.0,False,True,上好木材,材料,,素材,False,0,0,0,0,0,0,0,0,0,0,0,0,0,0,0
1904,64246,0xFAF6,0,0,0.0,False,True,最高级木材,材料,,素材,False,0,0,0,0,0,0,0,0,0,0,0,0,0,0,0
1905,16113,0x3EF1,0,0,0.0,False,True,铁铸块,材料,,素材,False,0,0,0,0,0,0,0,0,0,0,0,0,0,0,0
1906,13195,0x338B,0,0,0.0,False,True,良质铁铸块,材料,,素材,False,0,0,0,0,0,0,0,0,0,0,0,0,0,0,0
1907,10591,0x295F,0,0,0.0,False,True,上好铁铸块,材料,,素材,False,0,0,0,0,0,0,0,0,0,0,0,0,0,0,0
1908,45708,0xB28C,0,0,0.0,False,True,最高级铁铸块,材料,,素材,False,0,0,0,0,0,0,0,0,0,0,0,0,0,0,0
1909,45963,0xB38B,0,0,0.0,False,True,漆,材料,,素材,False,0,0,0,0,0,0,0,0,0,0,0,0,0,0,0
1910,17306,0x439A,0,0,0.0,False,True,良质漆,材料,,素材,False,0,0,0,0,0,0,0,0,0,0,0,0,0,0,0
1911,51862,0xCA96,0,0,0.0,False,True,上好漆,材料,,素材,False,0,0,0,0,0,0,0,0,0,0,0,0,0,0,0
1912,49221,0xC045,0,0,0.0,False,True,最高级漆,材料,,素材,False,0,0,0,0,0,0,0,0,0,0,0,0,0,0,0
1913,44715,0xAEAB,0,0,0.0,False,True,皮绳,材料,,素材,False,0,0,0,0,0,0,0,0,0,0,0,0,0,0,0
1914,9552,0x2550,0,0,0.0,False,True,良质皮绳,材料,,素材,False,0,0,0,0,0,0,0,0,0,0,0,0,0,0,0
1915,60493,0xEC4D,0,0,0.0,False,True,上好皮绳,材料,,素材,False,0,0,0,0,0,0,0,0,0,0,0,0,0,0,0
1916,18099,0x46B3,0,0,0.0,False,True,最高级皮绳,材料,,素材,False,0,0,0,0,0,0,0,0,0,0,0,0,0,0,0
1917,39143,0x98E7,0,0,0.0,False,True,皮甲片,材料,,素材,False,0,0,0,0,0,0,0,0,0,0,0,0,0,0,0
1918,11956,0x2EB4,0,0,0.0,False,True,良质皮甲片,材料,,素材,False,0,0,0,0,0,0,0,0,0,0,0,0,0,0,0
1919,47091,0xB7F3,0,0,0.0,False,True,上好皮甲片,材料,,素材,False,0,0,0,0,0,0,0,0,0,0,0,0,0,0,0
1920,27745,0x6C61,0,0,0.0,False,True,最高级皮甲片,材料,,素材,False,0,0,0,0,0,0,0,0,0,0,0,0,0,0,0
1921,52758,0xCE16,0,0,0.0,False,True,铁甲片,材料,,素材,False,0,0,0,0,0,0,0,0,0,0,0,0,0,0,0
1922,56329,0xDC09,0,0,0.0,False,True,良质铁甲片,材料,,素材,False,0,0,0,0,0,0,0,0,0,0,0,0,0,0,0
1923,2194,0x0892,0,0,0.0,False,True,上好铁甲片,材料,,素材,False,0,0,0,0,0,0,0,0,0,0,0,0,0,0,0
1924,45141,0xB055,0,0,0.0,False,True,最高级铁甲片,材料,,素材,False,0,0,0,0,0,0,0,0,0,0,0,0,0,0,0
1925,34616,0x8738,0,0,0.0,False,True,黄魂矿,材料,,素材,False,0,0,0,0,0,0,0,0,0,0,0,0,0,0,0
1926,40887,0x9FB7,0,0,0.0,False,True,翠魂矿,材料,,素材,False,0,0,0,0,0,0,0,0,0,0,0,0,0,0,0
1927,11158,0x2B96,0,0,0.0,False,True,碧魂矿,材料,,素材,False,0,0,0,0,0,0,0,0,0,0,0,0,0,0,0
1928,41777,0xA331,0,0,0.0,False,True,紫魂矿,材料,,素材,False,0,0,0,0,0,0,0,0,0,0,0,0,0,0,0
1929,41331,0xA173,0,0,0.0,False,True,鬼角,材料,,素材,False,0,0,0,0,0,0,0,0,0,0,0,0,0,0,0
1930,50199,0xC417,0,0,0.0,False,False,,,,,False,0,0,0,0,0,0,0,0,0,0,0,0,0,0,0
1931,27190,0x6A36,0,0,0.0,False,True,河童的背甲,材料,,素材,False,0,0,0,0,0,0,0,0,0,0,0,0,0,0,0
1932,32216,0x7DD8,0,0,0.0,False,True,苦痛之舌,材料,,素材,False,0,0,0,0,0,0,0,0,0,0,0,0,0,0,0
1933,41296,0xA150,0,0,0.0,False,True,纸伞骨干,材料,,素材,False,0,0,0,0,0,0,0,0,0,0,0,0,0,0,0
1934,52112,0xCB90,0,0,0.0,False,True,乌鸦天狗的羽毛,材料,,素材,False,0,0,0,0,0,0,0,0,0,0,0,0,0,0,0
1935,32404,0x7E94,0,0,0.0,False,False,,,,,False,0,0,0,0,0,0,0,0,0,0,0,0,0,0,0
1936,88,0x0058,0,0,0.0,False,False,,,,,False,0,0,0,0,0,0,0,0,0,0,0,0,0,0,0
1937,7016,0x1B68,0,0,0.0,False,True,女郎蜘蛛的脚壳,材料,,素材,False,0,0,0,0,0,0,0,0,0,0,0,0,0,0,0
1938,39318,0x9996,0,0,0.0,False,False,,,,,False,0,0,0,0,0,0,0,0,0,0,0,0,0,0,0
1939,41059,0xA063,0,0,0.0,False,False,,,,,False,0,0,0,0,0,0,0,0,0,0,0,0,0,0,0
1940,14181,0x3765,0,0,0.0,False,False,,,,,False,0,0,0,0,0,0,0,0,0,0,0,0,0,0,0
1941,57440,0xE060,0,0,0.0,False,False,,,,,False,0,0,0,0,0,0,0,0,0,0,0,0,0,0,0
1942,19320,0x4B78,0,0,0.0,False,False,,,,,False,0,0,0,0,0,0,0,0,0,0,0,0,0,0,0
1943,51112,0xC7A8,0,0,0.0,False,False,,,,,False,0,0,0,0,0,0,0,0,0,0,0,0,0,0,0
1944,19216,0x4B10,0,0,0.0,False,False,,,,,False,0,0,0,0,0,0,0,0,0,0,0,0,0,0,0
1945,18617,0x48B9,0,0,0.0,False,True,赤河童的背甲,材料,,素材,False,0,0,0,0,0,0,0,0,0,0,0,0,0,0,0
1946,26807,0x68B7,0,0,0.0,False,False,,,,,False,0,0,0,0,0,0,0,0,0,0,0,0,0,0,0
1947,44467,0xADB3,0,0,0.0,False,False,,,,,False,0,0,0,0,0,0,0,0,0,0,0,0,0,0,0
1948,8083,0x1F93,0,0,0.0,False,False,,,,,False,0,0,0,0,0,0,0,0,0,0,0,0,0,0,0
1949,30604,0x778C,0,0,0.0,False,False,,,,,False,0,0,0,0,0,0,0,0,0,0,0,0,0,0,0
1950,5958,0x1746,0,0,0.0,False,True,怪鸟嘴喙,材料,,素材,False,0,0,0,0,0,0,0,0,0,0,0,0,0,0,0
1951,12554,0x310A,0,0,0.0,False,True,灵石之腕,材料,,素材,False,0,0,0,0,0,0,0,0,0,0,0,0,0,0,0
1952,10577,0x2951,0,0,0.0,False,True,熏灰块,材料,,素材,False,0,0,0,0,0,0,0,0,0,0,0,0,0,0,0
1953,46899,0xB733,0,0,0.0,False,True,濡湿光亮的发束,材料,,素材,False,0,0,0,0,0,0,0,0,0,0,0,0,0,0,0
1954,36621,0x8F0D,0,0,0.0,False,True,独脚踏鞴之牙,材料,,素材,False,0,0,0,0,0,0,0,0,0,0,0,0,0,0,0
1955,63798,0xF936,0,0,0.0,False,False,,,,,False,0,0,0,0,0,0,0,0,0,0,0,0,0,0,0
1956,33018,0x80FA,0,0,0.0,False,True,歪曲颚骨,材料,,素材,False,0,0,0,0,0,0,0,0,0,0,0,0,0,0,0
1957,1759,0x06DF,0,0,0.0,False,True,白色发束,材料,,素材,False,0,0,0,0,0,0,0,0,0,0,0,0,0,0,0
1958,52868,0xCE84,0,0,0.0,False,True,猥裸单爪,材料,,素材,False,0,0,0,0,0,0,0,0,0,0,0,0,0,0,0
1959,23453,0x5B9D,0,0,0.0,False,True,燃尽的灯芯,材料,,素材,False,0,0,0,0,0,0,0,0,0,0,0,0,0,0,0
1960,14244,0x37A4,0,0,0.0,False,False,,,,,False,0,0,0,0,0,0,0,0,0,0,0,0,0,0,0
1961,35390,0x8A3E,0,0,0.0,False,True,镰刃碎片,材料,,素材,False,0,0,0,0,0,0,0,0,0,0,0,0,0,0,0
1962,36425,0x8E49,0,0,0.0,False,True,婴儿石的碎片,材料,,素材,False,0,0,0,0,0,0,0,0,0,0,0,0,0,0,0
1963,32307,0x7E33,0,0,0.0,False,True,弯曲的大角,材料,,素材,False,0,0,0,0,0,0,0,0,0,0,0,0,0,0,0
1964,59977,0xEA49,0,0,0.0,False,False,,,,,False,0,0,0,0,0,0,0,0,0,0,0,0,0,0,0
1965,25178,0x625A,0,0,0.0,False,True,血锈的锯齿,材料,,素材,False,0,0,0,0,0,0,0,0,0,0,0,0,0,0,0
1966,29977,0x7519,0,0,0.0,False,True,业火之钉,材料,,素材,False,0,0,0,0,0,0,0,0,0,0,0,0,0,0,0
1967,38565,0x96A5,0,0,0.0,False,True,猿鬼的毛皮,材料,,素材,False,0,0,0,0,0,0,0,0,0,0,0,0,0,0,0
1968,26297,0x66B9,0,0,0.0,False,True,束缚外道的灵石,材料,,素材,False,0,0,0,0,0,0,0,0,0,0,0,0,0,0,0
1969,35847,0x8C07,0,0,0.0,False,False,,,,,False,0,0,0,0,0,0,0,0,0,0,0,0,0,0,0
1970,19363,0x4BA3,0,0,0.0,False,False,,,,,False,0,0,0,0,0,0,0,0,0,0,0,0,0,0,0
1971,44600,0xAE38,0,0,0.0,False,False,,,,,False,0,0,0,0,0,0,0,0,0,0,0,0,0,0,0
1972,4690,0x1252,0,0,0.0,False,True,冰炎金轮,材料,,素材,False,0,0,0,0,0,0,0,0,0,0,0,0,0,0,0
1973,62049,0xF261,0,0,0.0,False,True,始源的泥土,材料,,素材,False,0,0,0,0,0,0,0,0,0,0,0,0,0,0,0
1974,7487,0x1D3F,0,0,0.0,False,False,,,,,False,0,0,0,0,0,0,0,0,0,0,0,0,0,0,0
1975,27410,0x6B12,0,0,0.0,False,False,,,,,False,0,0,0,0,0,0,0,0,0,0,0,0,0,0,0
1976,34592,0x8720,0,0,0.0,False,False,,,,,False,0,0,0,0,0,0,0,0,0,0,0,0,0,0,0
1977,53723,0xD1DB,0,0,0.0,False,True,怨憎荆棘,材料,,素材,False,0,0,0,0,0,0,0,0,0,0,0,0,0,0,0
1978,41179,0xA0DB,0,0,0.0,False,True,琵琶的拨片,材料,,素材,False,0,0,0,0,0,0,0,0,0,0,0,0,0,0,0
1979,53929,0xD2A9,0,0,0.0,False,True,貉的围巾,材料,,素材,False,0,0,0,0,0,0,0,0,0,0,0,0,0,0,0
1980,37433,0x9239,0,0,0.0,False,True,泥墙的碎片,材料,,素材,False,0,0,0,0,0,0,0,0,0,0,0,0,0,0,0
1981,6783,0x1A7F,0,0,0.0,False,True,独眼小僧的木屐,材料,,素材,False,0,0,0,0,0,0,0,0,0,0,0,0,0,0,0
1982,23923,0x5D73,0,0,0.0,False,True,独眼鬼的腰布,材料,,素材,False,0,0,0,0,0,0,0,0,0,0,0,0,0,0,0
1983,39385,0x99D9,0,0,0.0,False,True,雪入道的腰布,材料,,素材,False,0,0,0,0,0,0,0,0,0,0,0,0,0,0,0
1984,15660,0x3D2C,0,0,0.0,False,True,白色卷布,材料,,素材,False,0,0,0,0,0,0,0,0,0,0,0,0,0,0,0
1985,24680,0x6068,0,0,0.0,False,True,小海坊主的眼石,材料,,素材,False,0,0,0,0,0,0,0,0,0,0,0,0,0,0,0
1986,25642,0x642A,0,0,0.0,False,True,变异皮肤片,材料,,素材,False,0,0,0,0,0,0,0,0,0,0,0,0,0,0,0
1987,5082,0x13DA,0,0,0.0,False,True,亡骸武者的仙骨,材料,,素材,False,0,0,0,0,0,0,0,0,0,0,0,0,0,0,0
1988,33815,0x8417,0,0,0.0,False,True,车轮碎片,材料,,素材,False,0,0,0,0,0,0,0,0,0,0,0,0,0,0,0
1989,42360,0xA578,0,0,0.0,False,False,,,,,False,0,0,0,0,0,0,0,0,0,0,0,0,0,0,0
1990,6774,0x1A76,0,0,0.0,False,True,鬼火核,材料,,素材,False,0,0,0,0,0,0,0,0,0,0,0,0,0,0,0
1991,41042,0xA052,0,0,0.0,False,True,妖蟹的螯,材料,,素材,False,0,0,0,0,0,0,0,0,0,0,0,0,0,0,0
1992,4246,0x1096,0,0,0.0,False,True,肉瘤怪的肝,材料,,素材,False,0,0,0,0,0,0,0,0,0,0,0,0,0,0,0
1993,43517,0xA9FD,0,0,0.0,False,False,,,,,False,0,0,0,0,0,0,0,0,0,0,0,0,0,0,0
1994,20334,0x4F6E,0,0,0.0,False,False,,,,,False,0,0,0,0,0,0,0,0,0,0,0,0,0,0,0
1995,31144,0x79A8,0,0,0.0,False,False,,,,,False,0,0,0,0,0,0,0,0,0,0,0,0,0,0,0
1996,23465,0x5BA9,0,0,0.0,False,True,诅咒五寸钉,材料,,素材,False,0,0,0,0,0,0,0,0,0,0,0,0,0,0,0
1997,33655,0x8377,0,0,0.0,False,False,,,,,False,0,0,0,0,0,0,0,0,0,0,0,0,0,0,0
1998,53902,0xD28E,0,0,0.0,False,False,,,,,False,0,0,0,0,0,0,0,0,0,0,0,0,0,0,0
1999,370,0x0172,0,0,0.0,False,True,子泣爷爷的胡须,材料,,素材,False,0,0,0,0,0,0,0,0,0,0,0,0,0,0,0
2000,53372,0xD07C,0,0,0.0,False,True,怪鸟的尾羽毛,材料,,素材,False,0,0,0,0,0,0,0,0,0,0,0,0,0,0,0
2001,16553,0x40A9,0,0,0.0,False,False,,,,,False,0,0,0,0,0,0,0,0,0,0,0,0,0,0,0
2002,34737,0x87B1,0,0,0.0,False,False,,,,,False,0,0,0,0,0,0,0,0,0,0,0,0,0,0,0
2003,23661,0x5C6D,0,0,0.0,False,False,,,,,False,0,0,0,0,0,0,0,0,0,0,0,0,0,0,0
2004,36992,0x9080,0,0,0.0,False,False,,,,,False,0,0,0,0,0,0,0,0,0,0,0,0,0,0,0
2005,52596,0xCD74,0,0,0.0,False,False,,,,,False,0,0,0,0,0,0,0,0,0,0,0,0,0,0,0
2006,47772,0xBA9C,0,0,0.0,False,False,,,,,False,0,0,0,0,0,0,0,0,0,0,0,0,0,0,0
2007,63013,0xF625,0,0,0.0,False,True,狱来首饰,材料,,素材,False,0,0,0,0,0,0,0,0,0,0,0,0,0,0,0
2008,39993,0x9C39,0,0,0.0,False,True,狱来首饰,材料,,素材,False,0,0,0,0,0,0,0,0,0,0,0,0,0,0,0
2009,33035,0x810B,0,0,0.0,False,True,狱来首饰,材料,,素材,False,0,0,0,0,0,0,0,0,0,0,0,0,0,0,0
2010,54201,0xD3B9,0,0,0.0,False,True,雷兽的毛皮,材料,,素材,False,0,0,0,0,0,0,0,0,0,0,0,0,0,0,0
2011,3881,0x0F29,0,0,0.0,False,True,饿狼之爪,材料,,素材,False,0,0,0,0,0,0,0,0,0,0,0,0,0,0,0
2012,61340,0xEF9C,0,0,0.0,False,True,绿化的表皮,材料,,素材,False,0,0,0,0,0,0,0,0,0,0,0,0,0,0,0
2013,61689,0xF0F9,0,0,0.0,False,True,无头马的大尾,材料,,素材,False,0,0,0,0,0,0,0,0,0,0,0,0,0,0,0
2014,8845,0x228D,0,0,0.0,False,True,野兽的大耳,材料,,素材,False,0,0,0,0,0,0,0,0,0,0,0,0,0,0,0
2015,14913,0x3A41,0,0,0.0,False,True,沾满沙子的布块,材料,,素材,False,0,0,0,0,0,0,0,0,0,0,0,0,0,0,0
2016,42411,0xA5AB,0,0,0.0,False,True,锐利的毒针,材料,,素材,False,0,0,0,0,0,0,0,0,0,0,0,0,0,0,0
2017,56735,0xDD9F,0,0,0.0,False,True,幽鬼的灵核,材料,,素材,False,0,0,0,0,0,0,0,0,0,0,0,0,0,0,0
2018,205,0x00CD,0,0,0.0,False,True,鲜艳的鳞片,材料,,素材,False,0,0,0,0,0,0,0,0,0,0,0,0,0,0,0
2019,57203,0xDF73,0,0,0.0,False,True,强韧的长颈椎,材料,,素材,False,0,0,0,0,0,0,0,0,0,0,0,0,0,0,0
2020,52912,0xCEB0,0,0,0.0,False,True,朱盆的独角,材料,,素材,False,0,0,0,0,0,0,0,0,0,0,0,0,0,0,0
2021,16797,0x419D,0,0,0.0,False,True,歪曲颚骨,材料,,素材,False,0,0,0,0,0,0,0,0,0,0,0,0,0,0,0
2022,58092,0xE2EC,0,0,0.0,False,True,发达的门齿,材料,,素材,False,0,0,0,0,0,0,0,0,0,0,0,0,0,0,0
2023,2661,0x0A65,0,0,0.0,False,True,带角的头骨片,材料,,素材,False,0,0,0,0,0,0,0,0,0,0,0,0,0,0,0
2024,17600,0x44C0,0,0,0.0,False,True,防人的石铠碎片,材料,,素材,False,0,0,0,0,0,0,0,0,0,0,0,0,0,0,0
2025,25653,0x6435,0,0,0.0,False,True,不会融化的冰柱,材料,,素材,False,0,0,0,0,0,0,0,0,0,0,0,0,0,0,0
2026,6944,0x1B20,0,0,0.0,False,True,成对的大蛇骨,材料,,素材,False,0,0,0,0,0,0,0,0,0,0,0,0,0,0,0
2027,31876,0x7C84,0,0,0.0,False,True,大天狗的拨风羽,材料,,素材,False,0,0,0,0,0,0,0,0,0,0,0,0,0,0,0
2028,57093,0xDF05,0,0,0.0,False,True,乌黑发亮的垂发,材料,,素材,False,0,0,0,0,0,0,0,0,0,0,0,0,0,0,0
2029,18501,0x4845,0,0,0.0,False,True,茨木童子的雷刺,材料,,素材,False,0,0,0,0,0,0,0,0,0,0,0,0,0,0,0
2030,56708,0xDD84,0,0,0.0,False,True,涂佛的绯眼,材料,,素材,False,0,0,0,0,0,0,0,0,0,0,0,0,0,0,0
2031,39149,0x98ED,0,0,0.0,False,True,傲岸鬼角,材料,,素材,False,0,0,0,0,0,0,0,0,0,0,0,0,0,0,0
2032,42531,0xA623,0,0,0.0,False,True,冒疾鬼角,材料,,素材,False,0,0,0,0,0,0,0,0,0,0,0,0,0,0,0
2033,23542,0x5BF6,0,0,0.0,False,True,执心鬼角,材料,,素材,False,0,0,0,0,0,0,0,0,0,0,0,0,0,0,0
2034,545,0x0221,0,0,0.0,False,True,飞缘魔的黑布,材料,,素材,False,0,0,0,0,0,0,0,0,0,0,0,0,0,0,0
2035,21756,0x54FC,0,0,0.0,False,True,修罗的腥血,材料,,素材,False,0,0,0,0,0,0,0,0,0,0,0,0,0,0,0
2036,2120,0x0848,0,0,0.0,False,True,地狱的魂玉,材料,,素材,False,0,0,0,0,0,0,0,0,0,0,0,0,0,0,0
2037,48277,0xBC95,0,0,0.0,False,True,铁鼠的门牙,材料,,素材,False,0,0,0,0,0,0,0,0,0,0,0,0,0,0,0
2038,61167,0xEEEF,0,0,0.0,False,True,垢尝的棘舌,材料,,素材,False,0,0,0,0,0,0,0,0,0,0,0,0,0,0,0
2039,38512,0x9670,0,0,0.0,False,True,狂暴旋角,材料,,素材,False,0,0,0,0,0,0,0,0,0,0,0,0,0,0,0
2040,1202,0x04B2,0,0,0.0,False,True,大蛤蟆油,材料,,素材,False,0,0,0,0,0,0,0,0,0,0,0,0,0,0,0
2041,43896,0xAB78,0,0,0.0,False,False,,,,,False,0,0,0,0,0,0,0,0,0,0,0,0,0,0,0
2042,27985,0x6D51,0,0,0.0,False,False,,,,,False,0,0,0,0,0,0,0,0,0,0,0,0,0,0,0
2043,41525,0xA235,0,0,0.0,False,False,,,,,False,0,0,0,0,0,0,0,0,0,0,0,0,0,0,0
2044,31508,0x7B14,0,0,0.0,False,False,,,,,False,0,0,0,0,0,0,0,0,0,0,0,0,0,0,0
2045,63907,0xF9A3,0,0,0.0,False,False,,,,,False,0,0,0,0,0,0,0,0,0,0,0,0,0,0,0
2046,4699,0x125B,0,0,0.0,False,False,,,,,False,0,0,0,0,0,0,0,0,0,0,0,0,0,0,0
2047,64256,0xFB00,0,0,0.0,False,False,,,,,False,0,0,0,0,0,0,0,0,0,0,0,0,0,0,0
2048,55570,0xD912,0,0,0.0,False,False,,,,,False,0,0,0,0,0,0,0,0,0,0,0,0,0,0,0
2049,58836,0xE5D4,0,0,0.0,False,False,,,,,False,0,0,0,0,0,0,0,0,0,0,0,0,0,0,0
2050,20264,0x4F28,0,0,0.0,False,True,鲜艳的香草,材料,,素材,False,0,0,0,0,0,0,0,0,0,0,0,0,0,0,0
2051,19336,0x4B88,0,0,0.0,False,True,新鲜的嫩草,材料,,素材,False,0,0,0,0,0,0,0,0,0,0,0,0,0,0,0
2052,2052,0x0804,0,0,0.0,False,True,猛兽的大骨,材料,,素材,False,0,0,0,0,0,0,0,0,0,0,0,0,0,0,0
2053,21075,0x5253,0,0,0.0,False,True,野兽的小骨,材料,,素材,False,0,0,0,0,0,0,0,0,0,0,0,0,0,0,0
2054,62463,0xF3FF,0,0,0.0,False,True,闪耀晶石,材料,,素材,False,0,0,0,0,0,0,0,0,0,0,0,0,0,0,0
2055,52257,0xCC21,0,0,0.0,False,True,微光原石,材料,,素材,False,0,0,0,0,0,0,0,0,0,0,0,0,0,0,0
2056,3610,0x0E1A,0,0,0.0,False,True,古树粗枝,材料,,素材,False,0,0,0,0,0,0,0,0,0,0,0,0,0,0,0
2057,1386,0x056A,0,0,0.0,False,True,柔韧嫩枝,材料,,素材,False,0,0,0,0,0,0,0,0,0,0,0,0,0,0,0
2058,51528,0xC948,0,0,0.0,False,True,干燥落穗,材料,,素材,False,0,0,0,0,0,0,0,0,0,0,0,0,0,0,0
2059,13762,0x35C2,0,0,0.0,False,True,薄树皮,材料,,素材,False,0,0,0,0,0,0,0,0,0,0,0,0,0,0,0
2060,14851,0x3A03,0,0,0.0,False,True,清澈名水,材料,,素材,False,0,0,0,0,0,0,0,0,0,0,0,0,0,0,0
2061,13603,0x3523,0,0,0.0,False,True,纯净泉水,材料,,素材,False,0,0,0,0,0,0,0,0,0,0,0,0,0,0,0
2062,9690,0x25DA,0,0,0.0,False,True,妖虫夏草,材料,,素材,False,0,0,0,0,0,0,0,0,0,0,0,0,0,0,0
2063,56483,0xDCA3,0,0,0.0,False,True,毒虫死骸,材料,,素材,False,0,0,0,0,0,0,0,0,0,0,0,0,0,0,0
2064,30041,0x7559,0,0,0.0,False,True,苦闷莲花,材料,,素材,False,0,0,0,0,0,0,0,0,0,0,0,0,0,0,0
2065,25903,0x652F,0,0,0.0,False,True,呻吟沙,材料,,素材,False,0,0,0,0,0,0,0,0,0,0,0,0,0,0,0
2066,30433,0x76E1,0,0,0.0,False,True,常世之泪,材料,,素材,False,0,0,0,0,0,0,0,0,0,0,0,0,0,0,0
2067,63709,0xF8DD,0,0,0.0,False,True,酒盅,重要物品,,任务或关键物品,False,0,0,0,0,0,0,0,0,0,0,0,0,0,0,0
2068,53326,0xD04E,0,0,0.0,False,True,裂开的酒盅,重要物品,,任务或关键物品,False,0,0,0,0,0,0,0,0,0,0,0,0,0,0,0
2069,32181,0x7DB5,0,0,0.0,False,True,白色酒盅,重要物品,,任务或关键物品,False,0,0,0,0,0,0,0,0,0,0,0,0,0,0,0
2070,61897,0xF1C9,0,0,0.0,False,True,妖怪泪珠,重要物品,,任务或关键物品,False,0,0,0,0,0,0,0,0,0,0,0,0,0,0,0
2071,26683,0x683B,0,0,0.0,False,True,善擦的毛球,重要物品,,任务或关键物品,False,0,0,0,0,0,0,0,0,0,0,0,0,0,0,0
2072,12683,0x318B,0,0,0.0,False,True,魂核箱,重要物品,,任务或关键物品,False,0,0,0,0,0,0,0,0,0,0,0,0,0,0,0
2073,38133,0x94F5,0,0,0.0,False,True,导镜,重要物品,,任务或关键物品,False,0,0,0,0,0,0,0,0,0,0,0,0,0,0,0
2074,63607,0xF877,0,0,0.0,False,True,净化灵符,重要物品,,任务或关键物品,False,0,0,0,0,0,0,0,0,0,0,0,0,0,0,0
2075,20862,0x517E,0,0,0.0,False,True,灵石筒,重要物品,,任务或关键物品,False,0,0,0,0,0,0,0,0,0,0,0,0,0,0,0
2076,10512,0x2910,0,0,0.0,False,True,壬生寺钥匙,重要物品,,任务或关键物品,False,0,0,0,0,0,0,0,0,0,0,0,0,0,0,0
2077,42916,0xA7A4,0,0,0.0,False,True,焦黑的钥匙,重要物品,,任务或关键物品,False,0,0,0,0,0,0,0,0,0,0,0,0,0,0,0
2078,10959,0x2ACF,0,0,0.0,False,True,染血的铁钥匙,重要物品,,任务或关键物品,False,0,0,0,0,0,0,0,0,0,0,0,0,0,0,0
2079,17201,0x4331,0,0,0.0,False,True,废村钥匙,重要物品,,任务或关键物品,False,0,0,0,0,0,0,0,0,0,0,0,0,0,0,0
2080,51524,0xC944,0,0,0.0,False,True,三重塔钥匙,重要物品,,任务或关键物品,False,0,0,0,0,0,0,0,0,0,0,0,0,0,0,0
2081,1578,0x062A,0,0,0.0,False,True,废弃神社钥匙,重要物品,,任务或关键物品,False,0,0,0,0,0,0,0,0,0,0,0,0,0,0,0
2082,12464,0x30B0,0,0,0.0,False,True,牢房钥匙,重要物品,,任务或关键物品,False,0,0,0,0,0,0,0,0,0,0,0,0,0,0,0
2083,53616,0xD170,0,0,0.0,False,True,山寺钥匙,重要物品,,任务或关键物品,False,0,0,0,0,0,0,0,0,0,0,0,0,0,0,0
2084,40841,0x9F89,0,0,0.0,False,True,发黑的钥匙,重要物品,,任务或关键物品,False,0,0,0,0,0,0,0,0,0,0,0,0,0,0,0
2085,47035,0xB7BB,0,0,0.0,False,False,,,,,False,0,0,0,0,0,0,0,0,0,0,0,0,0,0,0
2086,55195,0xD79B,0,0,0.0,False,True,脏污的铁钥匙,重要物品,,任务或关键物品,False,0,0,0,0,0,0,0,0,0,0,0,0,0,0,0
2087,43678,0xAA9E,0,0,0.0,False,False,,,,,False,0,0,0,0,0,0,0,0,0,0,0,0,0,0,0
2088,63603,0xF873,0,0,0.0,False,True,青楼钥匙,重要物品,,任务或关键物品,False,0,0,0,0,0,0,0,0,0,0,0,0,0,0,0
2089,43829,0xAB35,0,0,0.0,False,True,灯油皿,重要物品,,任务或关键物品,False,0,0,0,0,0,0,0,0,0,0,0,0,0,0,0
2090,12291,0x3003,0,0,0.0,False,True,鬼美浓不动守,重要物品,,任务或关键物品,False,0,0,0,0,0,0,0,0,0,0,0,0,0,0,0
2091,38673,0x9711,0,0,0.0,False,True,信玄的军扇,重要物品,,任务或关键物品,False,0,0,0,0,0,0,0,0,0,0,0,0,0,0,0
2092,13892,0x3644,0,0,0.0,False,True,武田纹酒瓶,重要物品,,任务或关键物品,False,0,0,0,0,0,0,0,0,0,0,0,0,0,0,0
2093,64811,0xFD2B,0,0,0.0,False,True,武田信玄像,重要物品,,任务或关键物品,False,0,0,0,0,0,0,0,0,0,0,0,0,0,0,0
2094,3298,0x0CE2,0,0,0.0,False,True,东寺的妖怪绘卷,重要物品,,任务或关键物品,False,0,0,0,0,0,0,0,0,0,0,0,0,0,0,0
2095,12875,0x324B,0,0,0.0,False,True,肉妖的胆石,重要物品,,任务或关键物品,False,0,0,0,0,0,0,0,0,0,0,0,0,0,0,0
2096,47090,0xB7F2,0,0,0.0,False,True,妖黄汤,重要物品,,任务或关键物品,False,0,0,0,0,0,0,0,0,0,0,0,0,0,0,0
2097,41312,0xA160,0,0,0.0,False,True,容平丸,重要物品,,任务或关键物品,False,0,0,0,0,0,0,0,0,0,0,0,0,0,0,0
2098,53643,0xD18B,0,0,0.0,False,True,靛蓝梅花藻,重要物品,,任务或关键物品,False,0,0,0,0,0,0,0,0,0,0,0,0,0,0,0
2099,34913,0x8861,0,0,0.0,False,True,番茄,重要物品,,任务或关键物品,False,0,0,0,0,0,0,0,0,0,0,0,0,0,0,0
2100,33443,0x82A3,0,0,0.0,False,True,童子切安纲,重要物品,,任务或关键物品,False,0,0,0,0,0,0,0,0,0,0,0,0,0,0,0
2101,59703,0xE937,0,0,0.0,False,True,三日月宗近,重要物品,,任务或关键物品,False,0,0,0,0,0,0,0,0,0,0,0,0,0,0,0
2102,15343,0x3BEF,0,0,0.0,False,True,大典太光世,重要物品,,任务或关键物品,False,0,0,0,0,0,0,0,0,0,0,0,0,0,0,0
2103,60117,0xEAD5,0,0,0.0,False,True,童子切安纲,重要物品,,任务或关键物品,False,0,0,0,0,0,0,0,0,0,0,0,0,0,0,0
2104,50889,0xC6C9,0,0,0.0,False,True,三日月宗近,重要物品,,任务或关键物品,False,0,0,0,0,0,0,0,0,0,0,0,0,0,0,0
2105,7194,0x1C1A,0,0,0.0,False,True,大典太光世,重要物品,,任务或关键物品,False,0,0,0,0,0,0,0,0,0,0,0,0,0,0,0
2106,13921,0x3661,0,0,0.0,False,True,白绿贵石,重要物品,,任务或关键物品,False,0,0,0,0,0,0,0,0,0,0,0,0,0,0,0
2107,42393,0xA599,0,0,0.0,False,True,褪色的铁钥匙,重要物品,,任务或关键物品,False,0,0,0,0,0,0,0,0,0,0,0,0,0,0,0
2108,9824,0x2660,0,0,0.0,False,True,大型青瓷壶,重要物品,,任务或关键物品,False,0,0,0,0,0,0,0,0,0,0,0,0,0,0,0
2109,15420,0x3C3C,0,0,0.0,False,True,澄净青瓷茶碗,重要物品,,任务或关键物品,False,0,0,0,0,0,0,0,0,0,0,0,0,0,0,0
2110,58707,0xE553,0,0,0.0,False,True,无瑕青瓷茶碗,道具,,可使用道具,False,0,0,0,0,0,0,0,0,0,0,0,0,0,0,0
2111,12231,0x2FC7,0,0,0.0,False,True,美丽青瓷茶碗,重要物品,,任务或关键物品,False,0,0,0,0,0,0,0,0,0,0,0,0,0,0,0
2112,64788,0xFD14,0,0,0.0,False,True,草薙之画,重要物品,,任务或关键物品,False,0,0,0,0,0,0,0,0,0,0,0,0,0,0,0
2113,35356,0x8A1C,0,0,0.0,False,True,染血的书信,重要物品,,任务或关键物品,False,0,0,0,0,0,0,0,0,0,0,0,0,0,0,0
2114,50591,0xC59F,0,0,0.0,False,True,滨松的鳗鱼,重要物品,,任务或关键物品,False,0,0,0,0,0,0,0,0,0,0,0,0,0,0,0
2115,34749,0x87BD,0,0,0.0,False,True,熏香,重要物品,,任务或关键物品,False,0,0,0,0,0,0,0,0,0,0,0,0,0,0,0
2116,18248,0x4748,0,0,0.0,False,True,异国的水果酒,重要物品,,任务或关键物品,False,0,0,0,0,0,0,0,0,0,0,0,0,0,0,0
2117,4803,0x12C3,0,0,0.0,False,True,黄金钥匙,重要物品,,任务或关键物品,False,0,0,0,0,0,0,0,0,0,0,0,0,0,0,0
2118,59064,0xE6B8,0,0,0.0,False,True,柳生众的钥匙,重要物品,,任务或关键物品,False,0,0,0,0,0,0,0,0,0,0,0,0,0,0,0
2119,57259,0xDFAB,0,0,0.0,False,True,异国纹样钥匙,重要物品,,任务或关键物品,False,0,0,0,0,0,0,0,0,0,0,0,0,0,0,0
2120,49011,0xBF73,0,0,0.0,False,False,,,,,False,0,0,0,0,0,0,0,0,0,0,0,0,0,0,0
2121,63002,0xF61A,0,0,0.0,False,False,,,,,False,0,0,0,0,0,0,0,0,0,0,0,0,0,0,0
2122,26413,0x672D,0,0,0.0,False,False,,,,,False,0,0,0,0,0,0,0,0,0,0,0,0,0,0,0
2123,5992,0x1768,0,0,0.0,False,False,,,,,False,0,0,0,0,0,0,0,0,0,0,0,0,0,0,0
2124,45982,0xB39E,0,0,0.0,False,False,,,,,False,0,0,0,0,0,0,0,0,0,0,0,0,0,0,0
2125,18485,0x4835,0,0,0.0,False,False,,,,,False,0,0,0,0,0,0,0,0,0,0,0,0,0,0,0
2126,65087,0xFE3F,0,0,0.0,False,False,,,,,False,0,0,0,0,0,0,0,0,0,0,0,0,0,0,0
2127,28853,0x70B5,0,0,0.0,False,False,,,,,False,0,0,0,0,0,0,0,0,0,0,0,0,0,0,0
2128,35623,0x8B27,0,0,0.0,False,False,,,,,False,0,0,0,0,0,0,0,0,0,0,0,0,0,0,0
2129,22266,0x56FA,0,0,0.0,False,False,,,,,False,0,0,0,0,0,0,0,0,0,0,0,0,0,0,0
2130,21011,0x5213,0,0,0.0,False,True,城门钥匙,重要物品,,任务或关键物品,False,0,0,0,0,0,0,0,0,0,0,0,0,0,0,0
2131,13658,0x355A,0,0,0.0,False,True,阴阳窟钥匙,重要物品,,任务或关键物品,False,0,0,0,0,0,0,0,0,0,0,0,0,0,0,0
2132,15851,0x3DEB,0,0,0.0,False,True,遗迹钥匙,重要物品,,任务或关键物品,False,0,0,0,0,0,0,0,0,0,0,0,0,0,0,0
2133,32025,0x7D19,0,0,0.0,False,False,,,,,False,0,0,0,0,0,0,0,0,0,0,0,0,0,0,0
2134,25780,0x64B4,0,0,0.0,False,False,,,,,False,0,0,0,0,0,0,0,0,0,0,0,0,0,0,0
2135,44589,0xAE2D,0,0,0.0,False,False,,,,,False,0,0,0,0,0,0,0,0,0,0,0,0,0,0,0
2136,215,0x00D7,0,0,0.0,False,False,,,,,False,0,0,0,0,0,0,0,0,0,0,0,0,0,0,0
2137,60334,0xEBAE,0,0,0.0,False,False,,,,,False,0,0,0,0,0,0,0,0,0,0,0,0,0,0,0
2138,13019,0x32DB,0,0,0.0,False,False,,,,,False,0,0,0,0,0,0,0,0,0,0,0,0,0,0,0
2139,39067,0x989B,0,0,0.0,False,False,,,,,False,0,0,0,0,0,0,0,0,0,0,0,0,0,0,0
2140,54523,0xD4FB,0,0,0.0,False,False,,,,,False,0,0,0,0,0,0,0,0,0,0,0,0,0,0,0
2141,28490,0x6F4A,0,0,0.0,False,False,,,,,False,0,0,0,0,0,0,0,0,0,0,0,0,0,0,0
2142,59186,0xE732,0,0,0.0,False,False,,,,,False,0,0,0,0,0,0,0,0,0,0,0,0,0,0,0
2143,39710,0x9B1E,0,0,0.0,False,False,,,,,False,0,0,0,0,0,0,0,0,0,0,0,0,0,0,0
2144,23584,0x5C20,0,0,0.0,False,False,,,,,False,0,0,0,0,0,0,0,0,0,0,0,0,0,0,0
2145,62283,0xF34B,0,0,0.0,False,False,,,,,False,0,0,0,0,0,0,0,0,0,0,0,0,0,0,0
2146,20253,0x4F1D,0,0,0.0,False,True,客厅钥匙,重要物品,,任务或关键物品,False,0,0,0,0,0,0,0,0,0,0,0,0,0,0,0
2147,51050,0xC76A,0,0,0.0,False,False,,,,,False,0,0,0,0,0,0,0,0,0,0,0,0,0,0,0
2148,60326,0xEBA6,0,0,0.0,False,False,,,,,False,0,0,0,0,0,0,0,0,0,0,0,0,0,0,0
2149,18149,0x46E5,0,0,0.0,False,False,,,,,False,0,0,0,0,0,0,0,0,0,0,0,0,0,0,0
2150,36257,0x8DA1,0,0,0.0,False,False,,,,,False,0,0,0,0,0,0,0,0,0,0,0,0,0,0,0
2151,41112,0xA098,0,0,0.0,False,False,,,,,False,0,0,0,0,0,0,0,0,0,0,0,0,0,0,0
2152,57788,0xE1BC,0,0,0.0,False,False,,,,,False,0,0,0,0,0,0,0,0,0,0,0,0,0,0,0
2153,8188,0x1FFC,0,0,0.0,False,False,,,,,False,0,0,0,0,0,0,0,0,0,0,0,0,0,0,0
2154,4235,0x108B,0,0,0.0,False,False,,,,,False,0,0,0,0,0,0,0,0,0,0,0,0,0,0,0
2155,11757,0x2DED,0,0,0.0,False,False,,,,,False,0,0,0,0,0,0,0,0,0,0,0,0,0,0,0
2156,58936,0xE638,0,0,0.0,False,False,,,,,False,0,0,0,0,0,0,0,0,0,0,0,0,0,0,0
2157,24571,0x5FFB,0,0,0.0,False,False,,,,,False,0,0,0,0,0,0,0,0,0,0,0,0,0,0,0
2158,50028,0xC36C,0,0,0.0,False,True,安宅贞宗,重要物品,,任务或关键物品,False,0,0,0,0,0,0,0,0,0,0,0,0,0,0,0
2159,64436,0xFBB4,0,0,0.0,False,False,,,,,False,0,0,0,0,0,0,0,0,0,0,0,0,0,0,0
2160,23159,0x5A77,0,0,0.0,False,False,,,,,False,0,0,0,0,0,0,0,0,0,0,0,0,0,0,0
2161,38804,0x9794,0,0,0.0,False,True,大锻造铺的钥匙,重要物品,,任务或关键物品,False,0,0,0,0,0,0,0,0,0,0,0,0,0,0,0
2162,19712,0x4D00,0,0,0.0,False,False,,,,,False,0,0,0,0,0,0,0,0,0,0,0,0,0,0,0
2163,49155,0xC003,0,0,0.0,False,False,,,,,False,0,0,0,0,0,0,0,0,0,0,0,0,0,0,0
2164,13880,0x3638,0,0,0.0,False,False,,,,,False,0,0,0,0,0,0,0,0,0,0,0,0,0,0,0
2165,51883,0xCAAB,0,0,0.0,False,False,,,,,False,0,0,0,0,0,0,0,0,0,0,0,0,0,0,0
2166,55372,0xD84C,0,0,0.0,False,False,,,,,False,0,0,0,0,0,0,0,0,0,0,0,0,0,0,0
2167,15811,0x3DC3,0,0,0.0,False,False,,,,,False,0,0,0,0,0,0,0,0,0,0,0,0,0,0,0
2168,37552,0x92B0,0,0,0.0,False,False,,,,,False,0,0,0,0,0,0,0,0,0,0,0,0,0,0,0
2169,29814,0x7476,0,0,0.0,False,False,,,,,False,0,0,0,0,0,0,0,0,0,0,0,0,0,0,0
2170,56606,0xDD1E,0,0,0.0,False,False,,,,,False,0,0,0,0,0,0,0,0,0,0,0,0,0,0,0
2171,26903,0x6917,0,0,0.0,False,False,,,,,False,0,0,0,0,0,0,0,0,0,0,0,0,0,0,0
2172,41778,0xA332,0,0,0.0,False,False,,,,,False,0,0,0,0,0,0,0,0,0,0,0,0,0,0,0
2173,52014,0xCB2E,0,0,0.0,False,False,,,,,False,0,0,0,0,0,0,0,0,0,0,0,0,0,0,0
2174,32750,0x7FEE,0,0,0.0,False,False,,,,,False,0,0,0,0,0,0,0,0,0,0,0,0,0,0,0
2175,52113,0xCB91,0,0,0.0,False,False,,,,,False,0,0,0,0,0,0,0,0,0,0,0,0,0,0,0
2176,56096,0xDB20,0,0,0.0,False,False,,,,,False,0,0,0,0,0,0,0,0,0,0,0,0,0,0,0
2177,17583,0x44AF,0,0,0.0,False,False,,,,,False,0,0,0,0,0,0,0,0,0,0,0,0,0,0,0
2178,61349,0xEFA5,0,0,0.0,False,False,,,,,False,0,0,0,0,0,0,0,0,0,0,0,0,0,0,0
2179,10276,0x2824,0,0,0.0,False,False,,,,,False,0,0,0,0,0,0,0,0,0,0,0,0,0,0,0
2180,603,0x025B,0,0,0.0,False,False,,,,,False,0,0,0,0,0,0,0,0,0,0,0,0,0,0,0
2181,22951,0x59A7,0,0,0.0,False,False,,,,,False,0,0,0,0,0,0,0,0,0,0,0,0,0,0,0
2182,20954,0x51DA,0,0,0.0,False,False,,,,,False,0,0,0,0,0,0,0,0,0,0,0,0,0,0,0
2183,55761,0xD9D1,0,0,0.0,False,False,,,,,False,0,0,0,0,0,0,0,0,0,0,0,0,0,0,0
2184,34942,0x887E,0,0,0.0,False,False,,,,,False,0,0,0,0,0,0,0,0,0,0,0,0,0,0,0
2185,35405,0x8A4D,0,0,0.0,False,False,,,,,False,0,0,0,0,0,0,0,0,0,0,0,0,0,0,0
2186,46551,0xB5D7,0,0,0.0,False,False,,,,,False,0,0,0,0,0,0,0,0,0,0,0,0,0,0,0
2187,36919,0x9037,0,0,0.0,False,False,,,,,False,0,0,0,0,0,0,0,0,0,0,0,0,0,0,0
2188,6675,0x1A13,0,0,0.0,False,False,,,,,False,0,0,0,0,0,0,0,0,0,0,0,0,0,0,0
2189,41483,0xA20B,0,0,0.0,False,False,,,,,False,0,0,0,0,0,0,0,0,0,0,0,0,0,0,0
2190,18866,0x49B2,0,0,0.0,False,False,,,,,False,0,0,0,0,0,0,0,0,0,0,0,0,0,0,0
2191,33703,0x83A7,0,0,0.0,False,False,,,,,False,0,0,0,0,0,0,0,0,0,0,0,0,0,0,0
2192,29517,0x734D,0,0,0.0,False,False,,,,,False,0,0,0,0,0,0,0,0,0,0,0,0,0,0,0
2193,55844,0xDA24,0,0,0.0,False,False,,,,,False,0,0,0,0,0,0,0,0,0,0,0,0,0,0,0
2194,15252,0x3B94,0,0,0.0,False,True,神器·天丛云剑,重要物品,,任务或关键物品,False,0,0,0,0,0,0,0,0,0,0,0,0,0,0,0
2195,52543,0xCD3F,0,0,0.0,False,False,,,,,False,0,0,0,0,0,0,0,0,0,0,0,0,0,0,0
2196,18592,0x48A0,0,0,0.0,False,True,巨大婴儿石,重要物品,,任务或关键物品,False,0,0,0,0,0,0,0,0,0,0,0,0,0,0,0
2197,29962,0x750A,0,0,0.0,False,True,打火石,重要物品,,任务或关键物品,False,0,0,0,0,0,0,0,0,0,0,0,0,0,0,0
2198,33954,0x84A2,0,0,0.0,False,True,手折梅,重要物品,,任务或关键物品,False,0,0,0,0,0,0,0,0,0,0,0,0,0,0,0
2199,18202,0x471A,0,0,0.0,False,True,祓除矢,重要物品,,任务或关键物品,False,0,0,0,0,0,0,0,0,0,0,0,0,0,0,0
2200,7198,0x1C1E,0,0,0.0,False,True,打火石,重要物品,,任务或关键物品,False,0,0,0,0,0,0,0,0,0,0,0,0,0,0,0
2201,30769,0x7831,0,0,0.0,False,True,华香唐糕点,重要物品,,任务或关键物品,False,0,0,0,0,0,0,0,0,0,0,0,0,0,0,0
2202,17028,0x4284,0,0,0.0,False,False,,,,,False,0,0,0,0,0,0,0,0,0,0,0,0,0,0,0
2203,63365,0xF785,0,0,0.0,False,False,,,,,False,0,0,0,0,0,0,0,0,0,0,0,0,0,0,0
2204,35922,0x8C52,0,0,0.0,False,False,,,,,False,0,0,0,0,0,0,0,0,0,0,0,0,0,0,0
2205,57832,0xE1E8,0,0,0.0,False,False,,,,,False,0,0,0,0,0,0,0,0,0,0,0,0,0,0,0
2206,5513,0x1589,0,0,0.0,False,False,,,,,False,0,0,0,0,0,0,0,0,0,0,0,0,0,0,0
2207,36264,0x8DA8,0,0,0.0,False,False,,,,,False,0,0,0,0,0,0,0,0,0,0,0,0,0,0,0
2208,56537,0xDCD9,0,0,0.0,False,False,,,,,False,0,0,0,0,0,0,0,0,0,0,0,0,0,0,0
2209,63421,0xF7BD,0,0,0.0,False,False,,,,,False,0,0,0,0,0,0,0,0,0,0,0,0,0,0,0
2210,64816,0xFD30,0,0,0.0,False,False,,,,,False,0,0,0,0,0,0,0,0,0,0,0,0,0,0,0
2211,39519,0x9A5F,0,0,0.0,False,False,,,,,False,0,0,0,0,0,0,0,0,0,0,0,0,0,0,0
2212,44585,0xAE29,0,0,0.0,False,True,龙马的密信,重要物品,,任务或关键物品,False,0,0,0,0,0,0,0,0,0,0,0,0,0,0,0
2213,61610,0xF0AA,0,0,0.0,False,True,石田药散,重要物品,,任务或关键物品,False,0,0,0,0,0,0,0,0,0,0,0,0,0,0,0
2214,8289,0x2061,0,0,0.0,False,True,迦具土的勾玉,重要物品,,任务或关键物品,False,0,0,0,0,0,0,0,0,0,0,0,0,0,0,0
2215,62115,0xF2A3,0,0,0.0,False,True,弁庆隐藏的卷轴　上,重要物品,,任务或关键物品,False,0,0,0,0,0,0,0,0,0,0,0,0,0,0,0
2216,55522,0xD8E2,0,0,0.0,False,True,弁庆隐藏的卷轴　中,重要物品,,任务或关键物品,False,0,0,0,0,0,0,0,0,0,0,0,0,0,0,0
2217,26139,0x661B,0,0,0.0,False,True,弁庆隐藏的卷轴　下,重要物品,,任务或关键物品,False,0,0,0,0,0,0,0,0,0,0,0,0,0,0,0
2218,43654,0xAA86,0,0,0.0,False,False,,,,,False,0,0,0,0,0,0,0,0,0,0,0,0,0,0,0
2219,62300,0xF35C,0,0,0.0,False,False,,,,,False,0,0,0,0,0,0,0,0,0,0,0,0,0,0,0
2220,7365,0x1CC5,0,0,0.0,False,False,,,,,False,0,0,0,0,0,0,0,0,0,0,0,0,0,0,0
2221,17692,0x451C,0,0,0.0,False,False,,,,,False,0,0,0,0,0,0,0,0,0,0,0,0,0,0,0
2222,53054,0xCF3E,0,0,0.0,False,True,茶器,重要物品,,任务或关键物品,False,0,0,0,0,0,0,0,0,0,0,0,0,0,0,0
2223,11751,0x2DE7,5,1,0.1,False,False,,,,,False,0,0,0,0,0,0,0,0,0,0,0,0,0,0,0
2224,22219,0x56CB,0,0,0.0,False,True,振分发广光,重要物品,,任务或关键物品,False,0,0,0,0,0,0,0,0,0,0,0,0,0,0,0
2225,48629,0xBDF5,0,0,0.0,False,False,,,,,False,0,0,0,0,0,0,0,0,0,0,0,0,0,0,0
2226,16218,0x3F5A,0,0,0.0,False,True,招灵蜡烛,道具,,可使用道具,False,0,0,0,0,0,0,0,0,0,0,0,0,0,0,0
2227,34401,0x8661,0,0,0.0,False,True,招灵之铃,道具,,可使用道具,False,0,0,0,0,0,0,0,0,0,0,0,0,0,0,0
2228,32780,0x800C,0,0,0.0,False,True,六道轮回之书,道具,,可使用道具,False,0,0,0,0,0,0,0,0,0,0,0,0,0,0,0
2229,38518,0x9676,0,0,0.0,False,True,公案集,重要物品,,任务或关键物品,False,0,0,0,0,0,0,0,0,0,0,0,0,0,0,0
2230,49128,0xBFE8,0,0,0.0,False,False,,,,,False,0,0,0,0,0,0,0,0,0,0,0,0,0,0,0
2231,3569,0x0DF1,0,0,0.0,False,False,,,,,False,0,0,0,0,0,0,0,0,0,0,0,0,0,0,0
2232,41700,0xA2E4,0,0,0.0,False,True,妖涎香,重要物品,,任务或关键物品,False,0,0,0,0,0,0,0,0,0,0,0,0,0,0,0
2233,11089,0x2B51,0,0,0.0,False,True,隐世军忠状,重要物品,,任务或关键物品,False,0,0,0,0,0,0,0,0,0,0,0,0,0,0,0
2234,6377,0x18E9,0,0,0.0,False,True,切腹短刀,重要物品,,任务或关键物品,False,0,0,0,0,0,0,0,0,0,0,0,0,0,0,0
2235,19157,0x4AD5,0,0,0.0,False,True,冥府琉璃,重要物品,,任务或关键物品,False,0,0,0,0,0,0,0,0,0,0,0,0,0,0,0
2236,5135,0x140F,0,0,0.0,False,True,义之碧玉,道具,,可使用道具,False,0,0,0,0,0,0,0,0,0,0,0,0,0,0,0
2237,57391,0xE02F,0,0,0.0,False,True,神馔米,重要物品,,任务或关键物品,False,0,0,0,0,0,0,0,0,0,0,0,0,0,0,0
2238,8834,0x2282,0,0,0.0,False,True,海螺,重要物品,,任务或关键物品,False,0,0,0,0,0,0,0,0,0,0,0,0,0,0,0
2239,13034,0x32EA,0,0,0.0,False,True,除厄盐,重要物品,,任务或关键物品,False,0,0,0,0,0,0,0,0,0,0,0,0,0,0,0
2240,35431,0x8A67,0,0,0.0,False,True,难行石·将军,重要物品,,任务或关键物品,False,0,0,0,0,0,0,0,0,0,0,0,0,0,0,0
2241,39961,0x9C19,0,0,0.0,False,True,难行石·顿悟,重要物品,,任务或关键物品,False,0,0,0,0,0,0,0,0,0,0,0,0,0,0,0
2242,27403,0x6B0B,0,0,0.0,False,True,难行石·仁王,重要物品,,任务或关键物品,False,0,0,0,0,0,0,0,0,0,0,0,0,0,0,0
2243,4422,0x1146,0,0,0.0,False,True,缩地符,道具,,忍术或阴阳术道具,False,0,0,0,0,0,0,0,0,0,0,0,0,0,0,0
2244,22851,0x5943,0,0,0.0,False,True,道祖神护符,道具,,可使用道具,False,0,0,0,0,0,0,0,0,0,0,0,0,0,0,0
2245,24024,0x5DD8,0,0,0.0,False,True,神篱的碎片,重要物品,,任务或关键物品,False,0,0,0,0,0,0,0,0,0,0,0,0,0,0,0
2246,27155,0x6A13,0,0,0.0,False,True,神篱之木,道具,,可使用道具,False,0,0,0,0,0,0,0,0,0,0,0,0,0,0,0
2247,55599,0xD92F,0,0,0.0,False,True,忍术指南书“{}”,其他或系统项,,模式0x0D待确认,False,0,0,0,0,0,0,0,0,0,0,0,0,0,0,0
2248,29688,0x73F8,0,0,0.0,False,True,武技指南书“{}”,其他或系统项,,模式0x0C待确认,False,0,0,0,0,0,0,0,0,0,0,0,0,0,0,0
2249,54063,0xD32F,0,0,0.0,False,True,疾风奔驰,其他或系统项,,模式0x0C待确认,False,0,0,0,0,0,0,0,0,0,0,0,0,0,0,0
2250,8323,0x2083,0,0,0.0,False,True,残月,书籍与指南,,秘传书,False,0,0,0,0,0,0,0,0,0,0,0,0,0,0,0
2251,61519,0xF04F,0,0,0.0,False,True,居合,书籍与指南,,秘传书,False,0,0,0,0,0,0,0,0,0,0,0,0,0,0,0
2252,51654,0xC9C6,0,0,0.0,False,True,踢击,书籍与指南,,秘传书,False,0,0,0,0,0,0,0,0,0,0,0,0,0,0,0
2253,4615,0x1207,0,0,0.0,False,True,燕返,书籍与指南,,秘传书,False,0,0,0,0,0,0,0,0,0,0,0,0,0,0,0
2254,44039,0xAC07,0,0,0.0,False,True,飞天剑,书籍与指南,,秘传书,False,0,0,0,0,0,0,0,0,0,0,0,0,0,0,0
2255,46627,0xB623,0,0,0.0,False,True,小夜时雨,书籍与指南,,秘传书,False,0,0,0,0,0,0,0,0,0,0,0,0,0,0,0
2256,32446,0x7EBE,0,0,0.0,False,True,掷钓瓶,书籍与指南,,秘传书,False,0,0,0,0,0,0,0,0,0,0,0,0,0,0,0
2257,8267,0x204B,0,0,0.0,False,True,薮斩,书籍与指南,,秘传书,False,0,0,0,0,0,0,0,0,0,0,0,0,0,0,0
2258,14869,0x3A15,0,0,0.0,False,True,狩天鼠,书籍与指南,,秘传书,False,0,0,0,0,0,0,0,0,0,0,0,0,0,0,0
2259,8653,0x21CD,0,0,0.0,False,False,,,,,False,0,0,0,0,0,0,0,0,0,0,0,0,0,0,0
2260,15191,0x3B57,0,0,0.0,False,False,,,,,False,0,0,0,0,0,0,0,0,0,0,0,0,0,0,0
2261,11436,0x2CAC,0,0,0.0,False,False,,,,,False,0,0,0,0,0,0,0,0,0,0,0,0,0,0,0
2262,36530,0x8EB2,0,0,0.0,False,False,,,,,False,0,0,0,0,0,0,0,0,0,0,0,0,0,0,0
2263,63043,0xF643,0,0,0.0,False,False,,,,,False,0,0,0,0,0,0,0,0,0,0,0,0,0,0,0
2264,34273,0x85E1,0,0,0.0,False,False,,,,,False,0,0,0,0,0,0,0,0,0,0,0,0,0,0,0
2265,13309,0x33FD,0,0,0.0,False,False,,,,,False,0,0,0,0,0,0,0,0,0,0,0,0,0,0,0
2266,927,0x039F,0,0,0.0,False,False,,,,,False,0,0,0,0,0,0,0,0,0,0,0,0,0,0,0
2267,9408,0x24C0,0,0,0.0,False,True,^13~UNUSED~,书籍与指南,,秘传书,False,0,0,0,0,0,0,0,0,0,0,0,0,0,0,0
2268,20498,0x5012,0,0,0.0,False,True,风车手里剑,书籍与指南,,秘传书,False,0,0,0,0,0,0,0,0,0,0,0,0,0,0,0
2269,62863,0xF58F,0,0,0.0,False,False,,,,,False,0,0,0,0,0,0,0,0,0,0,0,0,0,0,0
2270,9817,0x2659,0,0,0.0,False,True,飞击之法,书籍与指南,,秘传书,False,0,0,0,0,0,0,0,0,0,0,0,0,0,0,0
2271,13176,0x3378,0,0,0.0,False,True,通灵法,书籍与指南,,秘传书,False,0,0,0,0,0,0,0,0,0,0,0,0,0,0,0
2272,26259,0x6693,0,0,0.0,False,True,克刚之利,书籍与指南,,秘传书,False,0,0,0,0,0,0,0,0,0,0,0,0,0,0,0
2273,37503,0x927F,0,0,0.0,False,True,祓除常世·灵,书籍与指南,,秘传书,False,0,0,0,0,0,0,0,0,0,0,0,0,0,0,0
2274,24377,0x5F39,0,0,0.0,False,True,净天地咒,书籍与指南,,秘传书,False,0,0,0,0,0,0,0,0,0,0,0,0,0,0,0
2275,56510,0xDCBE,0,0,0.0,False,True,灵妙之型,书籍与指南,,秘传书,False,0,0,0,0,0,0,0,0,0,0,0,0,0,0,0
2276,39910,0x9BE6,0,0,0.0,False,True,灵妙锐击之型,书籍与指南,,秘传书,False,0,0,0,0,0,0,0,0,0,0,0,0,0,0,0
2277,64679,0xFCA7,0,0,0.0,False,True,一击专心之型,书籍与指南,,秘传书,False,0,0,0,0,0,0,0,0,0,0,0,0,0,0,0
2278,62683,0xF4DB,0,0,0.0,False,True,望月之型,书籍与指南,,秘传书,False,0,0,0,0,0,0,0,0,0,0,0,0,0,0,0
2279,50335,0xC49F,0,0,0.0,False,True,残心·天,书籍与指南,,秘传书,False,0,0,0,0,0,0,0,0,0,0,0,0,0,0,0
2280,47960,0xBB58,0,0,0.0,False,True,残心·人,书籍与指南,,秘传书,False,0,0,0,0,0,0,0,0,0,0,0,0,0,0,0
2281,29409,0x72E1,0,0,0.0,False,True,残心·地,书籍与指南,,秘传书,False,0,0,0,0,0,0,0,0,0,0,0,0,0,0,0
2282,21718,0x54D6,0,0,0.0,False,True,重来之法,书籍与指南,,秘传书,False,0,0,0,0,0,0,0,0,0,0,0,0,0,0,0
2283,31136,0x79A0,0,0,0.0,False,True,刹那灵息,书籍与指南,,秘传书,False,0,0,0,0,0,0,0,0,0,0,0,0,0,0,0
2284,18606,0x48AE,0,0,0.0,False,True,祓除常世·天,书籍与指南,,秘传书,False,0,0,0,0,0,0,0,0,0,0,0,0,0,0,0
2285,51851,0xCA8B,0,0,0.0,False,True,祓除常世·人,书籍与指南,,秘传书,False,0,0,0,0,0,0,0,0,0,0,0,0,0,0,0
2286,41450,0xA1EA,0,0,0.0,False,True,祓除常世·地,书籍与指南,,秘传书,False,0,0,0,0,0,0,0,0,0,0,0,0,0,0,0
2287,1313,0x0521,0,0,0.0,False,True,闪躲之法,书籍与指南,,秘传书,False,0,0,0,0,0,0,0,0,0,0,0,0,0,0,0
2288,59016,0xE688,0,0,0.0,False,True,轻业法,书籍与指南,,秘传书,False,0,0,0,0,0,0,0,0,0,0,0,0,0,0,0
2289,57814,0xE1D6,0,0,0.0,False,True,回天之法,书籍与指南,,秘传书,False,0,0,0,0,0,0,0,0,0,0,0,0,0,0,0
2290,59701,0xE935,0,0,0.0,False,True,流水,书籍与指南,,秘传书,False,0,0,0,0,0,0,0,0,0,0,0,0,0,0,0
2291,40975,0xA00F,0,0,0.0,False,True,祓除常世·影,书籍与指南,,秘传书,False,0,0,0,0,0,0,0,0,0,0,0,0,0,0,0
2292,45396,0xB154,0,0,0.0,False,True,灵活之法,书籍与指南,,秘传书,False,0,0,0,0,0,0,0,0,0,0,0,0,0,0,0
2293,3168,0x0C60,0,0,0.0,False,True,留灵之法,书籍与指南,,秘传书,False,0,0,0,0,0,0,0,0,0,0,0,0,0,0,0
2294,54681,0xD599,0,0,0.0,False,True,拟忍杀法,书籍与指南,,秘传书,False,0,0,0,0,0,0,0,0,0,0,0,0,0,0,0
2295,15889,0x3E11,0,0,0.0,False,True,拟武杀法,书籍与指南,,秘传书,False,0,0,0,0,0,0,0,0,0,0,0,0,0,0,0
2296,44192,0xACA0,0,0,0.0,False,False,,,,,False,0,0,0,0,0,0,0,0,0,0,0,0,0,0,0
2297,63898,0xF99A,0,0,0.0,False,True,妙药心得,书籍与指南,,秘传书,False,0,0,0,0,0,0,0,0,0,0,0,0,0,0,0
2298,52713,0xCDE9,0,0,0.0,False,True,刚健法　壹,书籍与指南,,秘传书,False,0,0,0,0,0,0,0,0,0,0,0,0,0,0,0
2299,8618,0x21AA,0,0,0.0,False,True,刚健法　贰,书籍与指南,,秘传书,False,0,0,0,0,0,0,0,0,0,0,0,0,0,0,0
2300,5556,0x15B4,0,0,0.0,False,True,妖魅引导,书籍与指南,,秘传书,False,0,0,0,0,0,0,0,0,0,0,0,0,0,0,0
2301,63024,0xF630,0,0,0.0,False,True,防守心得　壹,书籍与指南,,秘传书,False,0,0,0,0,0,0,0,0,0,0,0,0,0,0,0
2302,33404,0x827C,0,0,0.0,False,True,防守心得　贰,书籍与指南,,秘传书,False,0,0,0,0,0,0,0,0,0,0,0,0,0,0,0
2303,6952,0x1B28,0,0,0.0,False,True,攻击心得　壹,书籍与指南,,秘传书,False,0,0,0,0,0,0,0,0,0,0,0,0,0,0,0
2304,33885,0x845D,0,0,0.0,False,True,攻击心得　贰,书籍与指南,,秘传书,False,0,0,0,0,0,0,0,0,0,0,0,0,0,0,0
2305,31631,0x7B8F,0,0,0.0,False,True,加工药箱,书籍与指南,,秘传书,False,0,0,0,0,0,0,0,0,0,0,0,0,0,0,0
2306,58529,0xE4A1,0,0,0.0,False,False,,,,,False,0,0,0,0,0,0,0,0,0,0,0,0,0,0,0
2307,32367,0x7E6F,0,0,0.0,False,True,练技心得,书籍与指南,,秘传书,False,0,0,0,0,0,0,0,0,0,0,0,0,0,0,0
2308,55142,0xD766,0,0,0.0,False,True,不屈不挠,书籍与指南,,秘传书,False,0,0,0,0,0,0,0,0,0,0,0,0,0,0,0
2309,59313,0xE7B1,0,0,0.0,False,True,蝴蝶之法,书籍与指南,,秘传书,False,0,0,0,0,0,0,0,0,0,0,0,0,0,0,0
2310,19830,0x4D76,0,0,0.0,False,True,护身幔之法,书籍与指南,,秘传书,False,0,0,0,0,0,0,0,0,0,0,0,0,0,0,0
2311,32653,0x7F8D,0,0,0.0,False,True,死战之型,书籍与指南,,秘传书,False,0,0,0,0,0,0,0,0,0,0,0,0,0,0,0
2312,5165,0x142D,0,0,0.0,False,True,格挡好手,书籍与指南,,秘传书,False,0,0,0,0,0,0,0,0,0,0,0,0,0,0,0
2313,24644,0x6044,0,0,0.0,False,True,刚技之型,书籍与指南,,秘传书,False,0,0,0,0,0,0,0,0,0,0,0,0,0,0,0
2314,6271,0x187F,0,0,0.0,False,True,背水之法,书籍与指南,,秘传书,False,0,0,0,0,0,0,0,0,0,0,0,0,0,0,0
2315,38836,0x97B4,0,0,0.0,False,True,磨练射法,书籍与指南,,秘传书,False,0,0,0,0,0,0,0,0,0,0,0,0,0,0,0
2316,24695,0x6077,0,0,0.0,False,True,穿铠法,书籍与指南,,秘传书,False,0,0,0,0,0,0,0,0,0,0,0,0,0,0,0
2317,51080,0xC788,0,0,0.0,False,True,初刀之理,书籍与指南,,秘传书,False,0,0,0,0,0,0,0,0,0,0,0,0,0,0,0
2318,31181,0x79CD,0,0,0.0,False,True,盗人法,书籍与指南,,秘传书,False,0,0,0,0,0,0,0,0,0,0,0,0,0,0,0
2319,26526,0x679E,0,0,0.0,False,True,毒蛇之法,书籍与指南,,秘传书,False,0,0,0,0,0,0,0,0,0,0,0,0,0,0,0
2320,18019,0x4663,0,0,0.0,False,True,毒牙之法,书籍与指南,,秘传书,False,0,0,0,0,0,0,0,0,0,0,0,0,0,0,0
2321,48265,0xBC89,0,0,0.0,False,True,瞬步之法,书籍与指南,,秘传书,False,0,0,0,0,0,0,0,0,0,0,0,0,0,0,0
2322,9168,0x23D0,0,0,0.0,False,True,识破好手,书籍与指南,,秘传书,False,0,0,0,0,0,0,0,0,0,0,0,0,0,0,0
2323,49596,0xC1BC,0,0,0.0,False,True,四神心得　刚,书籍与指南,,秘传书,False,0,0,0,0,0,0,0,0,0,0,0,0,0,0,0
2324,25256,0x62A8,0,0,0.0,False,True,四神心得　柔,书籍与指南,,秘传书,False,0,0,0,0,0,0,0,0,0,0,0,0,0,0,0
2325,49562,0xC19A,0,0,0.0,False,False,,,,,False,0,0,0,0,0,0,0,0,0,0,0,0,0,0,0
2326,39749,0x9B45,0,0,0.0,False,True,溪水之法,书籍与指南,,秘传书,False,0,0,0,0,0,0,0,0,0,0,0,0,0,0,0
2327,53368,0xD078,0,0,0.0,False,True,忍技锐击之法,书籍与指南,,秘传书,False,0,0,0,0,0,0,0,0,0,0,0,0,0,0,0
2328,8645,0x21C5,0,0,0.0,False,True,忍技乱击之法,书籍与指南,,秘传书,False,0,0,0,0,0,0,0,0,0,0,0,0,0,0,0
2329,19371,0x4BAB,0,0,0.0,False,True,转攻之法,书籍与指南,,秘传书,False,0,0,0,0,0,0,0,0,0,0,0,0,0,0,0
2330,16554,0x40AA,0,0,0.0,False,True,贯彻之法,书籍与指南,,秘传书,False,0,0,0,0,0,0,0,0,0,0,0,0,0,0,0
2331,53762,0xD202,0,0,0.0,False,True,暴刃之型,书籍与指南,,秘传书,False,0,0,0,0,0,0,0,0,0,0,0,0,0,0,0
2332,21807,0x552F,0,0,0.0,False,True,逆风火炎之法,书籍与指南,,秘传书,False,0,0,0,0,0,0,0,0,0,0,0,0,0,0,0
2333,12619,0x314B,0,0,0.0,False,True,跃动之法,书籍与指南,,秘传书,False,0,0,0,0,0,0,0,0,0,0,0,0,0,0,0
2334,43181,0xA8AD,0,0,0.0,False,True,回天之法,书籍与指南,,秘传书,False,0,0,0,0,0,0,0,0,0,0,0,0,0,0,0
2335,63540,0xF834,0,0,0.0,False,True,增益复制灵技,书籍与指南,,秘传书,False,0,0,0,0,0,0,0,0,0,0,0,0,0,0,0
2336,17193,0x4329,0,0,0.0,False,True,望月之型,书籍与指南,,秘传书,False,0,0,0,0,0,0,0,0,0,0,0,0,0,0,0
2337,55582,0xD91E,0,0,0.0,False,True,反弹好手,书籍与指南,,秘传书,False,0,0,0,0,0,0,0,0,0,0,0,0,0,0,0
2338,59078,0xE6C6,0,0,0.0,False,True,冬月明澄法,书籍与指南,,秘传书,False,0,0,0,0,0,0,0,0,0,0,0,0,0,0,0
2339,8118,0x1FB6,0,0,0.0,False,True,琢技持久法,书籍与指南,,秘传书,False,0,0,0,0,0,0,0,0,0,0,0,0,0,0,0
2340,26439,0x6747,0,0,0.0,False,True,涌活之法,书籍与指南,,秘传书,False,0,0,0,0,0,0,0,0,0,0,0,0,0,0,0
2341,1389,0x056D,0,0,0.0,False,True,^13~UNUSED~,书籍与指南,,秘传书,False,0,0,0,0,0,0,0,0,0,0,0,0,0,0,0
2342,56616,0xDD28,0,0,0.0,False,True,流轮之法,书籍与指南,,秘传书,False,0,0,0,0,0,0,0,0,0,0,0,0,0,0,0
2343,20320,0x4F60,0,0,0.0,False,True,克刚昂灵之法,书籍与指南,,秘传书,False,0,0,0,0,0,0,0,0,0,0,0,0,0,0,0
2344,14560,0x38E0,0,0,0.0,False,True,吸灵之法,书籍与指南,,秘传书,False,0,0,0,0,0,0,0,0,0,0,0,0,0,0,0
2345,23184,0x5A90,0,0,0.0,False,True,刚力之法,书籍与指南,,秘传书,False,0,0,0,0,0,0,0,0,0,0,0,0,0,0,0
2346,44170,0xAC8A,0,0,0.0,False,True,顺风之法,书籍与指南,,秘传书,False,0,0,0,0,0,0,0,0,0,0,0,0,0,0,0
2347,42925,0xA7AD,0,0,0.0,False,True,祸实之法,书籍与指南,,秘传书,False,0,0,0,0,0,0,0,0,0,0,0,0,0,0,0
2348,42792,0xA728,0,0,0.0,False,True,飞击之心得,书籍与指南,,秘传书,False,0,0,0,0,0,0,0,0,0,0,0,0,0,0,0
2349,12862,0x323E,0,0,0.0,False,True,残心之心得,书籍与指南,,秘传书,False,0,0,0,0,0,0,0,0,0,0,0,0,0,0,0
2350,13429,0x3475,0,0,0.0,False,True,阳之刹那,书籍与指南,,秘传书,False,0,0,0,0,0,0,0,0,0,0,0,0,0,0,0
2351,7663,0x1DEF,0,0,0.0,False,True,琢技坚固之法,书籍与指南,,秘传书,False,0,0,0,0,0,0,0,0,0,0,0,0,0,0,0
2352,50796,0xC66C,0,0,0.0,False,True,常世驱散,书籍与指南,,秘传书,False,0,0,0,0,0,0,0,0,0,0,0,0,0,0,0
2353,61382,0xEFC6,0,0,0.0,False,True,虚身之法,书籍与指南,,秘传书,False,0,0,0,0,0,0,0,0,0,0,0,0,0,0,0
2354,10923,0x2AAB,0,0,0.0,False,True,转心昂扬之法,书籍与指南,,秘传书,False,0,0,0,0,0,0,0,0,0,0,0,0,0,0,0
2355,52602,0xCD7A,0,0,0.0,False,True,打剑反攻之法,书籍与指南,,秘传书,False,0,0,0,0,0,0,0,0,0,0,0,0,0,0,0
2356,34283,0x85EB,0,0,0.0,False,True,背击吸活之法,书籍与指南,,秘传书,False,0,0,0,0,0,0,0,0,0,0,0,0,0,0,0
2357,980,0x03D4,0,0,0.0,False,True,^13~UNUSED~,书籍与指南,,秘传书,False,0,0,0,0,0,0,0,0,0,0,0,0,0,0,0
2358,40879,0x9FAF,0,0,0.0,False,True,圆猫之法,书籍与指南,,秘传书,False,0,0,0,0,0,0,0,0,0,0,0,0,0,0,0
2359,187,0x00BB,0,0,0.0,False,True,克刚影身之法,书籍与指南,,秘传书,False,0,0,0,0,0,0,0,0,0,0,0,0,0,0,0
2360,24341,0x5F15,0,0,0.0,False,True,琢技吸活之法,书籍与指南,,秘传书,False,0,0,0,0,0,0,0,0,0,0,0,0,0,0,0
2361,47749,0xBA85,0,0,0.0,False,True,阴阳自如之法,书籍与指南,,秘传书,False,0,0,0,0,0,0,0,0,0,0,0,0,0,0,0
2362,37517,0x928D,0,0,0.0,False,True,招灵自如之法,书籍与指南,,秘传书,False,0,0,0,0,0,0,0,0,0,0,0,0,0,0,0
2363,23531,0x5BEB,0,0,0.0,False,True,化身刚体之法,书籍与指南,,秘传书,False,0,0,0,0,0,0,0,0,0,0,0,0,0,0,0
2364,4035,0x0FC3,0,0,0.0,False,True,灭气追击之法,书籍与指南,,秘传书,False,0,0,0,0,0,0,0,0,0,0,0,0,0,0,0
2365,25312,0x62E0,0,0,0.0,False,True,转心斥风之法,书籍与指南,,秘传书,False,0,0,0,0,0,0,0,0,0,0,0,0,0,0,0
2366,43644,0xAA7C,0,0,0.0,False,True,转心气势之法,书籍与指南,,秘传书,False,0,0,0,0,0,0,0,0,0,0,0,0,0,0,0
2367,57759,0xE19F,0,0,0.0,False,True,幻缠之法,书籍与指南,,秘传书,False,0,0,0,0,0,0,0,0,0,0,0,0,0,0,0
2368,35226,0x899A,0,0,0.0,False,True,克刚气势之法,书籍与指南,,秘传书,False,0,0,0,0,0,0,0,0,0,0,0,0,0,0,0
2369,23577,0x5C19,0,0,0.0,False,True,克刚破铠之法,书籍与指南,,秘传书,False,0,0,0,0,0,0,0,0,0,0,0,0,0,0,0
2370,11275,0x2C0B,0,0,0.0,False,True,使役妙法,书籍与指南,,秘传书,False,0,0,0,0,0,0,0,0,0,0,0,0,0,0,0
2371,17984,0x4640,0,0,0.0,False,True,阴阳妙法,书籍与指南,,秘传书,False,0,0,0,0,0,0,0,0,0,0,0,0,0,0,0
2372,49245,0xC05D,0,0,0.0,False,True,灵技昂灵之法,书籍与指南,,秘传书,False,0,0,0,0,0,0,0,0,0,0,0,0,0,0,0
2373,29605,0x73A5,0,0,0.0,False,True,化身不坏之法,书籍与指南,,秘传书,False,0,0,0,0,0,0,0,0,0,0,0,0,0,0,0
2374,40287,0x9D5F,0,0,0.0,False,True,磨练拳法,书籍与指南,,秘传书,False,0,0,0,0,0,0,0,0,0,0,0,0,0,0,0
2375,27880,0x6CE8,0,0,0.0,False,True,无铠决死之法,书籍与指南,,秘传书,False,0,0,0,0,0,0,0,0,0,0,0,0,0,0,0
2376,49982,0xC33E,0,0,0.0,False,True,三战架式,书籍与指南,,秘传书,False,0,0,0,0,0,0,0,0,0,0,0,0,0,0,0
2377,45036,0xAFEC,0,0,0.0,False,True,使役心得,书籍与指南,,秘传书,False,0,0,0,0,0,0,0,0,0,0,0,0,0,0,0
2378,8796,0x225C,0,0,0.0,False,True,转心流击之法,书籍与指南,,秘传书,False,0,0,0,0,0,0,0,0,0,0,0,0,0,0,0
2379,23746,0x5CC2,0,0,0.0,False,True,阴之永恒,书籍与指南,,秘传书,False,0,0,0,0,0,0,0,0,0,0,0,0,0,0,0
2380,6758,0x1A66,0,0,0.0,False,True,琢技诸刃之法,书籍与指南,,秘传书,False,0,0,0,0,0,0,0,0,0,0,0,0,0,0,0
2381,20055,0x4E57,0,0,0.0,False,True,琢技夺灵之法,书籍与指南,,秘传书,False,0,0,0,0,0,0,0,0,0,0,0,0,0,0,0
2382,59277,0xE78D,0,0,0.0,False,True,反攻格挡,书籍与指南,,秘传书,False,0,0,0,0,0,0,0,0,0,0,0,0,0,0,0
2383,20821,0x5155,0,0,0.0,False,True,格挡脚法,书籍与指南,,秘传书,False,0,0,0,0,0,0,0,0,0,0,0,0,0,0,0
2384,8212,0x2014,0,0,0.0,False,True,不顺逆用格挡,书籍与指南,,秘传书,False,0,0,0,0,0,0,0,0,0,0,0,0,0,0,0
2385,24583,0x6007,0,0,0.0,False,True,琢技重刚之法,书籍与指南,,秘传书,False,0,0,0,0,0,0,0,0,0,0,0,0,0,0,0
2386,8595,0x2193,0,0,0.0,False,True,折刃格挡,书籍与指南,,秘传书,False,0,0,0,0,0,0,0,0,0,0,0,0,0,0,0
2387,43257,0xA8F9,0,0,0.0,False,True,压斩之法,书籍与指南,,秘传书,False,0,0,0,0,0,0,0,0,0,0,0,0,0,0,0
2388,2163,0x0873,0,0,0.0,False,True,吼龙格挡,书籍与指南,,秘传书,False,0,0,0,0,0,0,0,0,0,0,0,0,0,0,0
2389,64641,0xFC81,0,0,0.0,False,True,克刚琢技之法,书籍与指南,,秘传书,False,0,0,0,0,0,0,0,0,0,0,0,0,0,0,0
2390,37668,0x9324,0,0,0.0,False,True,琢技毒龙之法,书籍与指南,,秘传书,False,0,0,0,0,0,0,0,0,0,0,0,0,0,0,0
2391,31782,0x7C26,0,0,0.0,False,True,疾岚格挡,书籍与指南,,秘传书,False,0,0,0,0,0,0,0,0,0,0,0,0,0,0,0
2392,20335,0x4F6F,0,0,0.0,False,True,琢技布局之法,书籍与指南,,秘传书,False,0,0,0,0,0,0,0,0,0,0,0,0,0,0,0
2393,19539,0x4C53,0,0,0.0,False,True,克刚遁机之法,书籍与指南,,秘传书,False,0,0,0,0,0,0,0,0,0,0,0,0,0,0,0
2394,37081,0x90D9,0,0,0.0,False,True,鸢忍之法,书籍与指南,,秘传书,False,0,0,0,0,0,0,0,0,0,0,0,0,0,0,0
2395,9062,0x2366,0,0,0.0,False,True,忍术连锁之法,书籍与指南,,秘传书,False,0,0,0,0,0,0,0,0,0,0,0,0,0,0,0
2396,13279,0x33DF,0,0,0.0,False,True,幻术升腾之法,书籍与指南,,秘传书,False,0,0,0,0,0,0,0,0,0,0,0,0,0,0,0
2397,38976,0x9840,0,0,0.0,False,True,龙怒之法,书籍与指南,,秘传书,False,0,0,0,0,0,0,0,0,0,0,0,0,0,0,0
2398,15494,0x3C86,0,0,0.0,False,True,幻龙之法,书籍与指南,,秘传书,False,0,0,0,0,0,0,0,0,0,0,0,0,0,0,0
2399,47723,0xBA6B,0,0,0.0,False,True,遁转强袭之法,书籍与指南,,秘传书,False,0,0,0,0,0,0,0,0,0,0,0,0,0,0,0
2400,2153,0x0869,0,0,0.0,False,True,逆炎之法,书籍与指南,,秘传书,False,0,0,0,0,0,0,0,0,0,0,0,0,0,0,0
2401,40914,0x9FD2,0,0,0.0,False,True,忍术磨练,书籍与指南,,秘传书,False,0,0,0,0,0,0,0,0,0,0,0,0,0,0,0
2402,62342,0xF386,0,0,0.0,False,True,坚忍之法,书籍与指南,,秘传书,False,0,0,0,0,0,0,0,0,0,0,0,0,0,0,0
2403,3472,0x0D90,0,0,0.0,False,True,反攻识破,书籍与指南,,秘传书,False,0,0,0,0,0,0,0,0,0,0,0,0,0,0,0
2404,39886,0x9BCE,0,0,0.0,False,True,常世驱散之识破,书籍与指南,,秘传书,False,0,0,0,0,0,0,0,0,0,0,0,0,0,0,0
2405,27187,0x6A33,0,0,0.0,False,True,冻霞之法,书籍与指南,,秘传书,False,0,0,0,0,0,0,0,0,0,0,0,0,0,0,0
2406,8326,0x2086,0,0,0.0,False,True,霞惑之法,书籍与指南,,秘传书,False,0,0,0,0,0,0,0,0,0,0,0,0,0,0,0
2407,38301,0x959D,0,0,0.0,False,True,多才多艺,书籍与指南,,秘传书,False,0,0,0,0,0,0,0,0,0,0,0,0,0,0,0
2408,34634,0x874A,0,0,0.0,False,True,阴之永恒,书籍与指南,,秘传书,False,0,0,0,0,0,0,0,0,0,0,0,0,0,0,0
2409,3757,0x0EAD,0,0,0.0,False,True,瞬间格挡之法,书籍与指南,,秘传书,False,0,0,0,0,0,0,0,0,0,0,0,0,0,0,0
2410,32986,0x80DA,0,0,0.0,False,True,极限识破之法,书籍与指南,,秘传书,False,0,0,0,0,0,0,0,0,0,0,0,0,0,0,0
2411,6911,0x1AFF,0,0,0.0,False,True,使役强击之法,书籍与指南,,秘传书,False,0,0,0,0,0,0,0,0,0,0,0,0,0,0,0
2412,63842,0xF962,0,0,0.0,False,True,克刚使役之法,书籍与指南,,秘传书,False,0,0,0,0,0,0,0,0,0,0,0,0,0,0,0
2413,12197,0x2FA5,0,0,0.0,False,True,克刚昂神之法,书籍与指南,,秘传书,False,0,0,0,0,0,0,0,0,0,0,0,0,0,0,0
2414,3260,0x0CBC,0,0,0.0,False,True,克刚之利　改,书籍与指南,,秘传书,False,0,0,0,0,0,0,0,0,0,0,0,0,0,0,0
2415,25221,0x6285,0,0,0.0,False,True,刚健法　叁,书籍与指南,,秘传书,False,0,0,0,0,0,0,0,0,0,0,0,0,0,0,0
2416,63231,0xF6FF,0,0,0.0,False,True,攻击心得　参,书籍与指南,,秘传书,False,0,0,0,0,0,0,0,0,0,0,0,0,0,0,0
2417,32916,0x8094,0,0,0.0,False,True,防守心得　参,书籍与指南,,秘传书,False,0,0,0,0,0,0,0,0,0,0,0,0,0,0,0
2418,59884,0xE9EC,0,0,0.0,False,True,残心之心得　改,书籍与指南,,秘传书,False,0,0,0,0,0,0,0,0,0,0,0,0,0,0,0
2419,38412,0x960C,0,0,0.0,False,True,祓除常世·灵　改,书籍与指南,,秘传书,False,0,0,0,0,0,0,0,0,0,0,0,0,0,0,0
2420,11636,0x2D74,0,0,0.0,False,True,灵技琢技之法,书籍与指南,,秘传书,False,0,0,0,0,0,0,0,0,0,0,0,0,0,0,0
2421,36499,0x8E93,0,0,0.0,False,True,刚忍之法,书籍与指南,,秘传书,False,0,0,0,0,0,0,0,0,0,0,0,0,0,0,0
2422,58286,0xE3AE,0,0,0.0,False,True,千手千变,书籍与指南,,秘传书,False,0,0,0,0,0,0,0,0,0,0,0,0,0,0,0
2423,37751,0x9377,0,0,0.0,False,True,灵技布局之法,书籍与指南,,秘传书,False,0,0,0,0,0,0,0,0,0,0,0,0,0,0,0
2424,31118,0x798E,0,0,0.0,False,True,残月,其他或系统项,,模式0x0C待确认,False,0,0,0,0,0,0,0,0,0,0,0,0,0,0,0
2425,12023,0x2EF7,0,0,0.0,False,True,飞天剑,其他或系统项,,模式0x0C待确认,False,0,0,0,0,0,0,0,0,0,0,0,0,0,0,0
2426,21005,0x520D,0,0,0.0,False,True,剑气,其他或系统项,,模式0x0C待确认,False,0,0,0,0,0,0,0,0,0,0,0,0,0,0,0
2427,57749,0xE195,0,0,0.0,False,True,总卷,其他或系统项,,模式0x0C待确认,False,0,0,0,0,0,0,0,0,0,0,0,0,0,0,0
2428,16883,0x41F3,0,0,0.0,False,True,山风,其他或系统项,,模式0x0C待确认,False,0,0,0,0,0,0,0,0,0,0,0,0,0,0,0
2429,59718,0xE946,0,0,0.0,False,True,斩钉截铁,其他或系统项,,模式0x0C待确认,False,0,0,0,0,0,0,0,0,0,0,0,0,0,0,0
2430,32989,0x80DD,0,0,0.0,False,True,虎冲,其他或系统项,,模式0x0C待确认,False,0,0,0,0,0,0,0,0,0,0,0,0,0,0,0
2431,21839,0x554F,0,0,0.0,False,True,绝妙剑,其他或系统项,,模式0x0C待确认,False,0,0,0,0,0,0,0,0,0,0,0,0,0,0,0
2432,45412,0xB164,0,0,0.0,False,True,旭光,其他或系统项,,模式0x0C待确认,False,0,0,0,0,0,0,0,0,0,0,0,0,0,0,0
2433,36935,0x9047,0,0,0.0,False,True,无想剑,其他或系统项,,模式0x0C待确认,False,0,0,0,0,0,0,0,0,0,0,0,0,0,0,0
2434,30619,0x779B,0,0,0.0,False,True,昂龙牙,其他或系统项,,模式0x0C待确认,False,0,0,0,0,0,0,0,0,0,0,0,0,0,0,0
2435,31679,0x7BBF,0,0,0.0,False,True,浮叶,其他或系统项,,模式0x0C待确认,False,0,0,0,0,0,0,0,0,0,0,0,0,0,0,0
2436,41801,0xA349,0,0,0.0,False,True,落月,其他或系统项,,模式0x0C待确认,False,0,0,0,0,0,0,0,0,0,0,0,0,0,0,0
2437,55200,0xD7A0,0,0,0.0,False,True,浮叶,其他或系统项,,模式0x0C待确认,False,0,0,0,0,0,0,0,0,0,0,0,0,0,0,0
2438,16339,0x3FD3,0,0,0.0,False,True,鞍马剑舞,其他或系统项,,模式0x0C待确认,False,0,0,0,0,0,0,0,0,0,0,0,0,0,0,0
2439,7802,0x1E7A,0,0,0.0,False,True,掷钓瓶,其他或系统项,,模式0x0C待确认,False,0,0,0,0,0,0,0,0,0,0,0,0,0,0,0
2440,43951,0xABAF,0,0,0.0,False,True,影风,其他或系统项,,模式0x0C待确认,False,0,0,0,0,0,0,0,0,0,0,0,0,0,0,0
2441,9341,0x247D,0,0,0.0,False,True,蛇咬,其他或系统项,,模式0x0C待确认,False,0,0,0,0,0,0,0,0,0,0,0,0,0,0,0
2442,60140,0xEAEC,0,0,0.0,False,True,结锁,其他或系统项,,模式0x0C待确认,False,0,0,0,0,0,0,0,0,0,0,0,0,0,0,0
2443,36827,0x8FDB,0,0,0.0,False,True,缠击,其他或系统项,,模式0x0C待确认,False,0,0,0,0,0,0,0,0,0,0,0,0,0,0,0
2444,15278,0x3BAE,0,0,0.0,False,True,退击,其他或系统项,,模式0x0C待确认,False,0,0,0,0,0,0,0,0,0,0,0,0,0,0,0
2445,31560,0x7B48,0,0,0.0,False,True,舞藤,其他或系统项,,模式0x0C待确认,False,0,0,0,0,0,0,0,0,0,0,0,0,0,0,0
2446,6170,0x181A,0,0,0.0,False,False,,,,,False,0,0,0,0,0,0,0,0,0,0,0,0,0,0,0
2447,51469,0xC90D,0,0,0.0,False,True,后退斩,其他或系统项,,模式0x0C待确认,False,0,0,0,0,0,0,0,0,0,0,0,0,0,0,0
2448,38947,0x9823,0,0,0.0,False,True,飞猿,其他或系统项,,模式0x0C待确认,False,0,0,0,0,0,0,0,0,0,0,0,0,0,0,0
2449,58321,0xE3D1,0,0,0.0,False,False,,,,,False,0,0,0,0,0,0,0,0,0,0,0,0,0,0,0
2450,38161,0x9511,0,0,0.0,False,True,五月雨突刺,其他或系统项,,模式0x0C待确认,False,0,0,0,0,0,0,0,0,0,0,0,0,0,0,0
2451,13939,0x3673,0,0,0.0,False,True,空木踢,其他或系统项,,模式0x0C待确认,False,0,0,0,0,0,0,0,0,0,0,0,0,0,0,0
2452,7369,0x1CC9,0,0,0.0,False,True,闪身,其他或系统项,,模式0x0C待确认,False,0,0,0,0,0,0,0,0,0,0,0,0,0,0,0
2453,44566,0xAE16,0,0,0.0,False,True,鸣山,其他或系统项,,模式0x0C待确认,False,0,0,0,0,0,0,0,0,0,0,0,0,0,0,0
2454,55393,0xD861,0,0,0.0,False,True,鹰爪,其他或系统项,,模式0x0C待确认,False,0,0,0,0,0,0,0,0,0,0,0,0,0,0,0
2455,33642,0x836A,0,0,0.0,False,True,刃车,其他或系统项,,模式0x0C待确认,False,0,0,0,0,0,0,0,0,0,0,0,0,0,0,0
2456,43564,0xAA2C,0,0,0.0,False,True,螺旋风,其他或系统项,,模式0x0C待确认,False,0,0,0,0,0,0,0,0,0,0,0,0,0,0,0
2457,38115,0x94E3,0,0,0.0,False,True,伐巨木,其他或系统项,,模式0x0C待确认,False,0,0,0,0,0,0,0,0,0,0,0,0,0,0,0
2458,14380,0x382C,0,0,0.0,False,True,虎爪太刀,其他或系统项,,模式0x0C待确认,False,0,0,0,0,0,0,0,0,0,0,0,0,0,0,0
2459,42176,0xA4C0,0,0,0.0,False,True,不逊罚,其他或系统项,,模式0x0C待确认,False,0,0,0,0,0,0,0,0,0,0,0,0,0,0,0
2460,58463,0xE45F,0,0,0.0,False,True,瑞云,其他或系统项,,模式0x0C待确认,False,0,0,0,0,0,0,0,0,0,0,0,0,0,0,0
2461,58596,0xE4E4,0,0,0.0,False,True,弓势拳,其他或系统项,,模式0x0C待确认,False,0,0,0,0,0,0,0,0,0,0,0,0,0,0,0
2462,15740,0x3D7C,0,0,0.0,False,True,涡龙斩,其他或系统项,,模式0x0C待确认,False,0,0,0,0,0,0,0,0,0,0,0,0,0,0,0
2463,42538,0xA62A,0,0,0.0,False,True,黑风发止,其他或系统项,,模式0x0C待确认,False,0,0,0,0,0,0,0,0,0,0,0,0,0,0,0
2464,15096,0x3AF8,0,0,0.0,False,True,落饭纲,其他或系统项,,模式0x0C待确认,False,0,0,0,0,0,0,0,0,0,0,0,0,0,0,0
2465,19667,0x4CD3,0,0,0.0,False,True,寸劲,其他或系统项,,模式0x0C待确认,False,0,0,0,0,0,0,0,0,0,0,0,0,0,0,0
2466,46431,0xB55F,0,0,0.0,False,True,修罗三闪,其他或系统项,,模式0x0C待确认,False,0,0,0,0,0,0,0,0,0,0,0,0,0,0,0
2467,12088,0x2F38,0,0,0.0,False,True,无间,其他或系统项,,模式0x0C待确认,False,0,0,0,0,0,0,0,0,0,0,0,0,0,0,0
2468,47,0x002F,0,0,0.0,False,True,修罗连舞碎,其他或系统项,,模式0x0C待确认,False,0,0,0,0,0,0,0,0,0,0,0,0,0,0,0
2469,61670,0xF0E6,0,0,0.0,False,True,跃鹿,其他或系统项,,模式0x0C待确认,False,0,0,0,0,0,0,0,0,0,0,0,0,0,0,0
2470,17875,0x45D3,0,0,0.0,False,True,龙虎天地,其他或系统项,,模式0x0C待确认,False,0,0,0,0,0,0,0,0,0,0,0,0,0,0,0
2471,8550,0x2166,0,0,0.0,False,True,闪步,其他或系统项,,模式0x0C待确认,False,0,0,0,0,0,0,0,0,0,0,0,0,0,0,0
2472,21648,0x5490,0,0,0.0,False,True,黑鸟暗夜,其他或系统项,,模式0x0C待确认,False,0,0,0,0,0,0,0,0,0,0,0,0,0,0,0
2473,14300,0x37DC,0,0,0.0,False,True,逆风剑,其他或系统项,,模式0x0C待确认,False,0,0,0,0,0,0,0,0,0,0,0,0,0,0,0
2474,53264,0xD010,0,0,0.0,False,True,空手夺白刃,其他或系统项,,模式0x0C待确认,False,0,0,0,0,0,0,0,0,0,0,0,0,0,0,0
2475,42744,0xA6F8,0,0,0.0,False,True,火术·埋火,其他或系统项,,模式0x0D待确认,False,0,0,0,0,0,0,0,0,0,0,0,0,0,0,0
2476,8888,0x22B8,0,0,0.0,False,True,^13~UNUSED~,其他或系统项,,模式0x0D待确认,False,0,0,0,0,0,0,0,0,0,0,0,0,0,0,0
2477,7135,0x1BDF,0,0,0.0,False,True,^13~UNUSED~,其他或系统项,,模式0x0D待确认,False,0,0,0,0,0,0,0,0,0,0,0,0,0,0,0
2478,22589,0x583D,0,0,0.0,False,True,^13~UNUSED~,其他或系统项,,模式0x0D待确认,False,0,0,0,0,0,0,0,0,0,0,0,0,0,0,0
2479,12399,0x306F,0,0,0.0,False,True,^13~UNUSED~,其他或系统项,,模式0x0D待确认,False,0,0,0,0,0,0,0,0,0,0,0,0,0,0,0
2480,19530,0x4C4A,0,0,0.0,False,True,^13~UNUSED~,其他或系统项,,模式0x0D待确认,False,0,0,0,0,0,0,0,0,0,0,0,0,0,0,0
2481,38757,0x9765,0,0,0.0,False,True,^13~UNUSED~,其他或系统项,,模式0x0D待确认,False,0,0,0,0,0,0,0,0,0,0,0,0,0,0,0
2482,25982,0x657E,0,0,0.0,False,True,^13~UNUSED~,其他或系统项,,模式0x0D待确认,False,0,0,0,0,0,0,0,0,0,0,0,0,0,0,0
2483,18957,0x4A0D,0,0,0.0,False,True,苦无,其他或系统项,,模式0x0D待确认,False,0,0,0,0,0,0,0,0,0,0,0,0,0,0,0
2484,18661,0x48E5,0,0,0.0,False,True,散弹苦无,其他或系统项,,模式0x0D待确认,False,0,0,0,0,0,0,0,0,0,0,0,0,0,0,0
2485,25879,0x6517,0,0,0.0,False,True,撒菱,其他或系统项,,模式0x0D待确认,False,0,0,0,0,0,0,0,0,0,0,0,0,0,0,0
2486,50123,0xC3CB,0,0,0.0,False,True,雉子跳跃,其他或系统项,,模式0x0D待确认,False,0,0,0,0,0,0,0,0,0,0,0,0,0,0,0
2487,31210,0x79EA,0,0,0.0,False,True,土遁,其他或系统项,,模式0x0D待确认,False,0,0,0,0,0,0,0,0,0,0,0,0,0,0,0
2488,18399,0x47DF,0,0,0.0,False,True,空蝉,其他或系统项,,模式0x0D待确认,False,0,0,0,0,0,0,0,0,0,0,0,0,0,0,0
2489,32333,0x7E4D,0,0,0.0,False,True,火术·喷火,其他或系统项,,模式0x0D待确认,False,0,0,0,0,0,0,0,0,0,0,0,0,0,0,0
2490,41373,0xA19D,0,0,0.0,False,True,火药镖,其他或系统项,,模式0x0D待确认,False,0,0,0,0,0,0,0,0,0,0,0,0,0,0,0
2491,29291,0x726B,0,0,0.0,False,True,SKILL NAME DUMMY,其他或系统项,,模式0x0D待确认,False,0,0,0,0,0,0,0,0,0,0,0,0,0,0,0
2492,21327,0x534F,0,0,0.0,False,True,埋火·水母,其他或系统项,,模式0x0D待确认,False,0,0,0,0,0,0,0,0,0,0,0,0,0,0,0
2493,53694,0xD1BE,0,0,0.0,False,True,罗汉币,其他或系统项,,模式0x0D待确认,False,0,0,0,0,0,0,0,0,0,0,0,0,0,0,0
2494,9435,0x24DB,0,0,0.0,False,True,棘猫变身,其他或系统项,,模式0x0D待确认,False,0,0,0,0,0,0,0,0,0,0,0,0,0,0,0
2495,16394,0x400A,0,0,0.0,False,True,大焙烙弹,其他或系统项,,模式0x0D待确认,False,0,0,0,0,0,0,0,0,0,0,0,0,0,0,0
2496,63759,0xF90F,0,0,0.0,False,True,巨猫变身,其他或系统项,,模式0x0D待确认,False,0,0,0,0,0,0,0,0,0,0,0,0,0,0,0
2497,19882,0x4DAA,0,0,0.0,False,True,毒雾,其他或系统项,,模式0x0D待确认,False,0,0,0,0,0,0,0,0,0,0,0,0,0,0,0
2498,52393,0xCCA9,0,0,0.0,False,True,菱钉弹,其他或系统项,,模式0x0D待确认,False,0,0,0,0,0,0,0,0,0,0,0,0,0,0,0
2499,60406,0xEBF6,0,0,0.0,False,True,盲目弹,其他或系统项,,模式0x0D待确认,False,0,0,0,0,0,0,0,0,0,0,0,0,0,0,0
2500,64376,0xFB78,0,0,0.0,False,True,SKILL NAME DUMMY,其他或系统项,,模式0x0D待确认,False,0,0,0,0,0,0,0,0,0,0,0,0,0,0,0
2501,36972,0x906C,0,0,0.0,False,True,闪电一足,其他或系统项,,模式0x0D待确认,False,0,0,0,0,0,0,0,0,0,0,0,0,0,0,0
2502,20232,0x4F08,0,0,0.0,False,True,风车手里剑,其他或系统项,,模式0x0D待确认,False,0,0,0,0,0,0,0,0,0,0,0,0,0,0,0
2503,40385,0x9DC1,0,0,0.0,False,True,火炎龙,其他或系统项,,模式0x0D待确认,False,0,0,0,0,0,0,0,0,0,0,0,0,0,0,0
2504,6725,0x1A45,0,0,0.0,False,True,暗极重波弹,其他或系统项,,模式0x0D待确认,False,0,0,0,0,0,0,0,0,0,0,0,0,0,0,0
2505,58214,0xE366,0,0,0.0,False,True,破魔裂风刃,其他或系统项,,模式0x0D待确认,False,0,0,0,0,0,0,0,0,0,0,0,0,0,0,0
2506,43477,0xA9D5,0,0,0.0,False,True,火炎龙术,书籍与指南,,秘传书,False,0,0,0,0,0,0,0,0,0,0,0,0,0,0,0
2507,8636,0x21BC,0,0,0.0,False,True,落饭纲,书籍与指南,,秘传书,False,0,0,0,0,0,0,0,0,0,0,0,0,0,0,0
2508,52566,0xCD56,0,0,0.0,False,True,不逊罚,书籍与指南,,秘传书,False,0,0,0,0,0,0,0,0,0,0,0,0,0,0,0
2509,16592,0x40D0,0,0,0.0,False,True,月风扫斩,书籍与指南,,秘传书,False,0,0,0,0,0,0,0,0,0,0,0,0,0,0,0
2510,29474,0x7322,0,0,0.0,False,True,昂龙牙,书籍与指南,,秘传书,False,0,0,0,0,0,0,0,0,0,0,0,0,0,0,0
2511,26228,0x6674,0,0,0.0,False,True,昂龙爪,书籍与指南,,秘传书,False,0,0,0,0,0,0,0,0,0,0,0,0,0,0,0
2512,23922,0x5D72,0,0,0.0,False,True,昂龙角,书籍与指南,,秘传书,False,0,0,0,0,0,0,0,0,0,0,0,0,0,0,0
2513,46507,0xB5AB,0,0,0.0,False,True,巴吹雪,书籍与指南,,秘传书,False,0,0,0,0,0,0,0,0,0,0,0,0,0,0,0
2514,43557,0xAA25,0,0,0.0,False,True,夜叉一文字,书籍与指南,,秘传书,False,0,0,0,0,0,0,0,0,0,0,0,0,0,0,0
2515,56782,0xDDCE,0,0,0.0,False,True,^13~UNUSED~,书籍与指南,,秘传书,False,0,0,0,0,0,0,0,0,0,0,0,0,0,0,0
2516,52847,0xCE6F,0,0,0.0,False,True,重·十字斩,书籍与指南,,秘传书,False,0,0,0,0,0,0,0,0,0,0,0,0,0,0,0
2517,7337,0x1CA9,0,0,0.0,False,True,双头斩,书籍与指南,,秘传书,False,0,0,0,0,0,0,0,0,0,0,0,0,0,0,0
2518,49722,0xC23A,0,0,0.0,False,True,婆娑罗三段,书籍与指南,,秘传书,False,0,0,0,0,0,0,0,0,0,0,0,0,0,0,0
2519,23902,0x5D5E,0,0,0.0,False,True,青岚,书籍与指南,,秘传书,False,0,0,0,0,0,0,0,0,0,0,0,0,0,0,0
2520,38121,0x94E9,0,0,0.0,False,True,落华严,书籍与指南,,秘传书,False,0,0,0,0,0,0,0,0,0,0,0,0,0,0,0
2521,43086,0xA84E,0,0,0.0,False,True,水神踢,书籍与指南,,秘传书,False,0,0,0,0,0,0,0,0,0,0,0,0,0,0,0
2522,49633,0xC1E1,0,0,0.0,False,True,夜叉岚,书籍与指南,,秘传书,False,0,0,0,0,0,0,0,0,0,0,0,0,0,0,0
2523,43452,0xA9BC,0,0,0.0,False,True,修罗连舞碎,书籍与指南,,秘传书,False,0,0,0,0,0,0,0,0,0,0,0,0,0,0,0
2524,50271,0xC45F,0,0,0.0,False,True,流舞锋,书籍与指南,,秘传书,False,0,0,0,0,0,0,0,0,0,0,0,0,0,0,0
2525,44522,0xADEA,0,0,0.0,False,True,鞍马剑舞,书籍与指南,,秘传书,False,0,0,0,0,0,0,0,0,0,0,0,0,0,0,0
2526,13551,0x34EF,0,0,0.0,False,True,凤鸣斩,书籍与指南,,秘传书,False,0,0,0,0,0,0,0,0,0,0,0,0,0,0,0
2527,1397,0x0575,0,0,0.0,False,True,伏虎咆哮,书籍与指南,,秘传书,False,0,0,0,0,0,0,0,0,0,0,0,0,0,0,0
2528,54213,0xD3C5,0,0,0.0,False,True,破魔裂风刃,书籍与指南,,秘传书,False,0,0,0,0,0,0,0,0,0,0,0,0,0,0,0
2529,50320,0xC490,0,0,0.0,False,True,暗极重波弹,书籍与指南,,秘传书,False,0,0,0,0,0,0,0,0,0,0,0,0,0,0,0
2530,59687,0xE927,0,0,0.0,False,True,符术·光刃符,书籍与指南,,秘传书,False,0,0,0,0,0,0,0,0,0,0,0,0,0,0,0
2531,15484,0x3C7C,0,0,0.0,False,True,秘剑·泽雾,书籍与指南,,秘传书,False,0,0,0,0,0,0,0,0,0,0,0,0,0,0,0
2532,41287,0xA147,0,0,0.0,False,True,总卷,书籍与指南,,秘传书,False,0,0,0,0,0,0,0,0,0,0,0,0,0,0,0
2533,40546,0x9E62,0,0,0.0,False,True,翔凰斩,书籍与指南,,秘传书,False,0,0,0,0,0,0,0,0,0,0,0,0,0,0,0
2534,20009,0x4E29,0,0,0.0,False,True,白虎连爪,书籍与指南,,秘传书,False,0,0,0,0,0,0,0,0,0,0,0,0,0,0,0
2535,31180,0x79CC,0,0,0.0,False,True,逆风剑,书籍与指南,,秘传书,False,0,0,0,0,0,0,0,0,0,0,0,0,0,0,0
2536,46643,0xB633,0,0,0.0,False,True,^13~UNUSED~,书籍与指南,,秘传书,False,0,0,0,0,0,0,0,0,0,0,0,0,0,0,0
2537,29354,0x72AA,0,0,0.0,False,True,乱伐轮,书籍与指南,,秘传书,False,0,0,0,0,0,0,0,0,0,0,0,0,0,0,0
2538,55329,0xD821,0,0,0.0,False,True,怒号烈破,书籍与指南,,秘传书,False,0,0,0,0,0,0,0,0,0,0,0,0,0,0,0
2539,1865,0x0749,0,0,0.0,False,True,旋风锐气,书籍与指南,,秘传书,False,0,0,0,0,0,0,0,0,0,0,0,0,0,0,0
2540,52025,0xCB39,0,0,0.0,False,True,幻惑斩轮,书籍与指南,,秘传书,False,0,0,0,0,0,0,0,0,0,0,0,0,0,0,0
2541,62035,0xF253,0,0,0.0,False,True,丰身丹,书籍与指南,,制作指南,False,0,0,0,0,0,0,0,0,0,0,0,0,0,0,0
2542,22312,0x5728,0,0,0.0,False,True,神篱之木,书籍与指南,,制作指南,False,0,0,0,0,0,0,0,0,0,0,0,0,0,0,0
2543,48026,0xBB9A,0,0,0.0,False,True,箭矢毒药,书籍与指南,,制作指南,False,0,0,0,0,0,0,0,0,0,0,0,0,0,0,0
2544,55119,0xD74F,0,0,0.0,False,True,缠火护符,书籍与指南,,制作指南,False,0,0,0,0,0,0,0,0,0,0,0,0,0,0,0
2545,30355,0x7693,0,0,0.0,False,True,养身丹,书籍与指南,,制作指南,False,0,0,0,0,0,0,0,0,0,0,0,0,0,0,0
2546,62270,0xF33E,0,0,0.0,False,True,解毒药,书籍与指南,,制作指南,False,0,0,0,0,0,0,0,0,0,0,0,0,0,0,0
2547,40230,0x9D26,0,0,0.0,False,True,解麻针,书籍与指南,,制作指南,False,0,0,0,0,0,0,0,0,0,0,0,0,0,0,0
2548,46226,0xB492,0,0,0.0,False,True,香木原木,书籍与指南,,制作指南,False,0,0,0,0,0,0,0,0,0,0,0,0,0,0,0
2549,47811,0xBAC3,0,0,0.0,False,True,盐,书籍与指南,,制作指南,False,0,0,0,0,0,0,0,0,0,0,0,0,0,0,0
2550,36277,0x8DB5,0,0,0.0,False,True,石块,书籍与指南,,制作指南,False,0,0,0,0,0,0,0,0,0,0,0,0,0,0,0
2551,33781,0x83F5,0,0,0.0,False,True,丰身丹,书籍与指南,,制作指南,False,0,0,0,0,0,0,0,0,0,0,0,0,0,0,0
2552,59470,0xE84E,0,0,0.0,False,True,箭,书籍与指南,,制作指南,False,0,0,0,0,0,0,0,0,0,0,0,0,0,0,0
2553,12060,0x2F1C,0,0,0.0,False,True,火箭,书籍与指南,,制作指南,False,0,0,0,0,0,0,0,0,0,0,0,0,0,0,0
2554,29588,0x7394,0,0,0.0,False,True,岁杀神之酒,书籍与指南,,制作指南,False,0,0,0,0,0,0,0,0,0,0,0,0,0,0,0
2555,52982,0xCEF6,0,0,0.0,False,True,打磨粉,书籍与指南,,制作指南,False,0,0,0,0,0,0,0,0,0,0,0,0,0,0,0
2556,47707,0xBA5B,0,0,0.0,False,True,神篱之木,书籍与指南,,制作指南,False,0,0,0,0,0,0,0,0,0,0,0,0,0,0,0
2557,22530,0x5802,0,0,0.0,False,True,毒烟雾弹,书籍与指南,,制作指南,False,0,0,0,0,0,0,0,0,0,0,0,0,0,0,0
2558,10731,0x29EB,0,0,0.0,False,True,麻痹烟雾弹,书籍与指南,,制作指南,False,0,0,0,0,0,0,0,0,0,0,0,0,0,0,0
2559,58837,0xE5D5,0,0,0.0,False,True,烟雾弹,书籍与指南,,制作指南,False,0,0,0,0,0,0,0,0,0,0,0,0,0,0,0
2560,41601,0xA281,0,0,0.0,False,True,虎驱术护符,书籍与指南,,制作指南,False,0,0,0,0,0,0,0,0,0,0,0,0,0,0,0
2561,44497,0xADD1,0,0,0.0,False,True,御火护符,书籍与指南,,制作指南,False,0,0,0,0,0,0,0,0,0,0,0,0,0,0,0
2562,53963,0xD2CB,0,0,0.0,False,True,御水护符,书籍与指南,,制作指南,False,0,0,0,0,0,0,0,0,0,0,0,0,0,0,0
2563,7920,0x1EF0,0,0,0.0,False,True,御雷护符,书籍与指南,,制作指南,False,0,0,0,0,0,0,0,0,0,0,0,0,0,0,0
2564,4708,0x1264,0,0,0.0,False,True,御风护符,书籍与指南,,制作指南,False,0,0,0,0,0,0,0,0,0,0,0,0,0,0,0
2565,65382,0xFF66,0,0,0.0,False,True,毒刃涂剂,书籍与指南,,制作指南,False,0,0,0,0,0,0,0,0,0,0,0,0,0,0,0
2566,51433,0xC8E9,0,0,0.0,False,True,麻痹刃涂剂,书籍与指南,,制作指南,False,0,0,0,0,0,0,0,0,0,0,0,0,0,0,0
2567,13424,0x3470,0,0,0.0,False,True,箭矢毒药,书籍与指南,,制作指南,False,0,0,0,0,0,0,0,0,0,0,0,0,0,0,0
2568,46699,0xB66B,0,0,0.0,False,True,箭矢麻痹药,书籍与指南,,制作指南,False,0,0,0,0,0,0,0,0,0,0,0,0,0,0,0
2569,37873,0x93F1,0,0,0.0,False,True,箭矢火药,书籍与指南,,制作指南,False,0,0,0,0,0,0,0,0,0,0,0,0,0,0,0
2570,49770,0xC26A,0,0,0.0,False,True,妖香,书籍与指南,,制作指南,False,0,0,0,0,0,0,0,0,0,0,0,0,0,0,0
2571,3649,0x0E41,0,0,0.0,False,True,黄泉水罐,书籍与指南,,制作指南,False,0,0,0,0,0,0,0,0,0,0,0,0,0,0,0
2572,60046,0xEA8E,0,0,0.0,False,True,火男面具,书籍与指南,,制作指南,False,0,0,0,0,0,0,0,0,0,0,0,0,0,0,0
2573,29707,0x740B,0,0,0.0,False,True,天狗团扇,书籍与指南,,制作指南,False,0,0,0,0,0,0,0,0,0,0,0,0,0,0,0
2574,36845,0x8FED,0,0,0.0,False,True,御箭护符,书籍与指南,,制作指南,False,0,0,0,0,0,0,0,0,0,0,0,0,0,0,0
2575,31651,0x7BA3,0,0,0.0,False,True,缠火护符,书籍与指南,,制作指南,False,0,0,0,0,0,0,0,0,0,0,0,0,0,0,0
2576,47330,0xB8E2,0,0,0.0,False,True,缠水护符,书籍与指南,,制作指南,False,0,0,0,0,0,0,0,0,0,0,0,0,0,0,0
2577,29575,0x7387,0,0,0.0,False,True,缠雷护符,书籍与指南,,制作指南,False,0,0,0,0,0,0,0,0,0,0,0,0,0,0,0
2578,56146,0xDB52,0,0,0.0,False,True,缠风护符,书籍与指南,,制作指南,False,0,0,0,0,0,0,0,0,0,0,0,0,0,0,0
2579,41593,0xA279,0,0,0.0,False,True,神曲,书籍与指南,,制作指南,False,0,0,0,0,0,0,0,0,0,0,0,0,0,0,0
2580,39912,0x9BE8,0,0,0.0,False,True,妖黄汤,书籍与指南,,制作指南,False,0,0,0,0,0,0,0,0,0,0,0,0,0,0,0
2581,61265,0xEF51,0,0,0.0,False,True,鬼泪村正,书籍与指南,,锻造书,False,0,0,0,0,0,0,0,0,0,0,0,0,0,0,0
2582,15271,0x3BA7,0,0,0.0,False,True,雷切,书籍与指南,,锻造书,False,0,0,0,0,0,0,0,0,0,0,0,0,0,0,0
2583,15391,0x3C1F,0,0,0.0,False,True,楚叶矢之剑,书籍与指南,,锻造书,False,0,0,0,0,0,0,0,0,0,0,0,0,0,0,0
2584,26879,0x68FF,0,0,0.0,False,True,彦右卫门一文字,书籍与指南,,锻造书,False,0,0,0,0,0,0,0,0,0,0,0,0,0,0,0
2585,35912,0x8C48,0,0,0.0,False,True,安宅贞宗,书籍与指南,,锻造书,False,0,0,0,0,0,0,0,0,0,0,0,0,0,0,0
2586,34203,0x859B,0,0,0.0,False,True,压切长谷部,书籍与指南,,锻造书,False,0,0,0,0,0,0,0,0,0,0,0,0,0,0,0
2587,47009,0xB7A1,0,0,0.0,False,True,振分发广光,书籍与指南,,锻造书,False,0,0,0,0,0,0,0,0,0,0,0,0,0,0,0
2588,44547,0xAE03,0,0,0.0,False,True,波游兼光,书籍与指南,,锻造书,False,0,0,0,0,0,0,0,0,0,0,0,0,0,0,0
2589,40045,0x9C6D,0,0,0.0,False,True,八丁念佛,书籍与指南,,锻造书,False,0,0,0,0,0,0,0,0,0,0,0,0,0,0,0
2590,63269,0xF725,0,0,0.0,False,True,星切太刀,书籍与指南,,锻造书,False,0,0,0,0,0,0,0,0,0,0,0,0,0,0,0
2591,25848,0x64F8,0,0,0.0,False,True,不动国行·药研藤四郎,书籍与指南,,锻造书,False,0,0,0,0,0,0,0,0,0,0,0,0,0,0,0
2592,53642,0xD18A,0,0,0.0,False,True,敦贺正宗·包丁藤四郎,书籍与指南,,锻造书,False,0,0,0,0,0,0,0,0,0,0,0,0,0,0,0
2593,7970,0x1F22,0,0,0.0,False,True,弟君双刀,书籍与指南,,锻造书,False,0,0,0,0,0,0,0,0,0,0,0,0,0,0,0
2594,2450,0x0992,0,0,0.0,False,True,本庄正宗·军刀,书籍与指南,,锻造书,False,0,0,0,0,0,0,0,0,0,0,0,0,0,0,0
2595,63877,0xF985,0,0,0.0,False,True,地狱锯,书籍与指南,,锻造书,False,0,0,0,0,0,0,0,0,0,0,0,0,0,0,0
2596,31627,0x7B8B,0,0,0.0,False,True,御一门众双刀,书籍与指南,,锻造书,False,0,0,0,0,0,0,0,0,0,0,0,0,0,0,0
2597,3507,0x0DB3,0,0,0.0,False,True,法桥来金道·宇多国光,书籍与指南,,锻造书,False,0,0,0,0,0,0,0,0,0,0,0,0,0,0,0
2598,55825,0xDA11,0,0,0.0,False,True,蜻蛉切,书籍与指南,,锻造书,False,0,0,0,0,0,0,0,0,0,0,0,0,0,0,0
2599,34111,0x853F,0,0,0.0,False,True,赤鬼三角枪,书籍与指南,,锻造书,False,0,0,0,0,0,0,0,0,0,0,0,0,0,0,0
2600,9649,0x25B1,0,0,0.0,False,True,一国长吉之枪,书籍与指南,,锻造书,False,0,0,0,0,0,0,0,0,0,0,0,0,0,0,0
2601,36625,0x8F11,0,0,0.0,False,True,鬼左近之枪,书籍与指南,,锻造书,False,0,0,0,0,0,0,0,0,0,0,0,0,0,0,0
2602,58085,0xE2E5,0,0,0.0,False,True,肉户锁镰,书籍与指南,,锻造书,False,0,0,0,0,0,0,0,0,0,0,0,0,0,0,0
2603,58562,0xE4C2,0,0,0.0,False,True,鬼牙锁镰,书籍与指南,,锻造书,False,0,0,0,0,0,0,0,0,0,0,0,0,0,0,0
2604,59072,0xE6C0,0,0,0.0,False,True,牛头天王之斧,书籍与指南,,锻造书,False,0,0,0,0,0,0,0,0,0,0,0,0,0,0,0
2605,52414,0xCCBE,0,0,0.0,False,True,西国无双之弓,书籍与指南,,锻造书,False,0,0,0,0,0,0,0,0,0,0,0,0,0,0,0
2606,30265,0x7639,0,0,0.0,False,True,鸦羽火枪,书籍与指南,,锻造书,False,0,0,0,0,0,0,0,0,0,0,0,0,0,0,0
2607,55242,0xD7CA,0,0,0.0,False,True,大天狗正家,书籍与指南,,锻造书,False,0,0,0,0,0,0,0,0,0,0,0,0,0,0,0
2608,18749,0x493D,0,0,0.0,False,True,二铭则宗·骨食藤四郎,书籍与指南,,锻造书,False,0,0,0,0,0,0,0,0,0,0,0,0,0,0,0
2609,8817,0x2271,0,0,0.0,False,True,宝藏院十字枪,书籍与指南,,锻造书,False,0,0,0,0,0,0,0,0,0,0,0,0,0,0,0
2610,50545,0xC571,0,0,0.0,False,True,怪童板斧,书籍与指南,,锻造书,False,0,0,0,0,0,0,0,0,0,0,0,0,0,0,0
2611,24815,0x60EF,0,0,0.0,False,True,石田正宗,书籍与指南,,锻造书,False,0,0,0,0,0,0,0,0,0,0,0,0,0,0,0
2612,17425,0x4411,0,0,0.0,False,True,履行大义之铠,书籍与指南,,锻造书,False,0,0,0,0,0,0,0,0,0,0,0,0,0,0,0
2613,44979,0xAFB3,0,0,0.0,False,True,坚守者中铠,书籍与指南,,锻造书,False,0,0,0,0,0,0,0,0,0,0,0,0,0,0,0
2614,23944,0x5D88,0,0,0.0,False,True,金吾中铠,书籍与指南,,锻造书,False,0,0,0,0,0,0,0,0,0,0,0,0,0,0,0
2615,61828,0xF184,0,0,0.0,False,True,过往名军师衣装,书籍与指南,,锻造书,False,0,0,0,0,0,0,0,0,0,0,0,0,0,0,0
2616,3373,0x0D2D,0,0,0.0,False,True,西国无双之铠,书籍与指南,,锻造书,False,0,0,0,0,0,0,0,0,0,0,0,0,0,0,0
2617,9053,0x235D,0,0,0.0,False,True,八咫乌轻铠,书籍与指南,,锻造书,False,0,0,0,0,0,0,0,0,0,0,0,0,0,0,0
2618,54854,0xD646,0,0,0.0,False,True,漆黑大铠,书籍与指南,,锻造书,False,0,0,0,0,0,0,0,0,0,0,0,0,0,0,0
2619,19582,0x4C7E,0,0,0.0,False,True,霸王将军铠,书籍与指南,,锻造书,False,0,0,0,0,0,0,0,0,0,0,0,0,0,0,0
2620,60533,0xEC75,0,0,0.0,False,True,刑部轻铠,书籍与指南,,锻造书,False,0,0,0,0,0,0,0,0,0,0,0,0,0,0,0
2621,62680,0xF4D8,0,0,0.0,False,True,东国无双之铠,书籍与指南,,锻造书,False,0,0,0,0,0,0,0,0,0,0,0,0,0,0,0
2622,21022,0x521E,0,0,0.0,False,True,赤鬼轻铠,书籍与指南,,锻造书,False,0,0,0,0,0,0,0,0,0,0,0,0,0,0,0
2623,18303,0x477F,0,0,0.0,False,True,豪放猛牛之铠,书籍与指南,,锻造书,False,0,0,0,0,0,0,0,0,0,0,0,0,0,0,0
2624,61572,0xF084,0,0,0.0,False,True,傲世才子之铠,书籍与指南,,锻造书,False,0,0,0,0,0,0,0,0,0,0,0,0,0,0,0
2625,18832,0x4990,0,0,0.0,False,True,伊贺上忍装束,书籍与指南,,锻造书,False,0,0,0,0,0,0,0,0,0,0,0,0,0,0,0
2626,29129,0x71C9,0,0,0.0,False,True,剑豪将军大铠,书籍与指南,,锻造书,False,0,0,0,0,0,0,0,0,0,0,0,0,0,0,0
2627,53165,0xCFAD,0,0,0.0,False,True,清廉义铠,书籍与指南,,锻造书,False,0,0,0,0,0,0,0,0,0,0,0,0,0,0,0
2628,57810,0xE1D2,0,0,0.0,False,True,怪童大铠,书籍与指南,,锻造书,False,0,0,0,0,0,0,0,0,0,0,0,0,0,0,0
2629,6019,0x1783,0,0,0.0,False,True,怨灵鬼头盔,书籍与指南,,锻造书,False,0,0,0,0,0,0,0,0,0,0,0,0,0,0,0
2630,25241,0x6299,0,0,0.0,False,True,日本第一兵之铠,书籍与指南,,锻造书,False,0,0,0,0,0,0,0,0,0,0,0,0,0,0,0
2631,11690,0x2DAA,0,0,0.0,False,True,木灵碗,书籍与指南,,锻造书,False,0,0,0,0,0,0,0,0,0,0,0,0,0,0,0
2632,30526,0x773E,0,0,0.0,False,True,神曲,书籍与指南,,锻造书,False,0,0,0,0,0,0,0,0,0,0,0,0,0,0,0
2633,35373,0x8A2D,0,0,0.0,False,True,护摩之灰,书籍与指南,,锻造书,False,0,0,0,0,0,0,0,0,0,0,0,0,0,0,0
2634,45550,0xB1EE,0,0,0.0,False,True,黄泉水罐,书籍与指南,,锻造书,False,0,0,0,0,0,0,0,0,0,0,0,0,0,0,0
2635,35021,0x88CD,0,0,0.0,False,True,妖香,书籍与指南,,锻造书,False,0,0,0,0,0,0,0,0,0,0,0,0,0,0,0
2636,51635,0xC9B3,0,0,0.0,False,True,黏液罐,书籍与指南,,锻造书,False,0,0,0,0,0,0,0,0,0,0,0,0,0,0,0
2637,42615,0xA677,0,0,0.0,False,True,太阴神之酒,书籍与指南,,锻造书,False,0,0,0,0,0,0,0,0,0,0,0,0,0,0,0
2638,24991,0x619F,0,0,0.0,False,True,岁杀神之酒,书籍与指南,,锻造书,False,0,0,0,0,0,0,0,0,0,0,0,0,0,0,0
2639,44069,0xAC25,0,0,0.0,False,True,招灵蜡烛,书籍与指南,,锻造书,False,0,0,0,0,0,0,0,0,0,0,0,0,0,0,0
2640,2247,0x08C7,0,0,0.0,False,True,净化过的笔,书籍与指南,,锻造书,False,0,0,0,0,0,0,0,0,0,0,0,0,0,0,0
2641,11885,0x2E6D,0,0,0.0,False,True,忍者工具箱,书籍与指南,,锻造书,False,0,0,0,0,0,0,0,0,0,0,0,0,0,0,0
2642,15237,0x3B85,0,0,0.0,False,True,寄宿木灵之碗,书籍与指南,,锻造书,False,0,0,0,0,0,0,0,0,0,0,0,0,0,0,0
2643,2538,0x09EA,0,0,0.0,False,True,同伴护符,书籍与指南,,锻造书,False,0,0,0,0,0,0,0,0,0,0,0,0,0,0,0
2644,28094,0x6DBE,0,0,0.0,False,True,御箭护符,书籍与指南,,锻造书,False,0,0,0,0,0,0,0,0,0,0,0,0,0,0,0
2645,50456,0xC518,0,0,0.0,False,True,污泥壶,书籍与指南,,锻造书,False,0,0,0,0,0,0,0,0,0,0,0,0,0,0,0
2646,26062,0x65CE,0,0,0.0,False,True,焚火油壶,书籍与指南,,锻造书,False,0,0,0,0,0,0,0,0,0,0,0,0,0,0,0
2647,65323,0xFF2B,0,0,0.0,False,True,活魂石,书籍与指南,,锻造书,False,0,0,0,0,0,0,0,0,0,0,0,0,0,0,0
2648,28835,0x70A3,0,0,0.0,False,True,守护灵呼唤符,书籍与指南,,锻造书,False,0,0,0,0,0,0,0,0,0,0,0,0,0,0,0
2649,21320,0x5348,0,0,0.0,False,True,百夜香,书籍与指南,,锻造书,False,0,0,0,0,0,0,0,0,0,0,0,0,0,0,0
2650,19047,0x4A67,0,0,0.0,False,True,童子切安纲,书籍与指南,,锻造书,False,0,0,0,0,0,0,0,0,0,0,0,0,0,0,0
2651,22783,0x58FF,0,0,0.0,False,True,大典太光世,书籍与指南,,锻造书,False,0,0,0,0,0,0,0,0,0,0,0,0,0,0,0
2652,15236,0x3B84,0,0,0.0,False,True,草薙剑,书籍与指南,,锻造书,False,0,0,0,0,0,0,0,0,0,0,0,0,0,0,0
2653,43647,0xAA7F,0,0,0.0,False,True,念珠丸恒次,书籍与指南,,锻造书,False,0,0,0,0,0,0,0,0,0,0,0,0,0,0,0
2654,8363,0x20AB,0,0,0.0,False,True,三日月宗近,书籍与指南,,锻造书,False,0,0,0,0,0,0,0,0,0,0,0,0,0,0,0
2655,5891,0x1703,0,0,0.0,False,True,笼钓瓶村正·猪切,书籍与指南,,锻造书,False,0,0,0,0,0,0,0,0,0,0,0,0,0,0,0
2656,24225,0x5EA1,0,0,0.0,False,True,七星剑·丙子椒林剑,书籍与指南,,锻造书,False,0,0,0,0,0,0,0,0,0,0,0,0,0,0,0
2657,27122,0x69F2,0,0,0.0,False,True,大包平·莺丸,书籍与指南,,锻造书,False,0,0,0,0,0,0,0,0,0,0,0,0,0,0,0
2658,53513,0xD109,0,0,0.0,False,True,狮子王·骨食,书籍与指南,,锻造书,False,0,0,0,0,0,0,0,0,0,0,0,0,0,0,0
2659,28753,0x7051,0,0,0.0,False,True,髭切·膝丸,书籍与指南,,锻造书,False,0,0,0,0,0,0,0,0,0,0,0,0,0,0,0
2660,50321,0xC491,0,0,0.0,False,True,日本号,书籍与指南,,锻造书,False,0,0,0,0,0,0,0,0,0,0,0,0,0,0,0
2661,8657,0x21D1,0,0,0.0,False,True,御手杵,书籍与指南,,锻造书,False,0,0,0,0,0,0,0,0,0,0,0,0,0,0,0
2662,11312,0x2C30,0,0,0.0,False,True,鬼半藏之枪,书籍与指南,,锻造书,False,0,0,0,0,0,0,0,0,0,0,0,0,0,0,0
2663,28989,0x713D,0,0,0.0,False,True,地狱刺叉,书籍与指南,,锻造书,False,0,0,0,0,0,0,0,0,0,0,0,0,0,0,0
2664,28973,0x712D,0,0,0.0,False,True,地狱冰枪,书籍与指南,,锻造书,False,0,0,0,0,0,0,0,0,0,0,0,0,0,0,0
2665,19189,0x4AF5,0,0,0.0,False,True,百万石长枪,书籍与指南,,锻造书,False,0,0,0,0,0,0,0,0,0,0,0,0,0,0,0
2666,60181,0xEB15,0,0,0.0,False,True,一玄居士之枪,书籍与指南,,锻造书,False,0,0,0,0,0,0,0,0,0,0,0,0,0,0,0
2667,6015,0x177F,0,0,0.0,False,True,小夜岚,书籍与指南,,锻造书,False,0,0,0,0,0,0,0,0,0,0,0,0,0,0,0
2668,58939,0xE63B,0,0,0.0,False,True,不知火,书籍与指南,,锻造书,False,0,0,0,0,0,0,0,0,0,0,0,0,0,0,0
2669,46977,0xB781,0,0,0.0,False,True,物部氏斧,书籍与指南,,锻造书,False,0,0,0,0,0,0,0,0,0,0,0,0,0,0,0
2670,47710,0xBA5E,0,0,0.0,False,True,鬼神大槌,书籍与指南,,锻造书,False,0,0,0,0,0,0,0,0,0,0,0,0,0,0,0
2671,48625,0xBDF1,0,0,0.0,False,True,与一之弓,书籍与指南,,锻造书,False,0,0,0,0,0,0,0,0,0,0,0,0,0,0,0
2672,16069,0x3EC5,0,0,0.0,False,True,天龙大咆哮,书籍与指南,,锻造书,False,0,0,0,0,0,0,0,0,0,0,0,0,0,0,0
2673,2577,0x0A11,0,0,0.0,False,True,盾无,书籍与指南,,锻造书,False,0,0,0,0,0,0,0,0,0,0,0,0,0,0,0
2674,61311,0xEF7F,0,0,0.0,False,True,唐皮铠,书籍与指南,,锻造书,False,0,0,0,0,0,0,0,0,0,0,0,0,0,0,0
2675,55492,0xD8C4,0,0,0.0,False,True,爱字前立头盔,书籍与指南,,锻造书,False,0,0,0,0,0,0,0,0,0,0,0,0,0,0,0
2676,65333,0xFF35,0,0,0.0,False,True,水神切兼光,书籍与指南,,锻造书,False,0,0,0,0,0,0,0,0,0,0,0,0,0,0,0
2677,54564,0xD524,0,0,0.0,False,True,燕尾中铠,书籍与指南,,锻造书,False,0,0,0,0,0,0,0,0,0,0,0,0,0,0,0
2678,42892,0xA78C,0,0,0.0,False,True,独眼龙中铠,书籍与指南,,锻造书,False,0,0,0,0,0,0,0,0,0,0,0,0,0,0,0
2679,5398,0x1516,0,0,0.0,False,True,大义之铠,书籍与指南,,锻造书,False,0,0,0,0,0,0,0,0,0,0,0,0,0,0,0
2680,25433,0x6359,0,0,0.0,False,True,护国禅师的袈裟,书籍与指南,,锻造书,False,0,0,0,0,0,0,0,0,0,0,0,0,0,0,0
2681,42004,0xA414,0,0,0.0,False,True,鸣神,书籍与指南,,锻造书,False,0,0,0,0,0,0,0,0,0,0,0,0,0,0,0
2682,912,0x0390,0,0,0.0,False,True,大般若长光·刨切,书籍与指南,,锻造书,False,0,0,0,0,0,0,0,0,0,0,0,0,0,0,0
2683,54862,0xD64E,0,0,0.0,False,True,比比罗木之八寻矛,书籍与指南,,锻造书,False,0,0,0,0,0,0,0,0,0,0,0,0,0,0,0
2684,47770,0xBA9A,0,0,0.0,False,True,皆朱枪,书籍与指南,,锻造书,False,0,0,0,0,0,0,0,0,0,0,0,0,0,0,0
2685,26426,0x673A,0,0,0.0,False,True,神威,书籍与指南,,锻造书,False,0,0,0,0,0,0,0,0,0,0,0,0,0,0,0
2686,1351,0x0547,0,0,0.0,False,True,宇佐美长光,书籍与指南,,锻造书,False,0,0,0,0,0,0,0,0,0,0,0,0,0,0,0
2687,12303,0x300F,0,0,0.0,False,True,烛台切光忠·镐藤四郎,书籍与指南,,锻造书,False,0,0,0,0,0,0,0,0,0,0,0,0,0,0,0
2688,53546,0xD12A,0,0,0.0,False,True,染血大菜刀,书籍与指南,,锻造书,False,0,0,0,0,0,0,0,0,0,0,0,0,0,0,0
2689,63676,0xF8BC,0,0,0.0,False,True,染血双锲,书籍与指南,,锻造书,False,0,0,0,0,0,0,0,0,0,0,0,0,0,0,0
2690,4241,0x1091,0,0,0.0,False,True,角突弓,书籍与指南,,锻造书,False,0,0,0,0,0,0,0,0,0,0,0,0,0,0,0
2691,3585,0x0E01,0,0,0.0,False,True,稻富流火绳枪,书籍与指南,,锻造书,False,0,0,0,0,0,0,0,0,0,0,0,0,0,0,0
2692,30720,0x7800,0,0,0.0,False,True,木刀,书籍与指南,,锻造书,False,0,0,0,0,0,0,0,0,0,0,0,0,0,0,0
2693,33473,0x82C1,0,0,0.0,False,True,双木刀,书籍与指南,,锻造书,False,0,0,0,0,0,0,0,0,0,0,0,0,0,0,0
2694,14271,0x37BF,0,0,0.0,False,True,木枪,书籍与指南,,锻造书,False,0,0,0,0,0,0,0,0,0,0,0,0,0,0,0
2695,35108,0x8924,0,0,0.0,False,True,木斧,书籍与指南,,锻造书,False,0,0,0,0,0,0,0,0,0,0,0,0,0,0,0
2696,29684,0x73F4,0,0,0.0,False,True,木锁镰,书籍与指南,,锻造书,False,0,0,0,0,0,0,0,0,0,0,0,0,0,0,0
2697,34358,0x8636,0,0,0.0,False,True,大木太刀,书籍与指南,,锻造书,False,0,0,0,0,0,0,0,0,0,0,0,0,0,0,0
2698,34660,0x8764,0,0,0.0,False,True,木旋棍,书籍与指南,,锻造书,False,0,0,0,0,0,0,0,0,0,0,0,0,0,0,0
2699,52186,0xCBDA,0,0,0.0,False,True,蝾螺形盔,书籍与指南,,锻造书,False,0,0,0,0,0,0,0,0,0,0,0,0,0,0,0
2700,22090,0x564A,0,0,0.0,False,True,锡杖后立头盔,书籍与指南,,锻造书,False,0,0,0,0,0,0,0,0,0,0,0,0,0,0,0
2701,8094,0x1F9E,0,0,0.0,False,True,合子形盔,书籍与指南,,锻造书,False,0,0,0,0,0,0,0,0,0,0,0,0,0,0,0
2702,14960,0x3A70,0,0,0.0,False,True,蜷曲蛇形盔,书籍与指南,,锻造书,False,0,0,0,0,0,0,0,0,0,0,0,0,0,0,0
2703,30132,0x75B4,0,0,0.0,False,True,扇前立头盔,书籍与指南,,锻造书,False,0,0,0,0,0,0,0,0,0,0,0,0,0,0,0
2704,20591,0x506F,0,0,0.0,False,True,天狗面,书籍与指南,,锻造书,False,0,0,0,0,0,0,0,0,0,0,0,0,0,0,0
2705,35443,0x8A73,0,0,0.0,False,True,谋神头盔,书籍与指南,,锻造书,False,0,0,0,0,0,0,0,0,0,0,0,0,0,0,0
2706,11734,0x2DD6,0,0,0.0,False,True,勇僧的袈裟头巾,书籍与指南,,锻造书,False,0,0,0,0,0,0,0,0,0,0,0,0,0,0,0
2707,16222,0x3F5E,0,0,0.0,False,True,六字名号头盔,书籍与指南,,锻造书,False,0,0,0,0,0,0,0,0,0,0,0,0,0,0,0
2708,18458,0x481A,0,0,0.0,False,True,一之谷形盔,书籍与指南,,锻造书,False,0,0,0,0,0,0,0,0,0,0,0,0,0,0,0
2709,58807,0xE5B7,0,0,0.0,False,True,武藏的头巾,书籍与指南,,锻造书,False,0,0,0,0,0,0,0,0,0,0,0,0,0,0,0
2710,38117,0x94E5,0,0,0.0,False,True,赤河童头盔,书籍与指南,,锻造书,False,0,0,0,0,0,0,0,0,0,0,0,0,0,0,0
2711,57025,0xDEC1,0,0,0.0,False,True,双龙旋棍,书籍与指南,,锻造书,False,0,0,0,0,0,0,0,0,0,0,0,0,0,0,0
2712,11075,0x2B43,0,0,0.0,False,True,两仪旋棍,书籍与指南,,锻造书,False,0,0,0,0,0,0,0,0,0,0,0,0,0,0,0
2713,14258,0x37B2,0,0,0.0,False,True,石州和贞,书籍与指南,,锻造书,False,0,0,0,0,0,0,0,0,0,0,0,0,0,0,0
2714,60737,0xED41,0,0,0.0,False,True,晒衣杆,书籍与指南,,锻造书,False,0,0,0,0,0,0,0,0,0,0,0,0,0,0,0
2715,11118,0x2B6E,0,0,0.0,False,True,天目一个神之斧,书籍与指南,,锻造书,False,0,0,0,0,0,0,0,0,0,0,0,0,0,0,0
2716,33801,0x8409,0,0,0.0,False,True,甲斐国江,书籍与指南,,锻造书,False,0,0,0,0,0,0,0,0,0,0,0,0,0,0,0
2717,45433,0xB179,0,0,0.0,False,True,大千鸟十字枪,书籍与指南,,锻造书,False,0,0,0,0,0,0,0,0,0,0,0,0,0,0,0
2718,13029,0x32E5,0,0,0.0,False,True,田付流火绳枪,书籍与指南,,锻造书,False,0,0,0,0,0,0,0,0,0,0,0,0,0,0,0
2719,33174,0x8196,0,0,0.0,False,True,田付流秘传大炮,书籍与指南,,锻造书,False,0,0,0,0,0,0,0,0,0,0,0,0,0,0,0
2720,19718,0x4D06,0,0,0.0,False,True,道鬼斋头盔,书籍与指南,,锻造书,False,0,0,0,0,0,0,0,0,0,0,0,0,0,0,0
2721,13307,0x33FB,0,0,0.0,False,True,黑狐面,书籍与指南,,锻造书,False,0,0,0,0,0,0,0,0,0,0,0,0,0,0,0
2722,21406,0x539E,0,0,0.0,False,True,白狐面,书籍与指南,,锻造书,False,0,0,0,0,0,0,0,0,0,0,0,0,0,0,0
2723,26416,0x6730,0,0,0.0,False,True,诹访法性头盔,书籍与指南,,锻造书,False,0,0,0,0,0,0,0,0,0,0,0,0,0,0,0
2724,1243,0x04DB,0,0,0.0,False,True,螺旋角眼镜头盔,书籍与指南,,锻造书,False,0,0,0,0,0,0,0,0,0,0,0,0,0,0,0
2725,4846,0x12EE,0,0,0.0,False,True,避来矢,书籍与指南,,锻造书,False,0,0,0,0,0,0,0,0,0,0,0,0,0,0,0
2726,58320,0xE3D0,0,0,0.0,False,True,祈月斗将之铠,书籍与指南,,锻造书,False,0,0,0,0,0,0,0,0,0,0,0,0,0,0,0
2727,48913,0xBF11,0,0,0.0,False,True,游历剑士装束,书籍与指南,,锻造书,False,0,0,0,0,0,0,0,0,0,0,0,0,0,0,0
2728,57389,0xE02D,0,0,0.0,False,True,霸王狙击装束,书籍与指南,,锻造书,False,0,0,0,0,0,0,0,0,0,0,0,0,0,0,0
2729,28461,0x6F2D,0,0,0.0,False,True,笑面青江,书籍与指南,,锻造书,False,0,0,0,0,0,0,0,0,0,0,0,0,0,0,0
2730,625,0x0271,0,0,0.0,False,True,同田贯正国,书籍与指南,,锻造书,False,0,0,0,0,0,0,0,0,0,0,0,0,0,0,0
2731,6524,0x197C,0,0,0.0,False,True,山姥之枪,书籍与指南,,锻造书,False,0,0,0,0,0,0,0,0,0,0,0,0,0,0,0
2732,4688,0x1250,0,0,0.0,False,True,小松明,书籍与指南,,锻造书,False,0,0,0,0,0,0,0,0,0,0,0,0,0,0,0
2733,24025,0x5DD9,0,0,0.0,False,True,玄翁大槌,书籍与指南,,锻造书,False,0,0,0,0,0,0,0,0,0,0,0,0,0,0,0
2734,2308,0x0904,0,0,0.0,False,True,刀匠之锤,书籍与指南,,锻造书,False,0,0,0,0,0,0,0,0,0,0,0,0,0,0,0
2735,38218,0x954A,0,0,0.0,False,True,蜃影战斧,书籍与指南,,锻造书,False,0,0,0,0,0,0,0,0,0,0,0,0,0,0,0
2736,14976,0x3A80,0,0,0.0,False,True,锈蚀锄,书籍与指南,,锻造书,False,0,0,0,0,0,0,0,0,0,0,0,0,0,0,0
2737,3818,0x0EEA,0,0,0.0,False,True,地狱棍棒,书籍与指南,,锻造书,False,0,0,0,0,0,0,0,0,0,0,0,0,0,0,0
2738,29001,0x7149,0,0,0.0,False,True,护国禅师之锤,书籍与指南,,锻造书,False,0,0,0,0,0,0,0,0,0,0,0,0,0,0,0
2739,34535,0x86E7,0,0,0.0,False,True,西洋炮术家铁锤,书籍与指南,,锻造书,False,0,0,0,0,0,0,0,0,0,0,0,0,0,0,0
2740,52727,0xCDF7,0,0,0.0,False,True,雪代,书籍与指南,,锻造书,False,0,0,0,0,0,0,0,0,0,0,0,0,0,0,0
2741,56198,0xDB86,0,0,0.0,False,True,微尘丸,书籍与指南,,锻造书,False,0,0,0,0,0,0,0,0,0,0,0,0,0,0,0
2742,36011,0x8CAB,0,0,0.0,False,True,布都御魂,书籍与指南,,锻造书,False,0,0,0,0,0,0,0,0,0,0,0,0,0,0,0
2743,7176,0x1C08,0,0,0.0,False,True,次郎太刀,书籍与指南,,锻造书,False,0,0,0,0,0,0,0,0,0,0,0,0,0,0,0
2744,63023,0xF62F,0,0,0.0,False,True,金刚旋杵,书籍与指南,,锻造书,False,0,0,0,0,0,0,0,0,0,0,0,0,0,0,0
2745,32489,0x7EE9,0,0,0.0,False,True,却邪旋棍,书籍与指南,,锻造书,False,0,0,0,0,0,0,0,0,0,0,0,0,0,0,0
2746,36471,0x8E77,0,0,0.0,False,True,雷上动,书籍与指南,,锻造书,False,0,0,0,0,0,0,0,0,0,0,0,0,0,0,0
2747,37667,0x9323,0,0,0.0,False,True,雷火炮,书籍与指南,,锻造书,False,0,0,0,0,0,0,0,0,0,0,0,0,0,0,0
2748,23312,0x5B10,0,0,0.0,False,True,神符八日月前立头盔,书籍与指南,,锻造书,False,0,0,0,0,0,0,0,0,0,0,0,0,0,0,0
2749,12707,0x31A3,0,0,0.0,False,True,日轮前立头盔,书籍与指南,,锻造书,False,0,0,0,0,0,0,0,0,0,0,0,0,0,0,0
2750,4939,0x134B,0,0,0.0,False,True,土佐守轻铠,书籍与指南,,锻造书,False,0,0,0,0,0,0,0,0,0,0,0,0,0,0,0
2751,28271,0x6E6F,0,0,0.0,False,True,日轮之子之铠,书籍与指南,,锻造书,False,0,0,0,0,0,0,0,0,0,0,0,0,0,0,0
2752,52348,0xCC7C,0,0,0.0,False,True,蜥蜴丸,书籍与指南,,锻造书,False,0,0,0,0,0,0,0,0,0,0,0,0,0,0,0
2753,4931,0x1343,0,0,0.0,False,True,鬼丸国纲,书籍与指南,,锻造书,False,0,0,0,0,0,0,0,0,0,0,0,0,0,0,0
2754,3147,0x0C4B,0,0,0.0,False,True,万骨,书籍与指南,,锻造书,False,0,0,0,0,0,0,0,0,0,0,0,0,0,0,0
2755,59890,0xE9F2,0,0,0.0,False,True,红蜘蛛,书籍与指南,,锻造书,False,0,0,0,0,0,0,0,0,0,0,0,0,0,0,0
2756,26140,0x661C,0,0,0.0,False,True,萤丸,书籍与指南,,锻造书,False,0,0,0,0,0,0,0,0,0,0,0,0,0,0,0
2757,24979,0x6193,0,0,0.0,False,True,凶贼手斧,书籍与指南,,锻造书,False,0,0,0,0,0,0,0,0,0,0,0,0,0,0,0
2758,4104,0x1008,0,0,0.0,False,True,小乌丸·拔丸,书籍与指南,,锻造书,False,0,0,0,0,0,0,0,0,0,0,0,0,0,0,0
2759,21087,0x525F,0,0,0.0,False,True,曝野·白枝,书籍与指南,,锻造书,False,0,0,0,0,0,0,0,0,0,0,0,0,0,0,0
2760,4723,0x1273,0,0,0.0,False,True,破军板斧,书籍与指南,,锻造书,False,0,0,0,0,0,0,0,0,0,0,0,0,0,0,0
2761,60591,0xECAF,0,0,0.0,False,True,狱卒之斧,书籍与指南,,锻造书,False,0,0,0,0,0,0,0,0,0,0,0,0,0,0,0
2762,65063,0xFE27,0,0,0.0,False,True,斩朽绳,书籍与指南,,锻造书,False,0,0,0,0,0,0,0,0,0,0,0,0,0,0,0
2763,6196,0x1834,0,0,0.0,False,True,石动,书籍与指南,,锻造书,False,0,0,0,0,0,0,0,0,0,0,0,0,0,0,0
2764,20306,0x4F52,0,0,0.0,False,True,猿飞秘枪棍,书籍与指南,,锻造书,False,0,0,0,0,0,0,0,0,0,0,0,0,0,0,0
2765,51980,0xCB0C,0,0,0.0,False,True,白骨精旋棍,书籍与指南,,锻造书,False,0,0,0,0,0,0,0,0,0,0,0,0,0,0,0
2766,58355,0xE3F3,0,0,0.0,False,True,忌龙,书籍与指南,,锻造书,False,0,0,0,0,0,0,0,0,0,0,0,0,0,0,0
2767,9322,0x246A,0,0,0.0,False,True,百鬼刀,书籍与指南,,锻造书,False,0,0,0,0,0,0,0,0,0,0,0,0,0,0,0
2768,12800,0x3200,0,0,0.0,False,True,百鬼双刀,书籍与指南,,锻造书,False,0,0,0,0,0,0,0,0,0,0,0,0,0,0,0
2769,19762,0x4D32,0,0,0.0,False,True,百鬼枪,书籍与指南,,锻造书,False,0,0,0,0,0,0,0,0,0,0,0,0,0,0,0
2770,8098,0x1FA2,0,0,0.0,False,True,百鬼斧,书籍与指南,,锻造书,False,0,0,0,0,0,0,0,0,0,0,0,0,0,0,0
2771,27702,0x6C36,0,0,0.0,False,True,百鬼锁镰,书籍与指南,,锻造书,False,0,0,0,0,0,0,0,0,0,0,0,0,0,0,0
2772,43709,0xAABD,0,0,0.0,False,True,百鬼大太刀,书籍与指南,,锻造书,False,0,0,0,0,0,0,0,0,0,0,0,0,0,0,0
2773,12762,0x31DA,0,0,0.0,False,True,百鬼旋棍,书籍与指南,,锻造书,False,0,0,0,0,0,0,0,0,0,0,0,0,0,0,0
2774,7982,0x1F2E,0,0,0.0,False,True,百鬼手斧,书籍与指南,,锻造书,False,0,0,0,0,0,0,0,0,0,0,0,0,0,0,0
2775,50450,0xC512,0,0,0.0,False,True,百鬼薙刀镰,书籍与指南,,锻造书,False,0,0,0,0,0,0,0,0,0,0,0,0,0,0,0
2776,2412,0x096C,0,0,0.0,False,True,神官净衣,书籍与指南,,锻造书,False,0,0,0,0,0,0,0,0,0,0,0,0,0,0,0
2777,6694,0x1A26,0,0,0.0,False,True,绝群倾奇之铠,书籍与指南,,锻造书,False,0,0,0,0,0,0,0,0,0,0,0,0,0,0,0
2778,16246,0x3F76,0,0,0.0,False,True,百鬼之铠,书籍与指南,,锻造书,False,0,0,0,0,0,0,0,0,0,0,0,0,0,0,0
2779,63673,0xF8B9,0,0,0.0,False,True,万鬼之铠,书籍与指南,,锻造书,False,0,0,0,0,0,0,0,0,0,0,0,0,0,0,0
2780,49303,0xC097,0,0,0.0,False,True,源太产衣,书籍与指南,,锻造书,False,0,0,0,0,0,0,0,0,0,0,0,0,0,0,0
2781,15714,0x3D62,0,0,0.0,False,True,烟罗面,书籍与指南,,锻造书,False,0,0,0,0,0,0,0,0,0,0,0,0,0,0,0
2782,14980,0x3A84,0,0,0.0,False,True,镰鼬头盔,书籍与指南,,锻造书,False,0,0,0,0,0,0,0,0,0,0,0,0,0,0,0
2783,6465,0x1941,0,0,0.0,False,True,化狸头盔,书籍与指南,,锻造书,False,0,0,0,0,0,0,0,0,0,0,0,0,0,0,0
2784,27321,0x6AB9,0,0,0.0,False,True,太初武士之铠,书籍与指南,,锻造书,False,0,0,0,0,0,0,0,0,0,0,0,0,0,0,0
2785,23851,0x5D2B,0,0,0.0,False,True,黑莲,书籍与指南,,锻造书,False,0,0,0,0,0,0,0,0,0,0,0,0,0,0,0
2786,49369,0xC0D9,0,0,0.0,False,True,竹叶雪,书籍与指南,,锻造书,False,0,0,0,0,0,0,0,0,0,0,0,0,0,0,0
2787,5272,0x1498,0,0,0.0,False,True,宗三左文字·松仓江,书籍与指南,,锻造书,False,0,0,0,0,0,0,0,0,0,0,0,0,0,0,0
2788,3346,0x0D12,0,0,0.0,False,True,海道第一大名之弓,书籍与指南,,锻造书,False,0,0,0,0,0,0,0,0,0,0,0,0,0,0,0
2789,63810,0xF942,0,0,0.0,False,True,实休光忠,书籍与指南,,锻造书,False,0,0,0,0,0,0,0,0,0,0,0,0,0,0,0
2790,41765,0xA325,0,0,0.0,False,True,浅井一文字,书籍与指南,,锻造书,False,0,0,0,0,0,0,0,0,0,0,0,0,0,0,0
2791,35137,0x8941,0,0,0.0,False,True,有动刀,书籍与指南,,锻造书,False,0,0,0,0,0,0,0,0,0,0,0,0,0,0,0
2792,39971,0x9C23,0,0,0.0,False,True,明智近景,书籍与指南,,锻造书,False,0,0,0,0,0,0,0,0,0,0,0,0,0,0,0
2793,50156,0xC3EC,0,0,0.0,False,True,无常刀,书籍与指南,,锻造书,False,0,0,0,0,0,0,0,0,0,0,0,0,0,0,0
2794,6947,0x1B23,0,0,0.0,False,True,舞蹈刀,书籍与指南,,锻造书,False,0,0,0,0,0,0,0,0,0,0,0,0,0,0,0
2795,55813,0xDA05,0,0,0.0,False,True,备前景安,书籍与指南,,锻造书,False,0,0,0,0,0,0,0,0,0,0,0,0,0,0,0
2796,49152,0xC000,0,0,0.0,False,True,早鹰,书籍与指南,,锻造书,False,0,0,0,0,0,0,0,0,0,0,0,0,0,0,0
2797,21861,0x5565,0,0,0.0,False,True,一文钱通,书籍与指南,,锻造书,False,0,0,0,0,0,0,0,0,0,0,0,0,0,0,0
2798,44961,0xAFA1,0,0,0.0,False,True,又左长枪,书籍与指南,,锻造书,False,0,0,0,0,0,0,0,0,0,0,0,0,0,0,0
2799,33259,0x81EB,0,0,0.0,False,True,大江·长铭正宗,书籍与指南,,锻造书,False,0,0,0,0,0,0,0,0,0,0,0,0,0,0,0
2800,55231,0xD7BF,0,0,0.0,False,True,太郎坊兼光·刺剑,书籍与指南,,锻造书,False,0,0,0,0,0,0,0,0,0,0,0,0,0,0,0
2801,8243,0x2033,0,0,0.0,False,True,一期一振·亲子藤四郎,书籍与指南,,锻造书,False,0,0,0,0,0,0,0,0,0,0,0,0,0,0,0
2802,22826,0x592A,0,0,0.0,False,True,川并众锁镰,书籍与指南,,锻造书,False,0,0,0,0,0,0,0,0,0,0,0,0,0,0,0
2803,43005,0xA7FD,0,0,0.0,False,True,大兼光,书籍与指南,,锻造书,False,0,0,0,0,0,0,0,0,0,0,0,0,0,0,0
2804,15838,0x3DDE,0,0,0.0,False,True,太郎太刀,书籍与指南,,锻造书,False,0,0,0,0,0,0,0,0,0,0,0,0,0,0,0
2805,42263,0xA517,0,0,0.0,False,True,破瓶二丁斧,书籍与指南,,锻造书,False,0,0,0,0,0,0,0,0,0,0,0,0,0,0,0
2806,58627,0xE503,0,0,0.0,False,True,日野铁炮,书籍与指南,,锻造书,False,0,0,0,0,0,0,0,0,0,0,0,0,0,0,0
2807,62397,0xF3BD,0,0,0.0,False,True,五人弓,书籍与指南,,锻造书,False,0,0,0,0,0,0,0,0,0,0,0,0,0,0,0
2808,52155,0xCBBB,0,0,0.0,False,True,海道第一大名之铠,书籍与指南,,锻造书,False,0,0,0,0,0,0,0,0,0,0,0,0,0,0,0
2809,59208,0xE748,0,0,0.0,False,True,上总介之铠,书籍与指南,,锻造书,False,0,0,0,0,0,0,0,0,0,0,0,0,0,0,0
2810,39469,0x9A2D,0,0,0.0,False,True,江北雄豪之铠,书籍与指南,,锻造书,False,0,0,0,0,0,0,0,0,0,0,0,0,0,0,0
2811,41209,0xA0F9,0,0,0.0,False,True,枪又左之铠,书籍与指南,,锻造书,False,0,0,0,0,0,0,0,0,0,0,0,0,0,0,0
2812,40577,0x9E81,0,0,0.0,False,True,再世孔明之铠,书籍与指南,,锻造书,False,0,0,0,0,0,0,0,0,0,0,0,0,0,0,0
2813,8247,0x2037,0,0,0.0,False,True,川并众战甲,书籍与指南,,锻造书,False,0,0,0,0,0,0,0,0,0,0,0,0,0,0,0
2814,7318,0x1C96,0,0,0.0,False,True,惟任日向守之铠,书籍与指南,,锻造书,False,0,0,0,0,0,0,0,0,0,0,0,0,0,0,0
2815,36833,0x8FE1,0,0,0.0,False,True,金葫芦之铠,书籍与指南,,锻造书,False,0,0,0,0,0,0,0,0,0,0,0,0,0,0,0
2816,10436,0x28C4,0,0,0.0,False,True,玄龙大铠,书籍与指南,,锻造书,False,0,0,0,0,0,0,0,0,0,0,0,0,0,0,0
2817,45857,0xB321,0,0,0.0,False,True,美浓蝮衣,书籍与指南,,锻造书,False,0,0,0,0,0,0,0,0,0,0,0,0,0,0,0
2818,37208,0x9158,0,0,0.0,False,True,阴阳武者战甲,书籍与指南,,锻造书,False,0,0,0,0,0,0,0,0,0,0,0,0,0,0,0
2819,11180,0x2BAC,0,0,0.0,False,True,玄冥阴阳装束,书籍与指南,,锻造书,False,0,0,0,0,0,0,0,0,0,0,0,0,0,0,0
2820,11846,0x2E46,0,0,0.0,False,True,鸢加藤忍衣,书籍与指南,,锻造书,False,0,0,0,0,0,0,0,0,0,0,0,0,0,0,0
2821,25132,0x622C,0,0,0.0,False,True,剑圣衣装,书籍与指南,,锻造书,False,0,0,0,0,0,0,0,0,0,0,0,0,0,0,0
2822,830,0x033E,0,0,0.0,False,True,行商人装束,书籍与指南,,锻造书,False,0,0,0,0,0,0,0,0,0,0,0,0,0,0,0
2823,39352,0x99B8,0,0,0.0,False,True,鬼柴田之铠,书籍与指南,,锻造书,False,0,0,0,0,0,0,0,0,0,0,0,0,0,0,0
2824,55597,0xD92D,0,0,0.0,False,True,枭雄之铠,书籍与指南,,锻造书,False,0,0,0,0,0,0,0,0,0,0,0,0,0,0,0
2825,12577,0x3121,0,0,0.0,False,True,镰仓大人之铠,书籍与指南,,锻造书,False,0,0,0,0,0,0,0,0,0,0,0,0,0,0,0
2826,201,0x00C9,0,0,0.0,False,True,剑术无双之衣,书籍与指南,,锻造书,False,0,0,0,0,0,0,0,0,0,0,0,0,0,0,0
2827,25948,0x655C,0,0,0.0,False,True,落难御曹司装束,书籍与指南,,锻造书,False,0,0,0,0,0,0,0,0,0,0,0,0,0,0,0
2828,60593,0xECB1,0,0,0.0,False,True,水军装束,书籍与指南,,锻造书,False,0,0,0,0,0,0,0,0,0,0,0,0,0,0,0
2829,11730,0x2DD2,0,0,0.0,False,True,平三之铠,书籍与指南,,锻造书,False,0,0,0,0,0,0,0,0,0,0,0,0,0,0,0
2830,36595,0x8EF3,0,0,0.0,False,True,木曾紫之铠,书籍与指南,,锻造书,False,0,0,0,0,0,0,0,0,0,0,0,0,0,0,0
2831,13278,0x33DE,0,0,0.0,False,True,圣人旅装,书籍与指南,,锻造书,False,0,0,0,0,0,0,0,0,0,0,0,0,0,0,0
2832,10021,0x2725,0,0,0.0,False,True,弟君锦衣,书籍与指南,,锻造书,False,0,0,0,0,0,0,0,0,0,0,0,0,0,0,0
2833,44173,0xAC8D,0,0,0.0,False,True,第一队队长队服,书籍与指南,,锻造书,False,0,0,0,0,0,0,0,0,0,0,0,0,0,0,0
2834,22412,0x578C,0,0,0.0,False,True,奇兵队长装束,书籍与指南,,锻造书,False,0,0,0,0,0,0,0,0,0,0,0,0,0,0,0
2835,19291,0x4B5B,0,0,0.0,False,True,葵纹之铠,书籍与指南,,锻造书,False,0,0,0,0,0,0,0,0,0,0,0,0,0,0,0
2836,16932,0x4224,0,0,0.0,False,True,新选组队服,书籍与指南,,锻造书,False,0,0,0,0,0,0,0,0,0,0,0,0,0,0,0
2837,44085,0xAC35,0,0,0.0,False,True,万两义贼之铠,书籍与指南,,锻造书,False,0,0,0,0,0,0,0,0,0,0,0,0,0,0,0
2838,31119,0x798F,0,0,0.0,False,True,最后的忍者装束,书籍与指南,,锻造书,False,0,0,0,0,0,0,0,0,0,0,0,0,0,0,0
2839,49921,0xC301,0,0,0.0,False,True,海内无双之衣,书籍与指南,,锻造书,False,0,0,0,0,0,0,0,0,0,0,0,0,0,0,0
2840,40802,0x9F62,0,0,0.0,False,True,西洋炮术家装束,书籍与指南,,锻造书,False,0,0,0,0,0,0,0,0,0,0,0,0,0,0,0
2841,32985,0x80D9,0,0,0.0,False,True,八重垣流装束,书籍与指南,,锻造书,False,0,0,0,0,0,0,0,0,0,0,0,0,0,0,0
2842,46468,0xB584,0,0,0.0,False,True,凛然装束,书籍与指南,,锻造书,False,0,0,0,0,0,0,0,0,0,0,0,0,0,0,0
2843,36387,0x8E23,0,0,0.0,False,True,凶王之衣,书籍与指南,,锻造书,False,0,0,0,0,0,0,0,0,0,0,0,0,0,0,0
2844,26073,0x65D9,0,0,0.0,False,True,威光中铠,书籍与指南,,锻造书,False,0,0,0,0,0,0,0,0,0,0,0,0,0,0,0
2845,43981,0xABCD,0,0,0.0,False,True,暗行忍者装束,书籍与指南,,锻造书,False,0,0,0,0,0,0,0,0,0,0,0,0,0,0,0
2846,49016,0xBF78,0,0,0.0,False,True,副将军之铠,书籍与指南,,锻造书,False,0,0,0,0,0,0,0,0,0,0,0,0,0,0,0
2847,18623,0x48BF,0,0,0.0,False,True,又右卫门之衣,书籍与指南,,锻造书,False,0,0,0,0,0,0,0,0,0,0,0,0,0,0,0
2848,11104,0x2B60,0,0,0.0,False,True,百万石之铠,书籍与指南,,锻造书,False,0,0,0,0,0,0,0,0,0,0,0,0,0,0,0
2849,61626,0xF0BA,0,0,0.0,False,True,独眼剑豪之衣,书籍与指南,,锻造书,False,0,0,0,0,0,0,0,0,0,0,0,0,0,0,0
2850,48946,0xBF32,0,0,0.0,False,True,一玄居士之衣,书籍与指南,,锻造书,False,0,0,0,0,0,0,0,0,0,0,0,0,0,0,0
2851,64176,0xFAB0,0,0,0.0,False,True,大目付忍装束,书籍与指南,,锻造书,False,0,0,0,0,0,0,0,0,0,0,0,0,0,0,0
2852,50052,0xC384,0,0,0.0,False,True,弁庆梦想装束,书籍与指南,,锻造书,False,0,0,0,0,0,0,0,0,0,0,0,0,0,0,0
2853,61504,0xF040,0,0,0.0,False,True,智慧伊豆之衣,书籍与指南,,锻造书,False,0,0,0,0,0,0,0,0,0,0,0,0,0,0,0
2854,49459,0xC133,0,0,0.0,False,True,肥后之虎铠,书籍与指南,,锻造书,False,0,0,0,0,0,0,0,0,0,0,0,0,0,0,0
2855,1490,0x05D2,0,0,0.0,False,True,少武者中铠,书籍与指南,,锻造书,False,0,0,0,0,0,0,0,0,0,0,0,0,0,0,0
2856,25723,0x647B,0,0,0.0,False,True,无缘人之铠,书籍与指南,,锻造书,False,0,0,0,0,0,0,0,0,0,0,0,0,0,0,0
2857,29327,0x728F,0,0,0.0,False,True,鬼颚,书籍与指南,,锻造书,False,0,0,0,0,0,0,0,0,0,0,0,0,0,0,0
2858,3319,0x0CF7,0,0,0.0,False,True,瓮通枪,书籍与指南,,锻造书,False,0,0,0,0,0,0,0,0,0,0,0,0,0,0,0
2859,60073,0xEAA9,0,0,0.0,False,True,人间无骨,书籍与指南,,锻造书,False,0,0,0,0,0,0,0,0,0,0,0,0,0,0,0
2860,39450,0x9A1A,0,0,0.0,False,True,肥后之虎的枪,书籍与指南,,锻造书,False,0,0,0,0,0,0,0,0,0,0,0,0,0,0,0
2861,49919,0xC2FF,0,0,0.0,False,True,独脚踏鞴之锤,书籍与指南,,锻造书,False,0,0,0,0,0,0,0,0,0,0,0,0,0,0,0
2862,4866,0x1302,0,0,0.0,False,True,两面宿傩之斧,书籍与指南,,锻造书,False,0,0,0,0,0,0,0,0,0,0,0,0,0,0,0
2863,29490,0x7332,0,0,0.0,False,True,入峰之斧,书籍与指南,,锻造书,False,0,0,0,0,0,0,0,0,0,0,0,0,0,0,0
2864,21131,0x528B,0,0,0.0,False,True,酒吞童子的铁棒,书籍与指南,,锻造书,False,0,0,0,0,0,0,0,0,0,0,0,0,0,0,0
2865,58452,0xE454,0,0,0.0,False,True,山姥菜刀,书籍与指南,,锻造书,False,0,0,0,0,0,0,0,0,0,0,0,0,0,0,0
2866,38135,0x94F7,0,0,0.0,False,True,和泉守兼定·葵纹越前康继,书籍与指南,,锻造书,False,0,0,0,0,0,0,0,0,0,0,0,0,0,0,0
2867,3909,0x0F45,0,0,0.0,False,True,飞仓锁镰,书籍与指南,,锻造书,False,0,0,0,0,0,0,0,0,0,0,0,0,0,0,0
2868,40308,0x9D74,0,0,0.0,False,True,独脚踏鞴大太刀,书籍与指南,,锻造书,False,0,0,0,0,0,0,0,0,0,0,0,0,0,0,0
2869,46708,0xB674,0,0,0.0,False,True,两面宿傩之剑,书籍与指南,,锻造书,False,0,0,0,0,0,0,0,0,0,0,0,0,0,0,0
2870,20501,0x5015,0,0,0.0,False,True,双头蛇旋棍,书籍与指南,,锻造书,False,0,0,0,0,0,0,0,0,0,0,0,0,0,0,0
2871,17801,0x4589,0,0,0.0,False,True,木制手斧,书籍与指南,,锻造书,False,0,0,0,0,0,0,0,0,0,0,0,0,0,0,0
2872,52890,0xCE9A,0,0,0.0,False,True,灼炎,书籍与指南,,锻造书,False,0,0,0,0,0,0,0,0,0,0,0,0,0,0,0
2873,59063,0xE6B7,0,0,0.0,False,True,冰岳,书籍与指南,,锻造书,False,0,0,0,0,0,0,0,0,0,0,0,0,0,0,0
2874,46010,0xB3BA,0,0,0.0,False,True,震雷,书籍与指南,,锻造书,False,0,0,0,0,0,0,0,0,0,0,0,0,0,0,0
2875,31931,0x7CBB,0,0,0.0,False,True,前鬼·后鬼,书籍与指南,,锻造书,False,0,0,0,0,0,0,0,0,0,0,0,0,0,0,0
2876,16915,0x4213,0,0,0.0,False,True,木薙刀镰,书籍与指南,,锻造书,False,0,0,0,0,0,0,0,0,0,0,0,0,0,0,0
2877,33126,0x8166,0,0,0.0,False,True,雪斋薙刀镰,书籍与指南,,锻造书,False,0,0,0,0,0,0,0,0,0,0,0,0,0,0,0
2878,17782,0x4576,0,0,0.0,False,True,雷神爪,书籍与指南,,锻造书,False,0,0,0,0,0,0,0,0,0,0,0,0,0,0,0
2879,58103,0xE2F7,0,0,0.0,False,True,绵津见,书籍与指南,,锻造书,False,0,0,0,0,0,0,0,0,0,0,0,0,0,0,0
2880,64810,0xFD2A,0,0,0.0,False,True,凤凰翼,书籍与指南,,锻造书,False,0,0,0,0,0,0,0,0,0,0,0,0,0,0,0
2881,50585,0xC599,0,0,0.0,False,True,两面宿傩之弓,书籍与指南,,锻造书,False,0,0,0,0,0,0,0,0,0,0,0,0,0,0,0
2882,22350,0x574E,0,0,0.0,False,True,宫司净衣,书籍与指南,,锻造书,False,0,0,0,0,0,0,0,0,0,0,0,0,0,0,0
2883,20938,0x51CA,0,0,0.0,False,True,楚叶矢众装束,书籍与指南,,锻造书,False,0,0,0,0,0,0,0,0,0,0,0,0,0,0,0
2884,1054,0x041E,0,0,0.0,False,True,楚叶矢众铠,书籍与指南,,锻造书,False,0,0,0,0,0,0,0,0,0,0,0,0,0,0,0
2885,28292,0x6E84,0,0,0.0,False,True,风魔头领忍者装束,书籍与指南,,锻造书,False,0,0,0,0,0,0,0,0,0,0,0,0,0,0,0
2886,63470,0xF7EE,0,0,0.0,False,True,错轮纹立缨后立盔,书籍与指南,,锻造书,False,0,0,0,0,0,0,0,0,0,0,0,0,0,0,0
2887,11217,0x2BD1,0,0,0.0,False,True,富士山形盔,书籍与指南,,锻造书,False,0,0,0,0,0,0,0,0,0,0,0,0,0,0,0
2888,53649,0xD191,0,0,0.0,False,True,总黑熊毛植盔,书籍与指南,,锻造书,False,0,0,0,0,0,0,0,0,0,0,0,0,0,0,0
2889,52360,0xCC88,0,0,0.0,False,True,女面,书籍与指南,,锻造书,False,0,0,0,0,0,0,0,0,0,0,0,0,0,0,0
2890,1614,0x064E,0,0,0.0,False,True,黑漆涂雁金形盔,书籍与指南,,锻造书,False,0,0,0,0,0,0,0,0,0,0,0,0,0,0,0
2891,2473,0x09A9,0,0,0.0,False,True,翁面,书籍与指南,,锻造书,False,0,0,0,0,0,0,0,0,0,0,0,0,0,0,0
2892,24183,0x5E77,0,0,0.0,False,True,猪前立头盔,书籍与指南,,锻造书,False,0,0,0,0,0,0,0,0,0,0,0,0,0,0,0
2893,62224,0xF310,0,0,0.0,False,True,乌帽子形盔,书籍与指南,,锻造书,False,0,0,0,0,0,0,0,0,0,0,0,0,0,0,0
2894,27494,0x6B66,0,0,0.0,False,True,般若面,书籍与指南,,锻造书,False,0,0,0,0,0,0,0,0,0,0,0,0,0,0,0
2895,36788,0x8FB4,0,0,0.0,False,True,金虎鲸立头盔,书籍与指南,,锻造书,False,0,0,0,0,0,0,0,0,0,0,0,0,0,0,0
2896,60251,0xEB5B,0,0,0.0,False,True,象鼻头盔,书籍与指南,,锻造书,False,0,0,0,0,0,0,0,0,0,0,0,0,0,0,0
2897,11862,0x2E56,0,0,0.0,False,True,三钴剑前立头盔,书籍与指南,,锻造书,False,0,0,0,0,0,0,0,0,0,0,0,0,0,0,0
2898,37513,0x9289,0,0,0.0,False,True,雷神头盔,书籍与指南,,锻造书,False,0,0,0,0,0,0,0,0,0,0,0,0,0,0,0
2899,28575,0x6F9F,0,0,0.0,False,True,风神头盔,书籍与指南,,锻造书,False,0,0,0,0,0,0,0,0,0,0,0,0,0,0,0
2900,21435,0x53BB,0,0,0.0,False,True,怨灵面,书籍与指南,,锻造书,False,0,0,0,0,0,0,0,0,0,0,0,0,0,0,0
2901,49787,0xC27B,0,0,0.0,False,True,修罗护颊,书籍与指南,,锻造书,False,0,0,0,0,0,0,0,0,0,0,0,0,0,0,0
2902,46252,0xB4AC,0,0,0.0,False,True,螺形乌帽子,书籍与指南,,锻造书,False,0,0,0,0,0,0,0,0,0,0,0,0,0,0,0
2903,36368,0x8E10,0,0,0.0,False,True,丹青双蛇头盔,书籍与指南,,锻造书,False,0,0,0,0,0,0,0,0,0,0,0,0,0,0,0
2904,16776,0x4188,0,0,0.0,False,True,千千古头盔,书籍与指南,,锻造书,False,0,0,0,0,0,0,0,0,0,0,0,0,0,0,0
2905,52591,0xCD6F,0,0,0.0,False,True,草薙形盔,书籍与指南,,锻造书,False,0,0,0,0,0,0,0,0,0,0,0,0,0,0,0
2906,9793,0x2641,0,0,0.0,False,True,丛云形盔,书籍与指南,,锻造书,False,0,0,0,0,0,0,0,0,0,0,0,0,0,0,0
2907,18778,0x495A,0,0,0.0,False,True,铁三枚张峰界形盔,书籍与指南,,锻造书,False,0,0,0,0,0,0,0,0,0,0,0,0,0,0,0
2908,42721,0xA6E1,0,0,0.0,False,True,塔婆后立头盔,书籍与指南,,锻造书,False,0,0,0,0,0,0,0,0,0,0,0,0,0,0,0
2909,33509,0x82E5,0,0,0.0,False,True,蝶形盔,书籍与指南,,锻造书,False,0,0,0,0,0,0,0,0,0,0,0,0,0,0,0
2910,199,0x00C7,0,0,0.0,False,True,鬼神面,书籍与指南,,锻造书,False,0,0,0,0,0,0,0,0,0,0,0,0,0,0,0
2911,33248,0x81E0,0,0,0.0,False,True,水牛角头盔,书籍与指南,,锻造书,False,0,0,0,0,0,0,0,0,0,0,0,0,0,0,0
2912,32397,0x7E8D,0,0,0.0,False,True,和冠形盔,书籍与指南,,锻造书,False,0,0,0,0,0,0,0,0,0,0,0,0,0,0,0
2913,47100,0xB7FC,0,0,0.0,False,True,唐冠形盔,书籍与指南,,锻造书,False,0,0,0,0,0,0,0,0,0,0,0,0,0,0,0
2914,27948,0x6D2C,0,0,0.0,False,True,稿编笠形盔,书籍与指南,,锻造书,False,0,0,0,0,0,0,0,0,0,0,0,0,0,0,0
2915,22810,0x591A,0,0,0.0,False,True,改良冠形盔,书籍与指南,,锻造书,False,0,0,0,0,0,0,0,0,0,0,0,0,0,0,0
2916,58161,0xE331,0,0,0.0,False,True,龙头形盔,书籍与指南,,锻造书,False,0,0,0,0,0,0,0,0,0,0,0,0,0,0,0
2917,2827,0x0B0B,0,0,0.0,False,True,笠子形盔,书籍与指南,,锻造书,False,0,0,0,0,0,0,0,0,0,0,0,0,0,0,0
2918,12576,0x3120,0,0,0.0,False,True,熊头形盔,书籍与指南,,锻造书,False,0,0,0,0,0,0,0,0,0,0,0,0,0,0,0
2919,5874,0x16F2,0,0,0.0,False,True,火焰光前立头盔,书籍与指南,,锻造书,False,0,0,0,0,0,0,0,0,0,0,0,0,0,0,0
2920,52505,0xCD19,0,0,0.0,False,True,兔耳头盔,书籍与指南,,锻造书,False,0,0,0,0,0,0,0,0,0,0,0,0,0,0,0
2921,9067,0x236B,0,0,0.0,False,True,毛虫前立鸟毛胁立头盔,书籍与指南,,锻造书,False,0,0,0,0,0,0,0,0,0,0,0,0,0,0,0
2922,42422,0xA5B6,0,0,0.0,False,True,兔耳形盔,书籍与指南,,锻造书,False,0,0,0,0,0,0,0,0,0,0,0,0,0,0,0
2923,49015,0xBF77,0,0,0.0,False,True,古笼火之枪,书籍与指南,,锻造书,False,0,0,0,0,0,0,0,0,0,0,0,0,0,0,0
2924,65419,0xFF8B,0,0,0.0,False,True,薄绿,书籍与指南,,锻造书,False,0,0,0,0,0,0,0,0,0,0,0,0,0,0,0
2925,63782,0xF926,0,0,0.0,False,True,薄绿,书籍与指南,,锻造书,False,0,0,0,0,0,0,0,0,0,0,0,0,0,0,0
2926,21298,0x5332,0,0,0.0,False,True,凶王之剑,书籍与指南,,锻造书,False,0,0,0,0,0,0,0,0,0,0,0,0,0,0,0
2927,13717,0x3595,0,0,0.0,False,True,加州清光,书籍与指南,,锻造书,False,0,0,0,0,0,0,0,0,0,0,0,0,0,0,0
2928,34627,0x8743,0,0,0.0,False,True,藤原贞安,书籍与指南,,锻造书,False,0,0,0,0,0,0,0,0,0,0,0,0,0,0,0
2929,62376,0xF3A8,0,0,0.0,False,True,长曾祢虎彻,书籍与指南,,锻造书,False,0,0,0,0,0,0,0,0,0,0,0,0,0,0,0
2930,14480,0x3890,0,0,0.0,False,True,家光的装饰刀,书籍与指南,,锻造书,False,0,0,0,0,0,0,0,0,0,0,0,0,0,0,0
2931,18185,0x4709,0,0,0.0,False,True,痴·痣丸,书籍与指南,,锻造书,False,0,0,0,0,0,0,0,0,0,0,0,0,0,0,0
2932,18856,0x49A8,0,0,0.0,False,True,白鸟枪,书籍与指南,,锻造书,False,0,0,0,0,0,0,0,0,0,0,0,0,0,0,0
2933,59216,0xE750,0,0,0.0,False,True,光世锁镰,书籍与指南,,锻造书,False,0,0,0,0,0,0,0,0,0,0,0,0,0,0,0
2934,36174,0x8D4E,0,0,0.0,False,True,武藏坊之斧,书籍与指南,,锻造书,False,0,0,0,0,0,0,0,0,0,0,0,0,0,0,0
2935,52718,0xCDEE,0,0,0.0,False,True,祢祢切丸,书籍与指南,,锻造书,False,0,0,0,0,0,0,0,0,0,0,0,0,0,0,0
2936,25741,0x648D,0,0,0.0,False,True,王祖旋棍,书籍与指南,,锻造书,False,0,0,0,0,0,0,0,0,0,0,0,0,0,0,0
2937,50986,0xC72A,0,0,0.0,False,True,日轮·月轮,书籍与指南,,锻造书,False,0,0,0,0,0,0,0,0,0,0,0,0,0,0,0
2938,39964,0x9C1C,0,0,0.0,False,True,岩融,书籍与指南,,锻造书,False,0,0,0,0,0,0,0,0,0,0,0,0,0,0,0
2939,54925,0xD68D,0,0,0.0,False,True,破戒薙刀镰,书籍与指南,,锻造书,False,0,0,0,0,0,0,0,0,0,0,0,0,0,0,0
2940,60267,0xEB6B,0,0,0.0,False,True,镇西八郎之弓,书籍与指南,,锻造书,False,0,0,0,0,0,0,0,0,0,0,0,0,0,0,0
2941,36850,0x8FF2,0,0,0.0,False,True,射扇之弓,书籍与指南,,锻造书,False,0,0,0,0,0,0,0,0,0,0,0,0,0,0,0
2942,52238,0xCC0E,0,0,0.0,False,True,赤备大将之弓,书籍与指南,,锻造书,False,0,0,0,0,0,0,0,0,0,0,0,0,0,0,0
2943,5129,0x1409,0,0,0.0,False,True,镰仓大人之弓,书籍与指南,,锻造书,False,0,0,0,0,0,0,0,0,0,0,0,0,0,0,0
2944,26932,0x6934,0,0,0.0,False,True,木机关棍,书籍与指南,,锻造书,False,0,0,0,0,0,0,0,0,0,0,0,0,0,0,0
2945,1126,0x0466,0,0,0.0,False,True,破邪机关棍,书籍与指南,,锻造书,False,0,0,0,0,0,0,0,0,0,0,0,0,0,0,0
2946,42160,0xA4B0,0,0,0.0,False,True,火焰光机关棍,书籍与指南,,锻造书,False,0,0,0,0,0,0,0,0,0,0,0,0,0,0,0
2947,65216,0xFEC0,0,0,0.0,False,True,怒涛机关棍,书籍与指南,,锻造书,False,0,0,0,0,0,0,0,0,0,0,0,0,0,0,0
2948,36070,0x8CE6,0,0,0.0,False,True,金刚杵机关棍,书籍与指南,,锻造书,False,0,0,0,0,0,0,0,0,0,0,0,0,0,0,0
2949,48473,0xBD59,0,0,0.0,False,True,鬼猎鬼机关棍,书籍与指南,,锻造书,False,0,0,0,0,0,0,0,0,0,0,0,0,0,0,0
2950,35774,0x8BBE,0,0,0.0,False,True,武藏坊机关棍,书籍与指南,,锻造书,False,0,0,0,0,0,0,0,0,0,0,0,0,0,0,0
2951,9158,0x23C6,0,0,0.0,False,True,日巫女之杖,书籍与指南,,锻造书,False,0,0,0,0,0,0,0,0,0,0,0,0,0,0,0
2952,23718,0x5CA6,0,0,0.0,False,True,见越锡杖,书籍与指南,,锻造书,False,0,0,0,0,0,0,0,0,0,0,0,0,0,0,0
2953,47190,0xB856,0,0,0.0,False,True,圣人锡杖,书籍与指南,,锻造书,False,0,0,0,0,0,0,0,0,0,0,0,0,0,0,0
2954,12621,0x314D,0,0,0.0,False,True,魔缘锡杖,书籍与指南,,锻造书,False,0,0,0,0,0,0,0,0,0,0,0,0,0,0,0
2955,60583,0xECA7,0,0,0.0,False,True,三池典太·编笠,书籍与指南,,锻造书,False,0,0,0,0,0,0,0,0,0,0,0,0,0,0,0
2956,32488,0x7EE8,0,0,0.0,False,True,牛若之铠,书籍与指南,,锻造书,False,0,0,0,0,0,0,0,0,0,0,0,0,0,0,0
2957,35697,0x8B71,0,0,0.0,False,True,袖神之铠,书籍与指南,,锻造书,False,0,0,0,0,0,0,0,0,0,0,0,0,0,0,0
2958,30047,0x755F,0,0,0.0,False,True,大型八龙,书籍与指南,,锻造书,False,0,0,0,0,0,0,0,0,0,0,0,0,0,0,0
2959,47344,0xB8F0,0,0,0.0,False,True,武藏坊之铠,书籍与指南,,锻造书,False,0,0,0,0,0,0,0,0,0,0,0,0,0,0,0
2960,23066,0x5A1A,0,0,0.0,False,True,恶七兵卫之铠,书籍与指南,,锻造书,False,0,0,0,0,0,0,0,0,0,0,0,0,0,0,0
2961,58093,0xE2ED,0,0,0.0,False,True,善擦帽子,书籍与指南,,锻造书,False,0,0,0,0,0,0,0,0,0,0,0,0,0,0,0
2962,60590,0xECAE,0,0,0.0,False,True,善擦帽子,书籍与指南,,锻造书,False,0,0,0,0,0,0,0,0,0,0,0,0,0,0,0
2963,62338,0xF382,0,0,0.0,False,True,夜袭护颊,书籍与指南,,锻造书,False,0,0,0,0,0,0,0,0,0,0,0,0,0,0,0
2964,61401,0xEFD9,0,0,0.0,False,True,鬼切,书籍与指南,,锻造书,False,0,0,0,0,0,0,0,0,0,0,0,0,0,0,0
2965,54377,0xD469,0,0,0.0,False,True,髭切,书籍与指南,,锻造书,False,0,0,0,0,0,0,0,0,0,0,0,0,0,0,0
2966,38061,0x94AD,0,0,0.0,False,True,邪马台国之剑,书籍与指南,,锻造书,False,0,0,0,0,0,0,0,0,0,0,0,0,0,0,0
2967,473,0x01D9,0,0,0.0,False,True,家光的装饰刀,书籍与指南,,锻造书,False,0,0,0,0,0,0,0,0,0,0,0,0,0,0,0
2968,57458,0xE072,0,0,0.0,False,True,处斩丽刀,书籍与指南,,锻造书,False,0,0,0,0,0,0,0,0,0,0,0,0,0,0,0
2969,57477,0xE085,0,0,0.0,False,False,,,,,False,0,0,0,0,0,0,0,0,0,0,0,0,0,0,0
2970,3489,0x0DA1,0,0,0.0,False,True,血吸·蜘蛛切,书籍与指南,,锻造书,False,0,0,0,0,0,0,0,0,0,0,0,0,0,0,0
2971,31140,0x79A4,0,0,0.0,False,True,毘沙门戟,书籍与指南,,锻造书,False,0,0,0,0,0,0,0,0,0,0,0,0,0,0,0
2972,35910,0x8C46,0,0,0.0,False,True,诹访明神薙镰,书籍与指南,,锻造书,False,0,0,0,0,0,0,0,0,0,0,0,0,0,0,0
2973,49085,0xBFBD,0,0,0.0,False,True,破魔金刚锤,书籍与指南,,锻造书,False,0,0,0,0,0,0,0,0,0,0,0,0,0,0,0
2974,8740,0x2224,0,0,0.0,False,True,石切丸,书籍与指南,,锻造书,False,0,0,0,0,0,0,0,0,0,0,0,0,0,0,0
2975,36529,0x8EB1,0,0,0.0,False,True,赤备大将长卷,书籍与指南,,锻造书,False,0,0,0,0,0,0,0,0,0,0,0,0,0,0,0
2976,10713,0x29D9,0,0,0.0,False,True,茨木童子大太刀,书籍与指南,,锻造书,False,0,0,0,0,0,0,0,0,0,0,0,0,0,0,0
2977,42345,0xA569,0,0,0.0,False,True,鬼武者大太刀,书籍与指南,,锻造书,False,0,0,0,0,0,0,0,0,0,0,0,0,0,0,0
2978,19407,0x4BCF,0,0,0.0,False,True,凶王妖剑,书籍与指南,,锻造书,False,0,0,0,0,0,0,0,0,0,0,0,0,0,0,0
2979,37872,0x93F0,0,0,0.0,False,True,破瓶,书籍与指南,,锻造书,False,0,0,0,0,0,0,0,0,0,0,0,0,0,0,0
2980,6521,0x1979,0,0,0.0,False,True,第二队队长大太刀,书籍与指南,,锻造书,False,0,0,0,0,0,0,0,0,0,0,0,0,0,0,0
2981,30073,0x7579,0,0,0.0,False,True,鬼神丸国重,书籍与指南,,锻造书,False,0,0,0,0,0,0,0,0,0,0,0,0,0,0,0
2982,23712,0x5CA0,0,0,0.0,False,True,盗贼首领大太刀,书籍与指南,,锻造书,False,0,0,0,0,0,0,0,0,0,0,0,0,0,0,0
2983,49162,0xC00A,0,0,0.0,False,True,宝塔旋棍,书籍与指南,,锻造书,False,0,0,0,0,0,0,0,0,0,0,0,0,0,0,0
2984,60574,0xEC9E,0,0,0.0,False,True,波切二丁斧,书籍与指南,,锻造书,False,0,0,0,0,0,0,0,0,0,0,0,0,0,0,0
2985,5218,0x1462,0,0,0.0,False,True,明神镰,书籍与指南,,锻造书,False,0,0,0,0,0,0,0,0,0,0,0,0,0,0,0
2986,17208,0x4338,0,0,0.0,False,True,兼光薙刀镰,书籍与指南,,锻造书,False,0,0,0,0,0,0,0,0,0,0,0,0,0,0,0
2987,37756,0x937C,0,0,0.0,False,True,慈悲薙刀镰,书籍与指南,,锻造书,False,0,0,0,0,0,0,0,0,0,0,0,0,0,0,0
2988,3974,0x0F86,0,0,0.0,False,True,木曾紫薙刀镰,书籍与指南,,锻造书,False,0,0,0,0,0,0,0,0,0,0,0,0,0,0,0
2989,44393,0xAD69,0,0,0.0,False,True,龙王机关棍,书籍与指南,,锻造书,False,0,0,0,0,0,0,0,0,0,0,0,0,0,0,0
2990,26793,0x68A9,0,0,0.0,False,True,御持弓,书籍与指南,,锻造书,False,0,0,0,0,0,0,0,0,0,0,0,0,0,0,0
2991,54100,0xD354,0,0,0.0,False,True,木手甲,书籍与指南,,锻造书,False,0,0,0,0,0,0,0,0,0,0,0,0,0,0,0
2992,11817,0x2E29,0,0,0.0,False,True,土蜘蛛众手甲钩,书籍与指南,,锻造书,False,0,0,0,0,0,0,0,0,0,0,0,0,0,0,0
2993,64784,0xFD10,0,0,0.0,False,True,白莲手甲,书籍与指南,,锻造书,False,0,0,0,0,0,0,0,0,0,0,0,0,0,0,0
2994,57938,0xE252,0,0,0.0,False,True,鬼腕甲,书籍与指南,,锻造书,False,0,0,0,0,0,0,0,0,0,0,0,0,0,0,0
2995,27588,0x6BC4,0,0,0.0,False,True,焰怒手甲钩,书籍与指南,,锻造书,False,0,0,0,0,0,0,0,0,0,0,0,0,0,0,0
2996,37957,0x9445,0,0,0.0,False,True,冰华手甲钩,书籍与指南,,锻造书,False,0,0,0,0,0,0,0,0,0,0,0,0,0,0,0
2997,31920,0x7CB0,0,0,0.0,False,True,百雷手甲,书籍与指南,,锻造书,False,0,0,0,0,0,0,0,0,0,0,0,0,0,0,0
2998,36227,0x8D83,0,0,0.0,False,True,猛禽爪,书籍与指南,,锻造书,False,0,0,0,0,0,0,0,0,0,0,0,0,0,0,0
2999,9724,0x25FC,0,0,0.0,False,True,风魔首领手甲钩,书籍与指南,,锻造书,False,0,0,0,0,0,0,0,0,0,0,0,0,0,0,0
3000,58076,0xE2DC,0,0,0.0,False,True,万两义贼手甲钩,书籍与指南,,锻造书,False,0,0,0,0,0,0,0,0,0,0,0,0,0,0,0
3001,23247,0x5ACF,0,0,0.0,False,True,万两义贼手甲,书籍与指南,,锻造书,False,0,0,0,0,0,0,0,0,0,0,0,0,0,0,0
3002,17656,0x44F8,0,0,0.0,False,True,副将军手甲,书籍与指南,,锻造书,False,0,0,0,0,0,0,0,0,0,0,0,0,0,0,0
3003,11501,0x2CED,0,0,0.0,False,True,隼流战装束,书籍与指南,,锻造书,False,0,0,0,0,0,0,0,0,0,0,0,0,0,0,0
3004,18753,0x4941,0,0,0.0,False,True,土蜘蛛众装束,书籍与指南,,锻造书,False,0,0,0,0,0,0,0,0,0,0,0,0,0,0,0
3005,46311,0xB4E7,0,0,0.0,False,True,武家贵族装束,书籍与指南,,锻造书,False,0,0,0,0,0,0,0,0,0,0,0,0,0,0,0
3006,8103,0x1FA7,0,0,0.0,False,True,讨魔首领之铠,书籍与指南,,锻造书,False,0,0,0,0,0,0,0,0,0,0,0,0,0,0,0
3007,1605,0x0645,0,0,0.0,False,True,讨鬼勇猛之铠,书籍与指南,,锻造书,False,0,0,0,0,0,0,0,0,0,0,0,0,0,0,0
3008,46898,0xB732,0,0,0.0,False,True,九郎判官之铠,书籍与指南,,锻造书,False,0,0,0,0,0,0,0,0,0,0,0,0,0,0,0
3009,7014,0x1B66,0,0,0.0,False,True,赤备大将大铠,书籍与指南,,锻造书,False,0,0,0,0,0,0,0,0,0,0,0,0,0,0,0
3010,16315,0x3FBB,0,0,0.0,False,True,美浓宿老之铠,书籍与指南,,锻造书,False,0,0,0,0,0,0,0,0,0,0,0,0,0,0,0
3011,20994,0x5202,0,0,0.0,False,True,御一门众之铠,书籍与指南,,锻造书,False,0,0,0,0,0,0,0,0,0,0,0,0,0,0,0
3012,43476,0xA9D4,0,0,0.0,False,True,修理亮之铠,书籍与指南,,锻造书,False,0,0,0,0,0,0,0,0,0,0,0,0,0,0,0
3013,49651,0xC1F3,0,0,0.0,False,True,逃弹正之铠,书籍与指南,,锻造书,False,0,0,0,0,0,0,0,0,0,0,0,0,0,0,0
3014,20122,0x4E9A,0,0,0.0,False,True,崇佛诚心之铠,书籍与指南,,锻造书,False,0,0,0,0,0,0,0,0,0,0,0,0,0,0,0
3015,60444,0xEC1C,0,0,0.0,False,True,甲斐之虎铠甲,书籍与指南,,锻造书,False,0,0,0,0,0,0,0,0,0,0,0,0,0,0,0
3016,12540,0x30FC,0,0,0.0,False,True,田村后裔之铠,书籍与指南,,锻造书,False,0,0,0,0,0,0,0,0,0,0,0,0,0,0,0
3017,18282,0x476A,0,0,0.0,False,True,魑魅的骨帽子,书籍与指南,,锻造书,False,0,0,0,0,0,0,0,0,0,0,0,0,0,0,0
3018,64346,0xFB5A,0,0,0.0,False,True,酒吞童子的面具,书籍与指南,,锻造书,False,0,0,0,0,0,0,0,0,0,0,0,0,0,0,0
3019,26941,0x693D,0,0,0.0,False,True,显明连,书籍与指南,,锻造书,False,0,0,0,0,0,0,0,0,0,0,0,0,0,0,0
3020,12823,0x3217,0,0,0.0,False,True,大通连·小通连,书籍与指南,,锻造书,False,0,0,0,0,0,0,0,0,0,0,0,0,0,0,0
3021,37086,0x90DE,0,0,0.0,False,True,隼风矛,书籍与指南,,锻造书,False,0,0,0,0,0,0,0,0,0,0,0,0,0,0,0
3022,30847,0x787F,0,0,0.0,False,True,风鬼锁镰,书籍与指南,,锻造书,False,0,0,0,0,0,0,0,0,0,0,0,0,0,0,0
3023,9567,0x255F,0,0,0.0,False,True,御神火之锤,书籍与指南,,锻造书,False,0,0,0,0,0,0,0,0,0,0,0,0,0,0,0
3024,41934,0xA3CE,0,0,0.0,False,True,黑漆大刀,书籍与指南,,锻造书,False,0,0,0,0,0,0,0,0,0,0,0,0,0,0,0
3025,35162,0x895A,0,0,0.0,False,True,雷火旋棍,书籍与指南,,锻造书,False,0,0,0,0,0,0,0,0,0,0,0,0,0,0,0
3026,18702,0x490E,0,0,0.0,False,True,最后的忍者旋棍,书籍与指南,,锻造书,False,0,0,0,0,0,0,0,0,0,0,0,0,0,0,0
3027,58769,0xE591,0,0,0.0,False,True,黑雨·霹雳,书籍与指南,,锻造书,False,0,0,0,0,0,0,0,0,0,0,0,0,0,0,0
3028,27710,0x6C3E,0,0,0.0,False,True,平三手斧,书籍与指南,,锻造书,False,0,0,0,0,0,0,0,0,0,0,0,0,0,0,0
3029,62557,0xF45D,0,0,0.0,False,True,污迹手斧·锈蚀镰,书籍与指南,,锻造书,False,0,0,0,0,0,0,0,0,0,0,0,0,0,0,0
3030,6734,0x1A4E,0,0,0.0,False,True,立乌帽子薙刀镰,书籍与指南,,锻造书,False,0,0,0,0,0,0,0,0,0,0,0,0,0,0,0
3031,20513,0x5021,0,0,0.0,False,True,弘法大师的锡杖,书籍与指南,,锻造书,False,0,0,0,0,0,0,0,0,0,0,0,0,0,0,0
3032,9058,0x2362,0,0,0.0,False,True,辟邪手甲,书籍与指南,,锻造书,False,0,0,0,0,0,0,0,0,0,0,0,0,0,0,0
3033,31555,0x7B43,0,0,0.0,False,True,善擦手甲,书籍与指南,,锻造书,False,0,0,0,0,0,0,0,0,0,0,0,0,0,0,0
3034,28329,0x6EA9,0,0,0.0,False,True,神通弓,书籍与指南,,锻造书,False,0,0,0,0,0,0,0,0,0,0,0,0,0,0,0
3035,21245,0x52FD,0,0,0.0,False,True,征夷大将军之铠,书籍与指南,,锻造书,False,0,0,0,0,0,0,0,0,0,0,0,0,0,0,0
3036,23191,0x5A97,0,0,0.0,False,True,弘法大师僧衣,书籍与指南,,锻造书,False,0,0,0,0,0,0,0,0,0,0,0,0,0,0,0
3037,22049,0x5621,0,0,0.0,False,True,上古之衣,书籍与指南,,锻造书,False,0,0,0,0,0,0,0,0,0,0,0,0,0,0,0
3038,40038,0x9C66,0,0,0.0,False,True,梦鬼之铠,书籍与指南,,锻造书,False,0,0,0,0,0,0,0,0,0,0,0,0,0,0,0
3039,52911,0xCEAF,0,0,0.0,False,True,铃鹿战装束,书籍与指南,,锻造书,False,0,0,0,0,0,0,0,0,0,0,0,0,0,0,0
3040,6180,0x1824,0,0,0.0,False,True,无明面具,书籍与指南,,锻造书,False,0,0,0,0,0,0,0,0,0,0,0,0,0,0,0
3041,51989,0xCB15,0,0,0.0,False,True,仁王面·阿形,书籍与指南,,锻造书,False,0,0,0,0,0,0,0,0,0,0,0,0,0,0,0
3042,29873,0x74B1,0,0,0.0,False,True,仁王面·吽形,书籍与指南,,锻造书,False,0,0,0,0,0,0,0,0,0,0,0,0,0,0,0
3043,57325,0xDFED,0,0,0.0,False,True,调节阀后立头盔,书籍与指南,,锻造书,False,0,0,0,0,0,0,0,0,0,0,0,0,0,0,0
3044,22059,0x562B,0,0,0.0,False,True,道服上衣,书籍与指南,,锻造书,False,0,0,0,0,0,0,0,0,0,0,0,0,0,0,0
3045,26666,0x682A,0,0,0.0,False,True,道服上衣,书籍与指南,,锻造书,False,0,0,0,0,0,0,0,0,0,0,0,0,0,0,0
3046,64368,0xFB70,0,0,0.0,False,True,道服裤裙,书籍与指南,,锻造书,False,0,0,0,0,0,0,0,0,0,0,0,0,0,0,0
3047,25566,0x63DE,0,0,0.0,False,True,黄金饰铠,书籍与指南,,锻造书,False,0,0,0,0,0,0,0,0,0,0,0,0,0,0,0
3048,53631,0xD17F,0,0,0.0,False,True,流浪楚叶矢装束,书籍与指南,,锻造书,False,0,0,0,0,0,0,0,0,0,0,0,0,0,0,0
3049,53301,0xD035,0,0,0.0,False,True,三郎兵卫大太刀,书籍与指南,,锻造书,False,0,0,0,0,0,0,0,0,0,0,0,0,0,0,0
3050,41451,0xA1EB,0,0,0.0,False,True,蛇腹大太刀,书籍与指南,,锻造书,False,0,0,0,0,0,0,0,0,0,0,0,0,0,0,0
3051,39509,0x9A55,0,0,0.0,False,True,弁庆梦想手甲钩,书籍与指南,,锻造书,False,0,0,0,0,0,0,0,0,0,0,0,0,0,0,0
3052,46644,0xB634,0,0,0.0,False,True,投掷名手的手斧,书籍与指南,,锻造书,False,0,0,0,0,0,0,0,0,0,0,0,0,0,0,0
3053,28336,0x6EB0,0,0,0.0,False,True,山田流锁镰,书籍与指南,,锻造书,False,0,0,0,0,0,0,0,0,0,0,0,0,0,0,0
3054,59864,0xE9D8,0,0,0.0,False,True,穴泽流薙刀镰,书籍与指南,,锻造书,False,0,0,0,0,0,0,0,0,0,0,0,0,0,0,0
3055,30166,0x75D6,0,0,0.0,False,True,大目付忍刀,书籍与指南,,锻造书,False,0,0,0,0,0,0,0,0,0,0,0,0,0,0,0
3056,32930,0x80A2,0,0,0.0,False,True,弁庆梦想锡杖,书籍与指南,,锻造书,False,0,0,0,0,0,0,0,0,0,0,0,0,0,0,0
3057,2479,0x09AF,0,0,0.0,False,True,大目付旋棍,书籍与指南,,锻造书,False,0,0,0,0,0,0,0,0,0,0,0,0,0,0,0
3058,18111,0x46BF,0,0,0.0,False,True,怨嗟剑盾,书籍与指南,,锻造书,False,0,0,0,0,0,0,0,0,0,0,0,0,0,0,0
3059,6373,0x18E5,0,0,0.0,False,True,长船近景,书籍与指南,,锻造书,False,0,0,0,0,0,0,0,0,0,0,0,0,0,0,0
3060,15013,0x3AA5,0,0,0.0,False,True,狱妖刀,书籍与指南,,锻造书,False,0,0,0,0,0,0,0,0,0,0,0,0,0,0,0
3061,34339,0x8623,0,0,0.0,False,True,狱妖双刀,书籍与指南,,锻造书,False,0,0,0,0,0,0,0,0,0,0,0,0,0,0,0
3062,21553,0x5431,0,0,0.0,False,True,狱妖之斧,书籍与指南,,锻造书,False,0,0,0,0,0,0,0,0,0,0,0,0,0,0,0
3063,62582,0xF476,0,0,0.0,False,True,狱妖之枪,书籍与指南,,锻造书,False,0,0,0,0,0,0,0,0,0,0,0,0,0,0,0
3064,52264,0xCC28,0,0,0.0,False,True,狱妖薙刀镰,书籍与指南,,锻造书,False,0,0,0,0,0,0,0,0,0,0,0,0,0,0,0
3065,595,0x0253,0,0,0.0,False,True,狱妖手甲,书籍与指南,,锻造书,False,0,0,0,0,0,0,0,0,0,0,0,0,0,0,0
3066,2437,0x0985,0,0,0.0,False,True,狱妖大太刀,书籍与指南,,锻造书,False,0,0,0,0,0,0,0,0,0,0,0,0,0,0,0
3067,29634,0x73C2,0,0,0.0,False,True,狱妖忍刀,书籍与指南,,锻造书,False,0,0,0,0,0,0,0,0,0,0,0,0,0,0,0
3068,41088,0xA080,0,0,0.0,False,True,狱妖忍双刀,书籍与指南,,锻造书,False,0,0,0,0,0,0,0,0,0,0,0,0,0,0,0
3069,17331,0x43B3,0,0,0.0,False,True,狱妖手甲钩,书籍与指南,,锻造书,False,0,0,0,0,0,0,0,0,0,0,0,0,0,0,0
3070,57854,0xE1FE,0,0,0.0,False,True,狱妖机关棍,书籍与指南,,锻造书,False,0,0,0,0,0,0,0,0,0,0,0,0,0,0,0
3071,33570,0x8322,0,0,0.0,False,True,狱妖旋棍,书籍与指南,,锻造书,False,0,0,0,0,0,0,0,0,0,0,0,0,0,0,0
3072,27957,0x6D35,0,0,0.0,False,True,狱妖锁镰,书籍与指南,,锻造书,False,0,0,0,0,0,0,0,0,0,0,0,0,0,0,0
3073,37938,0x9432,0,0,0.0,False,True,狱妖手斧,书籍与指南,,锻造书,False,0,0,0,0,0,0,0,0,0,0,0,0,0,0,0
3074,46716,0xB67C,0,0,0.0,False,True,炎狱武者之铠,书籍与指南,,锻造书,False,0,0,0,0,0,0,0,0,0,0,0,0,0,0,0
3075,53313,0xD041,0,0,0.0,False,True,炎狱忍者装束,书籍与指南,,锻造书,False,0,0,0,0,0,0,0,0,0,0,0,0,0,0,0
3076,28939,0x710B,0,0,0.0,False,True,冰狱武者之铠,书籍与指南,,锻造书,False,0,0,0,0,0,0,0,0,0,0,0,0,0,0,0
3077,13338,0x341A,0,0,0.0,False,True,冰狱忍者装束,书籍与指南,,锻造书,False,0,0,0,0,0,0,0,0,0,0,0,0,0,0,0
3078,14169,0x3759,0,0,0.0,False,True,万雷武士之铠,书籍与指南,,锻造书,False,0,0,0,0,0,0,0,0,0,0,0,0,0,0,0
3079,30405,0x76C5,0,0,0.0,False,True,万雷忍者装束,书籍与指南,,锻造书,False,0,0,0,0,0,0,0,0,0,0,0,0,0,0,0
3080,54848,0xD640,0,0,0.0,False,True,SKILL NAME DUMMY,其他或系统项,,模式0x10待确认,False,0,0,0,0,0,0,0,0,0,0,0,0,0,0,0
3081,3948,0x0F6C,0,0,0.0,False,True,SKILL NAME DUMMY,其他或系统项,,模式0x10待确认,False,0,0,0,0,0,0,0,0,0,0,0,0,0,0,0
3082,28929,0x7101,0,0,0.0,False,True,SKILL NAME DUMMY,其他或系统项,,模式0x10待确认,False,0,0,0,0,0,0,0,0,0,0,0,0,0,0,0
3083,10979,0x2AE3,0,0,0.0,False,True,SKILL NAME DUMMY,其他或系统项,,模式0x10待确认,False,0,0,0,0,0,0,0,0,0,0,0,0,0,0,0
3084,4759,0x1297,0,0,0.0,False,True,SKILL NAME DUMMY,其他或系统项,,模式0x10待确认,False,0,0,0,0,0,0,0,0,0,0,0,0,0,0,0
3085,16253,0x3F7D,0,0,0.0,False,True,SKILL NAME DUMMY,其他或系统项,,模式0x10待确认,False,0,0,0,0,0,0,0,0,0,0,0,0,0,0,0
3086,54805,0xD615,0,0,0.0,False,True,SKILL NAME DUMMY,其他或系统项,,模式0x10待确认,False,0,0,0,0,0,0,0,0,0,0,0,0,0,0,0
3087,1270,0x04F6,0,0,0.0,False,True,SKILL NAME DUMMY,其他或系统项,,模式0x10待确认,False,0,0,0,0,0,0,0,0,0,0,0,0,0,0,0
3088,60869,0xEDC5,0,0,0.0,False,True,SKILL NAME DUMMY,其他或系统项,,模式0x10待确认,False,0,0,0,0,0,0,0,0,0,0,0,0,0,0,0
3089,54971,0xD6BB,0,0,0.0,False,True,SKILL NAME DUMMY,其他或系统项,,模式0x10待确认,False,0,0,0,0,0,0,0,0,0,0,0,0,0,0,0
3090,31124,0x7994,0,0,0.0,False,True,SKILL NAME DUMMY,其他或系统项,,模式0x10待确认,False,0,0,0,0,0,0,0,0,0,0,0,0,0,0,0
3091,10702,0x29CE,0,0,0.0,False,True,SKILL NAME DUMMY,其他或系统项,,模式0x10待确认,False,0,0,0,0,0,0,0,0,0,0,0,0,0,0,0
3092,47305,0xB8C9,0,0,0.0,False,True,SKILL NAME DUMMY,其他或系统项,,模式0x10待确认,False,0,0,0,0,0,0,0,0,0,0,0,0,0,0,0
3093,15397,0x3C25,0,0,0.0,False,True,SKILL NAME DUMMY,其他或系统项,,模式0x10待确认,False,0,0,0,0,0,0,0,0,0,0,0,0,0,0,0
3094,31848,0x7C68,0,0,0.0,False,True,SKILL NAME DUMMY,其他或系统项,,模式0x10待确认,False,0,0,0,0,0,0,0,0,0,0,0,0,0,0,0
3095,54455,0xD4B7,0,0,0.0,False,True,SKILL NAME DUMMY,其他或系统项,,模式0x10待确认,False,0,0,0,0,0,0,0,0,0,0,0,0,0,0,0
3096,48067,0xBBC3,0,0,0.0,False,True,SKILL NAME DUMMY,其他或系统项,,模式0x10待确认,False,0,0,0,0,0,0,0,0,0,0,0,0,0,0,0
3097,63641,0xF899,0,0,0.0,False,True,SKILL NAME DUMMY,其他或系统项,,模式0x10待确认,False,0,0,0,0,0,0,0,0,0,0,0,0,0,0,0
3098,1544,0x0608,0,0,0.0,False,True,SKILL NAME DUMMY,其他或系统项,,模式0x10待确认,False,0,0,0,0,0,0,0,0,0,0,0,0,0,0,0
3099,20089,0x4E79,0,0,0.0,False,True,SKILL NAME DUMMY,其他或系统项,,模式0x10待确认,False,0,0,0,0,0,0,0,0,0,0,0,0,0,0,0
3100,48623,0xBDEF,0,0,0.0,False,True,SKILL NAME DUMMY,其他或系统项,,模式0x10待确认,False,0,0,0,0,0,0,0,0,0,0,0,0,0,0,0
3101,37761,0x9381,0,0,0.0,False,True,SKILL NAME DUMMY,其他或系统项,,模式0x10待确认,False,0,0,0,0,0,0,0,0,0,0,0,0,0,0,0
3102,3873,0x0F21,0,0,0.0,False,True,SKILL NAME DUMMY,其他或系统项,,模式0x10待确认,False,0,0,0,0,0,0,0,0,0,0,0,0,0,0,0
3103,43625,0xAA69,0,0,0.0,False,True,SKILL NAME DUMMY,其他或系统项,,模式0x10待确认,False,0,0,0,0,0,0,0,0,0,0,0,0,0,0,0
3104,33263,0x81EF,0,0,0.0,False,True,SKILL NAME DUMMY,其他或系统项,,模式0x10待确认,False,0,0,0,0,0,0,0,0,0,0,0,0,0,0,0
3105,12427,0x308B,0,0,0.0,False,True,SKILL NAME DUMMY,其他或系统项,,模式0x10待确认,False,0,0,0,0,0,0,0,0,0,0,0,0,0,0,0
3106,12002,0x2EE2,0,0,0.0,False,True,SKILL NAME DUMMY,其他或系统项,,模式0x10待确认,False,0,0,0,0,0,0,0,0,0,0,0,0,0,0,0
3107,26647,0x6817,0,0,0.0,False,True,SKILL NAME DUMMY,其他或系统项,,模式0x10待确认,False,0,0,0,0,0,0,0,0,0,0,0,0,0,0,0
3108,11524,0x2D04,0,0,0.0,False,True,SKILL NAME DUMMY,其他或系统项,,模式0x10待确认,False,0,0,0,0,0,0,0,0,0,0,0,0,0,0,0
3109,24593,0x6011,0,0,0.0,False,True,SKILL NAME DUMMY,其他或系统项,,模式0x10待确认,False,0,0,0,0,0,0,0,0,0,0,0,0,0,0,0
3110,26293,0x66B5,0,0,0.0,False,True,SKILL NAME DUMMY,其他或系统项,,模式0x10待确认,False,0,0,0,0,0,0,0,0,0,0,0,0,0,0,0
3111,20079,0x4E6F,0,0,0.0,False,True,SKILL NAME DUMMY,其他或系统项,,模式0x10待确认,False,0,0,0,0,0,0,0,0,0,0,0,0,0,0,0
3112,2380,0x094C,0,0,0.0,False,True,SKILL NAME DUMMY,其他或系统项,,模式0x10待确认,False,0,0,0,0,0,0,0,0,0,0,0,0,0,0,0
3113,15880,0x3E08,0,0,0.0,False,True,SKILL NAME DUMMY,其他或系统项,,模式0x10待确认,False,0,0,0,0,0,0,0,0,0,0,0,0,0,0,0
3114,39578,0x9A9A,0,0,0.0,False,True,SKILL NAME DUMMY,其他或系统项,,模式0x10待确认,False,0,0,0,0,0,0,0,0,0,0,0,0,0,0,0
3115,63593,0xF869,0,0,0.0,False,True,SKILL NAME DUMMY,其他或系统项,,模式0x10待确认,False,0,0,0,0,0,0,0,0,0,0,0,0,0,0,0
3116,36828,0x8FDC,0,0,0.0,False,True,SKILL NAME DUMMY,其他或系统项,,模式0x10待确认,False,0,0,0,0,0,0,0,0,0,0,0,0,0,0,0
3117,25271,0x62B7,0,0,0.0,False,True,SKILL NAME DUMMY,其他或系统项,,模式0x10待确认,False,0,0,0,0,0,0,0,0,0,0,0,0,0,0,0
3118,50065,0xC391,0,0,0.0,False,True,SKILL NAME DUMMY,其他或系统项,,模式0x10待确认,False,0,0,0,0,0,0,0,0,0,0,0,0,0,0,0
3119,11917,0x2E8D,0,0,0.0,False,True,SKILL NAME DUMMY,其他或系统项,,模式0x10待确认,False,0,0,0,0,0,0,0,0,0,0,0,0,0,0,0
3120,62375,0xF3A7,0,0,0.0,False,True,SKILL NAME DUMMY,其他或系统项,,模式0x10待确认,False,0,0,0,0,0,0,0,0,0,0,0,0,0,0,0
3121,8773,0x2245,0,0,0.0,False,True,SKILL NAME DUMMY,其他或系统项,,模式0x10待确认,False,0,0,0,0,0,0,0,0,0,0,0,0,0,0,0
3122,49894,0xC2E6,0,0,0.0,False,True,SKILL NAME DUMMY,其他或系统项,,模式0x10待确认,False,0,0,0,0,0,0,0,0,0,0,0,0,0,0,0
3123,31199,0x79DF,0,0,0.0,False,True,SKILL NAME DUMMY,其他或系统项,,模式0x10待确认,False,0,0,0,0,0,0,0,0,0,0,0,0,0,0,0
3124,18846,0x499E,0,0,0.0,False,True,SKILL NAME DUMMY,其他或系统项,,模式0x10待确认,False,0,0,0,0,0,0,0,0,0,0,0,0,0,0,0
3125,23182,0x5A8E,0,0,0.0,False,True,SKILL NAME DUMMY,其他或系统项,,模式0x10待确认,False,0,0,0,0,0,0,0,0,0,0,0,0,0,0,0
3126,53819,0xD23B,0,0,0.0,False,True,SKILL NAME DUMMY,其他或系统项,,模式0x10待确认,False,0,0,0,0,0,0,0,0,0,0,0,0,0,0,0
3127,57347,0xE003,0,0,0.0,False,True,SKILL NAME DUMMY,其他或系统项,,模式0x10待确认,False,0,0,0,0,0,0,0,0,0,0,0,0,0,0,0
3128,15032,0x3AB8,0,0,0.0,False,True,SKILL NAME DUMMY,其他或系统项,,模式0x10待确认,False,0,0,0,0,0,0,0,0,0,0,0,0,0,0,0
3129,44041,0xAC09,0,0,0.0,False,True,SKILL NAME DUMMY,其他或系统项,,模式0x10待确认,False,0,0,0,0,0,0,0,0,0,0,0,0,0,0,0
3130,59314,0xE7B2,0,0,0.0,False,True,SKILL NAME DUMMY,其他或系统项,,模式0x10待确认,False,0,0,0,0,0,0,0,0,0,0,0,0,0,0,0
3131,28561,0x6F91,0,0,0.0,False,True,SKILL NAME DUMMY,其他或系统项,,模式0x10待确认,False,0,0,0,0,0,0,0,0,0,0,0,0,0,0,0
3132,33978,0x84BA,0,0,0.0,False,True,SKILL NAME DUMMY,其他或系统项,,模式0x10待确认,False,0,0,0,0,0,0,0,0,0,0,0,0,0,0,0
3133,46629,0xB625,0,0,0.0,False,True,SKILL NAME DUMMY,其他或系统项,,模式0x10待确认,False,0,0,0,0,0,0,0,0,0,0,0,0,0,0,0
3134,59294,0xE79E,0,0,0.0,False,True,SKILL NAME DUMMY,其他或系统项,,模式0x10待确认,False,0,0,0,0,0,0,0,0,0,0,0,0,0,0,0
3135,14884,0x3A24,0,0,0.0,False,True,SKILL NAME DUMMY,其他或系统项,,模式0x10待确认,False,0,0,0,0,0,0,0,0,0,0,0,0,0,0,0
3136,35500,0x8AAC,0,0,0.0,False,True,SKILL NAME DUMMY,其他或系统项,,模式0x10待确认,False,0,0,0,0,0,0,0,0,0,0,0,0,0,0,0
3137,30558,0x775E,0,0,0.0,False,True,SKILL NAME DUMMY,其他或系统项,,模式0x10待确认,False,0,0,0,0,0,0,0,0,0,0,0,0,0,0,0
3138,59079,0xE6C7,0,0,0.0,False,True,SKILL NAME DUMMY,其他或系统项,,模式0x10待确认,False,0,0,0,0,0,0,0,0,0,0,0,0,0,0,0
3139,50938,0xC6FA,0,0,0.0,False,True,SKILL NAME DUMMY,其他或系统项,,模式0x10待确认,False,0,0,0,0,0,0,0,0,0,0,0,0,0,0,0
3140,49192,0xC028,0,0,0.0,False,True,SKILL NAME DUMMY,其他或系统项,,模式0x10待确认,False,0,0,0,0,0,0,0,0,0,0,0,0,0,0,0
3141,47446,0xB956,0,0,0.0,False,True,SKILL NAME DUMMY,其他或系统项,,模式0x10待确认,False,0,0,0,0,0,0,0,0,0,0,0,0,0,0,0
3142,33505,0x82E1,0,0,0.0,False,True,SKILL NAME DUMMY,其他或系统项,,模式0x10待确认,False,0,0,0,0,0,0,0,0,0,0,0,0,0,0,0
3143,24569,0x5FF9,0,0,0.0,False,True,SKILL NAME DUMMY,其他或系统项,,模式0x10待确认,False,0,0,0,0,0,0,0,0,0,0,0,0,0,0,0
3144,3249,0x0CB1,0,0,0.0,False,True,SKILL NAME DUMMY,其他或系统项,,模式0x10待确认,False,0,0,0,0,0,0,0,0,0,0,0,0,0,0,0
3145,26408,0x6728,0,0,0.0,False,True,SKILL NAME DUMMY,其他或系统项,,模式0x10待确认,False,0,0,0,0,0,0,0,0,0,0,0,0,0,0,0
3146,11671,0x2D97,0,0,0.0,False,True,SKILL NAME DUMMY,其他或系统项,,模式0x10待确认,False,0,0,0,0,0,0,0,0,0,0,0,0,0,0,0
3147,39510,0x9A56,0,0,0.0,False,True,SKILL NAME DUMMY,其他或系统项,,模式0x10待确认,False,0,0,0,0,0,0,0,0,0,0,0,0,0,0,0
3148,47475,0xB973,0,0,0.0,False,True,SKILL NAME DUMMY,其他或系统项,,模式0x10待确认,False,0,0,0,0,0,0,0,0,0,0,0,0,0,0,0
3149,20704,0x50E0,0,0,0.0,False,True,SKILL NAME DUMMY,其他或系统项,,模式0x10待确认,False,0,0,0,0,0,0,0,0,0,0,0,0,0,0,0
3150,54797,0xD60D,0,0,0.0,False,True,SKILL NAME DUMMY,其他或系统项,,模式0x10待确认,False,0,0,0,0,0,0,0,0,0,0,0,0,0,0,0
3151,63252,0xF714,0,0,0.0,False,True,SKILL NAME DUMMY,其他或系统项,,模式0x10待确认,False,0,0,0,0,0,0,0,0,0,0,0,0,0,0,0
3152,46587,0xB5FB,0,0,0.0,False,True,SKILL NAME DUMMY,其他或系统项,,模式0x10待确认,False,0,0,0,0,0,0,0,0,0,0,0,0,0,0,0
3153,27221,0x6A55,0,0,0.0,False,True,SKILL NAME DUMMY,其他或系统项,,模式0x10待确认,False,0,0,0,0,0,0,0,0,0,0,0,0,0,0,0
3154,37826,0x93C2,0,0,0.0,False,True,SKILL NAME DUMMY,其他或系统项,,模式0x10待确认,False,0,0,0,0,0,0,0,0,0,0,0,0,0,0,0
3155,10103,0x2777,0,0,0.0,False,True,SKILL NAME DUMMY,其他或系统项,,模式0x10待确认,False,0,0,0,0,0,0,0,0,0,0,0,0,0,0,0
3156,49300,0xC094,0,0,0.0,False,True,SKILL NAME DUMMY,其他或系统项,,模式0x10待确认,False,0,0,0,0,0,0,0,0,0,0,0,0,0,0,0
3157,60133,0xEAE5,0,0,0.0,False,True,SKILL NAME DUMMY,其他或系统项,,模式0x10待确认,False,0,0,0,0,0,0,0,0,0,0,0,0,0,0,0
3158,44446,0xAD9E,0,0,0.0,False,True,SKILL NAME DUMMY,其他或系统项,,模式0x10待确认,False,0,0,0,0,0,0,0,0,0,0,0,0,0,0,0
3159,3582,0x0DFE,0,0,0.0,False,True,SKILL NAME DUMMY,其他或系统项,,模式0x10待确认,False,0,0,0,0,0,0,0,0,0,0,0,0,0,0,0
3160,23061,0x5A15,0,0,0.0,False,True,SKILL NAME DUMMY,其他或系统项,,模式0x10待确认,False,0,0,0,0,0,0,0,0,0,0,0,0,0,0,0
3161,51939,0xCAE3,0,0,0.0,False,True,SKILL NAME DUMMY,其他或系统项,,模式0x10待确认,False,0,0,0,0,0,0,0,0,0,0,0,0,0,0,0
3162,20008,0x4E28,0,0,0.0,False,True,SKILL NAME DUMMY,其他或系统项,,模式0x10待确认,False,0,0,0,0,0,0,0,0,0,0,0,0,0,0,0
3163,24191,0x5E7F,0,0,0.0,False,True,SKILL NAME DUMMY,其他或系统项,,模式0x10待确认,False,0,0,0,0,0,0,0,0,0,0,0,0,0,0,0
3164,11102,0x2B5E,0,0,0.0,False,True,SKILL NAME DUMMY,其他或系统项,,模式0x10待确认,False,0,0,0,0,0,0,0,0,0,0,0,0,0,0,0
3165,65199,0xFEAF,0,0,0.0,False,True,SKILL NAME DUMMY,其他或系统项,,模式0x10待确认,False,0,0,0,0,0,0,0,0,0,0,0,0,0,0,0
3166,36600,0x8EF8,0,0,0.0,False,True,SKILL NAME DUMMY,其他或系统项,,模式0x10待确认,False,0,0,0,0,0,0,0,0,0,0,0,0,0,0,0
3167,19702,0x4CF6,0,0,0.0,False,True,SKILL NAME DUMMY,其他或系统项,,模式0x10待确认,False,0,0,0,0,0,0,0,0,0,0,0,0,0,0,0
3168,21579,0x544B,0,0,0.0,False,True,SKILL NAME DUMMY,其他或系统项,,模式0x10待确认,False,0,0,0,0,0,0,0,0,0,0,0,0,0,0,0
3169,15782,0x3DA6,54,0,0.0,False,True,狱卒鬼（焦热）的魂核,魂核,,魂核,False,0,0,0,0,0,0,0,0,0,0,0,0,0,0,0
3170,37955,0x9443,54,0,0.0,False,True,狱卒鬼（八寒）的魂核,魂核,,魂核,False,0,0,0,0,0,0,0,0,0,0,0,0,0,0,0
3171,46000,0xB3B0,54,0,0.0,False,True,狱卒鬼（针山）的魂核,魂核,,魂核,False,0,0,0,0,0,0,0,0,0,0,0,0,0,0,0
3172,13110,0x3336,54,0,0.0,False,True,狱卒鬼（业风）的魂核,魂核,,魂核,False,0,0,0,0,0,0,0,0,0,0,0,0,0,0,0
3173,9040,0x2350,54,0,0.0,False,True,雷兽的魂核,魂核,,魂核,False,0,0,0,0,0,0,0,0,0,0,0,0,0,0,0
3174,28243,0x6E53,54,0,0.0,False,True,山狗的魂核,魂核,,魂核,False,0,0,0,0,0,0,0,0,0,0,0,0,0,0,0
3175,21470,0x53DE,54,0,0.0,False,True,野槌的魂核,魂核,,魂核,False,0,0,0,0,0,0,0,0,0,0,0,0,0,0,0
3176,5769,0x1689,54,0,0.0,False,True,夜行兵的魂核,魂核,,魂核,False,0,0,0,0,0,0,0,0,0,0,0,0,0,0,0
3177,62712,0xF4F8,54,0,0.0,False,True,山彦的魂核,魂核,,魂核,False,0,0,0,0,0,0,0,0,0,0,0,0,0,0,0
3178,47985,0xBB71,54,0,0.0,False,True,撒沙婆婆的魂核,魂核,,魂核,False,0,0,0,0,0,0,0,0,0,0,0,0,0,0,0
3179,24284,0x5EDC,54,0,0.0,False,True,地狱蜂的魂核,魂核,,魂核,False,0,0,0,0,0,0,0,0,0,0,0,0,0,0,0
3180,15109,0x3B05,54,0,0.0,False,True,人鱼的魂核,魂核,,魂核,False,0,0,0,0,0,0,0,0,0,0,0,0,0,0,0
3181,53754,0xD1FA,54,0,0.0,False,True,见越入道的魂核,魂核,,魂核,False,0,0,0,0,0,0,0,0,0,0,0,0,0,0,0
3182,37158,0x9126,54,0,0.0,False,True,朱盆的魂核,魂核,,魂核,False,0,0,0,0,0,0,0,0,0,0,0,0,0,0,0
3183,33859,0x8443,54,0,0.0,False,True,饿鬼的魂核,魂核,,魂核,False,0,0,0,0,0,0,0,0,0,0,0,0,0,0,0
3184,11220,0x2BD4,54,0,0.0,False,True,棘饿鬼的魂核,魂核,,魂核,False,0,0,0,0,0,0,0,0,0,0,0,0,0,0,0
3185,5397,0x1515,54,0,0.0,False,True,饿鬼大将的魂核,魂核,,魂核,False,0,0,0,0,0,0,0,0,0,0,0,0,0,0,0
3186,62845,0xF57D,54,0,0.0,False,True,妖鬼的魂核,魂核,,魂核,False,0,0,0,0,0,0,0,0,0,0,0,0,0,0,0
3187,27271,0x6A87,54,0,0.0,False,True,忍者妖鬼的魂核,魂核,,魂核,False,0,0,0,0,0,0,0,0,0,0,0,0,0,0,0
3188,33358,0x824E,54,0,0.0,False,True,亡骸武者的魂核,魂核,,魂核,False,0,0,0,0,0,0,0,0,0,0,0,0,0,0,0
3189,27034,0x699A,54,0,0.0,False,True,狂骨的魂核,魂核,,魂核,False,0,0,0,0,0,0,0,0,0,0,0,0,0,0,0
3190,45916,0xB35C,54,0,0.0,False,True,敷次郎的魂核,魂核,,魂核,False,0,0,0,0,0,0,0,0,0,0,0,0,0,0,0
3191,38242,0x9562,54,0,0.0,False,True,鬼火（火）的魂核,魂核,,魂核,False,0,0,0,0,0,0,0,0,0,0,0,0,0,0,0
3192,48436,0xBD34,54,0,0.0,False,True,鬼火（水）的魂核,魂核,,魂核,False,0,0,0,0,0,0,0,0,0,0,0,0,0,0,0
3193,36913,0x9031,54,0,0.0,False,True,鬼火（雷）的魂核,魂核,,魂核,False,0,0,0,0,0,0,0,0,0,0,0,0,0,0,0
3194,54892,0xD66C,54,0,0.0,False,True,鬼火（风）的魂核,魂核,,魂核,False,0,0,0,0,0,0,0,0,0,0,0,0,0,0,0
3195,42632,0xA688,54,0,0.0,False,True,小海坊主的魂核,魂核,,魂核,False,0,0,0,0,0,0,0,0,0,0,0,0,0,0,0
3196,15217,0x3B71,54,0,0.0,False,True,乌鸦天狗的魂核,魂核,,魂核,False,0,0,0,0,0,0,0,0,0,0,0,0,0,0,0
3197,51193,0xC7F9,54,0,0.0,False,True,轮入道的魂核,魂核,,魂核,False,0,0,0,0,0,0,0,0,0,0,0,0,0,0,0
3198,37203,0x9153,54,0,0.0,False,True,独脚踏鞴的魂核,魂核,,魂核,False,0,0,0,0,0,0,0,0,0,0,0,0,0,0,0
3199,11776,0x2E00,54,0,0.0,False,True,妖蟹的魂核,魂核,,魂核,False,0,0,0,0,0,0,0,0,0,0,0,0,0,0,0
3200,41820,0xA35C,54,0,0.0,False,True,濡女的魂核,魂核,,魂核,False,0,0,0,0,0,0,0,0,0,0,0,0,0,0,0
3201,43183,0xA8AF,54,0,0.0,False,True,猿鬼的魂核,魂核,,魂核,False,0,0,0,0,0,0,0,0,0,0,0,0,0,0,0
3202,58929,0xE631,54,0,0.0,False,True,独眼鬼的魂核,魂核,,魂核,False,0,0,0,0,0,0,0,0,0,0,0,0,0,0,0
3203,25807,0x64CF,54,0,0.0,False,True,雪入道的魂核,魂核,,魂核,False,0,0,0,0,0,0,0,0,0,0,0,0,0,0,0
3204,34872,0x8838,54,0,0.0,False,True,防人的魂核,魂核,,魂核,False,0,0,0,0,0,0,0,0,0,0,0,0,0,0,0
3205,22961,0x59B1,54,0,0.0,False,True,以津真天的魂核,魂核,,魂核,False,0,0,0,0,0,0,0,0,0,0,0,0,0,0,0
3206,49046,0xBF96,54,0,0.0,False,True,子泣爷爷的魂核,魂核,,魂核,False,0,0,0,0,0,0,0,0,0,0,0,0,0,0,0
3207,38661,0x9705,54,0,0.0,False,True,山姥的魂核,魂核,,魂核,False,0,0,0,0,0,0,0,0,0,0,0,0,0,0,0
3208,41863,0xA387,54,0,0.0,False,True,猥裸的魂核,魂核,,魂核,False,0,0,0,0,0,0,0,0,0,0,0,0,0,0,0
3209,28426,0x6F0A,54,0,0.0,False,True,古笼火的魂核,魂核,,魂核,False,0,0,0,0,0,0,0,0,0,0,0,0,0,0,0
3210,31705,0x7BD9,54,0,0.0,False,True,姑获鸟的魂核,魂核,,魂核,False,0,0,0,0,0,0,0,0,0,0,0,0,0,0,0
3211,48453,0xBD45,54,0,0.0,False,True,冰柱女的魂核,魂核,,魂核,False,0,0,0,0,0,0,0,0,0,0,0,0,0,0,0
3212,31544,0x7B38,54,0,0.0,False,True,一反木棉的魂核,魂核,,魂核,False,0,0,0,0,0,0,0,0,0,0,0,0,0,0,0
3213,42052,0xA444,54,0,0.0,False,True,油伞妖的魂核,魂核,,魂核,False,0,0,0,0,0,0,0,0,0,0,0,0,0,0,0
3214,25284,0x62C4,54,0,0.0,False,True,祸津武士的魂核,魂核,,魂核,False,0,0,0,0,0,0,0,0,0,0,0,0,0,0,0
3215,28085,0x6DB5,54,0,0.0,False,True,,魂核,,魂核,False,0,0,0,0,0,0,0,0,0,0,0,0,0,0,0
3216,24567,0x5FF7,54,0,0.0,False,True,肉瘤怪的魂核,魂核,,魂核,False,0,0,0,0,0,0,0,0,0,0,0,0,0,0,0
3217,57339,0xDFFB,54,0,0.0,False,True,夜叉的魂核,魂核,,魂核,False,0,0,0,0,0,0,0,0,0,0,0,0,0,0,0
3218,52763,0xCE1B,54,0,0.0,False,True,外道兵的魂核,魂核,,魂核,False,0,0,0,0,0,0,0,0,0,0,0,0,0,0,0
3219,50190,0xC40E,54,0,0.0,False,True,蛇骨婆的魂核,魂核,,魂核,False,0,0,0,0,0,0,0,0,0,0,0,0,0,0,0
3220,61171,0xEEF3,54,0,0.0,False,True,大天狗的魂核,魂核,,魂核,False,0,0,0,0,0,0,0,0,0,0,0,0,0,0,0
3221,15600,0x3CF0,54,0,0.0,False,True,惧鬼的魂核,魂核,,魂核,False,0,0,0,0,0,0,0,0,0,0,0,0,0,0,0
3222,60256,0xEB60,54,0,0.0,False,True,茨木童子的魂核,魂核,,魂核,False,0,0,0,0,0,0,0,0,0,0,0,0,0,0,0
3223,2669,0x0A6D,54,0,0.0,False,True,涂佛的魂核,魂核,,魂核,False,0,0,0,0,0,0,0,0,0,0,0,0,0,0,0
3224,55206,0xD7A6,54,0,0.0,False,True,傲岸鬼的魂核,魂核,,魂核,False,0,0,0,0,0,0,0,0,0,0,0,0,0,0,0
3225,41960,0xA3E8,54,0,0.0,False,True,冒疾鬼的魂核,魂核,,魂核,False,0,0,0,0,0,0,0,0,0,0,0,0,0,0,0
3226,17919,0x45FF,54,0,0.0,False,True,执心鬼的魂核,魂核,,魂核,False,0,0,0,0,0,0,0,0,0,0,0,0,0,0,0
3227,11074,0x2B42,54,0,0.0,False,True,马头鬼的魂核,魂核,,魂核,False,0,0,0,0,0,0,0,0,0,0,0,0,0,0,0
3228,36989,0x907D,54,0,0.0,False,True,牛头鬼的魂核,魂核,,魂核,False,0,0,0,0,0,0,0,0,0,0,0,0,0,0,0
3229,30568,0x7768,54,0,0.0,False,True,镰鼬的魂核,魂核,,魂核,False,0,0,0,0,0,0,0,0,0,0,0,0,0,0,0
3230,5659,0x161B,54,0,0.0,False,True,飞缘魔的魂核,魂核,,魂核,False,0,0,0,0,0,0,0,0,0,0,0,0,0,0,0
3231,22697,0x58A9,54,0,0.0,False,True,烟烟罗的魂核,魂核,,魂核,False,0,0,0,0,0,0,0,0,0,0,0,0,0,0,0
3232,54609,0xD551,54,0,0.0,False,True,两面宿傩的魂核,魂核,,魂核,False,0,0,0,0,0,0,0,0,0,0,0,0,0,0,0
3233,4639,0x121F,54,0,0.0,False,True,女郎蜘蛛的魂核,魂核,,魂核,False,0,0,0,0,0,0,0,0,0,0,0,0,0,0,0
3234,28790,0x7076,54,0,0.0,False,True,火车的魂核,魂核,,魂核,False,0,0,0,0,0,0,0,0,0,0,0,0,0,0,0
3235,49798,0xC286,54,0,0.0,False,True,阴摩罗鬼的魂核,魂核,,魂核,False,0,0,0,0,0,0,0,0,0,0,0,0,0,0,0
3236,22035,0x5613,54,0,0.0,False,True,怨灵鬼的魂核,魂核,,魂核,False,0,0,0,0,0,0,0,0,0,0,0,0,0,0,0
3237,27958,0x6D36,54,0,0.0,False,True,血刀修罗的魂核,魂核,,魂核,False,0,0,0,0,0,0,0,0,0,0,0,0,0,0,0
3238,50350,0xC4AE,54,0,0.0,False,True,比留呼的魂核,魂核,,魂核,False,0,0,0,0,0,0,0,0,0,0,0,0,0,0,0
3239,39083,0x98AB,55,0,0.0,False,True,河童的魂核,魂核,,魂核,False,0,0,0,0,0,0,0,0,0,0,0,0,0,0,0
3240,40713,0x9F09,54,0,0.0,False,True,赤河童的魂核,魂核,,魂核,False,0,0,0,0,0,0,0,0,0,0,0,0,0,0,0
3241,18077,0x469D,54,0,0.0,False,True,琵琶牧牧的魂核,魂核,,魂核,False,0,0,0,0,0,0,0,0,0,0,0,0,0,0,0
3242,24625,0x6031,54,0,0.0,False,True,泥墙的魂核,魂核,,魂核,False,0,0,0,0,0,0,0,0,0,0,0,0,0,0,0
3243,53492,0xD0F4,56,0,0.0,False,True,貉的魂核,魂核,,魂核,False,0,0,0,0,0,0,0,0,0,0,0,0,0,0,0
3244,48665,0xBE19,54,0,0.0,False,True,木灵的魂核,魂核,,魂核,False,0,0,0,0,0,0,0,0,0,0,0,0,0,0,0
3245,48491,0xBD6B,54,0,0.0,False,True,魑魅的魂核,魂核,,魂核,False,0,0,0,0,0,0,0,0,0,0,0,0,0,0,0
3246,53310,0xD03E,54,0,0.0,False,True,善擦的魂核,魂核,,魂核,False,0,0,0,0,0,0,0,0,0,0,0,0,0,0,0
3247,30821,0x7865,54,0,0.0,False,True,千千古的魂核,魂核,,魂核,False,0,0,0,0,0,0,0,0,0,0,0,0,0,0,0
3248,31726,0x7BEE,54,0,0.0,False,True,大太法师的魂核,魂核,,魂核,False,0,0,0,0,0,0,0,0,0,0,0,0,0,0,0
3249,7409,0x1CF1,54,0,0.0,False,True,,魂核,,魂核,False,0,0,0,0,0,0,0,0,0,0,0,0,0,0,0
3250,62326,0xF376,54,0,0.0,False,True,,魂核,,魂核,False,0,0,0,0,0,0,0,0,0,0,0,0,0,0,0
3251,21666,0x54A2,54,0,0.0,False,True,,魂核,,魂核,False,0,0,0,0,0,0,0,0,0,0,0,0,0,0,0
3252,4726,0x1276,54,0,0.0,False,True,,魂核,,魂核,False,0,0,0,0,0,0,0,0,0,0,0,0,0,0,0
3253,19293,0x4B5D,54,0,0.0,False,True,,魂核,,魂核,False,0,0,0,0,0,0,0,0,0,0,0,0,0,0,0
3254,37550,0x92AE,54,0,0.0,False,True,,魂核,,魂核,False,0,0,0,0,0,0,0,0,0,0,0,0,0,0,0
3255,33214,0x81BE,54,0,0.0,False,True,,魂核,,魂核,False,0,0,0,0,0,0,0,0,0,0,0,0,0,0,0
3256,20413,0x4FBD,54,0,0.0,False,True,蛤蟆附身的魂核,魂核,,魂核,False,0,0,0,0,0,0,0,0,0,0,0,0,0,0,0
3257,49342,0xC0BE,54,0,0.0,False,True,铁鼠的魂核,魂核,,魂核,False,0,0,0,0,0,0,0,0,0,0,0,0,0,0,0
3258,56028,0xDADC,54,0,0.0,False,True,垢尝的魂核,魂核,,魂核,False,0,0,0,0,0,0,0,0,0,0,0,0,0,0,0
3259,36404,0x8E34,54,0,0.0,False,True,一目连的魂核,魂核,,魂核,False,0,0,0,0,0,0,0,0,0,0,0,0,0,0,0
3260,12196,0x2FA4,54,0,0.0,False,True,大蛤蟆的魂核,魂核,,魂核,False,0,0,0,0,0,0,0,0,0,0,0,0,0,0,0
3261,37404,0x921C,54,0,0.0,False,True,,魂核,,魂核,False,0,0,0,0,0,0,0,0,0,0,0,0,0,0,0
3262,26845,0x68DD,54,0,0.0,False,True,,魂核,,魂核,False,0,0,0,0,0,0,0,0,0,0,0,0,0,0,0
3263,14436,0x3864,54,0,0.0,False,True,,魂核,,魂核,False,0,0,0,0,0,0,0,0,0,0,0,0,0,0,0
3264,29834,0x748A,54,0,0.0,False,True,,魂核,,魂核,False,0,0,0,0,0,0,0,0,0,0,0,0,0,0,0
3265,31804,0x7C3C,54,0,0.0,False,True,,魂核,,魂核,False,0,0,0,0,0,0,0,0,0,0,0,0,0,0,0
3266,56817,0xDDF1,54,0,0.0,False,True,,魂核,,魂核,False,0,0,0,0,0,0,0,0,0,0,0,0,0,0,0
3267,10214,0x27E6,54,0,0.0,False,True,,魂核,,魂核,False,0,0,0,0,0,0,0,0,0,0,0,0,0,0,0
3268,24391,0x5F47,57,0,0.0,False,True,,魂核,,魂核,False,0,0,0,0,0,0,0,0,0,0,0,0,0,0,0
3269,4907,0x132B,54,0,0.0,False,True,,魂核,,魂核,False,0,0,0,0,0,0,0,0,0,0,0,0,0,0,0
3270,17953,0x4621,54,0,0.0,False,True,,魂核,,魂核,False,0,0,0,0,0,0,0,0,0,0,0,0,0,0,0
3271,42682,0xA6BA,54,0,0.0,False,True,,魂核,,魂核,False,0,0,0,0,0,0,0,0,0,0,0,0,0,0,0
3272,42704,0xA6D0,54,0,0.0,False,True,,魂核,,魂核,False,0,0,0,0,0,0,0,0,0,0,0,0,0,0,0
3273,6782,0x1A7E,54,0,0.0,False,True,,魂核,,魂核,False,0,0,0,0,0,0,0,0,0,0,0,0,0,0,0
3274,54272,0xD400,54,0,0.0,False,True,,魂核,,魂核,False,0,0,0,0,0,0,0,0,0,0,0,0,0,0,0
3275,6659,0x1A03,54,0,0.0,False,True,,魂核,,魂核,False,0,0,0,0,0,0,0,0,0,0,0,0,0,0,0
3276,63064,0xF658,54,0,0.0,False,True,,魂核,,魂核,False,0,0,0,0,0,0,0,0,0,0,0,0,0,0,0
3277,59749,0xE965,54,0,0.0,False,True,,魂核,,魂核,False,0,0,0,0,0,0,0,0,0,0,0,0,0,0,0
3278,7643,0x1DDB,54,0,0.0,False,True,,魂核,,魂核,False,0,0,0,0,0,0,0,0,0,0,0,0,0,0,0
3279,18518,0x4856,54,0,0.0,False,True,,魂核,,魂核,False,0,0,0,0,0,0,0,0,0,0,0,0,0,0,0
3280,41506,0xA222,54,0,0.0,False,True,,魂核,,魂核,False,0,0,0,0,0,0,0,0,0,0,0,0,0,0,0
3281,30858,0x788A,54,0,0.0,False,True,,魂核,,魂核,False,0,0,0,0,0,0,0,0,0,0,0,0,0,0,0
3282,63885,0xF98D,54,0,0.0,False,True,,魂核,,魂核,False,0,0,0,0,0,0,0,0,0,0,0,0,0,0,0
3283,27506,0x6B72,54,0,0.0,False,True,,魂核,,魂核,False,0,0,0,0,0,0,0,0,0,0,0,0,0,0,0
3284,32507,0x7EFB,54,0,0.0,False,True,,魂核,,魂核,False,0,0,0,0,0,0,0,0,0,0,0,0,0,0,0
3285,61268,0xEF54,54,0,0.0,False,True,,魂核,,魂核,False,0,0,0,0,0,0,0,0,0,0,0,0,0,0,0
3286,52475,0xCCFB,54,0,0.0,False,True,,魂核,,魂核,False,0,0,0,0,0,0,0,0,0,0,0,0,0,0,0
3287,6041,0x1799,54,0,0.0,False,True,,魂核,,魂核,False,0,0,0,0,0,0,0,0,0,0,0,0,0,0,0
3288,20011,0x4E2B,54,0,0.0,False,False,,,,,False,0,0,0,0,0,0,0,0,0,0,0,0,0,0,0
3289,63274,0xF72A,54,0,0.0,False,False,,,,,False,0,0,0,0,0,0,0,0,0,0,0,0,0,0,0
3290,31315,0x7A53,54,0,0.0,False,False,,,,,False,0,0,0,0,0,0,0,0,0,0,0,0,0,0,0
3291,5151,0x141F,54,0,0.0,False,False,,,,,False,0,0,0,0,0,0,0,0,0,0,0,0,0,0,0
3292,36832,0x8FE0,54,0,0.0,False,False,,,,,False,0,0,0,0,0,0,0,0,0,0,0,0,0,0,0
3293,59502,0xE86E,54,0,0.0,False,False,,,,,False,0,0,0,0,0,0,0,0,0,0,0,0,0,0,0
3294,35723,0x8B8B,54,0,0.0,False,False,,,,,False,0,0,0,0,0,0,0,0,0,0,0,0,0,0,0
3295,49422,0xC10E,54,0,0.0,False,False,,,,,False,0,0,0,0,0,0,0,0,0,0,0,0,0,0,0
3296,866,0x0362,54,0,0.0,False,False,,,,,False,0,0,0,0,0,0,0,0,0,0,0,0,0,0,0
3297,32283,0x7E1B,54,0,0.0,False,False,,,,,False,0,0,0,0,0,0,0,0,0,0,0,0,0,0,0
3298,53328,0xD050,54,0,0.0,False,False,,,,,False,0,0,0,0,0,0,0,0,0,0,0,0,0,0,0
3299,36734,0x8F7E,54,0,0.0,False,False,,,,,False,0,0,0,0,0,0,0,0,0,0,0,0,0,0,0
3300,47470,0xB96E,54,0,0.0,False,False,,,,,False,0,0,0,0,0,0,0,0,0,0,0,0,0,0,0
3301,62703,0xF4EF,54,0,0.0,False,False,,,,,False,0,0,0,0,0,0,0,0,0,0,0,0,0,0,0
3302,9893,0x26A5,54,0,0.0,False,False,,,,,False,0,0,0,0,0,0,0,0,0,0,0,0,0,0,0
3303,36917,0x9035,54,0,0.0,False,False,,,,,False,0,0,0,0,0,0,0,0,0,0,0,0,0,0,0
3304,24840,0x6108,54,0,0.0,False,False,,,,,False,0,0,0,0,0,0,0,0,0,0,0,0,0,0,0
3305,30032,0x7550,54,0,0.0,False,False,,,,,False,0,0,0,0,0,0,0,0,0,0,0,0,0,0,0
3306,53098,0xCF6A,54,0,0.0,False,False,,,,,False,0,0,0,0,0,0,0,0,0,0,0,0,0,0,0
3307,48633,0xBDF9,54,0,0.0,False,False,,,,,False,0,0,0,0,0,0,0,0,0,0,0,0,0,0,0
3308,7810,0x1E82,59,0,0.0,False,True,百境百怪绘卷,绘卷,,绘卷,False,0,0,0,0,0,0,0,0,0,0,0,0,0,0,0
3309,20845,0x516D,59,0,0.0,False,True,百境百怪绘卷·将军,绘卷,,绘卷,False,0,0,0,0,0,0,0,0,0,0,0,0,0,0,0
3310,58884,0xE604,59,0,0.0,False,True,百境百怪绘卷·顿悟,绘卷,,绘卷,False,0,0,0,0,0,0,0,0,0,0,0,0,0,0,0
3311,56706,0xDD82,59,0,0.0,False,True,百鬼夜行绘卷·仁王,绘卷,,绘卷,False,0,0,0,0,0,0,0,0,0,0,0,0,0,0,0
3312,54563,0xD523,59,0,0.0,False,True,百鬼夜行绘卷·仁王,绘卷,,绘卷,False,0,0,0,0,0,0,0,0,0,0,0,0,0,0,0
3313,8534,0x2156,0,0,0.0,False,True,破损的日记　一,其他或系统项,,模式0x13待确认,False,0,0,0,0,0,0,0,0,0,0,0,0,0,0,0
3314,46850,0xB702,0,0,0.0,False,True,破损的日记　二,其他或系统项,,模式0x13待确认,False,0,0,0,0,0,0,0,0,0,0,0,0,0,0,0
3315,6593,0x19C1,0,0,0.0,False,True,道场主的备忘录　拜师,其他或系统项,,模式0x13待确认,False,0,0,0,0,0,0,0,0,0,0,0,0,0,0,0
3316,17134,0x42EE,0,0,0.0,False,True,道场主的备忘录　一族之仇,其他或系统项,,模式0x13待确认,False,0,0,0,0,0,0,0,0,0,0,0,0,0,0,0
3317,59654,0xE906,0,0,0.0,False,True,肮脏的潦草字条,其他或系统项,,模式0x13待确认,False,0,0,0,0,0,0,0,0,0,0,0,0,0,0,0
3318,8866,0x22A2,0,0,0.0,False,True,阿八的信,其他或系统项,,模式0x13待确认,False,0,0,0,0,0,0,0,0,0,0,0,0,0,0,0
3319,8330,0x208A,0,0,0.0,False,True,血书裁决状　第二条,其他或系统项,,模式0x13待确认,False,0,0,0,0,0,0,0,0,0,0,0,0,0,0,0
3320,1051,0x041B,0,0,0.0,False,True,血书裁决状　第四条,其他或系统项,,模式0x13待确认,False,0,0,0,0,0,0,0,0,0,0,0,0,0,0,0
3321,31246,0x7A0E,0,0,0.0,False,True,血书裁决状　第八条,其他或系统项,,模式0x13待确认,False,0,0,0,0,0,0,0,0,0,0,0,0,0,0,0
3322,54991,0xD6CF,0,0,0.0,False,True,血书裁决状　第九条,其他或系统项,,模式0x13待确认,False,0,0,0,0,0,0,0,0,0,0,0,0,0,0,0
3323,39854,0x9BAE,0,0,0.0,False,True,无法辨读的密信,其他或系统项,,模式0x13待确认,False,0,0,0,0,0,0,0,0,0,0,0,0,0,0,0
3324,29320,0x7288,0,0,0.0,False,True,恨雪道正的日记　一,其他或系统项,,模式0x13待确认,False,0,0,0,0,0,0,0,0,0,0,0,0,0,0,0
3325,5931,0x172B,0,0,0.0,False,True,恨雪道正的日记　二,其他或系统项,,模式0x13待确认,False,0,0,0,0,0,0,0,0,0,0,0,0,0,0,0
3326,62854,0xF586,0,0,0.0,False,True,右笔的日志　四月,其他或系统项,,模式0x13待确认,False,0,0,0,0,0,0,0,0,0,0,0,0,0,0,0
3327,48210,0xBC52,0,0,0.0,False,True,右笔的日志　五月,其他或系统项,,模式0x13待确认,False,0,0,0,0,0,0,0,0,0,0,0,0,0,0,0
3328,19584,0x4C80,0,0,0.0,False,True,右笔的日志　六月,其他或系统项,,模式0x13待确认,False,0,0,0,0,0,0,0,0,0,0,0,0,0,0,0
3329,35572,0x8AF4,0,0,0.0,False,True,右笔的日志　七月,其他或系统项,,模式0x13待确认,False,0,0,0,0,0,0,0,0,0,0,0,0,0,0,0
3330,31174,0x79C6,0,0,0.0,False,True,DP的报告　１,其他或系统项,,模式0x13待确认,False,0,0,0,0,0,0,0,0,0,0,0,0,0,0,0
3331,27686,0x6C26,0,0,0.0,False,True,DP的报告　２,其他或系统项,,模式0x13待确认,False,0,0,0,0,0,0,0,0,0,0,0,0,0,0,0
3332,63047,0xF647,0,0,0.0,False,True,被丢弃的潦草字条,其他或系统项,,模式0x13待确认,False,0,0,0,0,0,0,0,0,0,0,0,0,0,0,0
3333,6000,0x1770,0,0,0.0,False,True,洋风日记,其他或系统项,,模式0x13待确认,False,0,0,0,0,0,0,0,0,0,0,0,0,0,0,0
3334,4405,0x1135,0,0,0.0,False,True,精华万岁,其他或系统项,,模式0x13待确认,False,0,0,0,0,0,0,0,0,0,0,0,0,0,0,0
3335,25676,0x644C,0,0,0.0,False,True,简直就是黄金国,其他或系统项,,模式0x13待确认,False,0,0,0,0,0,0,0,0,0,0,0,0,0,0,0
3336,17273,0x4379,0,0,0.0,False,True,凌乱的信,其他或系统项,,模式0x13待确认,False,0,0,0,0,0,0,0,0,0,0,0,0,0,0,0
3337,47995,0xBB7B,0,0,0.0,False,True,义仙的奋斗　归还,其他或系统项,,模式0x13待确认,False,0,0,0,0,0,0,0,0,0,0,0,0,0,0,0
3338,45079,0xB017,0,0,0.0,False,True,义仙的奋斗　抗战,其他或系统项,,模式0x13待确认,False,0,0,0,0,0,0,0,0,0,0,0,0,0,0,0
3339,42322,0xA552,0,0,0.0,False,True,义仙的奋斗　绝笔,其他或系统项,,模式0x13待确认,False,0,0,0,0,0,0,0,0,0,0,0,0,0,0,0
3340,51476,0xC914,0,0,0.0,False,True,旅途汇报　一,其他或系统项,,模式0x13待确认,False,0,0,0,0,0,0,0,0,0,0,0,0,0,0,0
3341,29464,0x7318,0,0,0.0,False,True,旅途汇报　二,其他或系统项,,模式0x13待确认,False,0,0,0,0,0,0,0,0,0,0,0,0,0,0,0
3342,8491,0x212B,0,0,0.0,False,True,旅途汇报　三,其他或系统项,,模式0x13待确认,False,0,0,0,0,0,0,0,0,0,0,0,0,0,0,0
3343,50155,0xC3EB,0,0,0.0,False,True,怪谈故事　送行灯笼,其他或系统项,,模式0x13待确认,False,0,0,0,0,0,0,0,0,0,0,0,0,0,0,0
3344,57949,0xE25D,0,0,0.0,False,True,怪谈故事　洗脚宅邸,其他或系统项,,模式0x13待确认,False,0,0,0,0,0,0,0,0,0,0,0,0,0,0,0
3345,12826,0x321A,0,0,0.0,False,True,怪谈故事　狸猫伴奏,其他或系统项,,模式0x13待确认,False,0,0,0,0,0,0,0,0,0,0,0,0,0,0,0
3346,8294,0x2066,0,0,0.0,False,True,怪谈故事　单边芦苇,其他或系统项,,模式0x13待确认,False,0,0,0,0,0,0,0,0,0,0,0,0,0,0,0
3347,16215,0x3F57,0,0,0.0,False,True,怪谈故事　送行梆子,其他或系统项,,模式0x13待确认,False,0,0,0,0,0,0,0,0,0,0,0,0,0,0,0
3348,58381,0xE40D,0,0,0.0,False,True,怪谈故事　不落叶的栲树,其他或系统项,,模式0x13待确认,False,0,0,0,0,0,0,0,0,0,0,0,0,0,0,0
3349,1309,0x051D,0,0,0.0,False,True,怪谈故事　弃置渠,其他或系统项,,模式0x13待确认,False,0,0,0,0,0,0,0,0,0,0,0,0,0,0,0
3350,36954,0x905A,0,0,0.0,False,True,染血的罪状书,其他或系统项,,模式0x13待确认,False,0,0,0,0,0,0,0,0,0,0,0,0,0,0,0
3351,29704,0x7408,0,0,0.0,False,True,潦草的通缉令,其他或系统项,,模式0x13待确认,False,0,0,0,0,0,0,0,0,0,0,0,0,0,0,0
3352,38316,0x95AC,0,0,0.0,False,True,作战会议记录,其他或系统项,,模式0x13待确认,False,0,0,0,0,0,0,0,0,0,0,0,0,0,0,0
3353,19184,0x4AF0,0,0,0.0,False,True,笔力浑厚的书信,其他或系统项,,模式0x13待确认,False,0,0,0,0,0,0,0,0,0,0,0,0,0,0,0
3354,36394,0x8E2A,0,0,0.0,False,True,工匠的字条,其他或系统项,,模式0x13待确认,False,0,0,0,0,0,0,0,0,0,0,0,0,0,0,0
3355,18262,0x4756,0,0,0.0,False,True,商人的盘算,其他或系统项,,模式0x13待确认,False,0,0,0,0,0,0,0,0,0,0,0,0,0,0,0
3356,23648,0x5C60,0,0,0.0,False,True,前往据点的指引,其他或系统项,,模式0x13待确认,False,0,0,0,0,0,0,0,0,0,0,0,0,0,0,0
3357,25933,0x654D,0,0,0.0,False,True,宗矩的字条,其他或系统项,,模式0x13待确认,False,0,0,0,0,0,0,0,0,0,0,0,0,0,0,0
3358,65113,0xFE59,4,16,1.6,False,True,大和传大太刀,武器,大太刀,武士武器,False,0,0,0,0,0,0,0,0,0,0,0,0,0,0,0
3359,11873,0x2E61,0,0,0.0,False,True,锲而不舍的访客手记,其他或系统项,,模式0x13待确认,False,0,0,0,0,0,0,0,0,0,0,0,0,0,0,0
3360,44141,0xAC6D,0,0,0.0,False,True,实验步骤,其他或系统项,,模式0x13待确认,False,0,0,0,0,0,0,0,0,0,0,0,0,0,0,0
3361,26688,0x6840,0,0,0.0,False,True,来自主任的指示,其他或系统项,,模式0x13待确认,False,0,0,0,0,0,0,0,0,0,0,0,0,0,0,0
