主词条	Primary effect	主効果
副词条	Secondary effect	副効果
恩宠	Grace	恩寵
主副词条	Primary / secondary effects	主・副効果
词条	Effect	効果
敌人	Enemy	敵
特殊规则	Special rules	特殊ルール
地形影响	Terrain effects	地形効果
必含	Required	必須
任选组	Any-of group	いずれかのグループ
· 任选一个	· Any one	· いずれか一つ
项	items	件
全部	All	すべて
紫色	Purple	紫
绿色	Green	緑
橙色	Orange	橙
说明	Help	説明
返回顶部	Back to top	先頭へ
清空	Clear	クリア
取消收藏	Remove favorite	お気に入りを解除
收藏绘卷	Favorite scroll	お気に入りに登録
任意槽	Any slot	任意の枠
主词条备选	Primary option	主効果の候補
组合方式	Match mode	条件の組み合わせ
数值门槛	Minimum roll	数値の下限
数值不限	Any value	数値不問
抽取 ≥80%	Roll ≥80/100	数値評価 ≥80/100
抽取 ≥90%	Roll ≥90/100	数値評価 ≥90/100
抽取 100%	Roll 100/100	数値評価 100/100
移除	Remove	削除
手	pool	枠
展开侧栏	Expand sidebar	サイドバーを展開
收起侧栏	Collapse sidebar	サイドバーを折りたたむ
仁王	Nioh	仁王
独脚踏鞴工作室	Ippon-Datara Studio	一本だたら工房
绘卷搜索	Scroll search	絵巻検索
绘卷编辑	Scroll editor	絵巻編集
存档管理	Saves	セーブ管理
收藏夹	Favorites	お気に入り
收藏夹（	Favorites (	お気に入り（
搜索收藏夹中的绘卷 ID、词条、恩宠或敌人	Search favorites by scroll ID, effect, grace, or enemy	お気に入りを絵巻ID・効果・恩寵・敵で検索
收藏夹中没有匹配的绘卷。	No matching scrolls in Favorites.	お気に入りに一致する絵巻がありません。
敬请期待	Coming soon	今後追加予定
切换语言	Change language	言語を変更
语言	Language	言語
设置	Settings	設定
作者：MasterBayesian · Saber_Li	Authors: MasterBayesian · Saber_Li	作者：MasterBayesian · Saber_Li
加入QQ群	Join QQ group	QQグループに参加
最小化	Minimize	最小化
最大化或还原	Maximize / restore	最大化・元に戻す
关闭应用	Close app	アプリを終了
使用说明	How to use	使い方
已选条件	Selected conditions	選択した条件
清空全部	Clear all	すべてクリア
收起已选条件	Collapse conditions	条件を折りたたむ
展开已选条件	Expand conditions	条件を展開
主词条不限	Any primary effect	主効果を指定しない
主词条可选数量	Primary options	主効果の候補数
前	First	先頭の
项均可为主词条	items can be the primary effect	件のいずれかを主効果にする
拖动词条到一起分组，拖出取消分组	Drag together to group; drag out to ungroup	重ねてグループ化、外にドラッグして解除
从左侧条件目录添加词条，也可以只选择恩宠或辅助条件。	Add effects from the catalog on the left, or choose only a grace or mission conditions.	左のカタログから効果を追加。恩寵やミッション条件だけでも検索できます。
恩宠 · 任选一个	Grace · Any one	恩寵 · いずれか一つ
敌人 ·	Enemy ·	敵 ·
敌人组合	Enemy matching	敵の組み合わせ
移除敌人	Remove enemy	敵を削除
规则 ·	Rule ·	ルール ·
全部接受	Accept any	すべて許可
筛选条件无法提交。请更新应用；若仍出现，请导出反馈文件发给开发者。	The filters could not be submitted. Update the app; if this continues, export a feedback file and send it to the developer.	検索条件を送信できません。アプリを更新し、解決しない場合はフィードバックファイルを書き出して開発者に送ってください。
规则组合	Rule matching	ルールの組み合わせ
移除规则	Remove rule	ルールを削除
地形任一 ·	Any terrain ·	いずれかの地形 ·
挑战	Attempts	挑戦
次 ×	times ×	回 ×
装备加成筛选	Equipment bonus filters	装備効果の条件
装备加成	Equipment bonuses	装備効果
装备在身上：筛选词条与恩宠	For equipped bonuses: filter effects and graces	装備用：効果と恩寵を指定
搜索词条名称或 ID	Search effect name or ID	効果名・IDで検索
词条名称	Effect name	効果名
添加到条件	Add condition	条件に追加
添加词条	Add effect	効果を追加
没有匹配词条	No matching effects	一致する効果がありません
显示	Showing	表示
项 · 目录随周目与稀有度更新	items · List follows playthrough and rarity	件 · 周回と希少度に応じた一覧
可以添加多个恩宠，结果有其中一个即可。不添加时不限制恩宠。	Select multiple graces to accept any one. Leave empty to accept any grace.	複数の恩寵を選ぶと、いずれか一つを含む結果を検索します。未選択なら恩寵は不問です。
搜索恩宠	Search graces	恩寵を検索
选择恩宠	Select grace	恩寵を選択
已选	Selected	選択済み
当前周目／稀有度不开放恩宠筛选	Grace filtering is unavailable for this playthrough / rarity	この周回・希少度では恩寵を指定できません
副本刷取筛选	Mission filters	ミッションの条件
副本刷取	Missions	ミッション
刷副本：筛选敌人、规则、地形与挑战次数	For missions: filter enemies, rules, terrain and attempts	ミッション用：敵・ルール・地形・挑戦回数を指定
组合说明	Matching help	組み合わせの説明
低手	Low pool	低位の枠
中手	Middle pool	中位の枠
高手	High pool	高位の枠
搜索全部敌人名称或 ID	Search all enemies by name or ID	すべての敵を名前・IDで検索
个变体	variants	種類
添加敌人	Add enemy	敵を追加
个敌人	enemies	体の敵
组	groups	組
搜索规则、部位、符咒或恩宠	Search rule, body part, talisman or grace	ルール・部位・符・恩寵を検索
任意对象／数值	Any target / value	対象・数値不問
任意对象	Any target	対象不問
统一数值	Shared value	共通数値
任意数值	Any value	数値不問
添加整类	Add whole category	分類全体を追加
全部对象	All targets	すべての対象
规则变体	Rule variant	ルールの種類
任意变体	Any variant	種類不問
添加规则	Add rule	ルールを追加
更新	Update	更新
地形影响与挑战次数	Terrain and attempts	地形効果と挑戦回数
· 全选	· Select all	· すべて選択
挑战次数	Attempt capacity	挑戦回数上限
不限	Any	指定なし
使用已有映射缓存	Use saved mapping	保存済み対応表を使用
采集并使用映射缓存	Capture and use mapping	対応表を取得して使用
游戏已停在标题界面（当前周目使用游戏原生生成）	Game is at the title screen (this playthrough uses native generation)	ゲームはタイトル画面です（この周回ではゲーム内の生成処理を使用）
周目	Playthrough	周回
一周目	First playthrough	1周目
二周目	Second playthrough	2周目
三周目	Third playthrough	3周目
四周目（研究）	Fourth playthrough (research)	4周目（研究用）
五周目（研究）	Fifth playthrough (research)	5周目（研究用）
稀有度	Rarity	希少度
R3 · 紫色	R3 · Purple	R3 · 紫
R4 · 绿色	R4 · Green	R4 · 緑
R5 · 橙色	R5 · Orange	R5 · 橙
绘卷等级	Scroll level	絵巻レベル
推荐等级（敌人等级）	Recommended level (enemy level)	推奨レベル（敵レベル）
推荐等级	Recommended level	推奨レベル
设置绘卷的转手次数	Set scroll transfer count	絵巻の譲渡回数を設定
转手次数	Transfer count	譲渡回数
候选数量	Results per batch	1回の検索件数
⌕ 开始搜索	⌕ Search	⌕ 検索開始
下一批 →	Next batch →	次の結果 →
取消	Cancel	キャンセル
已知绘卷 ID	Known scroll ID	既知の絵巻ID
已知绘卷ID	Known scroll ID	既知の絵巻ID
输入种子，单点查看	Enter seed to preview	シードを入力して確認
已知种子预览	Seed preview	シードのプレビュー
已找到该绘卷。	Scroll found.	絵巻が見つかりました。
此预览暂不支持该绘卷 ID。	This preview does not support that scroll ID.	このプレビューではその絵巻IDに対応していません。
查看	View	表示
搜索进度	Search progress	検索の進行状況
绘卷结果浏览	Browse scroll results	検索結果の絵巻を閲覧
搜索结果	Search results	検索結果
张	scrolls	枚
最近三批	Last three batches	直近3回の結果
历史	History	履歴
结果排序	Sort results	結果の並び順
主词条评分 ↓	Primary roll ↓	主効果の数値評価 ↓
副词条平均分 ↓	Secondary average ↓	副効果の平均評価 ↓
全部词条平均分 ↓	All effects average ↓	全効果の平均評価 ↓
条件已修改，请重新搜索	Conditions changed; search again	条件が変わりました。再検索してください
周目 · R	playthrough · R	周目 · R
上一张绘卷	Previous scroll	前の絵巻
第	No.	第
跳转到第几张	Jump to result number	結果番号へ移動
下一张绘卷	Next scroll	次の絵巻
选择绘卷	Select scroll	絵巻を選択
滑动切换绘卷	Slide to browse scrolls	スライドして絵巻を切り替え
移除预览	Remove	削除
清空预览	Clear all	すべて削除
管理预览	Manage previews	プレビュー管理
多选移除	Select…	選択して削除
加入购物车	Add to cart	カートに追加
购物车	Cart	カート
查看购物车（	View cart (	カートを見る（
没有匹配结果	No matches	一致する結果がありません
试试减少筛选条件。	Try fewer conditions.	条件を減らしてみてください。
清空条件	Clear conditions	条件をクリア
添加方式	Addition method	追加方法
游戏内实时添加	Add in game	ゲーム内に直接追加
回标题界面后添加到存档	Add to save at title screen	タイトル画面でセーブに追加
关闭游戏后添加到存档	Add to save after closing the game	ゲーム終了後にセーブへ追加
选择购物车中的绘卷添加	Choose scrolls from cart to add	カートから追加する絵巻を選択
关闭侧边菜单	Close side menu	サイドメニューを閉じる
设置菜单	Settings menu	設定メニュー
语言菜单	Language menu	言語メニュー
允许使用 CPU 搜索	Allow CPU search	CPU検索を許可
显示词条与敌人 ID	Show effect and enemy IDs	効果・敵のIDを表示
日志已复制。	Log copied.	ログをコピーしました。
复制日志	Copy log	ログをコピー
检查更新	Check for updates	更新を確認
界面语言	Interface language	表示言語
简体中文 ✓	简体中文	简体中文
日本語 · 準備中	日本語	日本語
关闭提示	Close message	メッセージを閉じる
关闭窗口	Close window	ウィンドウを閉じる
/ 50 张绘卷	/ 50 scrolls	/ 50 枚
点击绘卷旁的 ☆ 即可收藏。	Click ☆ beside a scroll to save it here.	絵巻の横の☆を押すと登録できます。
复制 ID	Copy ID	IDをコピー
复制稀有度	Copy rarity	希少度をコピー
复制 ID 和稀有度	Copy ID and rarity	IDと希少度をコピー
绘卷 ID	Scroll ID	絵巻ID
移除所选	Remove selected	選択項目を削除
张预览	previews	枚のプレビュー
周目 ·	playthrough ·	周目 ·
张绘卷，已勾选	scrolls; selected	枚、選択中
张 ·	scrolls ·	枚 ·
添加到存档	Add to save	セーブに追加
已添加 ·	Added ·	追加済み ·
勾选绘卷	Select scroll	絵巻を選択
选择此绘卷	Select this scroll	この絵巻を選択
移出购物车	Remove from cart	カートから削除
已选择	Selected	選択済み
张绘卷；此界面预览暂不执行游戏或存档写入。	scrolls; this preview does not write to the game or save.	枚。このプレビューではゲームやセーブに書き込みません。
添加所选（	Add selected (	選択した絵巻を追加（
绘卷比较	Compare scrolls	絵巻を比較
空槽	Empty slot	空き枠
未知词条	Unknown effect	不明な効果
当前存档没有绘卷。	This save has no scrolls.	このセーブに絵巻はありません。
绘卷 ID（种子）	Scroll ID (seed)	絵巻ID（シード）
请填写有效整数	Enter a valid integer	有効な整数を入力してください
绘卷 ID 超出范围	Scroll ID is out of range	絵巻IDが範囲外です
请选择有效周目与稀有度	Select a valid playthrough and rarity	有効な周回と希少度を選択してください
绘卷等级应为 0–180	Scroll level must be 0–180	絵巻レベルは0～180で指定してください
请填写有效的敌人等级	Enter a valid enemy level	有効な敵レベルを入力してください
词条字段应为 0–4294967295 的整数	Effect fields must be integers from 0 to 4294967295	効果の値は0～4294967295の整数で指定してください
请先读取真实存档。	Load a save first.	先にセーブを読み込んでください。
推荐等级无法转换。	That recommended level cannot be converted.	この推奨レベルは変換できません。
内容已改变，请重新核对修改。	Content changed. Review the edit again.	内容が変わりました。変更を再確認してください。
请输入有效的绘卷 ID 和周目。	Enter a valid scroll ID and playthrough.	有効な絵巻IDと周回を入力してください。
已预览当前种子的副本内容。	Mission preview updated for this seed.	現在のシードのミッション内容を表示しました。
临时修改：	Temporary override: 	一時変更：
未开启	Off	無効
等待打开绘卷	Waiting for scroll details	絵巻の詳細画面を待機中
已生效	Active	適用中
状态待核对	Needs verification	確認が必要
· 触发	· Applied	· 適用
次 · 待完成调用	times · Pending calls	回 · 処理待ち
槽：	Slot: 	枠：
原始数值	Raw value	内部値
请先读取存档绘卷。	Load scrolls from a save first.	先にセーブから絵巻を読み込んでください。
请先等待副本内容读取完成。	Wait for mission details to load.	ミッション内容の読み込みをお待ちください。
请选择有效地形。	Select a valid terrain.	有効な地形を選択してください。
临时修改已开启。停止修改后重新打开绘卷，或退出游戏即可恢复。	Temporary changes enabled. Stop changes and reopen the scroll, or exit the game, to restore the original.	一時変更を開始しました。変更を停止して絵巻を開き直すか、ゲームを終了すると元に戻ります。
临时修改已停止。	Temporary changes stopped.	一時変更を停止しました。
修改已写入存档。	Changes saved.	変更をセーブに保存しました。
写入结果尚未确认，请核对操作回执。	Write outcome is unconfirmed. Check the operation result.	書き込み結果が未確認です。操作結果を確認してください。
将删除	Will delete	削除対象：
张绘卷，请核对后确认。	scrolls. Review before confirming.	枚。内容を確認して確定してください。
请先选择存档。	Select a save first.	先にセーブを選択してください。
将恢复选中的备份，请核对后确认。	The selected backup will be restored. Review before confirming.	選択したバックアップを復元します。内容を確認してください。
选择存档中的绘卷	Choose a scroll from the save	セーブ内の絵巻を選択
当前存档没有绘卷，可以先从购物车添加。	No scrolls in this save. You can add some from the cart.	このセーブには絵巻がありません。カートから追加できます。
读取后可编辑词条、查看备份和修改副本内容。	Load a save to edit effects, manage backups and change missions.	読み込むと効果編集・バックアップ管理・ミッション変更ができます。
我的绘卷	My scrolls	所持絵巻
账户与角色	Account and character	アカウントとキャラクター
编辑账户	Editor account	編集対象アカウント
示例角色 · 存档 1	Example character · Save 1	サンプルキャラクター · セーブ1
此预览展示示例绘卷，暂不读取游戏存档。	This preview shows sample scrolls and does not read game saves.	このプレビューはサンプル絵巻を表示し、セーブは読み込みません。
读取存档	Load save	セーブを読み込む
查找已有绘卷	Find owned scrolls	所持絵巻を検索
查找绘卷 ID 或词条	Search scroll ID or effect	絵巻ID・効果で検索
选择删除栏位	Select slots to delete	削除する枠を選択
栏位	Slot	枠
空词条绘卷	Scroll with no effects	効果のない絵巻
此预览暂不删除游戏存档中的绘卷。	This preview does not delete scrolls from saves.	このプレビューではセーブ内の絵巻を削除しません。
删除选中绘卷	Delete selected scrolls	選択した絵巻を削除
备份与恢复	Backup and restore	バックアップと復元
修改前自动备份，可在这里恢复。	Edits are backed up automatically. Restore them here.	変更前に自動バックアップします。ここから復元できます。
尚未连接备份目录。	Backup directory is not connected.	バックアップ先に接続されていません。
查看备份	View backups	バックアップを見る
· 恢复	· Restore	· 復元
编辑绘卷	Edit scroll	絵巻を編集
有未应用的修改	Unsaved changes	未適用の変更あり
尚未修改	Unchanged	変更なし
撤销	Undo	元に戻す
重做	Redo	やり直す
选择购物车中绘卷种子	Choose a seed from the cart	カートの絵巻シードを選択
主副词条修改可以长期保存，重启游戏仍保留。传给其他玩家后，词条会按种子重新生成。	Effect edits persist after restarting the game. When shared with another player, effects regenerate from the seed.	主・副効果の変更は再起動後も残ります。他のプレイヤーに渡すと、効果はシードから再生成されます。
切换绘卷会放弃当前修改。	Switching scrolls discards the current edits.	絵巻を切り替えると現在の変更は破棄されます。
放弃并切换	Discard and switch	破棄して切り替え
继续编辑	Keep editing	編集を続ける
基础信息 · 长期保存	Basic details · Persistent	基本情報 · 保存可能
编辑	Edit	編集
主副词条 · 长期保存	Effects · Persistent	主・副効果 · 保存可能
选择一行，在下方更换词条。	Select a row, then replace its effect below.	行を選択して、下の一覧から効果を変更します。
词条 ID	Effect ID	効果ID
编辑词条ID	Edit effect ID	効果IDを編集
编辑词条原始数值	Edit raw effect value	効果の内部値を編集
清空此槽	Clear this slot	この枠を空にする
当前为空槽	Empty slot	現在は空き枠
原生数值：	Native values: 	ゲーム内の値：
个可用值）	valid values)	個の値）
当前值在原生集合内	Current value is in the native set	現在の値はゲーム内の集合に含まれます
当前值不在原生集合内，仍可自由修改	Current value is outside the native set; free editing is allowed	現在の値はゲーム内の集合外ですが、自由に編集できます
此词条暂无可验证的原生数值范围	No verified native value range for this effect	この効果の検証済みの値域はありません
选择原生数值	Choose native value	ゲーム内の値を選択
选择一个原生数值	Choose a native value	ゲーム内の値を選択してください
编辑词条目录搜索	Search effect catalog	効果一覧を検索
替换	Replace	置き換え
高级原始字段	Advanced raw fields	詳細な内部フィールド
不检查词条冲突或组合合法性。修改这些字段前，请确认它们的含义。	Effect conflicts and combination legality are not checked. Only edit fields you understand.	効果の競合や組み合わせの正当性は確認しません。意味を理解した上で変更してください。
副本内容 · 临时修改	Mission details · Temporary	ミッション内容 · 一時変更
只修改游戏内存，不保存进绘卷。停止修改后重新打开绘卷，或退出游戏即可恢复。	Changes only game memory. Stop changes and reopen the scroll, or exit the game, to restore the original.	ゲームのメモリだけを変更します。変更を停止して絵巻を開き直すか、ゲームを終了すると元に戻ります。
按当前种子预览副本	Preview mission for this seed	現在のシードのミッションを表示
检查生效状态	Check override status	適用状態を確認
修改敌人	Override enemies	敵を変更
敌人组数	Enemy groups	敵グループ数
临时敌人组数	Temporary enemy group count	一時的な敵グループ数
临时修改敌人	Temporary enemy override	敵の一時変更
当前敌人	Current enemy	現在の敵
修改地形	Override terrain	地形を変更
临时修改地形影响	Temporary terrain override	地形効果の一時変更
修改特殊规则	Override rules	特殊ルールを変更
条	entries	件
临时修改特殊规则	Temporary rule override	特殊ルールの一時変更
无	None	なし
可挑战次数上限	Maximum attempts	挑戦回数上限
临时修改挑战次数上限	Temporary attempt capacity	挑戦回数上限の一時変更
当前版本暂不支持修改次数上限	Changing the capacity is not supported yet	現在は回数上限の変更に対応していません
临时修改草稿已准备好；此预览暂未连接游戏。	Temporary draft ready; this preview is not connected to the game.	一時変更の下書きを準備しました。このプレビューはゲームに接続していません。
应用临时修改	Apply temporary changes	一時変更を適用
停止临时修改	Stop temporary changes	一時変更を停止
已恢复示例副本内容。	Original mission details restored.	元のミッション内容に戻しました。
恢复原始内容	Restore original details	元の内容に戻す
放弃修改	Discard edits	変更を破棄
核对修改	Review edits	変更を確認
修改预览	Edit preview	変更プレビュー
百境百怪绘卷	Scroll of a Hundred Demons	百鬼夜行絵巻
等级	Level	レベル
· 敌人等级	· Enemy level	· 敵レベル
本次变化	Changes	変更内容
选择词条或修改基础信息，即可在这里核对。	Choose effects or edit basic details to review changes here.	効果や基本情報を変更すると、ここで確認できます。
确认修改	Confirm edits	変更を確定
本次将应用	Will apply	適用する変更：
项变化。	changes.	件。
游戏已回到标题界面	Game is at the title screen	ゲームはタイトル画面です
游戏已回到标题界面或已关闭	Game is at the title screen or closed	ゲームはタイトル画面、または終了しています
游戏已完全关闭	Nioh 3 is completely closed	ゲームを完全に終了しました
确认写入存档	Confirm save write	セーブへの書き込みを確定
修改已应用到本次预览。	Edits applied to this preview.	プレビューに変更を適用しました。
应用到预览	Apply to preview	プレビューに適用
当前存档绘卷	Scrolls in this save	このセーブの絵巻
示例绘卷 · 不写入游戏存档	Sample scrolls · No save writes	サンプル絵巻 · セーブには書き込みません
关闭种子选择	Close seed picker	シード選択を閉じる
已选用绘卷种子	Selected scroll seed	選択した絵巻シード
每类最多支持 8 组筛选条件，请合并或减少条件。	At most 8 groups per category. Merge or reduce conditions.	分類ごとに最大8グループです。条件をまとめるか減らしてください。
成长词条	Growing effect	成長効果
未知敌人	Unknown enemy	不明な敵
未知规则	Unknown rule	不明なルール
秒	seconds	秒
请先搜索或查看真实绘卷。	Search or preview a real scroll first.	先に実際の絵巻を検索または表示してください。
未能检测存档。	Could not detect saves.	セーブを検出できませんでした。
目标存档	Target save	対象セーブ
自动检测的存档	Detected saves	検出されたセーブ
正在检测存档…	Detecting saves…	セーブを検出中…
请选择角色存档	Select a character save	キャラクターのセーブを選択
未检测到存档	No saves detected	セーブが見つかりません
账户	Account	アカウント
· 存档	· Save	· セーブ
重新检测	Scan again	再検出
手动定位	Browse…	手動で指定
重新读取	Reload	再読み込み
核对上次写入结果	Check last write	前回の書き込みを確認
请先核对上次添加结果。	Check the previous addition first.	先に前回の追加結果を確認してください。
四、五周目的研究候选不能添加。	Research candidates from playthroughs 4 and 5 cannot be added.	研究用の4・5周目の候補は追加できません。
购物车存在失效的候选，请重新搜索后添加。	A cart candidate has expired. Search again before adding.	カートの候補が失効しています。再検索してから追加してください。
未收到添加计划。	No addition plan received.	追加計画を受け取れませんでした。
请确认游戏已回到标题界面。	Confirm the game is at the title screen.	ゲームがタイトル画面に戻っていることを確認してください。
请确认游戏已完全关闭。	Confirm Nioh 3 is completely closed.	ゲームが完全に終了していることを確認してください。
请让游戏回到标题界面后重试写入存档。本次没有修改存档。	Return the game to the title screen before retrying the save write. The save was not changed.	ゲームをタイトル画面に戻してから、セーブへの書き込みを再試行してください。セーブは変更されていません。
为防止游戏退出时用内存中的旧状态覆盖存档，核对和写入前必须完全关闭游戏。	Close the game completely before reviewing and writing so its cached state cannot overwrite the edited save when it exits.	ゲーム終了時にメモリ内の古い状態でセーブが上書きされないよう、確認と書き込みの前にゲームを完全に終了してください。
已添加到存档。	Added to save.	セーブに追加しました。
写入尚未确认，请核对操作结果。	Write not yet confirmed. Check the result.	書き込みが未確認です。結果を確認してください。
添加回执不匹配。	Addition receipt does not match.	追加の操作記録が一致しません。
已验证添加	Verified additions	確認済みの追加数
张。	scrolls.	枚。
请在游戏中正常保存。	Save normally in the game.	ゲーム内で通常どおりセーブしてください。
其余操作尚未全部确认，请先核对结果，不要重复添加。	Some results are unconfirmed. Check them before adding again.	未確認の結果があります。再追加する前に結果を確認してください。
没有待核对的实时添加。	No live addition needs checking.	確認待ちのゲーム内追加はありません。
未取得添加回执。	Could not read the addition result.	追加結果を取得できませんでした。
未取得核对后的添加回执。	Could not read the reconciled addition result.	確認後の追加結果を取得できませんでした。
上次计划尚未执行，已取消，可以重新核对添加。	The previous plan was not executed and is now cancelled. You can prepare another.	前回の計画は未実行のためキャンセルしました。改めて追加を確認できます。
张；	scrolls; 	枚；
已完成	Completed	完了
已取消	Cancelled	キャンセル済み
请核对剩余操作，避免重复添加	Check remaining results before adding again	重複追加を避けるため残りの結果を確認してください
已添加	Added	追加済み
张，当前一张完成后可停止。	scrolls. Stopping waits for the current scroll to finish.	枚。現在の1枚の処理が完了してから停止します。
停止后续添加	Stop remaining additions	以降の追加を停止
一、二周目的绿色绘卷属于自定义配置，不代表游戏自然掉落。	Green scrolls in playthroughs 1 and 2 are custom configurations, not evidence of natural drops.	1・2周目の緑の絵巻はカスタム設定であり、自然ドロップを示すものではありません。
本次选择	Selected	今回の選択
张 · 推荐等级	scrolls · Recommended level	枚 · 推奨レベル
· 转手次数	· Transfers	· 譲渡回数
核对添加	Review addition	追加を確認
核对上次实时添加	Check last in-game addition	前回のゲーム内追加を確認
已准备	Prepared	準備済み
张绘卷的添加计划。	scrolls for addition.	枚の追加計画。
选择已改变，请重新核对添加。	Selection changed. Review the addition again.	選択が変わりました。追加内容を再確認してください。
确认添加所选	Confirm selected additions	選択した追加を確定
请先选择角色存档。	Select a character save first.	先にキャラクターのセーブを選択してください。
原生搜索中，已找到	Native search; found	ゲーム内生成で検索中、検出数
原生搜索未返回结果。	Native search returned no result.	ゲーム内生成の検索から結果が返りませんでした。
请在桌面版中查看本机备份。	Open the desktop app to view local backups.	ローカルのバックアップを見るにはデスクトップ版を開いてください。
恢复会替换当前角色存档，执行前会自动备份当前状态。	Restoring replaces this character save. The current state is backed up first.	復元すると現在のキャラクターのセーブが置き換わります。実行前に現在の状態をバックアップします。
备份已恢复。	Backup restored.	バックアップを復元しました。
恢复结果尚未确认，请核对操作回执。	Restore outcome is unconfirmed. Check the operation result.	復元結果が未確認です。操作結果を確認してください。
选中的备份已移入回收站。	Selected backups moved to the Recycle Bin.	選択したバックアップをゴミ箱に移動しました。
添加绘卷	Add scrolls	絵巻を追加
删除绘卷	Delete scrolls	絵巻を削除
恢复前备份	Backup before restore	復元前のバックアップ
打开存档文件夹	Open save folder	セーブフォルダーを開く
数据目录将在重启应用后生效，原目录中的备份会保留。	The data folder changes after restarting the app. Existing backups stay in the original folder.	データフォルダーの変更は再起動後に適用されます。元のバックアップは元の場所に残ります。
打开数据文件夹	Open data folder	データフォルダーを開く
更改数据目录	Change data folder	データフォルダーを変更
恢复默认目录	Reset data folder	既定のフォルダーに戻す
刷新备份	Refresh backups	バックアップを更新
打开备份文件夹	Open backup folder	バックアップフォルダーを開く
恢复选中备份	Restore selected backup	選択したバックアップを復元
移入回收站	Move to Recycle Bin	ゴミ箱に移動
选择	Select	選択
备份时间	Backup time	バックアップ日時
操作	Action	操作
文件数	Files	ファイル数
选择备份	Select backup	バックアップを選択
这个存档暂无备份。	No backups for this save.	このセーブのバックアップはありません。
选择存档后显示对应备份。	Select a save to see its backups.	セーブを選択すると対応するバックアップを表示します。
将恢复：	Will restore: 	復元対象：
确认恢复存档	Confirm restore	セーブの復元を確定
更新通道	Update channel	更新チャンネル
正式版	Stable	安定版
测试版	Beta	テスト版
检查是否有新版本。	Check for a newer version.	新しいバージョンを確認します。
正在检查更新…	Checking for updates…	更新を確認中…
当前没有可用的新版本。	No newer version is available.	利用可能な新しいバージョンはありません。
发现新版本	New version available	新しいバージョンがあります
是否现在下载并安装？	Install it now?	今すぐインストールしますか？
正在下载并校验更新…	Downloading and verifying update…	更新をダウンロード・検証中…
更新已准备好，重启后完成安装。	Update ready. Restart to finish installing.	更新の準備ができました。再起動するとインストールが完了します。
更新未完成，请重试。	Update failed. Try again.	更新を完了できませんでした。再試行してください。
下载更新	Download update	更新をダウンロード
稍后	Later	後で
安全退出并安装更新	Exit safely and install	安全に終了してインストール
源码启动版请使用发行包测试安装更新。	Use a packaged build to test update installation.	更新のインストールは配布版で確認してください。
收藏夹读取失败。	Could not load favorites.	お気に入りを読み込めませんでした。
购物车最多保存 50 张绘卷。	The cart holds up to 50 scrolls.	カートには最大50枚まで追加できます。
收藏夹最多保存 50 张绘卷。	Favorites holds up to 50 scrolls.	お気に入りは最大50枚まで登録できます。
绘卷	Scroll	絵巻
百境百怪绘卷 · 顿悟	Scroll of a Hundred Demons · Enlightenment	百鬼夜行絵巻 · 悟り
周目战绘卷	playthrough scroll	周目の絵巻
特殊效果	Special effects	特殊効果
数值评分：100 为最高档。同名词条分数越高，数值档位越高；不是实际加成百分比。	Roll quality: 100 is the highest tier. Compare scores for the same effect; this is not the actual bonus percentage.	数値評価は100が最高。同じ効果なら高いほど上位の値です。実際の加算率ではありません。
成长	Growing	成長
评分	Score	数値評価
出现敌人	Enemies	出現する敵
未解析	Unresolved	未解析
复制绘卷ID	Copy scroll ID	絵巻IDをコピー
复制	Copy	コピー
候选数量应为 1–25。	Choose 1–25 results per batch.	検索件数は1～25で指定してください。
推荐等级应为 142–356 内可转换的整数。	Choose a convertible recommended level from 142 to 356.	推奨レベルは142～356の変換可能な整数で指定してください。
绘卷等级应为 0–180。	Scroll level must be 0–180.	絵巻レベルは0～180で指定してください。
转手次数应为 −1 或有效的无符号整数。	Transfer count must be −1 or a valid unsigned integer.	譲渡回数は−1または有効な符号なし整数で指定してください。
最多保留 24 个词条选项，任一组按一项逻辑要求计算。	Select up to 24 effect options. Each any-of group counts as one requirement.	効果の選択は最大24件です。いずれかのグループは一つの条件として扱います。
此预览暂仅支持搜索三周目、180 级绘卷。	This preview supports third-playthrough level-180 scrolls only.	このプレビューは3周目・レベル180の絵巻のみ検索できます。
请选择筛选条件。	Choose search conditions.	検索条件を選択してください。
请先选择并读取存档。	Select and load a save first.	先にセーブを選択して読み込んでください。
请先确认游戏已停在标题界面。	Confirm the game is at the title screen first.	先にゲームがタイトル画面にあることを確認してください。
已连接当前存档的映射缓存，可离线搜索。	Mapping loaded for this save. Offline search is available.	このセーブの対応表を読み込みました。オフライン検索が可能です。
正在启动…	Starting…	起動中…
真实搜索结果	Search results	検索結果
已取消，保留已找到的绘卷。	Cancelled. Found scrolls are retained.	キャンセルしました。見つかった絵巻は保持されます。
本批找到	This batch found	今回の検索結果
张绘卷，耗时	scrolls in	枚、所要時間
秒。	seconds.	秒。
正在搜索，已找到	Searching; found	検索中、検出数
张绘卷…	scrolls…	枚…
本批在试验预算内找到	This batch found	今回の検索は試験予算内で
张绘卷；条件尚未穷尽，可继续搜索下一批，耗时	scrolls within the trial budget; conditions are not exhausted, continue with the next batch, in	枚を検出しました。条件は未探索のため次のバッチで続行できます。所要時間
张绘卷，已达候选数量，耗时	scrolls, candidate target met, in	枚、候補数に到達、所要時間
搜索范围已穷尽，本批找到	The search range is exhausted; this batch found	検索範囲をすべて探索しました。今回の検出数
搜索失败，请重试；反复出现请导出反馈文件发给开发者。	The search failed. Retry; if it keeps happening, export a feedback file and send it to the developer.	検索に失敗しました。再試行し、繰り返し発生する場合はフィードバックファイルを書き出して開発者に送ってください。
群号已复制，若未自动跳转，可在 QQ 中手动加群。	Group number copied. If QQ does not open, join manually using this number.	グループ番号をコピーしました。QQが開かない場合は番号で検索して参加してください。
请在 QQ 中搜索群号	Search this group number in QQ: 	QQで次のグループ番号を検索：
加入。	to join.	参加してください。
未筛选示例	Sample results	サンプル結果
周目／稀有度已切换，目录已更新。	Playthrough / rarity changed. Catalog updated.	周回・希少度を変更し、一覧を更新しました。
当前周目使用原生生成，支持词条组合筛选；抽取评分暂不可用，数值已设为不限。	This playthrough uses native generation and effect matching. Roll scores are unavailable, so values are unrestricted.	この周回はゲーム内生成と効果条件に対応しています。数値評価は未対応のため数値不問になります。
种子预览	Seed preview	シードのプレビュー
原生搜索结果	Native search results	ゲーム内生成の検索結果
已取消，保留	Cancelled; retained	キャンセル。保持数
张绘卷。	scrolls.	枚。
正在准备搜索…	Preparing search…	検索を準備中…
正在搜索…	Searching…	検索中…
已取消，保留上一批结果。	Cancelled. Previous batch retained.	キャンセルしました。前回の結果は保持されます。
已按条件筛选	Filtered results	条件で絞り込み済み
搜索完成，找到	Search complete; found	検索完了、検出数
没有下一批。	No more results.	次の結果はありません。
已清空全部条件；搜索设置恢复默认。	Conditions cleared; search settings reset.	条件をクリアし、検索設定を既定値に戻しました。
已复制。	Copied.	コピーしました。
剪贴板不可用，请手动复制：	Clipboard unavailable. Copy manually: 	クリップボードを使用できません。手動でコピーしてください：
拖到前后换序，拖到中央分组	Drag before or after to reorder; onto the center to group	前後にドラッグして並べ替え、中央に重ねてグループ化
未当选主词条时，副词条必须包含此项	Require this as a secondary effect if not chosen as primary	主効果に選ばれなければ副効果に必須
未选为主时，副词条也要有	Require as secondary if not primary	主効果でなければ副効果に必須
支持主词条不限或前 1–3 项主词条备选择一。上下移动已选项可改变主副角色。未当选时副词条必含可表达 A主+B副 或 B主+A副。	Leave the primary effect unrestricted, or use the first 1–3 choices as alternatives. Reorder to change their roles. Require unchosen alternatives as secondary effects to match either order.	主効果を指定しないか、先頭1～3件を主効果の候補にします。並べ替えで役割を変更できます。選ばれなかった候補を副効果に必須とすることもできます。
低／中／高指敌人生成池，不代表难度。添加敌人表示结果中至少包含它；游戏仍可能生成其他敌人。只有原生规则允许的低手敌人才提供地狱附身开关。	Low / middle / high are enemy generation pools, not difficulty levels. Adding an enemy requires it to appear, but other enemies may also appear. The Crucible Wraith switch is shown only for low-pool enemies allowed by the native rules.	低・中・高は敵の生成枠であり、難易度ではありません。敵を追加すると結果にその敵が必須になりますが、ほかの敵も出現できます。地獄憑きスイッチは、ゲーム本来の規則で許可された低位枠の敵にだけ表示されます。
敌人列表	Enemy list	敵一覧
点击＋添加筛选条件	Click + to add a filter	＋で絞り込み条件に追加
可附身	Crucible Wraith eligible	地獄憑き対応
按类型查找，再选择具体对象与数值。任意变体覆盖该项全部数值；选择精确变体会替换该项旧选择。最多组合三项特殊规则。	Find a category, then choose a target and value. Any variant accepts all values. A specific variant replaces the previous choice. Combine up to three rules.	分類から対象と数値を選択します。種類不問なら全数値を許可し、特定の種類を選ぶと以前の選択を置き換えます。最大3ルールです。
地形条件之间取任一；精确项代表完整结果，不是地图场景。挑战次数筛选种子决定的初始上限，不是剩余次数。	Any selected terrain combination may match; these are terrain effects, not locations. Attempts filter the seed-derived capacity, not the remaining count.	地形条件はいずれか一つに一致すれば対象です。地図の場所ではなく地形効果の組み合わせです。挑戦回数は残り回数ではなくシード由来の初期上限を指定します。
想刷某个敌人：添加它并选“必含”。几个敌人都可以：把它们设为同一个“任选组”，出现其中一个就算符合。	For one specific enemy, add it as Required. To accept any of several enemies, put them in the same any-of group.	特定の敵を狙う場合は「必須」で追加します。複数の敵のどれでもよい場合は、同じグループにまとめます。
每个设为“必含”的敌人都必须出现在结果中。例如同时选择古笼火和肉瘤怪，结果必须同时包含两者。	Every Required enemy must appear in the result. For example, selecting both Koroka and Nuppeppo requires both to appear.	「必須」にした敵はすべて結果に出現する必要があります。たとえば古籠火と肉瘤怪を選ぶと、両方が出現する結果だけが対象です。
同一任选组只需出现其中一个敌人。例如把古笼火和肉瘤怪放入“任选组 1”，出现任意一个就符合。	An any-of group needs only one of its enemies to appear. For example, putting Koroka and Nuppeppo in Any-of group 1 accepts either enemy.	同じ選択グループでは、いずれか1体が出現すれば条件を満たします。たとえば古籠火と肉瘤怪を「選択グループ 1」に入れると、どちらかが出現すれば対象です。
多个条件怎样计算？	How are multiple conditions evaluated?	複数の条件はどう判定されますか？
每个必含条件和每个任选组都要分别满足；绘卷中可以同时出现没有选择的其他敌人。	Every Required condition and every any-of group must be satisfied independently. The scroll may also contain enemies you did not select.	各「必須」条件と各選択グループをそれぞれ満たす必要があります。選んでいない敵が同時に出現しても問題ありません。
装备加成：在左侧条件目录的“主副词条”“恩宠”里选择你想要的词条和恩宠。刷副本：在“敌人”“特殊规则”“地形 · 次数”里选择想打的敌人、特殊规则、地形和挑战次数。	For equipment bonuses, choose effects and graces under “Primary / secondary effects” and “Grace” in the catalog on the left. For missions, choose enemies, rules, terrain and attempts under “Enemies”, “Special rules” and “Terrain · attempts”.	装備用は左のカタログの「主・副効果」「恩寵」で効果と恩寵を選びます。ミッション用は「敵」「特殊ルール」「地形 · 挑戦回数」で敵・ルール・地形・挑戦回数を選びます。
怎样组合词条？	How do effect groups work?	効果条件の組み合わせ方
“必含”：每个选中的词条都要有。例如同时添加体力和幸运，结果必须同时有这两项。	Required means every selected effect must appear. Requiring Life and Luck searches for scrolls containing both.	「必須」は選択したすべての効果が必要です。体力と幸運を追加すると、両方ある絵巻を検索します。
“任选组”：同组中有一项就可以。例如把体力和幸运放进“任选组 1”，有体力或有幸运都可以。	An any-of group needs only one matching effect. Group Life and Luck together to accept either one.	同じグループではいずれか一つがあれば一致します。体力と幸運をまとめると、どちらかがある絵巻を検索します。
想指定第一条词条？	How do I choose the primary effect?	主効果を指定するには？
关闭“主词条不限”。已选列表最前面的 1～3 项作为第一条词条的备选，找到其中一项即可。拖动已选词条调整顺序。	Turn off Any primary effect. The first 1–3 choices are alternatives for the primary slot. Drag to change their order.	「主効果を指定しない」を解除します。先頭1～3件が主効果の候補になります。ドラッグで順序を変更できます。
如果选了两个备选，并勾选“未选为主时，副词条也要有”，就会寻找这样的绘卷：一项在第一条，另一项在副词条。	With two primary alternatives, requiring the unchosen one as secondary searches for both effects in either order.	主効果の候補を二つ選び、選ばれなかった方を副効果に必須とすると、片方が主効果、もう片方が副効果にある絵巻を検索します。
规则数值怎么选？	How do I select rule values?	ルールの数値の選び方
选择“全部接受”，表示这条规则的任何数值都可以；也可以指定某个数值。选好后点“＋”加入条件，不需要时在上方移除。	Accept any allows all values for the rule. Or choose one value, then press + to add it. Remove unwanted conditions above.	「すべて許可」はそのルールの数値を問いません。特定の数値も指定できます。＋で追加し、不要な条件は上で削除します。
一难横行	Misfortune	難行
优先掉落率上升	Lucky drop rate	優先ドロップ率上昇
同行者	Companion	同行者
圆猫之法	Scampuss form	すねこすり化
威猛强敌	Mighty enemies	強敵出現
属性伤害与异常状态累积增加	Elemental damage and status accumulation	属性ダメージ・状態異常蓄積増加
正面与负面效果强化	Stronger buffs and debuffs	有利・不利効果の強化
正面效果持续时间延长	Extended buffs	有利効果の持続時間延長
灵力槽逐渐减少·积攒量增加	Spirit gauge drain / increased gain	霊力ゲージ徐々に減少・蓄積量増加
神器掉落率上升	Divine item drop rate	神器ドロップ率上昇
移动加速	Movement speed	移動速度上昇
精力恢复强化	Ki recovery boost	気力回復強化
自动发动	Auto activation	自動発動
自动恢复阴阳术与箭弹	Onmyo / ammunition recovery	陰陽術・矢弾の自動回復
获得金钱增加	Increased gold earned	獲得金銭増加
负面效果持续时间延长	Extended debuffs	不利効果の持続時間延長
赋予吸取体力	Life drain	体力吸収を付与
追击和近身刺击伤害增加	Final blow and grapple damage	追い討ち・組み討ちダメージ増加
造成的属性伤害增加	Elemental damage dealt	与える属性ダメージ増加
魂核掉落率上升	Soul core drop rate	魂代ドロップ率上昇
固定变体	Fixed variant	固定の種類
中／高手	Middle / high pool	中・高位の枠
候选已失效，请按原 ID 重新搜索后添加。	Candidate expired. Search its ID again before adding.	候補が失効しました。同じIDで再検索してから追加してください。
候选已失效，请重新搜索后添加。	Candidate expired. Search again before adding.	候補が失効しました。再検索してから追加してください。
添加当前绘卷	Add current scroll	表示中の絵巻を追加
此界面预览暂不执行游戏或存档写入。	This preview does not write to the game or save.	このプレビューではゲームやセーブに書き込みません。
请先启动游戏并进入角色存档。	Start the game and load your character first.	先にゲームを起動してキャラクターを読み込んでください。
请关闭游戏菜单，原地等待片刻后重新核对。	Close the game menus, wait briefly in place, then review again.	ゲームのメニューを閉じ、少し待ってから再確認してください。
自动备份无法通过校验，本次没有继续添加。请重新核对添加。	Backup verification failed, so addition did not continue. Review again.	自動バックアップを検証できないため追加を中止しました。再確認してください。
上次操作尚未确认，请先核对结果，不要重复添加。	Check the previous operation before adding again.	前回の結果を確認してから再追加してください。
另一项操作仍在进行，请等待完成。	Another operation is running. Wait for it to finish.	別の操作が進行中です。完了をお待ちください。
当前游戏版本尚未支持，请检查更新。	This game version is not supported. Check for updates.	このゲームバージョンは未対応です。更新を確認してください。
收藏夹文件无法读取，原文件已保留。请导出反馈文件发给开发者。	Favorites could not be read. The original file is preserved; please export a feedback file and send it to the developer.	お気に入りを読み込めません。元のファイルは保持しています。フィードバックファイルを書き出して開発者に送ってください。
挑战次数上限应为 1–7。	Maximum attempts must be 1–7.	挑戦回数上限は1～7で指定してください。
存档与当前绘卷状态不一致。请先在神社保存，关闭菜单后重新核对添加。	The save differs from your current scrolls. Save at a shrine, close the menus, then review the addition again.	セーブと現在の絵巻の状態が一致しません。社でセーブし、メニューを閉じてから追加内容を再確認してください。
请先停止临时修改，再核对当前次数。	Stop temporary changes before reviewing the remaining count.	一時変更を停止してから残り回数を確認してください。
这张绘卷的当前状态暂不支持修改次数。	The current state of this scroll does not support count editing.	この絵巻の現在の状態では回数を変更できません。
当前次数已修改，请在游戏中正常保存。	Remaining count changed. Save normally in the game.	残り回数を変更しました。ゲーム内でセーブしてください。
修改结果尚未确认，请核对上次操作，不要重复修改。	The result is unconfirmed. Check the previous operation before making another change.	変更結果を確認できません。再変更する前に前回の操作を確認してください。
本次没有写入，请重新核对。	No write was performed. Review the change again.	書き込みは行われていません。内容を再確認してください。
当前可挑战次数	Remaining attempts	残り挑戦回数
修改游戏内这张绘卷的剩余次数，修改后请在游戏中正常保存。挑战次数上限在“副本内容”中临时修改。	Change this scroll’s remaining attempts in the game, then save to keep the change. The attempt limit is a temporary setting under Mission content.	ゲーム内のこの絵巻の残り挑戦回数を変更します。保存するにはゲーム内でセーブしてください。挑戦回数の上限は「ミッション内容」で一時的に変更できます。
设为	Set to	変更後
允许范围：0–7。设为0将无法继续挑战。	Allowed range: 0–7. A count of 0 prevents further attempts.	設定範囲：0～7。0にすると挑戦できなくなります。
核对次数修改	Review count change	回数の変更を確認
核对上次次数修改	Check previous count change	前回の回数変更を確認
自动备份已完成。	Automatic backup completed.	自動バックアップが完了しました。
确认修改当前次数	Confirm count change	残り回数の変更を確定
放弃本次核对	Discard review	確認内容を破棄
存档备份	Save backup	セーブのバックアップ
请先回到标题界面。检测到游戏正在同步存档时，程序会无损中止并提示重试。	Return to the title screen first. If save synchronization is detected, the app stops without writing and asks you to retry.	先にタイトル画面へ戻ってください。セーブの同期を検出した場合は書き込まずに中止し、再試行を案内します。
本次没有写入，请回到标题界面后重试。	No write was performed. Return to the title screen and retry.	書き込みは行われませんでした。タイトル画面へ戻って再試行してください。
检测到游戏正在同步存档，本次没有写入。请在标题菜单停留片刻后重试。	The game is synchronizing save files, so nothing was written. Wait at the title menu briefly and retry.	ゲームがセーブを同期しているため、書き込みませんでした。タイトルメニューで少し待ってから再試行してください。
写入后校验失败，主存档已自动恢复；游戏备份没有改动。	Post-write verification failed. The main save was restored automatically and the game backup was not changed.	書き込み後の検証に失敗しました。メインセーブは自動復元され、ゲームのバックアップは変更されていません。
写入结果无法确认。请先核对存档和操作记录，不要重复添加。	The write result could not be confirmed. Check the save and operation record before trying again.	書き込み結果を確認できません。再実行する前にセーブと操作記録を確認してください。
出现即可	Any appearance	出現のみ
地狱附身	Crucible Wraith	地獄憑き
一难（每次进入变化）	Curse (changes on each entry)	難行（入場ごとに変化）
任意出场	Any availability	出現条件を問わない
单人也出现	Appears in solo	ソロでも出現
仅常世同行追加	Expedition-only	常世同行でのみ追加
敌人状态	Enemy state	敵の状態
出场范围	Availability	出現範囲
敌人预览模式	Enemy preview mode	敵プレビューモード
敌人预览	Enemy preview	敵プレビュー
单人	Solo	ソロ
常世同行	Expedition	常世同行
只有低手敌人才可能地狱附身，可按绘卷 ID 精确筛选；一难会在每次进入时变化，仅在预览中如实标为随机。	Only low-pool enemies can be Crucible Wraiths, and they can be filtered exactly by Scroll ID. Curse changes on each entry and is shown honestly as random in previews.	地獄憑きになる可能性があるのは低位枠の敵だけで、絵巻IDによる正確な絞り込みに対応しています。難行は入場ごとに変化するため、プレビューではランダムとして表示します。
这个敌人没有地狱附身变体，请关闭开关或选择标有“可附身”的低手敌人。	This enemy has no Crucible Wraith variant. Turn off the switch or choose a low-pool enemy marked Crucible Wraith eligible.	この敵には地獄憑きの個体がありません。スイッチをオフにするか、「地獄憑き対応」と表示された低位枠の敵を選んでください。
联机追加	Expedition-only	常世同行で追加
同行	Exp.	同行
附身	Wraith	憑き
附身未知	Crucible Wraith status unknown	地獄憑き状態不明
一难随机	Curse random	難行はランダム
· 一难随机	· Curse random	· 難行はランダム
波 ·	wave ·	ウェーブ ·
一难状态会在每次进入时变化，无法按绘卷 ID 精确筛选。	Curse changes on each entry and cannot be filtered exactly by Scroll ID.	難行は入場ごとに変化するため、絵巻IDでは正確に絞り込めません。
仅常世同行追加的敌人需要使用常世同行预览。	Expedition-only enemies require the Expedition preview.	常世同行でのみ追加される敵には、常世同行プレビューを使用してください。
敌人状态与常世同行预览目前仅支持三周目。	Enemy states and Expedition previews are currently supported only in NG+2.	敵の状態と常世同行プレビューは現在3周目のみ対応しています。
正在核对修改…	Checking changes…	変更を確認しています…
正在转换推荐等级…	Converting the recommended level…	推奨レベルを変換しています…
正在生成写入计划…	Preparing the write plan…	書き込み計画を作成しています…
已核对	Checked	確認済み：
项变化，尚未写入存档。请在右侧“确认修改”中确认后写入。	change(s); nothing is written yet. Confirm in “Confirm changes” on the right to write them.	件の変更。まだセーブには書き込まれていません。右側の「変更を確認」で確定すると書き込みます。
核对失败，也没有返回原因；请导出反馈文件发给开发者。	The check failed without giving a reason; please export a feedback file and send it to the developer.	確認に失敗し、理由も返されませんでした。フィードバックファイルを書き出して開発者に送ってください。
修改已写入存档，但有警告：	Changes saved with a warning:	変更はセーブに保存されましたが、警告があります：
请核对操作回执	check the operation receipt	操作レシートを確認してください
。请勿重复写入。	. Do not write again.	。重複して書き込まないでください。
操作没有完成，也没有返回原因；请导出反馈文件发给开发者。	The operation did not finish and gave no reason; please export a feedback file and send it to the developer.	操作は完了せず、理由も返されませんでした。フィードバックファイルを書き出して開発者に送ってください。
这个存档里已有绘卷的序列号重复，为避免改动已有绘卷，“添加到存档”已停止，存档没有被修改。请改用“游戏内实时添加”。	This save already has scrolls that share a serial. To avoid changing existing scrolls, "Add to save" stopped and the save was not modified. Use "Add in game" instead.	このセーブには既にシリアルが重複した絵巻があります。既存の絵巻を変更しないよう「セーブに追加」を中止し、セーブは変更されていません。「ゲーム内に直接追加」を使ってください。
游戏生成的绘卷与预期不一致，这次没有添加，背包和存档都没有改动，可以直接重试。若反复出现，请导出反馈文件发给开发者。	The scroll the game built did not match the expected one, so nothing was added and neither the inventory nor the save changed. You can retry; if it keeps happening, export a feedback file and send it to the developer.	ゲームが生成した絵巻が想定と一致しなかったため、追加していません。所持品もセーブも変更されていません。再試行できます。繰り返し発生する場合はフィードバックファイルを書き出して開発者に送ってください。
游戏已退出或重新启动。请进入角色存档后重新核对添加。	The game exited or restarted. Load your character save, then review the addition again.	ゲームが終了または再起動しました。キャラクターのセーブを読み込んでから、もう一度追加を確認してください。
实时添加的状态目录里有不属于本工具操作的回执文件，添加已停止，游戏没有被改动。请导出反馈文件发给开发者。	The live-add state folder contains a receipt that is not one of this tool's operations. Adding stopped and the game was not changed. Please export a feedback file and send it to the developer.	ライブ追加の状態フォルダーに、このツールの操作ではない受領ファイルがあります。追加を中止し、ゲームは変更されていません。フィードバックファイルを書き出して開発者に送ってください。
存档在游戏里保存后已经变化，请点“重新读取”后再添加。	The save changed after the game saved. Click "Reload" and add again.	ゲームで保存したためセーブが変わりました。「再読み込み」してから追加してください。
存档	Save	セーブ
）· 账户	) · Account	）· アカウント
检测到	Found	検出:
个存档，请在上面选择你正在玩的那一个；选过一次后会自动记住。	saves. Choose the one you are playing above; the choice is remembered.	件のセーブ。プレイ中のセーブを上で選んでください。一度選ぶと記憶されます。
没有找到存档。请先启动一次游戏并进入角色，或点“手动定位”选择 SAVEDATA.BIN。	No save was found. Start the game and load a character once, or use "Browse…" to pick SAVEDATA.BIN.	セーブが見つかりません。一度ゲームを起動してキャラクターに入るか、「手動で指定」で SAVEDATA.BIN を選んでください。
游戏背包里已经能看到；之后在游戏里正常存档（例如在神社休息），它才会写进存档文件。	It is already in your in-game inventory; it is written to the save file once you save normally in game (for example by resting at a shrine).	ゲーム内の所持品にすでに表示されています。ゲーム内で通常どおりセーブ（社で休むなど）すると、セーブファイルに書き込まれます。
正在读取存档…	Reading the save…	セーブを読み込み中…
先在上面选好目标存档，才能核对添加。	Choose the target save above before checking the addition.	追加を確認する前に、上で対象のセーブを選んでください。
上次实时添加的结果还没有确认。请先点“核对上次实时添加”，确认后才能继续添加，避免重复。	The last in-game addition has not been confirmed yet. Use "Check last in-game addition" first so nothing is added twice.	前回のゲーム内追加の結果がまだ確認されていません。重複を避けるため、先に「前回のゲーム内追加を確認」を押してください。
如果游戏已经重启过，上次的结果可能无法再核对。可以先在游戏背包里看那张绘卷在不在，再决定是否继续。	If the game has restarted since, the last result may no longer be checkable. Look for that scroll in your in-game inventory, then decide whether to continue.	ゲームを再起動している場合、前回の結果は確認できないことがあります。ゲーム内の所持品でその絵巻があるか確かめてから、続けるか決めてください。
已不再提醒上次的实时添加。继续添加前，请先在游戏背包里确认上次那张是否已经加进去，避免重复。	The reminder for the last in-game addition is dismissed. Before adding again, check your in-game inventory for that scroll so nothing is added twice.	前回のゲーム内追加の確認を解除しました。重複を避けるため、追加の前にゲーム内の所持品で前回の絵巻があるか確認してください。
不再核对，继续添加	Stop checking and continue	確認をやめて続行
反馈问题	Report a problem	問題を報告
遇到问题时点这里，会生成一个反馈文件（包含版本信息和最近的操作记录，不含存档内容）。	Creates one feedback file with the app version and recent activity log (no save data).	アプリのバージョンと最近の操作記録を含むフィードバックファイルを作成します（セーブデータは含みません）。
技术详情	Technical details	技術的な詳細
导出反馈文件	Export feedback file	フィードバックファイルを書き出す
反馈文件没有导出成功，请在“设置”里再试一次。	The feedback file could not be exported. Try again from Settings.	フィードバックファイルを書き出せませんでした。設定からもう一度お試しください。
反馈文件已保存，所在文件夹已经打开。把这个文件和出问题前的操作步骤一起发到 QQ 群或 GitHub 即可。	The feedback file is saved and its folder is open. Send it to the QQ group or GitHub together with the steps that led to the problem.	フィードバックファイルを保存し、そのフォルダーを開きました。問題が起きるまでの操作手順と一緒に QQ グループまたは GitHub に送ってください。
操作没有完成。	The operation did not finish.	操作は完了しませんでした。
错误代码：	Error code: 	エラーコード：
涉及写入时，请先核对结果再重试；反复出现请导出反馈文件发给开发者。	If it involved a write, check the result before retrying; if it keeps happening, export a feedback file and send it to the developer.	書き込みを伴う場合は結果を確認してから再試行してください。繰り返し発生する場合はフィードバックファイルを書き出して開発者に送ってください。
所选的	The selected effects	選択した
所选词条中有	Among the selected effects,	選択した効果のうち
个词条	effects	件の効果が
在游戏里属于同一类词条，一张绘卷上这一类最多只有	belong to the same in-game effect category, and one scroll holds at most	はゲーム内で同じ分類の効果で、1枚の絵巻にはこの分類が最大
个，所以它们不可能同时出现。请去掉其中	of them, so they can never appear together. Remove	個までのため、同時に出現することはありません。そのうち
个再搜索。	of them and search again.	個を外して再検索してください。
在游戏里互相冲突，不会出现在同一张绘卷上。请去掉其中一个再搜索。	conflict in game and never appear on the same scroll. Remove one of them and search again.	はゲーム内で互いに競合し、同じ絵巻には出現しません。どちらかを外して再検索してください。
选的副词条太多了：这种绘卷最多只有	Too many secondary effects: this kind of scroll has at most	副効果が多すぎます。この種類の絵巻の通常副効果枠は最大
个普通副词条位置。请减少副词条再搜索。	ordinary secondary slots. Select fewer secondary effects and search again.	個です。副効果を減らして再検索してください。
不会出现在当前周目和稀有度的绘卷上。请换一个周目或稀有度，或去掉这个词条。	cannot appear on scrolls of the current playthrough and rarity. Change the playthrough or rarity, or remove this effect.	は現在の周回とレアリティの絵巻には出現しません。周回かレアリティを変えるか、この効果を外してください。
R5 绘卷只有一个深层词条位置，所以	An R5 scroll has a single deep slot, so	R5 の絵巻には深層枠が1つしかないため、
最多只能同时出现一个。请只保留其中一个再搜索。	can appear at most one at a time. Keep only one of them and search again.	は同時に1つまでしか出現しません。1つだけ残して再検索してください。
这个词条组合在游戏里不可能出现，请调整筛选条件后再搜索。	This effect combination can never appear in game. Adjust the conditions and search again.	この効果の組み合わせはゲーム内で出現しません。条件を調整して再検索してください。
知道了	Got it	了解
当前条件组合不可能出现，请先按上方提示调整	This condition combination can never appear; adjust it as the hint above says	この条件の組み合わせは出現しません。上の案内に従って調整してください
存档里没有足够的空绘卷栏位（最多 400 张），本次没有写入。请先在游戏里处理掉一些绘卷再添加。	The save has too few empty scroll slots (400 at most), so nothing was written. Dispose of some scrolls in game first.	空いている絵巻枠が足りません（最大 400 枚）。書き込みは行っていません。先にゲーム内で絵巻を減らしてください。
目标绘卷栏位已被占用（存档可能刚被游戏修改），已拒绝写入。请点“重新读取”后再试。	The target scroll slot is already taken (the game may have just changed the save), so nothing was written. Use "Reload" and try again.	対象の絵巻枠がすでに使われています（ゲームがセーブを変更した可能性があります）。書き込みを中止しました。「再読み込み」してから再試行してください。
这个存档里可分配给新绘卷的编号已经用尽，无法再添加，存档没有被修改。	This save has no identifiers left for new scrolls, so nothing can be added. The save was not changed.	このセーブには新しい絵巻に割り当てる番号が残っていません。追加できず、セーブは変更されていません。
准备期间游戏存档发生了变化（游戏可能刚保存过），本次没有写入。请点“重新读取”后再试。	The save changed while this was being prepared (the game may have just saved), so nothing was written. Use "Reload" and try again.	準備中にセーブが変わりました（ゲームがセーブした可能性があります）。書き込みは行っていません。「再読み込み」してから再試行してください。
存档里没有可作为模板的同周目绘卷（至少需要一张现有绘卷），本次没有写入。	The save has no scroll of this playthrough to use as a template (at least one is needed), so nothing was written.	テンプレートにできる同じ周回の絵巻がセーブにありません（1枚以上必要です）。書き込みは行っていません。
无法从这个路径识别存档。请用“手动定位”选择 Savedata\<数字账号>\SAVEDATAxx\SAVEDATA.BIN。	This path is not a recognizable save. Use "Browse…" to pick Savedata\<numeric account>\SAVEDATAxx\SAVEDATA.BIN.	このパスからセーブを識別できません。「手動で指定」で Savedata\<数字のアカウント>\SAVEDATAxx\SAVEDATA.BIN を選んでください。
这个文件不是《仁王3》的角色存档，或者存档版本不受支持。存档没有被修改。	This file is not a Nioh 3 character save, or its version is not supported. The save was not changed.	このファイルは『仁王3』のキャラクターセーブではないか、未対応のバージョンです。セーブは変更されていません。
这个备份属于其他账号或其他存档栏位，不能恢复到当前存档。	This backup belongs to another account or save slot and cannot be restored here.	このバックアップは別のアカウントまたはセーブ枠のものなので、ここには復元できません。
备份文件校验失败（文件可能被改动或损坏），已停止恢复，当前存档没有被修改。	The backup failed its integrity check (it may be altered or damaged). Restore stopped and the current save was not changed.	バックアップの検証に失敗しました（改変または破損の可能性があります）。復元を中止し、現在のセーブは変更されていません。
检测到同时运行了多个《仁王3》，请只保留一个再试。	More than one Nioh 3 is running. Keep only one and try again.	『仁王3』が複数起動しています。1つだけにしてから再試行してください。
系统拒绝访问游戏进程，可能是游戏与工具的权限级别不同。如果游戏以管理员身份运行，请以管理员身份重新启动本工具；也可以关闭游戏的“以管理员身份运行”设置，再重新启动游戏和本工具，然后重试读取。	Windows denied access to the game process. The game and tool may have different privilege levels. If the game runs as administrator, restart this tool as administrator; alternatively, disable the game's “Run as administrator” setting, restart both the game and tool, then retry reading.	ゲームプロセスへのアクセスが拒否されました。ゲームとツールの権限レベルが異なる可能性があります。ゲームを管理者として実行している場合は、このツールも管理者として再起動してください。または、ゲームの「管理者として実行」設定を解除し、ゲームとツールの両方を再起動してから、読み取りを再試行してください。
游戏还没有完全启动，请进入角色存档后再试。	The game has not finished starting. Load your character and try again.	ゲームの起動がまだ完了していません。キャラクターをロードしてから再試行してください。
所选词条在游戏里无法组成一张合法的绘卷（无论哪个作为主词条，生成到一半都会冲突或无词条可抽）。请调整词条后再搜索。	The selected effects cannot form a legal scroll in the game (whichever one is the primary, generation runs into a conflict or an empty pool). Adjust the effects and search again.	選択した効果ではゲーム内で正しい絵巻を構成できません（どれを主効果にしても、生成の途中で競合するか抽選できる効果がなくなります）。効果を調整してから検索してください。
所选恩宠不会出现在这种绘卷上。请换一个恩宠或稀有度后再搜索。	The selected Grace never appears on this kind of scroll. Pick another Grace or rarity and search again.	選択した恩寵はこの種類の絵巻には出現しません。別の恩寵またはレア度を選んでから検索してください。
选择的特殊规则太多了（最多 32 条）。请减少特殊规则后再搜索。	Too many special rules are selected (32 at most). Select fewer and search again.	特殊ルールの選択が多すぎます（最大 32 件）。減らしてから検索してください。
没有可用的显卡搜索加速，已停止搜索。请更新显卡驱动后重试；也可以在“设置”里打开“允许使用 CPU 搜索”（会慢很多）。	No GPU search acceleration is available, so the search stopped. Update your graphics driver and retry, or turn on "Allow CPU search" in Settings (much slower).	GPU による検索高速化が利用できないため、検索を中止しました。グラフィックドライバーを更新して再試行するか、「設定」で「CPU 検索を許可」をオンにしてください（大幅に遅くなります）。
游戏里的同一处代码已被其他程序（例如 Cheat Engine 脚本）修改，本工具不会覆盖它。请先关闭相关脚本或重启游戏再试。	Another program (such as a Cheat Engine script) has changed the same game code, and this tool will not overwrite it. Disable that script or restart the game, then try again.	別のプログラム（Cheat Engine のスクリプトなど）がゲームの同じ箇所を変更しているため、このツールは上書きしません。そのスクリプトを無効にするかゲームを再起動してから再試行してください。
无法确认临时修改已经撤销。为安全起见，请直接退出游戏；重启游戏后临时修改会自然消失。	The temporary change could not be confirmed as removed. To be safe, quit the game; it disappears when the game restarts.	一時的な変更が解除されたことを確認できません。安全のためゲームを終了してください。ゲームを再起動すれば変更は消えます。
临时修改已经停止。	The temporary change has already stopped.	一時的な変更はすでに停止しています。
游戏还没有加载好角色。请进入角色存档、能自由行动后再试。	The game has not loaded your character yet. Load your character and try again once you can move freely.	ゲームがまだキャラクターを読み込んでいません。キャラクターをロードし、自由に動けるようになってから再試行してください。
这张绘卷已不在当前背包里（可能已被使用或丢弃）。请重新读取后再试。	This scroll is no longer in the current inventory (it may have been used or discarded). Reload and try again.	この絵巻は現在の所持品にありません（使用または破棄された可能性があります）。再読み込みしてから再試行してください。
游戏里的绘卷状态已经变化。请重新读取后再试。	The scroll's state in the game has changed. Reload and try again.	ゲーム内の絵巻の状態が変わりました。再読み込みしてから再試行してください。
这是旧版本工具创建的备份，缺少身份清单，不能自动恢复。当前存档没有被修改。	This backup was made by an older version and has no identity manifest, so it cannot be restored automatically. The current save was not changed.	このバックアップは旧バージョンで作成され、識別用のマニフェストがないため自動復元できません。現在のセーブは変更されていません。
这个备份的存档结构版本与当前程序不一致，不能恢复。当前存档没有被修改。	This backup's save layout version differs from this program, so it cannot be restored. The current save was not changed.	このバックアップのセーブ構造のバージョンが本プログラムと一致しないため、復元できません。現在のセーブは変更されていません。
备份文件不完整（缺少文件），不能恢复。当前存档没有被修改。	The backup is incomplete (files are missing), so it cannot be restored. The current save was not changed.	バックアップが不完全（ファイルが不足）なため、復元できません。現在のセーブは変更されていません。
备份清单格式无效，不能恢复。当前存档没有被修改。	The backup manifest is invalid, so it cannot be restored. The current save was not changed.	バックアップのマニフェストが無効なため、復元できません。現在のセーブは変更されていません。
所选备份在准备恢复后又发生了变化，已停止恢复。请重新选择备份。	The selected backup changed after the restore was prepared, so the restore stopped. Select the backup again.	復元の準備後に選択したバックアップが変更されたため、復元を中止しました。バックアップを選び直してください。
拒绝操作不在本工具备份目录里的备份。	Refused: that backup is not inside this tool's backup folder.	このツールのバックアップフォルダーにないバックアップは操作できません。
已取消删除备份。	Backup deletion was cancelled.	バックアップの削除をキャンセルしました。
Windows 拒绝把备份移入回收站，备份没有被删除。	Windows refused to move the backup to the Recycle Bin, so it was not deleted.	Windows がバックアップのごみ箱への移動を拒否したため、削除されていません。
后台组件没有响应或意外退出。如果刚才在写入，请先核对结果再重试；请重启本工具，反复出现请导出反馈文件发给开发者。	A background component stopped responding or exited unexpectedly. If you were writing, check the result before retrying. Restart this tool; if it keeps happening, export a feedback file and send it to the developer.	バックグラウンドの処理が応答しないか、予期せず終了しました。書き込み中だった場合は結果を確認してから再試行してください。ツールを再起動し、繰り返し発生する場合はフィードバックファイルを書き出して開発者に送ってください。
更新文件没有通过校验，已停止更新，当前版本不受影响。请稍后重试，或到 GitHub 手动下载新版本。	The update failed verification, so it stopped; the current version is unaffected. Retry later or download the new version from GitHub.	更新ファイルの検証に失敗したため、更新を中止しました。現在のバージョンには影響ありません。後で再試行するか、GitHub から新しいバージョンをダウンロードしてください。
没有找到《仁王3》的游戏程序，无法确认游戏版本。请确认游戏已安装，然后重启本工具。	Nioh 3's game program was not found, so the game version cannot be confirmed. Make sure the game is installed, then restart this tool.	『仁王3』のゲームプログラムが見つからないため、ゲームのバージョンを確認できません。ゲームがインストールされていることを確認し、ツールを再起動してください。
找到了多个《仁王3》游戏程序，无法确定使用哪一个。请只保留一个安装后重启本工具。	More than one Nioh 3 game program was found, so the tool cannot tell which to use. Keep one installation and restart this tool.	『仁王3』のゲームプログラムが複数見つかったため、どれを使うか判断できません。インストールを 1 つだけにしてからツールを再起動してください。
无法读取《仁王3》游戏程序的版本信息。请确认游戏文件完整（可在 Steam 里验证游戏文件），然后重启本工具。	The version of Nioh 3's game program cannot be read. Make sure the game files are intact (Steam can verify them), then restart this tool.	『仁王3』のゲームプログラムのバージョン情報を読み取れません。ゲームファイルが正常か確認し（Steam で整合性を確認できます）、ツールを再起動してください。
临时修改已更新为当前内容。停止修改后重新打开绘卷，或退出游戏即可恢复。	The temporary change now uses the current content. Stop it and reopen the scroll, or quit the game, to restore the original.	一時的な変更を現在の内容に更新しました。停止して絵巻を開き直すか、ゲームを終了すると元に戻ります。
上一次的临时修改还在生效，或游戏里还有调用没完成。请先点“停止临时修改”，稍等片刻再试。	The previous temporary change is still active, or the game is still finishing a call. Use "Stop temporary changes" first, wait a moment, and try again.	前回の一時的な変更がまだ有効か、ゲーム内の呼び出しが完了していません。先に「一時変更を停止」を押し、少し待ってから再試行してください。
增益效果	Buff	強化効果
异常状态	Ailment	状態異常
装备浏览	Equipment browser	装備ブラウザ
装备	Equipment	装備
刷新	Refresh	更新
加载装备	Load equipment	装備を読み込む
本地名称目录（可选）	Local name catalog (optional)	ローカル名カタログ（任意）
声明版本	Declared version	申告バージョン
名称语言	Name language	名前の言語
选择 items_little_endian.json	Select items_little_endian.json	items_little_endian.json を選択
移除本地目录	Remove local catalog	ローカルカタログを削除
仅读取你选择的 items_little_endian.json（上限 2 MiB）；不读取路径、不写入游戏或存档。	Reads only the selected items_little_endian.json (2 MiB limit); no path access and no game or save writes.	選択した items_little_endian.json のみを読み取ります（上限 2 MiB）。パスにはアクセスせず、ゲームやセーブにも書き込みません。
名称来源：	Name source:	名前の出典：
· 声明版本	· Declared version	· 申告バージョン
个可显示名称。仅名称显示，不代表游戏兼容性或合法性。	displayable names. Names only; this does not establish game compatibility or legitimacy.	件の表示可能な名前。名前表示のみで、ゲーム互換性や正当性を示すものではありません。
本地名称目录已加载。	Local name catalog loaded.	ローカル名カタログを読み込みました。
本地名称目录已加载，但浏览器存储不可用；本次会话仍可使用。	Local name catalog loaded, but browser storage was unavailable; it remains available for this session.	ローカル名カタログを読み込みましたが、ブラウザー保存領域を利用できません。今回のセッションでは使用できます。
本地名称目录已移除。仅名称显示已恢复为数字 ID。	Local name catalog removed. Names are shown as numeric IDs again.	ローカル名カタログを削除しました。名前は数字ID表示に戻ります。
导入失败：	Import failed:	インポートに失敗しました：
本地目录只为精确匹配的物品 ID 提供名称；未匹配项仍显示十六进制 ID。	The local catalog names only exact item-ID matches; unmatched items still show their hexadecimal IDs.	ローカルカタログはアイテムIDの完全一致だけに名前を付け、一致しない項目は16進IDで表示します。
本页搜索（名称或十六进制 ID）	Search this page (name or hex ID)	このページ内を検索（名前または16進ID）
例如 0xF6E8	e.g. 0xF6E8	例: 0xF6E8
只读实验功能：读取运行中的游戏内存，不写入存档。	Read-only experimental view of running game memory; nothing is written.	読み取り専用の実験機能：実行中のゲームメモリを読み取るだけで、書き込みは行いません。
读取失败：	Read failed:	読み取りに失敗しました：
游戏会话或槽位范围已变化，请点击加载装备按钮重新加载装备。	The game session or slot range changed; select Load equipment to read it again.	ゲームセッションまたはスロット範囲が変わりました。「装備を読み込む」を選んで再読み込みしてください。
正在读取…	Reading...	読み込み中...
已加载	Loaded	読み込み済み
尚未加载。请点击加载装备按钮读取当前背包。	Nothing loaded yet. Select Load equipment to read the current bag.	未読み込みです。「装備を読み込む」を選ぶと現在の袋を読み取ります。
游戏版本	Game version	ゲームバージョン
观测时间	Observed at	観測時刻
原始槽位总数	Raw slot count	生スロット総数
本页行数	Rows on this page	このページの行数
一致性	Consistency	一貫性
二次读取一致	Re-read equal	再読み取り一致
只读	Read-only	読み取り専用
是	Yes	はい
上一页	Previous page	前のページ
槽位范围	Slot range	スロット範囲
下一页	Next page	次のページ
槽位	Slot	スロット
物品 ID	Item ID	アイテムID
等级（原始）	Level (raw)	レベル（生値）
强化（原始）	Upgrade (raw)	強化（生値）
数量（原始）	Quantity (raw)	個数（生値）
稀有度（原始）	Rarity (raw)	レア度（生値）
记录摘要	Record digest	レコード要約
未知物品	Unknown item	不明なアイテム
本页没有匹配的行。	No rows on this page match the search.	検索に一致する行はこのページにありません。
本页没有可显示的槽位。	No slots to show on this page.	このページに表示できるスロットはありません。
原始字段	Raw fields	生のフィールド
词条槽位	Effect slots	効果スロット
原始值	Raw value	生値
选择一行查看原始字段。	Select a row to inspect its raw fields.	行を選ぶと生のフィールドを表示します。
物品名称尚未收录，暂以十六进制 ID 显示。	Item names are not catalogued yet, so the hex ID is shown.	アイテム名は未収録のため、16進IDを表示します。
名称未收录	Name unavailable	名前未収録
以下数值为内存原始值，未按游戏内显示换算。	These values are raw memory values, not converted to the in-game display.	以下の値はメモリ上の生値で、ゲーム内表示への換算はしていません。
槽位序号为读取到的原始槽位，不代表玩家背包已占用数量或认证容量。	The slot index is the raw slot read from memory; it is not the player's occupied count or a certified capacity.	スロット番号は読み取った生のスロットで、プレイヤーの使用数や認定容量ではありません。
绘卷生成核对（实验）	Scroll generation check (experimental)	絵巻生成チェック（実験）
仅支持当前版本 NG3 R3/R4 已实现的字段投影。	Only the implemented field projection for the current NG3 R3/R4 version is supported.	現バージョン NG3 R3/R4 で実装済みのフィールド投影のみ対応します。
匹配不代表完整规则判定，且不会修改存档。	A match is diagnostic only; it is not a complete rule verdict, and the save is not modified.	一致は診断情報であり、完全なルール判定を意味しません。セーブは変更しません。
生成核对	Generation check	生成チェック
正在核对…	Checking…	照合中…
重新读取存档后重试。	Refresh the save and try again.	セーブを再読み込みしてから再試行してください。
尚未加载存档。	No save snapshot loaded.	セーブスナップショット未読み込み。
未提供	Not provided	提供なし
否	No	いいえ
不支持	Unsupported	非対応
生成核对匹配	Generation check matched	生成チェック一致
生成核对未匹配	Generation check did not match	生成チェック不一致
匹配	Matched	一致
未匹配	Not matched	不一致
种子	Seed	シード
记录类型	Record type	レコード種別
重放阶段	Replay phase	リプレイ段階
原因：	Reasons:	理由：
比对字段：	Compared fields:	比較フィールド：
阶段结果	Phase results	段階結果
状态：	Status:	状態：
范围：	Scope:	範囲：
存档：	Save:	セーブ：
快照：	Snapshot:	スナップショット：
源摘要：	Source digest:	ソースダイジェスト：
上下文证据	Context proof	コンテキスト証拠
正常取得条件尚未验证	Normal acquisition conditions are not verified	通常取得条件は未検証です
记录类型暂不支持	Record type is not supported	レコード種別は未対応です
周目暂不支持	Playthrough is not supported	周回は未対応です
稀有度暂不支持	Rarity is not supported	レア度は未対応です
游戏文件版本不支持	Game file version is not supported	ゲームファイルバージョンは未対応です
当前上下文不是生产环境	The current context is not production-authoritative	現在のコンテキストは本番権限ではありません
缺少重放所需上下文	Replay context is unavailable	リプレイ用コンテキストがありません
重放匹配	Replay matched	リプレイ一致
重放不匹配	Replay mismatch	リプレイ不一致
重放错误：	Replay error:	リプレイエラー：
原始原因代码	Raw reason codes	生の理由コード
用于核对 PC v2.02 三周目 R3/R4 绘卷词条是否与当前生成器一致。	Checks whether PC v2.02 NG+2 R3/R4 scroll effects match the current generator.	PC v2.02の3周目R3/R4絵巻効果が現在の生成器と一致するかを確認します。
技术范围与摘要	Technical scope and digest	技術範囲とダイジェスト
技术记录字段	Technical record fields	技術レコードフィールド
（空）	(empty)	（空き）
请输入有效的数值。	Enter a valid number.	有効な数値を入力してください。
请输入有效的词条 ID 和数值。	Enter a valid effect ID and value.	有効な特殊効果 ID と数値を入力してください。
精华	Amrita	アムリタ
持有金钱	Gold	所持金
锻造前等级	Level before forging	鍛造前レベル
+值	Plus	+値
爱用度	Familiarity	愛用度
已写入游戏。到神社存档即可保存到存档文件。	Written to the game. Rest at a shrine to save it to the save file.	ゲームに書き込みました。社でセーブするとセーブデータに保存されます。
没有写入：	Nothing was written: 	書き込んでいません：
写入结果不确定，请重新读取后核对：	The write result is uncertain; read again and check: 	書き込み結果が不明です。再読み込みして確認してください：
已生成修改计划。核对下方内容后点击“写入存档”。游戏必须关闭。	A change plan is ready. Review it below, then click "Write to save". The game must be closed.	変更プランを作成しました。下の内容を確認して「セーブに書き込む」を押してください。ゲームは終了している必要があります。
没有需要修改的内容。	Nothing to change.	変更する内容がありません。
请先勾选确认这是魔改修改。	First confirm that this is a modded edit.	先に改造編集であることを確認してチェックしてください。
已写入存档，并已自动备份原存档。	Written to the save. The original save was backed up first.	セーブに書き込みました。元のセーブは自動でバックアップ済みです。
写入结果不确定，请在存档管理中核对操作结果。	The write result is uncertain; check the operation result under Saves.	書き込み結果が不明です。「セーブ管理」で操作結果を確認してください。
请在桌面版中使用此功能。	Use this feature in the desktop app.	この機能はデスクトップ版で使用してください。
游戏内实时修改	Edit the running game	ゲーム内でリアルタイム編集
修改存档文件	Edit the save file	セーブファイルを編集
直接修改正在运行的游戏，需要先读档进入游戏。修改后到神社存档即可保存。	Changes the running game directly; load your character first. Rest at a shrine afterwards to save.	起動中のゲームを直接変更します。先にセーブをロードしてください。変更後は社でセーブすると保存されます。
修改存档文件，写入时让游戏停在标题界面即可，无需关闭。写入前会自动备份原存档。	Edits the save file; leaving the game at the title screen is enough. It does not need to be closed. The original save is backed up first.	セーブファイルを変更します。ゲームは終了せず、タイトル画面に置いたままでかまいません。書き込み前に元のセーブを自動でバックアップします。
读取角色	Read character	キャラクターを読み込む
货币	Currency	通貨
修改货币	Change currency	通貨を変更
搜索	Search	検索
物品 ID、名称或词条	Item ID, name or effect	アイテム ID、名前または特殊効果
物品	Item	アイテム
编辑装备	Edit equipment	装備を編集
当前	Current	現在
留空表示空槽	Leave blank for an empty slot	空欄で空きスロット
原始数值按游戏内部单位填写，例如百分比词条 15 表示 1.5%。	Raw values use the game's internal units; for a percentage effect, 15 means 1.5%.	生の数値はゲーム内部の単位で入力します。たとえば割合の特殊効果では 15 が 1.5% です。
我了解这是魔改修改：结果不受游戏生成规则约束，可能无法自然获得。	I understand this is a modded edit: the result is not bound by the game's generation rules and may not be obtainable naturally.	これは改造編集であり、結果はゲームの生成ルールに従わず、自然には入手できない可能性があることを理解しています。
修改装备	Change equipment	装備を変更
修改计划	Change plan	変更プラン
写入存档	Write to save	セーブに書き込む
放弃	Discard	破棄
角色与装备	Character & equipment	キャラクターと装備
武器	Weapon	武器
头部	Head	頭
躯干	Body	胴
手部	Arms	腕
腰部	Waist	腰
腿部	Legs	脚
饰品	Accessory	装飾品
魂核	Soul core	魂代
其他	Other	その他
类别	Type	種類
没有检测到正在运行的仁王3。请先启动游戏并读档进入角色。	Nioh 3 is not running. Start the game and load your character first.	仁王3が起動していません。ゲームを起動してキャラクターをロードしてください。
游戏里还没有读档进入角色。请读档后再试。	No character is loaded in the game yet. Load your save and try again.	ゲームでまだキャラクターがロードされていません。ロードしてから再試行してください。
当前游戏版本的角色数据位置与本工具不一致，已停止读取，游戏没有被改动。	The character data of this game version is not where this tool expects it, so reading stopped. The game was not changed.	このゲームバージョンのキャラクターデータの位置が本ツールと一致しないため、読み込みを中止しました。ゲームは変更されていません。
游戏里的数值刚好在变化（例如正在拾取物品）。请在游戏里停下来后重新读取，再修改。	A value was changing in the game (for example while picking up items). Stand still in the game, read again, then edit.	ゲーム内の数値が変化中でした（アイテムを拾っているときなど）。ゲーム内で動きを止めてから再読み込みし、編集してください。
游戏已经重启过。请重新读取角色后再修改。	The game has restarted. Read the character again before editing.	ゲームが再起動されました。キャラクターを再読み込みしてから編集してください。
写入后核对不一致，结果不确定。请重新读取角色核对当前数值。	The check after writing did not match, so the result is uncertain. Read the character again to check the current values.	書き込み後の確認が一致せず、結果が不明です。キャラクターを再読み込みして現在の数値を確認してください。
实时添加绘卷还没结束，请等它完成后再修改角色。	A live scroll addition is still running. Wait for it to finish before editing the character.	絵巻のライブ追加がまだ終わっていません。完了してからキャラクターを編集してください。
存档文件刚刚发生了变化（可能是游戏存了档）。请重新读取后再修改。	The save file just changed (the game may have saved). Read it again before editing.	セーブファイルが変更されました（ゲームがセーブした可能性があります）。再読み込みしてから編集してください。
这个装备格是空的，不能修改。	This equipment slot is empty and cannot be edited.	この装備スロットは空のため編集できません。
物品不在当前版本的物品表中	Item is not in this game version's item table	このバージョンのアイテム表にないアイテム
稀有度超出自然范围	Rarity is outside the natural range	レア度が自然な範囲外
词条数量与该稀有度不符	Effect count does not match the rarity	効果の数がレア度と一致しない
词条 ID 不存在	Effect ID does not exist	効果IDが存在しない
固有词条不是该物品自带的	Innate effect is not this item's own	固有効果がこのアイテム本来のものではない
套装效果不是该物品自带的	Set effect is not this item's own	セット効果がこのアイテム本来のものではない
该位置应为恩宠效果	This slot should hold a grace	この位置は恩寵であるべき
该词条不会出现在这类装备上	This effect never appears on this kind of equipment	この種類の装備には出ない効果
地狱词条只能出现在地狱武器第一条	Crucible effects only appear first on Crucible weapons	地獄効果は地獄武器の先頭にのみ出る
地狱武器第一条应为地狱词条	A Crucible weapon's first effect should be a Crucible effect	地獄武器の先頭は地獄効果であるべき
该物品不能成为地狱武器	This item cannot become a Crucible weapon	このアイテムは地獄武器にならない
星号词条需要更高稀有度	Star effects need a higher rarity	★効果にはより高いレア度が必要
星号词条超过一条	More than one star effect	★効果が2つ以上
星号标记与词条不一致	Star marker does not match the effect	★マークが効果と一致しない
与另一条词条互斥	Conflicts with another effect	他の効果と排他
数值不是自然生成能出现的值	Value cannot occur naturally	自然には出ない数値
分位超出该稀有度范围	Roll is outside this rarity's range	ロールがこのレア度の範囲外
地狱武技不属于该武器	These Crucible Arts do not belong to this weapon	地獄武技がこの武器のものではない
该词条不会自然出现在这个位置	This effect never appears naturally in this slot	この位置には自然に出ない効果
输入名称或 ID 筛选	Type a name or ID to filter	名前またはIDで絞り込み
没有匹配的词条	No matching effect	一致する効果なし
当前修改不符合自然规则。如需保留，请切换到“魔改”。	This edit breaks natural generation rules. Switch to Modded to keep it.	この変更は自然生成の規則に合いません。残す場合は「改造」に切り替えてください。
修改精华	Change Amrita	アムリタを変更
修改金钱	Change gold	お金を変更
大类	Category	大分類
中类	Group	中分類
小类	Type	小分類
自然	Natural	自然
规则未载入	Rules not loaded	規則が未読み込み
非自然	Unnatural	非自然
合法修改	Legal edit	合法な変更
魔改	Modded	改造
魔改：任何词条、任何数值都可以填写，不受游戏生成规则约束，结果可能无法自然获得。	Modded: any effect and any value are allowed. The result ignores the game's generation rules and may be unobtainable.	改造：どの効果・数値も入力できます。ゲームの生成規則に縛られず、自然には入手できない結果になることがあります。
合法修改：每个位置只列出这件装备能自然出现的词条，数值从自然生成能出现的值中选择。	Legal edit: each slot lists only effects this item can naturally have, and values come from those natural generation can produce.	合法な変更：各位置にはこの装備に自然に出る効果だけを表示し、数値も自然生成で出る値から選びます。
位置	Slot	位置
数值	Value	数値
（前	(top	（上位
（非自然）	(unnatural)	（非自然）
全部取理论最高	Set all to the theoretical maximum	すべて理論最大にする
写入魔改	Write modded	改造を書き込む
写入	Write	書き込む
固有	Innate	固有
地狱	Crucible	地獄
随机	Random	ランダム
套装	Set	セット
原始数值按游戏内部单位填写，例如百分比词条 15 表示 1.5%。“前 X%”表示自然生成时得到这个值或更好值的概率。	Enter raw values in the game's internal units; for a percentage effect 15 means 1.5%. "Top X%" is the chance natural generation gives this value or better.	数値はゲーム内部の単位で入力します。割合の効果では 15 が 1.5% です。「上位 X%」は自然生成でこの値以上が出る確率です。
多出不该有的套装或恩宠效果	Has a set or grace it should not	余分なセット効果または恩寵がある
地狱词条只会出现在地狱武器上	Crucible effects only appear on Crucible weapons	地獄効果は地獄武器にのみ出る
地狱武器缺少地狱词条	Crucible weapon lacks its Crucible effect	地獄武器に地獄効果がない
数值高于公式（可能有额外加成）	Value above the formula (may carry a bonus)	数値が計算式より高い（追加補正の可能性）
缺少该物品自带的固有词条	Missing this item's innate effect	このアイテム固有の効果がない
缺少该物品自带的套装效果	Missing this item's set effect	このアイテムのセット効果がない
缺少恩宠效果	Missing the grace	恩寵がない
待确认	Unverified	要確認
请输入有效的词条和数值。	Enter a valid effect and value.	有効な効果と数値を入力してください。
输入名称筛选	Type a name to filter	名前で絞り込み
未收录物品	Unlisted item	未収録のアイテム
全部小类	All types	すべての小分類
搜索物品名称或词条	Search item or effect names	アイテム名・効果名で検索
判定	Verdict	判定
合法修改：每个位置只列出这件装备能自然出现的词条，数值填在合法范围内。	Legal edit: each slot lists only effects this item can naturally have; keep values inside the legal range.	合法な変更：各位置にはこの装備に自然に出る効果だけを表示します。数値は合法範囲内で入力します。
合法范围	Legal range	合法範囲
最高	Max	最大
· 前	· top	· 上位
· 非自然值	· unnatural value	· 非自然な数値
（特定对象）	(specific target)	（特定の対象）
数值按游戏内部单位填写，例如百分比词条 15 表示 1.5%。“前 X%”表示自然生成时得到这个值或更好值的概率。	Values use the game's internal units; for a percentage effect 15 means 1.5%. "Top X%" is the chance natural generation gives this value or better.	数値はゲーム内部の単位です。割合の効果では 15 が 1.5% です。「上位 X%」は自然生成でこの値以上が出る確率です。
跟随游戏内选中	Follow in-game selection	ゲーム内の選択に追従
停止跟随	Stop following	追従を停止
游戏内的持有物品菜单未打开	The in-game inventory menu is not open	ゲーム内の所持品メニューが開いていません
游戏内选中的不是装备	The in-game selection is not equipment	ゲーム内で選択中のものは装備ではありません
游戏内选中的装备不在已读取的列表中，请重新读取	The selected equipment is not in the loaded list; reload	選択中の装備は読み込んだ一覧にありません。再読み込みしてください
当前装备有未应用的修改，已暂停跟随	Following paused: this item has unapplied changes	未適用の変更があるため追従を一時停止しました
持有	Held	所持
仓库	Storage	倉庫
道具	Items	アイテム
还原	Revert	元に戻す
修改	Change	変更
持有数量	Held quantity	所持数
仓库数量	Storage quantity	倉庫の数
固定为 1	Always 1	常に 1
没有这条记录	No record	記録なし
搜索道具名称	Search items	アイテム名で検索
请输入有效的数量。	Enter a valid quantity.	有効な数量を入力してください。
游戏内选中的物品不在已读取的列表中，正在重新读取	The selected item is not in the loaded list; reloading	選択中のアイテムが一覧にないため再読み込みしています
游戏内选中的物品无法修改	The in-game selection cannot be edited	ゲーム内で選択中のものは編集できません
游戏内选中的物品没有可修改的数量	The selected item has no editable quantity	選択中のアイテムには編集できる数量がありません
当前有未应用的修改，已暂停跟随	Following paused: there are unapplied changes	未適用の変更があるため追従を一時停止しました
已生成修改计划。核对右侧内容后点击“写入存档”。游戏必须关闭。	Plan ready. Review it on the right, then click “Write to save”. The game must be closed.	変更計画を作成しました。右側の内容を確認してから「セーブに書き込む」を押してください。ゲームは閉じておく必要があります。
道具区域没有通过布局校验，暂时无法读取。装备和精华不受影响。	The item area failed the layout check and cannot be read. Equipment and Amrita are unaffected.	アイテム領域がレイアウト検証に通らなかったため読み込めません。装備と精髄には影響しません。
在左侧列表中点选一件装备，这里会显示它的词条和修改选项。	Pick equipment on the left to see its effects and edit options here.	左の一覧から装備を選ぶと、ここに効果と編集項目が表示されます。
在左侧列表中点选一件道具，这里可以修改它的持有数量和仓库数量。	Pick an item on the left to change its held and storage quantities here.	左の一覧からアイテムを選ぶと、ここで所持数と倉庫の数を変更できます。
只修改已有的记录，不会新增：持有或仓库里没有这件道具时，对应一栏不能填写。游戏里各道具有自己的携带上限，超出的数量可能被游戏自动调整。	Only existing records change; nothing is added. A column is disabled when that place has no such item. Items have their own carry limits in game, and larger counts may be adjusted by the game.	既存の記録だけを変更し、新規追加はしません。所持または倉庫にそのアイテムがない場合、その欄は入力できません。アイテムごとに所持上限があり、超えた数はゲームが調整する場合があります。
自动发动（削气符）	Auto Trigger (Item 0x3011)	自動発動（アイテム 0x3011）
页码	Page	ページ
页		ページ
地狱武器	Crucible weapon	地獄武器
地狱武技	Crucible Arts	地獄武技
地狱武器：	Crucible weapon: 	地獄武器：
地狱武技：	Crucible Arts: 	地獄武技：
这件装备不会自然成为地狱武器	This equipment never becomes a Crucible weapon naturally	この装備は自然には地獄武器になりません
这个地狱武技不会出现在这类武器上	These Crucible Arts do not occur on this weapon type	この地獄武技はこの武器種には出現しません
切换后第一个位置变为地狱词条，请在下方选择。	The first slot becomes the Crucible effect; choose it below.	最初の枠が地獄効果になります。下で選択してください。
这件装备不会自然成为地狱武器，只能在魔改模式下切换。	This equipment never becomes a Crucible weapon naturally; switch it only in modded mode.	この装備は自然には地獄武器にならないため、改造モードでのみ切り替えられます。
（不会自然出现）	 (never occurs naturally)	（自然には出現しません）
防具	Armor	防具
书籍与指南	Books and guides	書物と指南
数量：	Quantity: 	数量：
数量	Quantity	数量
未识别阴阳术	Unidentified onmyo magic	未識別の陰陽術
这个绘卷 ID 不是游戏能生成的：ID 的低 4 位十六进制不能全为 0，也不能大于 0x0FFFFFFF。	The game cannot generate this scroll ID: its low four hex digits cannot all be 0, and it cannot exceed 0x0FFFFFFF.	この絵巻 ID はゲームで生成されません。ID の下位 4 桁（16 進）がすべて 0 であってはならず、0x0FFFFFFF を超えてもいけません。
其他武技	Other skill	その他の武技
词条被替换过，游戏自己生成不会留下这种痕迹	The effect was replaced; the game never leaves this trace itself	効果が差し替えられています。ゲーム自身はこの痕跡を残しません
词条被替换过（槽位里还留着原词条「	The effect was replaced (the slot still carries the mark of the original effect “	効果が差し替えられています（枠に元の効果「
」的标记），游戏自己生成不会这样	”); the game never does this itself	」の印が残っています）。ゲーム自身はこうなりません
与 #	and #	と #
互斥，游戏不会同时生成这两条	exclude each other; the game never generates both	は排他です。ゲームは両方を同時に生成しません
未确认的写入	Unconfirmed write	未確認の書き込み
有一次写入没有记录结果。	A write did not record its outcome.	書き込みの結果が記録されていません。
写入时工具可能被关闭或崩溃了。为避免在不确定的存档上继续修改，这个存档暂时锁定。	The app may have been closed or crashed while writing. To avoid editing a save in an unknown state, this save is locked for now.	書き込み中にアプリが終了またはクラッシュした可能性があります。状態が不明なセーブをさらに編集しないよう、このセーブは一時的にロックされています。
先点“核对上次写入结果”，工具会对比存档内容自动判断。	First click "Check last write"; the app compares the save contents to decide automatically.	まず「前回の書き込みを確認」を押してください。セーブの内容を比較して自動で判定します。
仍无法判断时，进游戏检查这个存档（绘卷、装备等是否正常），没问题就点“我已检查，继续使用”。	If it still cannot tell, check this save in game (scrolls, equipment and so on). If it looks right, click "I checked it, continue".	それでも判定できない場合は、ゲーム内でこのセーブ（絵巻や装備など）を確認し、問題なければ「確認済み、続ける」を押してください。
我已检查，继续使用	I checked it, continue	確認済み、続ける
（范围	(range	（範囲
范围	Range	範囲
已确认：上次写入已经成功写入存档，存档已解锁。	Confirmed: the last write reached the save. The save is unlocked.	確認しました：前回の書き込みはセーブに反映されています。セーブのロックを解除しました。
已确认：上次写入没有写进存档，存档保持原样，已解锁。	Confirmed: the last write did not reach the save, which is unchanged. The save is unlocked.	確認しました：前回の書き込みはセーブに反映されておらず、セーブは元のままです。ロックを解除しました。
已记录你的确认，存档已解锁。	Your confirmation is recorded. The save is unlocked.	確認を記録しました。セーブのロックを解除しました。
仍无法自动判断。请进游戏检查这个存档，没问题就点“我已检查，继续使用”。	Still cannot tell automatically. Check this save in game, and if it looks right, click "I checked it, continue".	まだ自動で判定できません。ゲーム内でこのセーブを確認し、問題なければ「確認済み、続ける」を押してください。
这是星号词条，但游戏里不显示星号：游戏洗魂核词条时不会更新星号标记（游戏自身的 bug），这是正常结果。	This is a star effect, but the game shows no star: re-rolling a soul core never updates the star marker (a bug in the game), so this is expected.	これは★効果ですが、ゲームでは★が表示されません。魂代の効果を再抽選しても★の印は更新されないため（ゲーム側の不具合）、正常な結果です。
这不是星号词条，但游戏里仍显示星号：游戏洗魂核词条时不会去掉原来的星号标记（游戏自身的 bug），这是正常结果。	This is not a star effect, but the game still shows a star: re-rolling a soul core keeps the old star marker (a bug in the game), so this is expected.	これは★効果ではありませんが、ゲームでは★が表示されたままです。魂代の効果を再抽選しても元の★の印は消えないため（ゲーム側の不具合）、正常な結果です。
星号标记超过一个，游戏不会生成这样的装备	More than one star marker; the game never produces such equipment	★の印が2つ以上あります。ゲームはこのような装備を生成しません
已从游戏中移除。在游戏里切换一下菜单页即可看到它消失；到神社存档即可保存到存档文件。	Removed from the game. Switch the in-game menu page once to see it gone; save at a shrine to keep it in the save file.	ゲームから削除しました。ゲーム内でメニューのページを一度切り替えると消えたことを確認できます。社でセーブするとセーブファイルに保存されます。
这件装备正在装备中，请先在游戏里卸下。	This item is equipped. Unequip it in the game first.	この装備は装備中です。先にゲーム内で外してください。
这件装备正在装备中，请先在游戏里卸下	This item is equipped. Unequip it in the game first	この装備は装備中です。先にゲーム内で外してください
这件装备正在装备中，要移除请先在游戏里卸下。	This item is equipped. To remove it, unequip it in the game first.	この装備は装備中です。削除するには先にゲーム内で外してください。
移除装备	Remove equipment	装備を削除
关闭	Close	閉じる
确定要从游戏里移除「	Remove "	次の装備をゲームから削除しますか：「
）吗？	) from the game?	）
移除后它会立即从游戏的装备栏里消失，无法恢复。到神社存档后，这个改动才会写进存档文件。	It disappears from the game at once and cannot be restored. The change reaches the save file when you save at a shrine.	削除するとすぐにゲームの装備一覧から消え、元に戻せません。社でセーブすると、この変更がセーブファイルに書き込まれます。
确认移除	Remove	削除する
这件装备正在装备中，请先在游戏里卸下再移除。	This item is equipped. Unequip it in the game before removing it.	この装備は装備中です。削除する前にゲーム内で外してください。
正在装备中的物品不能移除。	Equipped items cannot be removed.	装備中のアイテムは削除できません。
全部判定	All verdicts	すべての判定
装备中	Equipped	装備中
正在装备中，不能移除	Currently equipped; cannot be removed	装備中のため削除できません
点击排序：从高到低 → 从低到高 → 游戏顺序	Click to sort: high to low → low to high → game order	クリックで並べ替え：高い順 → 低い順 → ゲーム内の順
这组必含敌人不可能同时出现：	These required enemies can never appear together: 	この必須敵の組み合わせは同時に出現しません：
低手和中手不会出现在同一张绘卷里。	Low-pool and middle-pool enemies never share a scroll.	低位と中位の敵が同じ絵巻に出ることはありません。
有低手的绘卷最多只有 1 个高手。	A scroll with low-pool enemies has at most one high-pool enemy.	低位の敵がいる絵巻では、高位の敵は最大 1 体です。
中手和高手合计最多 3 个。	At most three middle- and high-pool enemies in total.	中位と高位の敵は合計 3 体までです。
中手最多 2 个：这类绘卷里至少有 1 个高手。	At most two middle-pool enemies: such scrolls always have a high-pool enemy.	中位の敵は最大 2 体です（この種の絵巻には必ず高位の敵がいます）。
游戏里有哪些敌人组合？	Which enemy combinations exist in the game?	ゲームにはどんな敵の組み合わせがありますか？
每张绘卷的敌人只会是下面三种结构之一：	Every scroll's enemies follow one of these three layouts:	絵巻の敵は必ず次の 3 つの構成のいずれかです：
结构	Layout	構成
约占	Share	割合
敌人构成	Enemies	敵の内訳
中高手	Middle + high	中位＋高位
只有中手和高手，共 2～3 个，其中至少 1 个高手	Only middle and high pool, 2–3 in total, at least one high	中位と高位のみ、合計 2～3 体、うち高位が 1 体以上
低手 + 高手	Low + high	低位＋高位
若干低手，外加最多 1 个高手，没有中手	Several low-pool enemies plus at most one high, never middle	低位が数体、高位は最大 1 体、中位なし
纯低手	Low only	低位のみ
只有低手	Only low-pool enemies	低位の敵のみ
所以：	So:	そのため：
低手和中手不会出现在同一张绘卷里；	low and middle pool never share a scroll;	低位と中位が同じ絵巻に出ることはありません；
有低手的绘卷最多只有 1 个高手；	a scroll with low-pool enemies has at most one high;	低位がいる絵巻では高位は最大 1 体；
中手和高手合计最多 3 个（例如三个高手可以，四个不行），中手最多 2 个。	middle and high total at most three (three highs are possible, four are not), and at most two middle.	中位と高位は合計 3 体まで（高位 3 体は可、4 体は不可）、中位は最大 2 体です。
低／中／高指敌人生成池，不代表难度。必含敌人违反这些规则时会直接提示，不必等搜索跑完；符合规则也只代表“有可能”，是否真有这样的绘卷仍以搜索结果为准。任选组和常世同行追加的敌人不参与这项检查。	Low/middle/high name the enemy generation pools, not difficulty. Required enemies that break these rules are flagged at once, without waiting for a search; passing only means the combination is possible, and the search still decides whether such a scroll exists. Either-group enemies and co-op additions are not checked.	低／中／高は敵の生成枠で、難易度ではありません。必須の敵がこの規則に反する場合はすぐに表示され、検索を待つ必要はありません。規則を満たしても「可能性がある」だけで、実際にその絵巻があるかは検索結果で確認してください。任意グループと常世同行で追加される敵はこの確認の対象外です。
移除 	Remove 	削除 
，并从装备栏卸下	, and unequip it	（装備から外します）
这件装备正在装备中，要移除请先在游戏里卸下；卸不下来的话，可以切换到“修改存档文件”移除。	This item is equipped; unequip it in game before removing it. If it cannot be unequipped, remove it with “Edit save file”.	この装備は装備中です。削除する前にゲーム内で外してください。外せない場合は「セーブファイルを編集」で削除できます。
确定要从存档里移除「	Remove “	セーブから「
它正在装备中，移除时会一并从装备栏卸下。	It is equipped; removing it also unequips it.	装備中のため、削除すると装備からも外れます。
点“确认移除”后会先生成修改计划；核对后点“写入存档”才会真正写入。写入前会自动备份原存档，游戏停在标题界面即可，无需关闭。	"Confirm removal" first prepares a change plan; nothing is written until you review it and select "Write save". The original save is backed up first. The game can stay open at the title screen.	「削除を確定」を押すと、まず変更計画を作成します。内容を確認して「セーブに書き込む」を選ぶまで書き込まれません。書き込み前に元のセーブを自動でバックアップします。ゲームは終了せず、タイトル画面に置いたままでかまいません。
实时添加被上一次没有正常结束的操作锁住了（例如添加时程序被强制关闭）。请点下面的“重置实时添加状态”，然后重新操作一次。	Live addition is locked by an earlier operation that did not finish (for example, the app was force-closed while adding). Click "Reset live addition state" below, then try again.	前回正常に終了しなかった操作（追加中にアプリが強制終了された場合など）により、リアルタイム追加がロックされています。下の「リアルタイム追加の状態をリセット」を押してから、もう一度操作してください。
重置实时添加状态	Reset live addition state	リアルタイム追加の状態をリセット
已重置。请重新操作一次（例如再点“核对添加”）；如果还是出现这个提示，请导出反馈文件发给开发者。	Reset done. Try the action again (for example, click "Review addition" again). If this message appears again, export a feedback file and send it to the developer.	リセットしました。もう一度操作してください（例：「追加を確認」をもう一度押す）。それでもこのメッセージが出る場合は、フィードバックファイルを書き出して開発者に送ってください。
重置没有成功。请完全关闭本程序后重新打开再试；仍不行请导出反馈文件发给开发者。	The reset did not succeed. Close this app completely, reopen it and try again; if that does not help, export a feedback file and send it to the developer.	リセットできませんでした。本アプリを完全に終了して再度開いてからお試しください。解決しない場合はフィードバックファイルを書き出して開発者に送ってください。
还有一次实时添加正在进行。请等几秒后再点一次“重置实时添加状态”；仍不行请完全关闭本程序后重新打开，或重启电脑。	A live addition is still in progress. Wait a few seconds and click "Reset live addition state" again; if that does not help, close this app completely and reopen it, or restart the computer.	リアルタイム追加がまだ進行中です。数秒待ってからもう一度「リアルタイム追加の状態をリセット」を押してください。解決しない場合は本アプリを完全に終了して開き直すか、PCを再起動してください。
已打开数据文件夹：	Opened the data folder: 	データフォルダーを開きました：
当前数据目录：	Current data folder: 	現在のデータフォルダー：
存档刚被游戏改写，或这次的计划已经过期。请点“重新读取”，然后重新核对。	The game has just rewritten the save, or this plan has expired. Click "Reload", then review again.	ゲームがセーブを書き換えたか、この計画の期限が切れました。「再読み込み」を押してから、もう一度確認してください。
游戏里的背包刚好在变化（例如正在拾取、使用或整理物品）。请在游戏里停下来、关闭菜单，然后重新核对。	The in-game inventory was changing (for example, picking up, using or sorting items). Stand still in the game, close the menus, then review again.	ゲーム内の所持品が変化している最中でした（アイテムの拾得・使用・整理など）。ゲーム内で立ち止まってメニューを閉じてから、もう一度確認してください。
游戏里的绘卷背包没有足够的空位。请先在游戏里出售或丢弃一些绘卷，再重新核对。	The in-game scroll inventory does not have enough free slots. Sell or discard some scrolls in the game first, then review again.	ゲーム内の絵巻の所持枠が足りません。先にゲーム内で絵巻をいくつか売却または破棄してから、もう一度確認してください。
上一项游戏内操作还没有结束。请等它完成后再试；一直这样的话，请完全关闭本程序后重新打开。	The previous in-game operation has not finished. Wait for it to complete and try again; if this keeps happening, close this app completely and reopen it.	前回のゲーム内操作がまだ終わっていません。完了するまで待ってから再度お試しください。解決しない場合は本アプリを完全に終了して開き直してください。
这个候选已经失效。请重新搜索或重新生成后再添加。	This candidate is no longer valid. Search or generate again, then add it.	この候補は無効になりました。もう一度検索または生成してから追加してください。
选中的备份不属于当前存档。请先在上面选对存档，再选择它的备份。	The selected backup does not belong to the current save. Choose the right save above first, then select one of its backups.	選択したバックアップは現在のセーブのものではありません。先に上で正しいセーブを選び、そのバックアップを選択してください。
请选择角色存档文件 SAVEDATA.BIN。	Select a character save file, SAVEDATA.BIN.	キャラクターのセーブファイル SAVEDATA.BIN を選択してください。
文件正被其他程序占用（例如游戏正在存档，或云同步、杀毒软件正在读取）。请稍等片刻再试。	The file is in use by another program (for example the game is saving, or cloud sync or antivirus software is reading it). Wait a moment and try again.	ファイルが他のプログラムに使用されています（ゲームのセーブ中、クラウド同期やウイルス対策ソフトの読み取り中など）。少し待ってから再度お試しください。
没有权限读写这个文件。请检查杀毒软件是否拦截了本程序，或文件夹是否设为只读。	No permission to read or write this file. Check whether antivirus software is blocking this app, or whether the folder is read-only.	このファイルを読み書きする権限がありません。ウイルス対策ソフトが本アプリをブロックしていないか、フォルダーが読み取り専用になっていないか確認してください。
磁盘空间不足。请清理磁盘后再试。	Not enough disk space. Free up some space and try again.	ディスクの空き容量が不足しています。空き容量を確保してから再度お試しください。
找不到需要的文件。请点“重新检测”或重新选择存档后再试。	A required file could not be found. Click "Scan again" or select the save again, then retry.	必要なファイルが見つかりません。「再検出」を押すか、セーブを選び直してから再度お試しください。
程序的后台组件没有正常启动。请完全关闭本程序后重新打开；仍不行请重新下载安装。	A background component of the app did not start correctly. Close this app completely and reopen it; if that does not help, download and install it again.	アプリのバックグラウンドコンポーネントが正常に起動しませんでした。本アプリを完全に終了して開き直してください。解決しない場合は再ダウンロードしてインストールしてください。
更新没有完成，当前版本不受影响。请稍后再试，或到 GitHub 下载最新版本。	The update did not finish; the current version is not affected. Try again later, or download the latest version from GitHub.	アップデートは完了しませんでした。現在のバージョンには影響ありません。後でもう一度お試しいただくか、GitHub から最新版をダウンロードしてください。
防具或饰品	Armor or accessory	防具または装飾品
新增	New	新規
，稀有度	, rarity	、レア度
，地狱武器	, Crucible weapon	、地獄武器
，判定为自然	, audited as natural	、判定：自然
，判定为非自然	, audited as unnatural	、判定：非自然
添加装备	Add equipment	装備を追加
选择要添加的装备。之后可以设置等级、稀有度和词条；“合法修改”只列出这件装备能自然出现的词条。添加会生成修改计划，核对后写入存档，写入前自动备份。游戏必须回到标题界面或关闭。	Choose the equipment to add. You can then set its level, rarity and effects; "Legal edit" lists only effects this equipment can have naturally. Adding creates a change plan; review it, then write the save. The original save is backed up first. The game must be at the title screen or closed.	追加する装備を選んでください。その後、レベル・レア度・特殊効果を設定できます。「正規の編集」ではこの装備に自然に付く効果だけを表示します。追加すると変更計画が作成され、確認後にセーブへ書き込みます。書き込み前に元のセーブを自動でバックアップします。ゲームはタイトル画面に戻すか終了してください。
搜索装备名称，例如 八尺琼勾玉	Search equipment names, e.g. Yasakani Magatama	装備名で検索（例：八尺瓊勾玉）
没有匹配的装备	No matching equipment	一致する装備がありません
这件物品不在游戏的装备表里，不能添加。请换一件（名字相同的物品可能有多个，其中一个是书籍或关键道具）。	This item is not in the game's equipment tables and cannot be added. Pick another one (several items can share a name; one of them may be a book or key item).	このアイテムはゲームの装備テーブルにないため追加できません。別のものを選んでください（同じ名前のアイテムが複数あり、その一つは書物や重要アイテムの場合があります）。
添加（魔改）	Add (modded)	追加（改造）
换一件	Choose another	別の装備を選ぶ
新装备会放进存档里第一个空位，按游戏自己的方式分配物品编号，并带有“新”标记。点“添加到存档”后先生成修改计划，核对后点“写入存档”才会真正写入。	The new equipment goes into the save's first free slot, takes an item number the way the game assigns one, and carries the "new" marker. "Add to save" first creates a change plan; nothing is written until you review it and click "Write save".	新しい装備はセーブの最初の空き枠に入り、ゲームと同じ方法でアイテム番号が割り当てられ、「新着」マークが付きます。「セーブに追加」を押すとまず変更計画が作成され、確認後に「セーブに書き込む」を押すまで書き込まれません。
非装备掉落	Not on dropped equipment	ドロップ装備には付かない
已生成修改计划。核对右侧内容，让游戏回到标题界面后勾选确认，再点“写入存档”。	Change plan ready. Review it on the right, return the game to the title screen, check the confirmation, then select "Write save".	変更計画を作成しました。右側の内容を確認し、ゲームをタイトル画面に戻してから確認にチェックを入れ、「セーブに書き込む」を選択してください。
待添加清单最多	The waiting list holds at most	追加待ちリストは最大
件。请先写入存档，再继续添加。	items. Write the save first, then add more.	件です。先にセーブへ書き込んでから追加を続けてください。
已加入待添加清单。可以继续挑选其他装备，全部选好后点“生成修改计划”。	Added to the waiting list. Pick more equipment if you like, then click "Create change plan".	追加待ちリストに入れました。ほかの装備も選べます。選び終えたら「変更計画を作成」を押してください。
待添加清单是空的。请先在左侧选一件装备，设置好后点“加入待添加清单”。	The waiting list is empty. Pick equipment on the left, set it up, then click "Add to waiting list".	追加待ちリストは空です。左側で装備を選び、設定してから「追加待ちリストに入れる」を押してください。
（已核对：存档没有改动。）	 (Checked: the save is unchanged.)	（確認済み：セーブは変更されていません。）
写入结果暂时无法确认，请按上方黄色提示核对。	The outcome of the write cannot be confirmed yet; follow the yellow notice above to check it.	書き込み結果をまだ確認できません。上の黄色の案内に従って確認してください。
请先让游戏回到标题界面，再勾选“游戏已回到标题界面”。	Return the game to the title screen, then check "The game is at the title screen."	ゲームをタイトル画面に戻してから、「ゲームはタイトル画面です」にチェックを入れてください。
已写入存档：新增	Save written: added	セーブに書き込みました：新規
件装备，原存档已自动备份。进游戏读取这个存档即可看到（带“新”标记）；游戏如果一直开着，要回到标题界面重新读取。	items of equipment; the original save was backed up. Load this save in game to see them (marked "new"); if the game stayed open, return to the title screen and load again.	件の装備を追加し、元のセーブは自動でバックアップしました。ゲームでこのセーブを読み込むと表示されます（「新着」マーク付き）。ゲームを開いたままの場合は、タイトル画面に戻って読み込み直してください。
件	items	件
在左侧列表中点选要添加的装备。之后可以设置等级、稀有度和词条：“合法”只给出这件装备自然掉落时能出现的词条和数值（固有词条由装备决定，不能更换），得到的就是一件游戏里真正可能掉落的装备；“魔改”则可以随意填写。设置好后加入待添加清单，可以一次添加多件。	Pick the equipment to add in the list on the left. Then set its level, rarity and effects: "Legal" offers only the effects and values this equipment can drop with (its innate effects are fixed by the item), so the result is equipment the game could really drop; "Modded" accepts anything. Put it on the waiting list; several items can be added at once.	左のリストから追加する装備を選んでください。その後、レベル・レア度・特殊効果を設定できます。「正規」ではこの装備が自然にドロップするときの効果と数値だけを選べます（固有効果は装備で決まり、変更できません）。ゲームで実際にドロップしうる装備になります。「改造」は自由に入力できます。追加待ちリストに入れれば、複数件をまとめて追加できます。
待添加清单（	Waiting list (	追加待ちリスト（
合法	Legal	正規
从清单移除	Remove from the list	リストから外す
生成修改计划	Create change plan	変更計画を作成
魔改：任何词条、任何数值都可以填写，不受游戏生成规则约束，结果可能无法自然获得。同名词条后面的〔〕注明它会出现在哪类装备的哪种位置，以及它的数值（稀有度 4、等级 180 时）；“非装备掉落”表示掉落的装备上不会出现。	Modded: any effect and any value can be entered, regardless of the game's generation rules; the result may be impossible to get naturally. The brackets after same-named effects say which kind of equipment and which slot each one appears in, and its value (at rarity 4, level 180); "Not on dropped equipment" means dropped equipment never carries it.	改造：どの効果・どの数値でも入力でき、ゲームの生成ルールに縛られません。自然には入手できない結果になることがあります。同名の効果の後ろの〔〕は、どの種類の装備のどの枠に付くか、その数値（レア度 4・レベル 180 のとき）を示します。「ドロップ装備には付かない」はドロップした装備には付かないことを表します。
合法：和游戏掉落一样生成。固有词条由装备决定；其余每个位置只列出自然能出现的词条，数值在合法范围内。	Legal: generated as a game drop. Innate effects come with the item; every other slot lists only the effects that can appear naturally, with values in the legal range.	正規：ゲームのドロップと同じように生成します。固有効果は装備で決まり、ほかの各枠には自然に付く効果だけを表示し、数値は正規の範囲内です。
加入待添加清单（魔改）	Add to waiting list (modded)	追加待ちリストに入れる（改造）
加入待添加清单	Add to waiting list	追加待ちリストに入れる
新装备会放进存档里的空位，按游戏自己的方式分配物品编号，并带有“新”标记。清单里的装备会一起生成一份修改计划，核对后点“写入存档”才会真正写入。	New equipment goes into free slots of the save, takes item numbers the way the game assigns them, and carries the "new" marker. Everything on the waiting list goes into one change plan; nothing is written until you review it and click "Write save".	新しい装備はセーブの空き枠に入り、ゲームと同じ方法でアイテム番号が割り当てられ、「新着」マークが付きます。追加待ちリストの装備はまとめて一つの変更計画になり、確認して「セーブに書き込む」を押すまで書き込まれません。
游戏在读档状态下会自己保存，写入的内容会被覆盖或被拒绝。写入后进游戏重新读取这个存档即可看到。	While a save is loaded the game saves on its own, so a write would be overwritten or refused. After writing, load this save in game to see the change.	セーブを読み込んだ状態ではゲームが自動でセーブするため、書き込んだ内容が上書きされたり拒否されたりします。書き込んだ後、ゲームでこのセーブを読み込み直すと反映されます。
功能	Features	機能
修改已有物品	Edit what you have	所持品を編集
装备的词条与数值、道具数量、精华与金钱	Equipment effects and values, item counts, Amrita and gold	装備の効果と数値、道具の数、アムリタとお金
添加新装备	Add new equipment	新しい装備を追加
像游戏掉落一样生成一件新装备，或自由魔改	Generate equipment as a game drop would, or mod it freely	ゲームのドロップと同じように装備を生成、または自由に改造
添加新装备需要修改存档文件：游戏回到标题界面后写入，写入前会自动备份原存档。	Adding equipment edits the save file: write after returning the game to the title screen; the original save is backed up first.	装備の追加ではセーブファイルを編集します。ゲームをタイトル画面に戻してから書き込みます。書き込み前に元のセーブを自動でバックアップします。
切换到“修改存档文件”	Switch to "Edit save file"	「セーブファイルを編集」に切り替える
装备与道具	Equipment & items	装備と道具
生成计划之后游戏又写入了存档（游戏可能没有停在标题界面），本次没有写入，存档没有改动。请让游戏回到标题界面后点“重新读取”，再重新生成计划。	The game wrote the save after the plan was created (it may not have been at the title screen), so nothing was written and the save is unchanged. Return the game to the title screen, click "Reload", then create the plan again.	計画を作成した後にゲームがセーブを書き込みました（タイトル画面に戻っていなかった可能性があります）。今回は書き込んでおらず、セーブは変更されていません。ゲームをタイトル画面に戻し、「再読み込み」を押してから計画を作り直してください。
没有从存档里读到难度和进度，不能按游戏规则生成。请点“重新读取”后再试；仍然不行的话，可以改用“魔改”添加。	The save's difficulty and progress could not be read, so the item cannot be generated by the game's rules. Click "Reload" and try again; if it still fails, add it in "Modded" mode.	セーブから難易度と進行度を読み取れなかったため、ゲームの規則で生成できません。「再読み込み」を押してからもう一度試してください。それでも駄目な場合は「改造」で追加できます。
请填写有效的等级（1–180）、+ 数值和稀有度（0–5）。	Enter a valid level (1–180), + value and rarity (0–5).	有効なレベル（1–180）、+ の値、レアリティ（0–5）を入力してください。
存档里没有这个难度的进度。请换一个难度后重新查找。	The save has no progress on this difficulty. Choose another difficulty and search again.	セーブにこの難易度の進行度がありません。別の難易度を選んで検索し直してください。
，按游戏发放物品的规则生成	, generated by the game's item-grant rules	、ゲームのアイテム付与規則で生成
在左侧列表中点选要添加的装备。“合法”按游戏发放物品的规则生成，不包含敌人或地区掉落加成：选等级、稀有度和难度，挑想要的词条后查找，再选一个结果；“魔改”可以随意填写词条和数值。设置好后加入待添加清单，可以一次添加多件。	Pick equipment from the list on the left. "Legal" uses the game's item-grant rules and excludes enemy and region drop bonuses: choose the level, rarity and difficulty, select wanted effects, search, then pick a result. "Modded" accepts any effects and values. Add items to the waiting list to insert several at once.	左側の一覧で追加する装備を選んでください。「合法」はゲームのアイテム付与規則を使い、敵や地域のドロップ補正は含みません。レベル、レアリティ、難易度と欲しい効果を選び、検索結果から一つ選びます。「改造」では効果と数値を自由に入力できます。追加待ちリストに入れると複数件をまとめて追加できます。
，第	, difficulty 	、難易度 
难度生成	 generation	で生成
当前生成路线下，这件装备在稀有度	Under this generation route, at rarity	この生成経路では、この装備はレアリティ
时无法生成有效装备：全部	, this item yields no valid equipment: all	で有効な装備を生成できません。全
个种子得到的都是空装备。请换一个稀有度。	seeds give empty equipment. Choose another rarity.	個のシードすべてで空の装備になります。別のレアリティを選んでください。
当前生成路线无匹配：第	No match under this generation route: difficulty	この生成経路に一致する結果はありません：難易度
难度、稀有度	, rarity	、レアリティ
时，没有任何种子能让这件装备同时带有所选的词条。可以减少词条，或换稀有度、难度后再查找。	, no seed gives this equipment all the chosen effects. Choose fewer effects, or another rarity or difficulty, and search again.	では、選んだ効果をすべて同時に持たせるシードはありません。効果を減らすか、レアリティや難易度を変えて検索し直してください。
个种子中，有	seeds, 	個のシードのうち
个（	 (	個（
）同时带有所选词条。	) carry all the chosen effects.	）が選んだ効果をすべて持ちます。
当前生成路线下，这件装备有	Under this generation route, this item has	この生成経路では、この装備には
种种子结果。	seed outcomes.	通りのシード結果があります。
下面按随机词条的分位和星级评分列出前	Below are the top	以下にランダム効果の値と星を考慮したスコア順で上位
个，点选一个后加入清单。	by random-effect rolls and star score; pick one and add it to the list.	件を表示します。一つ選んでリストに入れてください。
想要的词条（可不选，最多 7 个）	Effects you want (optional, up to 7)	欲しい効果（任意、最大 7 個）
点这里添加想要的词条	Click here to add an effect you want	ここを押して欲しい効果を追加
查找	Search	検索
生成结果	Generated results	生成結果
合法：按游戏发放物品的规则生成，不包含敌人或地区掉落加成。选好词条后搜索全部 65536 个种子；“无匹配”仅表示当前难度、进度和稀有度下，这条生成路线没有符合条件的结果。选中的装备会按种子生成后写入存档。	Legal: uses the game's item-grant rules and excludes enemy and region drop bonuses. Choose effects and search all 65536 seeds. "No match" applies only to this route at the selected difficulty, progress and rarity. The selected equipment is generated from its seed and written to the save.	合法：ゲームのアイテム付与規則を使い、敵や地域のドロップ補正は含みません。効果を選び、65536 個のシードを検索します。「一致なし」は、選択した難易度・進行度・レアリティで、この生成経路に条件を満たす結果がないことだけを示します。選んだ装備はシードから生成され、セーブに書き込まれます。
掉落难度	Drop difficulty	ドロップ難易度
难度	difficulty	難易度
（当前）	 (current)	（現在）
这件物品不是装备，不能按游戏规则生成。请在列表里换一件武器、防具、饰品或魂核。	This item is not equipment and cannot be generated by the game's rules. Choose a weapon, armor, accessory or soul core from the list.	このアイテムは装備ではないため、ゲームの規則で生成できません。一覧から武器、防具、装飾品、魂代を選んでください。
稀有度请填 0–5，难度请在下拉框里选择，然后重新查找。	Enter a rarity of 0–5 and choose the difficulty in the list, then search again.	レアリティは 0–5 を入力し、難易度は一覧から選んでから検索し直してください。
这个角色还没有玩过所选难度，这个难度的掉落不算自然。请换一个难度后重新查找。	This character has not played the chosen difficulty, so its drops would not be natural. Choose another difficulty and search again.	このキャラクターは選んだ難易度をまだ遊んでいないため、その難易度のドロップは自然とみなされません。別の難易度を選んで検索し直してください。
地狱武器不能按种子生成。请取消“地狱武器”，或改用“魔改”添加。	A Crucible weapon cannot be generated from a seed. Untick "Crucible weapon", or add it in "Modded" mode.	地獄武器はシードから生成できません。「地獄武器」を外すか、「改造」で追加してください。
这个种子在当前生成路线下未生成有效装备。请重新查找并选择其他结果。	This seed produces no valid equipment under the current generation route. Search again and choose another result.	このシードでは現在の生成経路で有効な装備を生成できません。検索し直して別の結果を選んでください。
想要的词条最多 7 个。请去掉一些后重新查找。	At most 7 wanted effects. Remove some and search again.	欲しい効果は最大 7 個です。いくつか外してから検索し直してください。
未检测到正在运行的仁王3。可以直接使用“修改存档文件”；实时修改需要启动游戏并读档。	No running Nioh 3 game was detected. You can use "Edit the save file" directly. Live editing requires starting the game and loading a character.	実行中の仁王3が見つかりません。「セーブファイルを編集」はそのまま利用できます。リアルタイム編集にはゲームを起動し、キャラクターをロードしてください。
当前没有可读取的游戏角色。可以使用“修改存档文件”，或进入角色存档后点“重新读取”。	No game character is currently available to read. Use "Edit the save file", or load a character in game and click "Reload".	現在読み取れるゲーム内キャラクターがありません。「セーブファイルを編集」を使うか、ゲームでキャラクターをロードしてから「再読み込み」を押してください。
分位	Percentile	分位
目前仅支持当前游戏版本的三周目稀有度 4 绘卷。	Prediction currently supports NG3 rarity-4 scrolls on this game version.	現在のゲーム版の3周目・希少度4の絵巻に対応しています。
这张绘卷已没有挑战次数。	This scroll has no challenge attempts left.	この絵巻の挑戦回数は残っていません。
这张绘卷的数据暂不能可靠预测。	This scroll's data cannot be predicted reliably yet.	この絵巻のデータはまだ確実に予測できません。
洗词条与添画预测	Reroll & extra-painting prediction	特殊効果の入れ替え・添画予測
预测下次普通通关可替换的词条，以及作出选择后的添画结果。	Predict replacement candidates for the next ordinary completion and extra painting after your choice.	次の通常クリアでの入れ替え候補と、選択後の添画結果を予測します。
首次通关可能是揭秘；揭秘条件与自动替换位置尚未确认，本面板只预测普通通关。	The first completion may be a revelation. Its trigger and automatic replacement slot are unconfirmed; this panel predicts ordinary completions only.	初回クリアは開示になる場合があります。条件と自動入れ替え位置は未確認のため、通常クリアのみ予測します。
请先应用或撤销绘卷修改，再读取预测。	Apply or undo your scroll edits before predicting.	絵巻の変更を適用または取り消してから予測してください。
请先读取存档并选择一张绘卷。	Read a save and select a scroll first.	先にセーブを読み込み、絵巻を選択してください。
正在预测…	Predicting…	予測中…
预测下次普通通关	Predict next ordinary completion	次の通常クリアを予測
模拟轮次	Simulated round	シミュレーション回
剩余挑战次数	Challenges remaining	残り挑戦回数
选择本轮操作，查看对应的添画，再继续预测下一轮。这里的选择只用于模拟。	Choose this round's action to see its extra painting and predict the next round. Choices here are simulation only.	今回の操作を選ぶと添画と次回の結果を予測できます。ここでの選択はシミュレーション専用です。
不替换词条	Keep current effects	特殊効果を入れ替えない
替换第	Replace slot	入れ替える枠
本轮添画	Extra painting this round	今回の添画
当前绘卷不满足添画条件。	This scroll is not eligible for extra painting.	この絵巻は添画の条件を満たしていません。
本轮不会添画。	No extra painting this round.	今回は添画されません。
预测依据	Prediction details	予測の詳細
抽签值	Draw	抽選値
· 触发门槛	· Trigger threshold	· 発生しきい値
按此选择预测下一轮	Predict next round with this choice	この選択で次回を予測
从当前存档重新预测	Restart from the current save	現在のセーブから再予測
已模拟五轮；可从当前存档重新开始。	Five rounds simulated; restart from the current save to begin again.	5回分を予測しました。現在のセーブからやり直せます。
实时添加装备	Add equipment live	装備をリアルタイムで追加
先由游戏按种子生成预览，确认后再加入背包。难度、进度和已习得信息由当前游戏角色决定。	Let the game generate a seeded preview, then confirm to add it to your inventory. The current character supplies difficulty, progress and learned state.	ゲームでシードからプレビューを生成し、確認後に所持品へ追加します。難易度・進行状況・習得情報は現在のキャラクターに従います。
请先读档进入角色，操作时让游戏停在菜单。添加后到神社存档即可保存，无需关闭游戏。	Load your character and leave the game in a menu during the operation. Save at a shrine after adding; the game can stay open.	キャラクターをロードし、操作中はゲームのメニューを開いてください。追加後に社でセーブすれば保存できます。ゲームの終了は不要です。
搜索装备	Search equipment	装備を検索
请选择装备	Select equipment	装備を選択してください
生成种子	Generation seed	生成シード
种子范围为 0–65535。不同种子会得到不同词条；预览没有想要的结果时，可取消后换种子。	Seeds range from 0 to 65535. Different seeds produce different effects. Cancel and try another seed if the preview is unsuitable.	シードの範囲は0～65535です。シードによって特殊効果が変わります。希望する結果でなければキャンセルして別のシードを試してください。
生成实时预览	Generate live preview	リアルタイムプレビューを生成
游戏生成的装备	Equipment generated by the game	ゲームが生成した装備
我已核对预览，确认添加这一件装备	I reviewed the preview and confirm adding this item	プレビューを確認し、この装備1個を追加します
确认加入背包	Confirm and add to inventory	確認して所持品へ追加
取消本次添加	Cancel this addition	今回の追加をキャンセル
结果尚未确认。请读取状态或恢复核对，程序不会再次执行添加。	The result is unconfirmed. Read the status or recover verification; the addition will not be executed again.	結果が未確認です。状態の読み取りまたは復旧確認を行ってください。追加処理は再実行されません。
装备已加入背包并回读核对。到神社存档后即可保存。	Equipment was added and verified by readback. Save at a shrine to keep it.	装備を所持品に追加し、再読み取りで確認しました。社でセーブすると保存できます。
本次添加已取消。	This addition was cancelled.	今回の追加はキャンセルされました。
本次添加未执行。可重新选择装备或种子。	This addition was not executed. Select equipment or a seed again.	今回の追加は実行されませんでした。装備またはシードを選び直せます。
构造结果与预览不一致，装备没有加入背包。已核对背包未变，可重新准备。	The built item differed from the preview and was not added. The unchanged inventory was verified; prepare again.	構築結果がプレビューと異なるため追加されませんでした。所持品が変わっていないことを確認済みです。準備し直せます。
读取添加状态	Read addition status	追加状態を読み取る
恢复核对	Recover verification	復旧確認
准备另一件装备	Prepare another item	別の装備を準備
操作记录	Operation record	操作記録
切换页面或重启工具后可继续核对此记录，无需重新添加。	You can verify this record after changing pages or restarting the tool, without adding again.	ページの切り替えやツールの再起動後もこの記録を確認できます。再追加は不要です。
替换位置	Replace slot	入れ替える枠
游戏路径已记录。请重新打开工作室后使用，游戏无需关闭。	Game path saved. Reopen Studio to use it; the game can stay open.	ゲームのパスを保存しました。スタジオを開き直すと有効になります。ゲームの終了は不要です。
游戏程序位置	Game executable location	ゲーム実行ファイルの場所
自动查找 Steam 安装；其他安装方式可手动选择实际的 Nioh3.exe。	Steam installs are found automatically. For other installations, select the actual Nioh3.exe manually.	Steam版は自動検索します。他のインストール方法では実際のNioh3.exeを手動で選択してください。
文件版本	File version	ファイルバージョン
选择游戏程序	Select game executable	ゲーム実行ファイルを選択
恢复自动查找	Restore automatic discovery	自動検索に戻す
版本从选中的文件读取。实时功能仍会检查正在运行的游戏是否匹配。	The version is read from the selected file. Live features still verify the running game matches.	選択したファイルからバージョンを読み取ります。リアルタイム機能では実行中のゲームとの一致も確認します。
当前程序构建	Current application build	現在のアプリのビルド
游戏程序没有选择成功，请到设置中重新选择。	The executable was not selected successfully. Choose it again in Settings.	実行ファイルを選択できませんでした。設定から選択し直してください。
没有找到《仁王3》的游戏程序，无法确认版本。请点“选择游戏程序”，或在设置中手动选择 Nioh3.exe。	Nioh 3 was not found, so its version could not be verified. Click "Select game executable" or choose Nioh3.exe manually in Settings.	仁王3が見つからず、バージョンを確認できません。「ゲーム実行ファイルを選択」を押すか、設定からNioh3.exeを選択してください。
找到了多个《仁王3》游戏程序。请在设置中选择要使用的 Nioh3.exe，重新打开工作室后生效。	Multiple Nioh 3 executables were found. Choose the intended Nioh3.exe in Settings, then reopen Studio.	仁王3の実行ファイルが複数見つかりました。設定から使用するNioh3.exeを選び、スタジオを開き直してください。
无法读取《仁王3》游戏程序的版本信息。请在设置中重新选择实际的 Nioh3.exe，并确认文件完整。	The Nioh 3 file version could not be read. Select the actual Nioh3.exe again in Settings and check that the file is intact.	仁王3のバージョン情報を読み取れません。設定から実際のNioh3.exeを選び直し、ファイルが破損していないか確認してください。
游戏程序路径记录无效，请在设置中重新选择实际的 Nioh3.exe。	The saved game path is invalid. Select the actual Nioh3.exe again in Settings.	保存されたゲームのパスが無効です。設定から実際のNioh3.exeを選び直してください。
检测到旧版本或不同的游戏程序。请核对兼容范围与存档备份，再继续实时操作。	An older or different game executable was detected. Review compatibility and your save backup before live operations.	旧版または異なるゲーム実行ファイルを検出しました。互換性とセーブのバックアップを確認してからリアルタイム操作を続けてください。
查看兼容提示	Review compatibility	互換性の注意を確認
游戏版本兼容提示	Game compatibility notice	ゲーム版の互換性について
这份游戏程序与已验证的版本不完全相同，继续操作可能出错。请先备份存档，并确认备份可用。	This executable differs from the verified build. Continuing may cause errors. Back up your save first and confirm that the backup is usable.	この実行ファイルは検証済みのものと異なります。続行すると問題が起きる可能性があります。先にセーブをバックアップし、利用できることを確認してください。
游戏版本：	Game version:	ゲーム版：
自动备份已完成，并已回读核对。请确认下面的备份包含你的当前存档。	Automatic backup completed and readback matched. Confirm that the copies below contain your current save.	自動バックアップが完了し、読み戻しも一致しました。以下のコピーが現在のセーブを含むことを確認してください。
自动备份没有完成。请先手动备份存档，再确认继续。	Automatic backup did not complete. Make a manual backup before confirming continuation.	自動バックアップは完了していません。手動でバックアップしてから続行を確認してください。
此旧版本可以使用已有的绘卷搜索和存档功能；实时添加装备尚未完成版本核对。	Existing scroll search and save features are available for this older version. Live equipment addition has not been verified for it.	この旧版では既存の絵巻検索とセーブ機能を利用できます。装備のリアルタイム追加は未検証です。
我已了解版本差异和可能出错的风险	I understand the version difference and possible errors	バージョンの違いと問題が起こる可能性を理解しました
我已确认当前存档有可用备份	I confirmed a usable backup of my current save	現在のセーブの利用可能なバックアップを確認しました
重试自动备份	Retry automatic backup	自動バックアップを再試行
确认使用兼容模式	Confirm compatibility mode	互換モードを確認して使用
检测到旧版本或不同的游戏程序，请核对兼容提示和存档备份后继续。	An older or different game executable was detected. Review the compatibility notice and your backup before continuing.	旧版または異なる実行ファイルを検出しました。互換性の注意とバックアップを確認してから続行してください。
这份游戏程序与已验证版本不同。请查看兼容提示，核对存档备份后再继续实时操作。	This executable differs from the verified build. Review compatibility and your save backup before continuing live operations.	検証済みの実行ファイルと異なります。互換性の注意とバックアップを確認してからリアルタイム操作を続けてください。
检测来源	Detection source	検出元
手动选择	Selected executable	手動で選択
自动发现	Automatic discovery	自動検出
实际文件版本	Detected file version	検出したファイルバージョン
无法读取	Could not read	読み取り不可
版本兼容范围	Version compatibility	バージョンの互換範囲
已识别版本，请按功能查看支持范围	Version recognized; check support for each feature	バージョンを認識しました。機能ごとの対応状況を確認してください
尚未适配此版本	This version is not yet supported	このバージョンは未対応です
无法判断版本兼容性	Could not determine compatibility	互換性を判定できません
检测到了实际版本，但当前没有匹配的数据和运行时配置。不会借用其他版本继续操作。	The file version was detected, but matching data and runtime profiles are unavailable. Another version's profiles will not be used.	ファイルバージョンは検出できましたが、対応するデータと実行時設定がありません。他のバージョンの設定で続行することはありません。
版本名称	Version name	バージョン名
数据版本	Data version	データバージョン
资源目录	Resource directory	リソースディレクトリ
运行时配置	Runtime profile	実行時プロファイル
无匹配配置	No matching profile	対応する設定なし
离线绘卷生成	Offline scroll generation	オフライン絵巻生成
角色读取与编辑	Character reading and editing	キャラクターの読み取りと編集
实时添加绘卷	Live scroll addition	ゲーム内に絵巻を追加
已支持	Supported	対応済み
实验性支持	Experimental	試験的対応
未支持	Unsupported	未対応
不可用	Unavailable	利用不可
支持状态	Support status	対応状況
实验性支持仍需风险确认；支持状态不代表当前游戏已通过现场验证。	Experimental support still requires risk confirmation. Support status does not mean the current game has passed live validation.	試験的対応にはリスクの確認が必要です。対応状況は、現在のゲームで実機検証が完了したことを意味しません。
检测依据	Detection evidence	検出の根拠
游戏程序指纹	Executable fingerprint	実行ファイルの指紋
角色结构验证范围	Character layout evidence	キャラクター構造の検証範囲
此版本没有受支持的运行配置	No supported runtime profile for this version	このバージョンに対応する実行時設定がありません
需要重新创建并验证备份	A fresh verified backup is required	バックアップの再作成と検証が必要です
备份未通过验证	Backup verification failed	バックアップの検証に失敗しました
确认记录未能安全保存	Consent could not be saved safely	同意の記録を安全に保存できませんでした
离线绘卷搜索	Offline scroll search	オフライン絵巻検索
实时角色读取与编辑	Live character reading and editing	ゲーム内キャラクターの読み取りと編集
当前游戏进程身份	Current game process identity	現在のゲームプロセスの識別
原生代码位置与数据结构	Native code locations and data layouts	ネイティブコードの位置とデータ構造
目标归属、范围与唯一性	Target ownership, bounds and uniqueness	対象の所属、範囲、一意性
已验证的当前存档备份	Verified backup of the current save	現在のセーブデータの検証済みバックアップ
单一写入者与并发保护	Single writer and concurrency protection	単一書き込みと同時実行の保護
操作凭据与未知结果恢复	Operation receipts and uncertain outcome recovery	操作記録と結果不明時の復旧
写入后的精确回读	Exact readback after writing	書き込み後の正確な再読み取り
已验证基准	Verified reference	検証済みの基準
按版本选择的实验性结构	Experimental layout selected by version	バージョン別に選択した試験的な構造
发现一个结构候选	One structural candidate found	構造の候補が1つ見つかりました
发现多个结构候选，无法唯一判断	Multiple structural candidates; no unique match	構造の候補が複数あり、一意に判定できません
没有匹配的结构候选	No matching structural candidate	一致する構造の候補はありません
结构检查不可用	Structural check unavailable	構造チェックを利用できません
无需结构检查	Structural check not needed	構造チェックは不要です
检测到版本或程序差异。请查看支持范围、备份结果和本次兼容计划。	Version or executable differences detected. Review support, backup results and this compatibility plan.	バージョンまたは実行ファイルに差異があります。対応範囲、バックアップ結果、今回の互換性プランを確認してください。
兼容模式只允许跳过下方列出的差异检查。未适配功能和必要安全检查仍会阻止操作。	Compatibility mode may skip only the differences listed below. Unsupported features and mandatory safety checks still block operations.	互換モードで省略できるのは、以下に示す差異のチェックのみです。未対応の機能と必須の安全チェックは引き続き操作を阻止します。
检测到的差异	Detected differences	検出された差異
检查项目	Check	チェック項目
当前检测	Current detection	現在の検出結果
当前无法继续	Cannot continue yet	現在は続行できません
这些问题不能通过风险确认跳过。请先解决问题，再重新准备。	Risk confirmation cannot bypass these issues. Resolve them, then prepare again.	リスクへの同意でこれらの問題を省略することはできません。問題を解決してから再準備してください。
检测详情	Detection details	検出の詳細
只读结构检查	Read-only structural check	読み取り専用の構造チェック
结构匹配仅供诊断，不代表版本已适配，也不会启用原生调用或写入。	A structural match is diagnostic evidence only. It does not establish version support or enable native calls or writes.	構造の一致は診断の根拠にすぎません。バージョンへの対応を示すものではなく、ネイティブ呼び出しや書き込みを有効にしません。
结构匹配	Structure matched	構造が一致
结构未匹配	Structure did not match	構造が不一致
已验证备份	Verified backup	検証済みバックアップ
正在核对兼容计划和备份，请稍候。	Checking the compatibility plan and backup. Please wait.	互換性プランとバックアップを確認しています。お待ちください。
自动备份尚未通过验证，不能继续。请解决备份问题后重试；勾选确认不能跳过此限制。	The automatic backup has not passed verification. Resolve the backup issue and retry. Checking a box cannot bypass this requirement.	自動バックアップの検証が完了していないため続行できません。問題を解決して再試行してください。チェックを入れても、この条件は省略できません。
本次兼容计划	This compatibility plan	今回の互換性プラン
本次允许的功能	Features allowed by this plan	今回許可される機能
确认后跳过的差异检查	Difference checks skipped after confirmation	確認後に省略される差異のチェック
仍然必须通过的检查	Checks that remain mandatory	引き続き必須のチェック
确认只对当前游戏进程和本次计划有效。它不会自动执行写入，也不保证未验证版本的行为正确。	Confirmation applies only to the current game process and this plan. It does not write automatically or guarantee correct behavior on an unverified version.	同意は現在のゲームプロセスと今回のプランにのみ有効です。自動的に書き込みを実行するものではなく、未検証バージョンでの正しい動作を保証しません。
计划标识	Plan identity	プラン識別子
我已核对本次计划，了解跳过检查的范围和风险	I reviewed this plan and understand which checks are skipped and the risks	今回のプランを確認し、省略するチェックの範囲とリスクを理解しました
我已确认上方已验证备份包含当前存档	I confirm the verified backup above includes my current save	上記の検証済みバックアップに現在のセーブデータが含まれることを確認しました
重新准备并验证备份	Prepare again and verify backup	再準備してバックアップを検証
确认本次兼容计划	Confirm this compatibility plan	今回の互換性プランを確認
兼容计划已失效。请重新准备并验证备份，再核对新计划。	The compatibility plan expired. Prepare again, verify the backup and review the new plan.	互換性プランは失効しました。再準備してバックアップを検証し、新しいプランを確認してください。
存档备份尚未通过验证，无法确认兼容计划。请查看兼容提示，解决备份问题后重试。	The save backup has not passed verification, so this plan cannot be confirmed. Open the compatibility notice, resolve the backup issue and retry.	セーブデータのバックアップ検証が完了していないため、プランに同意できません。互換性の案内を開き、問題を解決して再試行してください。
兼容确认记录未能安全保存，尚未获得继续权限。请查看兼容提示并重新准备。	Compatibility consent could not be saved safely, so continuation is not authorized. Open the compatibility notice and prepare again.	互換性への同意を安全に保存できず、続行は許可されていません。互換性の案内を開いて再準備してください。
实时修改绘卷次数	Live scroll count editing	ゲーム内の絵巻の回数編集
原生绘卷生成、搜索与恩宠查询	Native scroll generation, search and Grace queries	ネイティブ絵巻生成、検索、恩寵の照会
临时辅助参数覆盖	Temporary auxiliary parameter override	補助パラメーターの一時的な上書き
临时挑战容量覆盖	Temporary challenge capacity override	挑戦容量の一時的な上書き
本次准备时的已验证备份快照	Verified save snapshot from this preparation	今回の準備時点の検証済みバックアップ
已创建并回读核对本次准备时的存档备份。确认计划时会再次核对源存档；后续操作不会自动更新这份快照。	A backup of the save at preparation time was created and read back for verification. The source save will be checked again at confirmation; later operations do not automatically update this snapshot.	今回の準備時点のセーブデータをバックアップし、再読み取りで検証しました。プランへの同意時に元のセーブデータを再確認します。このスナップショットは、その後の操作で自動更新されません。
我已确认上方备份对应本次准备时的存档快照	I confirm the backup above is the save snapshot from this preparation	上記のバックアップが今回の準備時点のセーブデータであることを確認しました
重新检测安装与版本	Detect installation and version again	インストールとバージョンを再検出
需要本次风险确认	Risk confirmation required for this plan	今回のプランへのリスク確認が必要
按此版本限制可用功能	Available features depend on this version	利用できる機能はこのバージョンに依存
角色功能仍属实验性	Character features remain experimental	キャラクター機能は引き続き試験的対応
请在设置中检查已选择的游戏程序。使用受支持版本后，重新连接并准备。	Check the selected game executable in Settings. After a supported version is available, reconnect and prepare again.	設定で選択したゲーム実行ファイルを確認してください。対応バージョンを利用できる状態になったら、再接続して準備してください。
请确认存档位置可读取、备份目录可写入，然后重试备份。	Ensure the save location is readable and the backup directory is writable, then retry the backup.	セーブデータの場所を読み取れ、バックアップ先に書き込めることを確認してから、バックアップを再試行してください。
请确认工作室数据目录可写入，然后重新准备。	Ensure the Studio data directory is writable, then prepare again.	スタジオのデータディレクトリに書き込めることを確認してから、再準備してください。
尚未连接到游戏。请启动游戏或等待游戏重启完成，然后点击重新连接并准备。	The game is not connected. Start it or wait for its restart to finish, then choose Reconnect and prepare.	ゲームに接続していません。起動するか再起動の完了を待ち、「再接続して準備」を選択してください。
影响	Impact	影響
请核对检测详情	Review the detection details	検出の詳細を確認
请核对检测详情，解决问题后重新准备。	Review the detection details, resolve the issue and prepare again.	検出の詳細を確認し、問題を解決してから再準備してください。
修复后重试备份	Retry backup after fixing	解決後にバックアップを再試行
重新连接并准备	Reconnect and prepare	再接続して準備
源存档	Source save	元のセーブデータ
备份副本	Backup copy	バックアップのコピー
游戏进程或程序身份已变化。请查看兼容提示，重新连接并准备新计划。结果不明的写入必须先核对恢复凭据，不能直接重试。	The game process or executable identity changed. Open the compatibility notice, reconnect and prepare a new plan. For a write with an uncertain outcome, check its recovery receipt before retrying.	ゲームプロセスまたは実行ファイルの識別情報が変わりました。互換性の案内を開き、再接続して新しいプランを準備してください。結果不明の書き込みは、そのまま再試行せず、先に復旧記録を確認してください。
当前游戏版本与工作室已加载的数据不一致。请在下方选择当前运行的 Nioh3.exe，再重新打开工作室并准备计划。游戏无需关闭。	The current game version differs from Studio's loaded data. Select the currently running Nioh3.exe below, then reopen Studio and prepare a plan. The game can stay open.	現在のゲームバージョンとスタジオが読み込んだデータが一致しません。以下で現在実行中の Nioh3.exe を選択し、スタジオを開き直してプランを準備してください。ゲームの終了は不要です。
当前版本的兼容计划不支持这项操作。请查看兼容提示中的功能范围，或在设置中选择受支持版本。	The compatibility plan for this version does not support this operation. Review its feature scope in the compatibility notice, or select a supported version in Settings.	このバージョンの互換性プランは、この操作に対応していません。互換性の案内で機能の範囲を確認するか、設定で対応バージョンを選択してください。
备份尚未通过验证	Backup not yet verified	バックアップは未検証です
已登记的文件版本	Registered file versions	登録済みのファイルバージョン
请核对是否选中了当前运行的 Nioh3.exe。新版本需要专属数据与运行配置，不能通过风险确认替代。	Check that you selected the currently running Nioh3.exe. New versions require their own data and runtime profiles; risk confirmation cannot replace them.	現在実行中の Nioh3.exe を選択しているか確認してください。新しいバージョンには専用のデータと実行時設定が必要です。リスクへの同意で代用することはできません。
当前程序与已验证版本一致，无需兼容确认；返回原操作即可继续。	The current executable matches the verified version. No compatibility consent is needed; return to your previous operation to continue.	現在の実行ファイルは検証済みバージョンと一致しています。互換性への同意は不要です。元の操作に戻って続行できます。
返回原操作	Return to previous operation	元の操作に戻る
留空时自动选择唯一存档；多个存档时填写当前角色的 SAVEDATA.BIN 路径。	Leave blank to select the only save automatically. If there are multiple saves, enter the current character's SAVEDATA.BIN path.	空欄の場合は唯一のセーブデータを自動選択します。複数ある場合は、現在のキャラクターの SAVEDATA.BIN のパスを入力してください。
已读取本次操作状态，未重新执行添加。	This operation's status was read. Addition was not executed again.	今回の操作状態を読み取りました。追加を再実行していません。
状态核对失败：	Status verification failed: 	状態の確認に失敗しました：
单独核验的实时添加	Live additions checked separately	個別に確認するリアルタイム追加
以下添加在各自操作中单独核验目标和备份。本次兼容确认不会替代这些检查，也不是这些添加的前置条件；不受支持的目标仍不会执行。	These additions check their target and backup within each operation. This compatibility consent neither replaces those checks nor acts as a prerequisite; unsupported targets still cannot run.	以下の追加は、それぞれの操作で対象とバックアップを個別に確認します。この互換性への同意は、その確認の代わりにも追加の前提条件にもなりません。未対応の対象では引き続き実行できません。
本兼容计划暂不可确认	This compatibility plan cannot be confirmed yet	この互換性プランにはまだ同意できません
这些问题会阻止确认本兼容计划。请解决后重新准备；实时添加按各自操作的检查结果处理。	These issues prevent confirmation of this compatibility plan. Resolve them and prepare again; live additions use the checks for each operation.	これらの問題により、この互換性プランに同意できません。解決後に再準備してください。リアルタイム追加は各操作のチェック結果に従います。
本兼容计划的备份尚未通过验证。请解决备份问题后重试；勾选确认不能跳过此限制。	The backup for this compatibility plan has not passed verification. Resolve the backup issue and retry; checking a box cannot bypass this requirement.	この互換性プランのバックアップは検証が完了していません。問題を解決して再試行してください。チェックを入れても、この条件は省略できません。
发现多个存档。读取添加状态并确认本次未执行后，点击“准备另一件装备”，在“目标存档”里选中当前角色的存档，再生成预览。	Multiple saves were found. Read the addition status and confirm that nothing was executed, then choose “Prepare another item”, pick the current character's save under “Target save” and generate a preview.	複数のセーブデータが見つかりました。追加状態を読み取り、未実行を確認してから「別の装備を準備」を選び、「対象セーブ」で現在のキャラクターのセーブを選んでプレビューを生成してください。
未找到可读的角色存档。请查看技术详情中的搜索目录，在游戏中创建存档或恢复目录访问后重试；也可以在“目标存档”旁点“手动定位”选择存档。	No readable character save was found. Check the search folder in Technical details, create a save in game or restore folder access, then retry. You can also choose “Browse…” next to “Target save” to pick the save.	読み取り可能なキャラクターのセーブデータが見つかりません。技術詳細の検索先を確認し、ゲームでセーブするかフォルダーへのアクセスを復旧して再試行してください。「対象セーブ」の横の「手動で指定」からセーブを選ぶこともできます。
源存档已变化或无法读取。请查看技术详情中的源文件路径，等待游戏存档完成并恢复文件访问，再核对或取消旧操作并重新准备。结果不明时先恢复核对，不要重复添加。	The source save changed or cannot be read. Check its path in Technical details, wait for the game to finish saving and restore file access, then verify or cancel the old operation and prepare again. If the result is unknown, recover verification first; do not repeat the addition.	元のセーブデータが変更されたか、読み取れません。技術詳細で元ファイルのパスを確認し、ゲームの保存完了を待ってアクセスを復旧してから、前の操作を確認またはキャンセルして準備し直してください。結果が不明な場合は先に復旧確認を行い、追加を繰り返さないでください。
备份副本未通过校验或无法读取。请查看技术详情中的备份路径并恢复访问，再核对或取消旧操作并重新准备，生成新的已验证备份。结果不明时先恢复核对，不要重复添加。	The backup copy failed verification or cannot be read. Check its path in Technical details and restore access, then verify or cancel the old operation and prepare again to create a new verified backup. If the result is unknown, recover verification first; do not repeat the addition.	バックアップのコピーが検証に失敗したか、読み取れません。技術詳細でバックアップのパスを確認してアクセスを復旧し、前の操作を確認またはキャンセルしてから準備し直して、新しい検証済みバックアップを作成してください。結果が不明な場合は先に復旧確認を行い、追加を繰り返さないでください。
本次装备操作缺少有效的备份记录。请查看技术详情中的具体原因，核对或取消旧操作后，在“目标存档”里选中当前角色的存档并重新准备。结果不明时先恢复核对，不要重复添加。	This equipment operation has no valid backup record. Check the cause in Technical details, verify or cancel the old operation, then pick the current character's save under “Target save” and prepare again. If the result is unknown, recover verification first; do not repeat the addition.	今回の装備操作には有効なバックアップ記録がありません。技術詳細で原因を確認し、前の操作を確認またはキャンセルしてから、「対象セーブ」で現在のキャラクターのセーブを選んで準備し直してください。結果が不明な場合は先に復旧確認を行い、追加を繰り返さないでください。
关闭工具	Close tool	ツールを終了
进入兼容模式	Enter compatibility mode	互換モードに入る
请选择进入兼容模式并继续使用，或关闭工具。按 Esc、点击弹窗外或右上角关闭按钮也会关闭工具。	Choose to enter compatibility mode and continue, or close the tool. Esc, clicking outside this dialog or its top-right close button also closes the tool.	互換モードに入って続行するか、ツールを終了してください。Esc キー、ダイアログの外側のクリック、右上の閉じるボタンでもツールを終了します。
正在关闭工具，请等待当前操作安全结束。	Closing the tool. Wait for the current operation to finish safely.	ツールを終了しています。現在の操作が安全に完了するまでお待ちください。
持有物品菜单已打开，请在游戏中选中一件物品	The inventory menu is open. Select an item in the game.	所持品メニューは開いています。ゲーム内でアイテムを選択してください。
魑魅的魂核	Sudama Soul Core	魑魅の魂代
右侧有未应用的修改	The editor has unapplied changes	右側に未適用の変更があります
未应用	Unapplied	未適用
刀	Katana	刀
双刀	Dual katana	二刀
枪	Spear	槍
大太刀	Odachi	大太刀
斧	Axe	斧
薙刀镰	Switchglaive	薙刀鎌
手甲	Fists	手甲
盾矛	Shield spear	盾矛
忍刀	Ninja sword	忍刀
忍双刀	Ninja dual swords	忍二刀
锁镰	Kusarigama	鎖鎌
手甲钩	Tekko-kagi	手甲鉤
手斧	Hatchets	手斧
旋棍	Tonfa	旋棍
机关棍	Splitstaff	仕込み棍
忍盾矛	Ninja shield spear	忍盾矛
弓	Bow	弓
火枪	Rifle	火縄銃
大炮	Hand cannon	大筒
身体	Body	胴
手臂	Arms	腕
足部	Feet	足
武士饰品	Samurai accessory	武士装飾品
忍者饰品	Ninja accessory	忍者装飾品
通用饰品	Common accessory	共通装飾品
武士	Samurai	武士
忍者	Ninja	忍者
流派	School	流派
全部流派	All schools	全流派
未找到游戏	Game not found	ゲームが見つかりません
部分功能受限	Some features limited	一部機能に制限あり
已识别	Recognized	認識済み
未适配	Not supported yet	未対応
无法判断	Undetermined	判定不可
检测到了实际版本，但当前没有匹配的数据和运行时配置，不会借用其他版本继续操作。请核对是否选中了当前运行的 Nioh3.exe，或等待工具更新。	The installed version was detected, but no matching data or runtime profile exists, and another version's profile will not be borrowed. Check that the selected Nioh3.exe is the one you run, or wait for a tool update.	実際のバージョンは検出されましたが、対応するデータと実行時設定がないため、他のバージョンの設定は流用しません。選択した Nioh3.exe が実行中のものか確認するか、ツールの更新をお待ちください。
版本详情	Version details	バージョンの詳細
已登记版本	Registered versions	登録済みバージョン
实验性支持仍需风险确认；支持状态不代表当前游戏已通过现场验证。实时功能仍会检查正在运行的游戏是否匹配。	Experimental support still requires a risk confirmation; a support status does not mean the current game has been verified in play. Live features still check that the running game matches.	試験的サポートにはリスク確認が必要です。サポート状況は現在のゲームで実地検証済みであることを意味しません。リアルタイム機能は実行中のゲームが一致するかを引き続き確認します。
‹ 设置	‹ Settings	‹ 設定
生成一个反馈文件（包含版本信息和最近的操作记录，不含存档内容）	Creates a feedback file (version information and recent activity, no save data)	フィードバックファイルを作成します（バージョン情報と最近の操作記録を含み、セーブデータは含みません）
添加前会备份上面选中的存档。	The save selected above is backed up before the addition.	追加の前に、上で選んだセーブをバックアップします。
此游戏版本不再提示（之后自动备份并进入兼容模式；游戏更新后会重新提示）	Don't show again for this game version (back up and enter compatibility mode automatically; asks again after a game update)	このゲームバージョンでは今後表示しない（以後は自動でバックアップして互換モードに入ります。ゲーム更新後は再度確認します）
收藏	Saved	お気に入り
收藏的装备	Saved equipment	お気に入りの装備
移除收藏	Remove from saved	お気に入りから外す
在“修改已有物品”里选中一件装备，点名称旁的 ☆ 即可收藏。收藏的装备可以在这里添加到任何角色。	Select a piece under “Edit what you have” and press ☆ next to its name to save it. Saved equipment can be added to any character here.	「所持品を編集」で装備を選び、名前の横の ☆ を押すとお気に入りに入ります。お気に入りの装備はここからどのキャラクターにも追加できます。
取消收藏装备	Remove equipment from saved	装備をお気に入りから外す
收藏装备	Save equipment	装備をお気に入りに追加
已收藏。可以在“添加新装备”的“收藏”里把它添加到任何角色。	Saved. Add it to any character from “Saved” under “Add new equipment”.	お気に入りに追加しました。「新しい装備を追加」の「お気に入り」からどのキャラクターにも追加できます。
已取消收藏。	Removed from saved.	お気に入りから外しました。
全部套装（	All sets (	すべてのセット（
装备收藏最多	Saved equipment holds at most	お気に入りの装備は最大
件，请先移除一些。	items; remove some first.	件です。先にいくつか外してください。
改签完成。进游戏读取这个存档即可；原来的内容已备份，可以在上方列表恢复。	Re-sign complete. Load this save in the game; the previous contents were backed up and can be restored from the list above.	署名の変更が完了しました。ゲームでこのセーブを読み込んでください。元の内容はバックアップ済みで、上の一覧から復元できます。
改签结果尚未确认，请核对操作回执。	The re-sign result is not confirmed yet; check the operation receipt.	署名変更の結果はまだ確認できていません。操作レシートを確認してください。
存档改签	Re-sign a save	セーブの署名変更
把其他账号（或朋友分享）的角色存档导入到上方选中的存档位，并改成当前账号的签名，之后就能在这个账号下读取。 这个存档位原来的内容会先自动备份。别人分享给你的绘卷保持原主人不变。	Import a character save from another account (or one a friend shared) into the save slot selected above and sign it to this account so it loads here. The slot's current contents are backed up first. Scrolls shared by other players keep their owner.	別のアカウント（または友人が共有した）キャラクターのセーブを上で選んだセーブ枠に取り込み、このアカウントの署名に変更して読み込めるようにします。この枠の現在の内容は先に自動でバックアップされます。他のプレイヤーから共有された絵巻の所有者はそのままです。
选择要导入的存档…	Choose a save to import…	取り込むセーブを選択…
来源文件	Source file	元ファイル
原账号	Original account	元のアカウント
改签为	Re-signed to	変更後のアカウント
改为当前账号的绘卷	Scrolls moved to this account	このアカウントに移す絵巻
游戏已回到标题界面，确认用这个存档替换上方选中的存档位	The game is at the title screen; replace the save slot selected above with this save	ゲームはタイトル画面に戻っています。上で選んだセーブ枠をこのセーブで置き換えます
确认改签	Re-sign save	署名を変更
已复制	Copied the	コピーしました：
的配装码（	 loadout code (	の装備コード（
件）。别人可以在“添加新装备 → 收藏”里粘贴导入。	 pieces). Others can paste it under "Add new equipment → Favorites".	件）。ほかの人は「新しい装備を追加 → お気に入り」に貼り付けて取り込めます。
配装码里有本工具不认识的装备（	The code names equipment this tool does not know (	コードにこのツールが知らない装備があります（
），可能来自更新的游戏版本。请更新工具后再导入。	), possibly from a newer game version. Update the tool, then import again.	）。新しいゲームバージョンのものかもしれません。ツールを更新してから取り込んでください。
配装码里有本工具不认识的词条（	The code names an effect this tool does not know (	コードにこのツールが知らない効果があります（
已导入	Imported	取り込みました：
件装备到收藏	 pieces into Favorites	件をお気に入りへ
，另有	; another	。ほかに
件已经在收藏里	 were already saved	件はすでにお気に入りにあります
。可以点“全部加入清单”一次加入，或点一件装备在右侧调整后再加入。	. Click "Queue all" to add them at once, or click a piece to adjust it on the right first.	。「すべて追加リストへ」でまとめて追加するか、装備をクリックして右側で調整してから追加できます。
这些装备已经都在收藏里了。	All of these pieces are already in Favorites.	これらの装備はすべてお気に入りにあります。
件，现在还能加入	 pieces; room for	件までで、今は
件。请用搜索缩小范围，或先写入存档再继续。	 more. Narrow the list with search, or write to the save first.	件追加できます。検索で絞り込むか、先にセーブへ書き込んでください。
的数值无法写入存档，请点它在右侧检查。	 has values the save cannot hold; click it and check it on the right.	の数値はセーブに書き込めません。クリックして右側で確認してください。
已把	Queued	追加リストに入れました：
件装备加入待添加清单（魔改）。确认无误后点“生成修改计划”。	 pieces as modded additions. When they look right, click "Create plan".	件（改造）。問題なければ「変更プランを作成」を押してください。
把当前穿戴中的全部装备复制成一段配装码，可以发给别人导入	Copy everything currently equipped as one loadout code others can import	現在装備中のすべての装備を一つのコードにコピーし、ほかの人が取り込めるようにします
当前穿戴	equipped	装備中
复制穿戴配装码	Copy equipped loadout	装備中のコードをコピー
粘贴配装码（N3E1- 开头）	Paste a loadout code (starts with N3E1-)	装備コードを貼り付け（N3E1- で始まる）
配装码	Loadout code	装備コード
导入	Import	取り込む
把收藏里的全部装备复制成一段配装码	Copy every favorite as one loadout code	お気に入りのすべての装備を一つのコードにコピー
全部收藏	all favorites	すべてのお気に入り
复制全部收藏	Copy all favorites	お気に入りをすべてコピー
把下面列出的收藏装备全部以魔改方式加入待添加清单	Queue every favorite listed below as a modded addition	下に表示中のお気に入りをすべて改造として追加リストへ入れます
全部加入清单	Queue all	すべて追加リストへ
复制配装码	Copy code	コードをコピー
复制这件装备的配装码	Copy this piece's loadout code	この装備のコードをコピー
这件装备	this piece	この装備
码	Code	コード
在“修改已有物品”里选中一件装备，点名称旁的 ☆ 即可收藏；也可以在上面粘贴别人分享的配装码。收藏的装备可以在这里添加到任何角色。	Select a piece under "Edit owned items" and click ☆ beside its name to save it, or paste a loadout code someone shared above. Saved pieces can be added to any character here.	「所持品を編集」で装備を選び、名前の横の ☆ で保存できます。上にほかの人が共有した装備コードを貼り付けることもできます。保存した装備はここからどのキャラクターにも追加できます。
复制这件装备的配装码（按存档里的数值，不含右侧未应用的修改）	Copy this piece's loadout code (the values in the save, without unapplied changes on the right)	この装備のコードをコピー（セーブ内の数値。右側の未適用の変更は含みません）
件，这个配装码有	; this code has	件までです。このコードには
件新装备，请先移除一些收藏。	 new pieces. Remove some favorites first.	件の新しい装備があります。先にお気に入りをいくつか削除してください。
装备数据里有无法写入配装码的数值。	The equipment has a value a loadout code cannot hold.	装備にコードへ書き込めない数値があります。
配装码无效：可能复制不完整或被改动过。请重新完整复制以	Invalid loadout code: it may be incomplete or altered. Copy the whole text starting with	無効な装備コードです。コピーが不完全か改変されている可能性があります。
开头的整段文字。	 again.	で始まる全文をもう一度コピーしてください。
没有可以生成配装码的装备。	There is no equipment to make a loadout code from.	コードにできる装備がありません。
一个配装码最多包含	A loadout code holds at most	一つのコードに入る装備は最大
件装备。	 pieces.	件です。
请先粘贴配装码。	Paste a loadout code first.	先に装備コードを貼り付けてください。
这个配装码来自更新的版本，请先更新工具再导入。	This code is from a newer version. Update the tool, then import it.	このコードは新しいバージョンのものです。ツールを更新してから取り込んでください。
这不是配装码。配装码以	This is not a loadout code. Loadout codes start with	これは装備コードではありません。装備コードは
开头，请检查复制的内容。	; check what you copied.	で始まります。コピーした内容を確認してください。
关于与安全	About & safety	概要と安全性
完全免费	Completely free	完全無料
本工具免费提供，作者没有授权任何人收费售卖。如果你是付费买到的，请申请退款并举报卖家。	This tool is free. The authors have not allowed anyone to sell it. If you paid for it, ask for a refund and report the seller.	このツールは無料です。作者は誰にも販売を許可していません。購入した場合は返金を求め、販売者を通報してください。
只从官方渠道下载	Download only from official sources	公式の配布元からのみダウンロード
官方渠道只有 GitHub 发布页和作者的 QQ 群。其他地方转发的文件可能被改动过：如果杀毒软件对这类文件报毒，请直接删除，再从官方渠道重新下载。	The only official sources are the GitHub releases page and the authors' QQ group. Files reposted elsewhere may have been altered: if antivirus flags such a file, delete it and download again from an official source.	公式の配布元は GitHub のリリースページと作者の QQ グループだけです。ほかの場所で再配布されたファイルは改変されている可能性があります。そのようなファイルがウイルス対策ソフトに検出されたら削除し、公式の配布元から再ダウンロードしてください。
打开 GitHub 发布页	Open the GitHub releases page	GitHub のリリースページを開く
它会读写什么	What it reads and writes	読み書きするもの
仁王3 的存档文件夹：修改存档前会自动备份，可以在“存档管理”里恢复。	The Nioh 3 save folder: saves are backed up automatically before changes and can be restored under "Saves".	仁王3 のセーブフォルダー：変更前に自動でバックアップされ、「セーブ管理」から復元できます。
游戏进程内存：只在你使用“游戏内实时修改”或实时添加时读写。	Game process memory: only while you use live in-game editing or live addition.	ゲームプロセスのメモリ：ゲーム内リアルタイム編集やリアルタイム追加を使うときだけ読み書きします。
本工具自己的数据目录：设置、收藏、备份和日志。	The tool's own data folder: settings, favorites, backups and logs.	ツール自身のデータフォルダー：設定、お気に入り、バックアップ、ログ。
联网只用于检查和下载更新（连接 GitHub），不会上传存档或个人信息。“反馈问题”生成的文件保存在你自己的电脑上，由你决定是否发送。	It goes online only to check for and download updates (from GitHub) and never uploads saves or personal information. The file "Report a problem" creates stays on your computer; you decide whether to send it.	ネット接続は更新の確認とダウンロード（GitHub）だけで、セーブや個人情報をアップロードすることはありません。「問題を報告」で作るファイルはあなたのパソコンに保存され、送るかどうかはあなたが決めます。
关于报毒	About antivirus warnings	ウイルス検出について
修改游戏存档和内存的工具，常被杀毒软件按“行为可疑”拦截，被拦截不一定代表文件有害。官方下载的文件可以在 GitHub 发布页核对 SHA-256；如果仍不放心，可以把文件提交到 VirusTotal 等多引擎扫描网站自行检查。	Antivirus software often blocks tools that change game saves and memory as "suspicious behavior"; being blocked does not by itself mean a file is harmful. You can check an official download against the SHA-256 on the GitHub releases page, or submit it to a multi-engine scanner such as VirusTotal yourself.	ゲームのセーブやメモリを変更するツールは、ウイルス対策ソフトに「不審な動作」としてブロックされることがよくあります。ブロックされたことだけでファイルが有害とは限りません。公式のダウンロードは GitHub のリリースページの SHA-256 と照合できます。心配なら VirusTotal などのマルチエンジン検査サイトで自分で確認してください。
源码公开在 GitHub 上，欢迎查看。	The source code is public on GitHub.	ソースコードは GitHub で公開されています。
外观	Appearance	外観
跟随系统	System	システム
浅色	Light	ライト
深色	Dark	ダーク
忍者防具	Ninja armor	忍者防具
武士防具	Samurai armor	武士防具
忍者武器	Ninja weapon	忍者武器
武士武器	Samurai weapon	武士武器
其他或系统项	Other or system	その他・システム
秘传书	Secret technique scroll	秘伝書
锻造书	Forging scroll	鍛造書
材料	Materials	素材
素材	Material	素材
NPC武器	NPC weapon	NPC武器
忍术或阴阳术道具	Ninjutsu or onmyo item	忍術・陰陽術アイテム
近战武器	Melee weapon	近接武器
可使用道具	Consumable	消費アイテム
重要物品	Key items	貴重品
任务或关键物品	Quest or key item	クエスト・貴重品
制作指南	Crafting guide	製作指南
远程武器	Ranged weapon	遠距離武器
弹药	Ammunition	弾薬
内部或占位	Internal or placeholder	内部・仮
未确认	Unconfirmed	未確認
模式0x0C待确认	Unconfirmed type 0x0C	未確認の種類 0x0C
模式0x0D待确认	Unconfirmed type 0x0D	未確認の種類 0x0D
模式0x10待确认	Unconfirmed type 0x10	未確認の種類 0x10
模式0x13待确认	Unconfirmed type 0x13	未確認の種類 0x13
未命名忍术（0x	Unnamed Ninjutsu (0x	名称のない忍術（0x
敌人组	Enemy group	敵グループ
规则	Rule	ルール
请输入有效的爱用度（游戏里显示的数值，最多两位小数）。	Enter a valid familiarity (the value the game shows, at most two decimals).	有効な愛用度を入力してください（ゲーム内の表示値、小数は2桁まで）。
上一次次数修改还没有完成。请先点“核对上次次数修改”，确认或放弃后再修改。	The last attempt edit is unfinished. Click "Check previous count change" first, then confirm or discard it before editing again.	前回の回数変更が完了していません。先に「前回の回数変更を確認」を押し、確定または破棄してから変更してください。
核对之后数值、存档或所选绘卷有变化，这次核对已失效。请点“放弃本次核对”，再重新核对。	The value, save or scroll changed after this review, so it no longer applies. Click "Discard review" and review again.	確認後に数値・セーブ・絵巻が変わったため、この確認は無効です。「確認内容を破棄」を押して、もう一度確認してください。
修改方式	Edit mode	変更方法
直接改正在运行的游戏，改完在游戏里存档（例如在神社休息）即可保存。	Changes the running game; save in game (for example, rest at a shrine) to keep it.	起動中のゲームを直接変更します。ゲーム内でセーブ（社で休むなど）すると保存されます。
改存档文件，写入时让游戏停在标题界面。	Changes the save file; keep the game at the title screen while writing.	セーブファイルを変更します。書き込み中はゲームをタイトル画面にしてください。
基础信息和主副词条会保存下来；副本内容只是临时改游戏，不会存进存档。传给其他玩家后，词条会按种子重新生成。	Basic details and effects are kept; mission details only change the game temporarily and are never saved. When shared with another player, effects regenerate from the seed.	基本情報と効果は保存されます。ミッション内容はゲームを一時的に変えるだけで、セーブには残りません。他のプレイヤーに渡すと、効果はシードから再生成されます。
基础信息	Basic details	基本情報
副本内容 · 临时，不进存档	Mission details · Temporary, never saved	ミッション内容 · 一時的、保存されない
正在核对游戏里的这张绘卷…	Checking this scroll in the game…	ゲーム内のこの絵巻を確認しています…
核对失败，请重新读取后再试。	The check failed; reload and try again.	確認に失敗しました。再読み込みしてからもう一度お試しください。
确认写入游戏	Write to game	ゲームに書き込む
已写入游戏。在游戏里重新打开绘卷菜单即可看到；到神社休息（游戏存档）后才会写进存档文件。	Written to the game. Reopen the scroll menu in game to see it; it reaches the save file once you rest at a shrine (the game saves).	ゲームに書き込みました。ゲーム内で絵巻メニューを開き直すと確認できます。社で休む（ゲームがセーブする）とセーブファイルに保存されます。
没有写入，请重新核对。	Nothing was written; review again.	書き込まれていません。もう一度確認してください。
写入结果尚未确认。请不要重复写入：点“重新读取”后核对这张绘卷，或导出反馈文件发给开发者。	The result is not confirmed yet. Do not write again: click "Reload" and check this scroll, or export a feedback file for the developer.	書き込み結果は未確認です。再度書き込まず、「再読み込み」を押してこの絵巻を確認するか、フィードバックファイルを開発者に送ってください。
左侧列表来自存档文件；实时修改要在游戏里存档后，点“重新读取”才会显示在列表里。	The list on the left comes from the save file; a live edit shows there after the game saves and you click "Reload".	左の一覧はセーブファイルの内容です。リアルタイム変更は、ゲームでセーブした後に「再読み込み」を押すと一覧に反映されます。
项变化，已自动备份存档，尚未写入游戏。请在右侧“确认修改”中确认后写入。	change(s) and backed up the save; nothing is written to the game yet. Confirm in “Confirm changes” on the right to write them.	件の変更。セーブをバックアップしました。まだゲームには書き込まれていません。右側の「変更を確認」で確定すると書き込みます。
游戏可能还停在标题界面：现在读到的是标题画面背后的占位角色（没有精华和金钱，装备全是 1 级）。请先读档进入游戏，再点“重新读取”。如果已经读档进入游戏，可以忽略这条提示。	The game may still be at the title screen: this is the placeholder character behind the title (no Amrita or gold, all equipment level 1). Load your save in game, then click "Reload". If you have already loaded your save, ignore this message.	ゲームがまだタイトル画面かもしれません。今読み取ったのはタイトル画面の裏にある仮のキャラクターです（アムリタと所持金がなく、装備はすべてレベル1）。ゲームでセーブをロードしてから「再読み込み」を押してください。すでにロードしている場合は、このメッセージは無視してかまいません。
绘卷实时修改	Live scroll edit	絵巻のリアルタイム変更
修改存档	Save edit	セーブの変更
游戏没有及时响应添加请求，这次没有添加任何东西。请确认已经读档进入游戏（不是标题界面或读盘画面），然后重试。	The game did not answer the addition in time, and nothing was added. Make sure you have loaded your save (not the title or a loading screen), then try again.	ゲームが追加要求に時間内に応答しなかったため、何も追加されていません。セーブをロードしてゲーム内にいる（タイトル画面やロード画面ではない）ことを確認してから、もう一度お試しください。
正在核对，需要等游戏响应，最多十几秒…	Checking; waiting for the game to answer, up to about fifteen seconds…	確認中です。ゲームの応答を待っています（最大十数秒）…
游戏刚刚存过档。请点“重新读取”后再核对修改。	The game has just saved. Click "Reload", then review the change again.	ゲームがセーブしたところです。「再読み込み」してから、もう一度変更を確認してください。
仍无法确认结果。请回到游戏菜单后再点“恢复核对”；如果游戏已重启或一直无法确认，请看背包里有没有这件装备，再点“放下此记录”。	The result still cannot be confirmed. Return to a game menu and click “Recover verification” again; if the game has restarted or it never confirms, check whether the item is in your inventory, then click “Drop this record”.	まだ結果を確認できません。ゲームのメニューに戻ってからもう一度「復旧確認」を押してください。ゲームを再起動した場合や確認できないままの場合は、装備が所持品にあるか確かめてから「この記録を破棄」を押してください。
游戏已执行添加，但核对前背包已经变化（例如装备被卖掉，或游戏重启过），无法逐项核对。请在游戏背包里查看；不要为同一件装备重复添加。	The game carried out the addition, but the inventory changed before it could be checked (for example, the item was sold or the game restarted). Check your inventory in game; do not add the same item again.	ゲームは追加を実行しましたが、確認の前に所持品が変わったため（装備を売却した、ゲームを再起動したなど）、詳しく照合できません。ゲーム内の所持品を確認し、同じ装備を重ねて追加しないでください。
放下此记录	Drop this record	この記録を破棄
放下后不再核对这次添加。请先在游戏背包里确认这件装备是否已经加入（卖掉的也算加入过），不要为同一件装备重复添加。	After dropping it, this addition is no longer checked. First check in your inventory whether the item was added (a sold item counts as added); do not add the same item again.	破棄すると、この追加はもう確認されません。先に所持品で装備が追加されたか確認してください（売却済みでも追加済みです）。同じ装備を重ねて追加しないでください。
确认放下	Confirm drop	破棄する
继续保留	Keep it	残しておく
上一件装备的添加结果还没有确认。请在上一条记录里点“恢复核对”；如果一直无法确认，重启游戏并读档后就可以继续添加。	The previous equipment addition is not confirmed yet. Click “Recover verification” on that record; if it never confirms, restart the game and load your save, then you can add again.	前回の装備追加の結果がまだ確認されていません。その記録で「復旧確認」を押してください。確認できないままの場合は、ゲームを再起動してロードすると追加を続けられます。
重置工具	Reset the tool	ツールをリセット
工具卡住、按钮没反应或一直提示先处理上一次操作时使用。请先关闭游戏。重置会把以前留下的操作记录移到数据目录的 reset-archive 文件夹，然后重新打开界面；存档备份、收藏和设置都会保留。	Use this when the tool is stuck, a button does nothing, or it keeps asking you to resolve a previous operation. Close the game first. Resetting moves old operation records to the reset-archive folder in the data directory and reopens the interface; save backups, favorites and settings are kept.	ツールが止まった、ボタンが反応しない、前回の操作を先に処理するよう繰り返し表示される、といったときに使います。先にゲームを終了してください。リセットすると、残っている操作記録をデータフォルダーの reset-archive フォルダーへ移し、画面を開き直します。セーブのバックアップ、お気に入り、設定は残ります。
确认重置	Confirm reset	リセットする
游戏正在运行。请先关闭游戏，再点“确认重置”。	The game is running. Close the game first, then click “Confirm reset”.	ゲームが起動しています。先にゲームを終了してから「リセットする」を押してください。
工具还有操作没有结束。请等它完成，或关闭并重新打开工具后再重置。	An operation is still running. Wait for it to finish, or close and reopen the tool, then reset.	まだ終わっていない操作があります。完了を待つか、ツールを閉じて開き直してからリセットしてください。
有文件正被占用，无法移走。请关闭并重新打开工具后再重置；仍不行时请导出反馈文件发给开发者。	A file is in use and cannot be moved. Close and reopen the tool, then reset again; if it still fails, export a feedback file and send it to the developer.	使用中のファイルがあるため移動できません。ツールを閉じて開き直してから、もう一度リセットしてください。それでも失敗する場合は、フィードバックファイルを書き出して開発者に送ってください。
背包里的装备已满（2000 件）。请先在游戏里分解、出售或存入仓库，空出位置后再添加。	Your equipment inventory is full (2000 items). Dismantle, sell or store some items in game to make room, then add again.	装備の所持品がいっぱいです（2000個）。ゲーム内で分解・売却するか倉庫に預けて空きを作ってから追加してください。
仍无法确认上次的结果（例如游戏重启过）。可以先在游戏里看这张绘卷的次数，再决定是否继续修改。	The last result still cannot be confirmed (for example, the game restarted). Check this scroll's count in game, then decide whether to continue.	前回の結果をまだ確認できません（ゲームを再起動した場合など）。ゲーム内でこの絵巻の回数を確認してから、続けるか決めてください。
不再核对，继续修改	Stop checking and continue editing	確認をやめて変更を続ける
已不再提醒上次的次数修改。	The reminder for the last count edit has been dropped.	前回の回数変更の通知を解除しました。
条件目录	Condition catalog	条件カタログ
装备加成 · 装备在身上	Equipment bonuses · worn gear	装備効果 · 身に着ける装備
副本刷取 · 刷副本时	Missions · when farming	ミッション · 周回時
地形 · 次数	Terrain · attempts	地形 · 挑戦回数
每一块都要满足；虚线框内满足其一即可	Every block must match; inside a dashed box, any one is enough	各ブロックをすべて満たします。点線の枠内はいずれか一つで構いません
主词条 · 前	Primary effect · first	主効果 · 先頭の
项任一当选	items, any one is chosen	件のいずれかが選ばれる
